axis,level,frame,type,group,distance_m,n_points,hit_ratio,shift_px,box_w_deg,dist_bin
none,0.0,scene-0103_001,Pedestrian,vru,13.989293895580486,14,1.0,0.0,4.1115107705674525,<15m
yaw,0.25,scene-0103_001,Pedestrian,vru,13.989293895580486,14,1.0,7.591861973105014,4.1115107705674525,<15m
yaw,0.5,scene-0103_001,Pedestrian,vru,13.989293895580486,14,1.0,15.14440291100441,4.1115107705674525,<15m
yaw,1.0,scene-0103_001,Pedestrian,vru,13.989293895580486,14,1.0,30.133922193417177,4.1115107705674525,<15m
yaw,2.0,scene-0103_001,Pedestrian,vru,13.989293895580486,14,0.7142857142857143,59.667010575575674,4.1115107705674525,<15m
yaw,3.0,scene-0103_001,Pedestrian,vru,13.989293895580486,14,0.0,88.63529601201337,4.1115107705674525,<15m
pitch,0.25,scene-0103_001,Pedestrian,vru,13.989293895580486,14,1.0,5.740803803233177,4.1115107705674525,<15m
pitch,0.5,scene-0103_001,Pedestrian,vru,13.989293895580486,14,1.0,11.48628587455645,4.1115107705674525,<15m
pitch,1.0,scene-0103_001,Pedestrian,vru,13.989293895580486,14,1.0,22.99235283329017,4.1115107705674525,<15m
pitch,2.0,scene-0103_001,Pedestrian,vru,13.989293895580486,14,0.8571428571428571,46.07242435175168,4.1115107705674525,<15m
pitch,3.0,scene-0103_001,Pedestrian,vru,13.989293895580486,14,0.8571428571428571,69.25756313036186,4.1115107705674525,<15m
roll,0.25,scene-0103_001,Pedestrian,vru,13.989293895580486,14,1.0,3.1869736581312793,4.1115107705674525,<15m
roll,0.5,scene-0103_001,Pedestrian,vru,13.989293895580486,14,1.0,6.374355339993058,4.1115107705674525,<15m
roll,1.0,scene-0103_001,Pedestrian,vru,13.989293895580486,14,1.0,12.750278899814818,4.1115107705674525,<15m
roll,2.0,scene-0103_001,Pedestrian,vru,13.989293895580486,14,1.0,25.506318528044737,4.1115107705674525,<15m
roll,3.0,scene-0103_001,Pedestrian,vru,13.989293895580486,14,1.0,38.26709133250637,4.1115107705674525,<15m
t_fwd,0.02,scene-0103_001,Pedestrian,vru,13.989293895580486,14,1.0,1.2173910138016963,4.1115107705674525,<15m
t_fwd,0.05,scene-0103_001,Pedestrian,vru,13.989293895580486,14,1.0,3.0358677750801046,4.1115107705674525,<15m
t_fwd,0.1,scene-0103_001,Pedestrian,vru,13.989293895580486,14,1.0,6.0465381146271,4.1115107705674525,<15m
t_fwd,0.2,scene-0103_001,Pedestrian,vru,13.989293895580486,14,1.0,11.993530988906528,4.1115107705674525,<15m
t_left,0.02,scene-0103_001,Pedestrian,vru,13.989293895580486,14,1.0,2.10561333899157,4.1115107705674525,<15m
t_left,0.05,scene-0103_001,Pedestrian,vru,13.989293895580486,14,1.0,5.263872903743739,4.1115107705674525,<15m
t_left,0.1,scene-0103_001,Pedestrian,vru,13.989293895580486,14,1.0,10.527211038503129,4.1115107705674525,<15m
t_left,0.2,scene-0103_001,Pedestrian,vru,13.989293895580486,14,1.0,21.05228332700587,4.1115107705674525,<15m
t_up,0.02,scene-0103_001,Pedestrian,vru,13.989293895580486,14,1.0,2.0943401856156516,4.1115107705674525,<15m
t_up,0.05,scene-0103_001,Pedestrian,vru,13.989293895580486,14,1.0,5.235135433635822,4.1115107705674525,<15m
t_up,0.1,scene-0103_001,Pedestrian,vru,13.989293895580486,14,1.0,10.467888300375238,4.1115107705674525,<15m
t_up,0.2,scene-0103_001,Pedestrian,vru,13.989293895580486,14,1.0,20.926252836197843,4.1115107705674525,<15m
none,0.0,scene-0103_002,Pedestrian,vru,21.33681928610646,11,1.0,0.0,3.3651053124848995,15-30m
yaw,0.25,scene-0103_002,Pedestrian,vru,21.33681928610646,11,1.0,6.670194523053547,3.3651053124848995,15-30m
yaw,0.5,scene-0103_002,Pedestrian,vru,21.33681928610646,11,0.7272727272727273,13.314652635000977,3.3651053124848995,15-30m
yaw,1.0,scene-0103_002,Pedestrian,vru,21.33681928610646,11,0.6363636363636364,26.527985246270337,3.3651053124848995,15-30m
yaw,2.0,scene-0103_002,Pedestrian,vru,21.33681928610646,11,0.09090909090909091,52.66341756902818,3.3651053124848995,15-30m
yaw,3.0,scene-0103_002,Pedestrian,vru,21.33681928610646,11,0.0,78.43099363821388,3.3651053124848995,15-30m
pitch,0.25,scene-0103_002,Pedestrian,vru,21.33681928610646,11,1.0,5.652541957909046,3.3651053124848995,15-30m
pitch,0.5,scene-0103_002,Pedestrian,vru,21.33681928610646,11,1.0,11.309415410875504,3.3651053124848995,15-30m
pitch,1.0,scene-0103_002,Pedestrian,vru,21.33681928610646,11,0.8181818181818182,22.637135462419334,3.3651053124848995,15-30m
pitch,2.0,scene-0103_002,Pedestrian,vru,21.33681928610646,11,0.8181818181818182,45.35536353728993,3.3651053124848995,15-30m
pitch,3.0,scene-0103_002,Pedestrian,vru,21.33681928610646,11,0.36363636363636365,68.17057474564315,3.3651053124848995,15-30m
roll,0.25,scene-0103_002,Pedestrian,vru,21.33681928610646,11,1.0,2.3666623439784615,3.3651053124848995,15-30m
roll,0.5,scene-0103_002,Pedestrian,vru,21.33681928610646,11,1.0,4.733544704180786,3.3651053124848995,15-30m
roll,1.0,scene-0103_002,Pedestrian,vru,21.33681928610646,11,1.0,9.467922490175946,3.3651053124848995,15-30m
roll,2.0,scene-0103_002,Pedestrian,vru,21.33681928610646,11,0.8181818181818182,18.938800821345794,3.3651053124848995,15-30m
roll,3.0,scene-0103_002,Pedestrian,vru,21.33681928610646,11,0.8181818181818182,28.411880270793134,3.3651053124848995,15-30m
t_fwd,0.02,scene-0103_002,Pedestrian,vru,21.33681928610646,11,1.0,0.5570628778936978,3.3651053124848995,15-30m
t_fwd,0.05,scene-0103_002,Pedestrian,vru,21.33681928610646,11,1.0,1.390510633659136,3.3651053124848995,15-30m
t_fwd,0.1,scene-0103_002,Pedestrian,vru,21.33681928610646,11,1.0,2.7738953980186865,3.3651053124848995,15-30m
t_fwd,0.2,scene-0103_002,Pedestrian,vru,21.33681928610646,11,1.0,5.519505306906436,3.3651053124848995,15-30m
t_left,0.02,scene-0103_002,Pedestrian,vru,21.33681928610646,11,1.0,1.2983500108864865,3.3651053124848995,15-30m
t_left,0.05,scene-0103_002,Pedestrian,vru,21.33681928610646,11,1.0,3.245811916602688,3.3651053124848995,15-30m
t_left,0.1,scene-0103_002,Pedestrian,vru,21.33681928610646,11,1.0,6.491413475402318,3.3651053124848995,15-30m
t_left,0.2,scene-0103_002,Pedestrian,vru,21.33681928610646,11,0.8181818181818182,12.981985601384219,3.3651053124848995,15-30m
t_up,0.02,scene-0103_002,Pedestrian,vru,21.33681928610646,11,1.0,1.2937703950806878,3.3651053124848995,15-30m
t_up,0.05,scene-0103_002,Pedestrian,vru,21.33681928610646,11,1.0,3.2341538832110297,3.3651053124848995,15-30m
t_up,0.1,scene-0103_002,Pedestrian,vru,21.33681928610646,11,1.0,6.467400954904378,3.3651053124848995,15-30m
t_up,0.2,scene-0103_002,Pedestrian,vru,21.33681928610646,11,1.0,12.931176188853632,3.3651053124848995,15-30m
none,0.0,scene-0103_003,Pedestrian,vru,16.734496663382597,13,1.0,0.0,4.757756368241927,15-30m
none,0.0,scene-0103_003,Car,vehicle,22.874152407007802,14,1.0,0.0,7.689350638508712,15-30m
yaw,0.25,scene-0103_003,Pedestrian,vru,16.734496663382597,13,1.0,7.229635527940057,4.757756368241927,15-30m
yaw,0.25,scene-0103_003,Car,vehicle,22.874152407007802,14,1.0,5.693971287712094,7.689350638508712,15-30m
yaw,0.5,scene-0103_003,Pedestrian,vru,16.734496663382597,13,1.0,14.425200183734242,4.757756368241927,15-30m
yaw,0.5,scene-0103_003,Car,vehicle,22.874152407007802,14,1.0,11.394859190617156,7.689350638508712,15-30m
yaw,1.0,scene-0103_003,Pedestrian,vru,16.734496663382597,13,0.7692307692307693,28.716198422421826,4.757756368241927,15-30m
yaw,1.0,scene-0103_003,Car,vehicle,22.874152407007802,14,1.0,22.81833429460329,7.689350638508712,15-30m
yaw,2.0,scene-0103_003,Pedestrian,vru,16.734496663382597,13,0.23076923076923078,56.91183194994075,4.757756368241927,15-30m
yaw,2.0,scene-0103_003,Car,vehicle,22.874152407007802,14,0.9285714285714286,45.758794787533006,7.689350638508712,15-30m
yaw,3.0,scene-0103_003,Pedestrian,vru,16.734496663382597,13,0.0,84.61827042775539,4.757756368241927,15-30m
yaw,3.0,scene-0103_003,Car,vehicle,22.874152407007802,14,0.5714285714285714,68.8369124017661,7.689350638508712,15-30m
pitch,0.25,scene-0103_003,Pedestrian,vru,16.734496663382597,13,1.0,5.7030490783087435,4.757756368241927,15-30m
pitch,0.25,scene-0103_003,Car,vehicle,22.874152407007802,14,1.0,5.601930666495736,7.689350638508712,15-30m
pitch,0.5,scene-0103_003,Pedestrian,vru,16.734496663382597,13,1.0,11.410624026066042,4.757756368241927,15-30m
pitch,0.5,scene-0103_003,Car,vehicle,22.874152407007802,14,1.0,11.20774386356323,7.689350638508712,15-30m
pitch,1.0,scene-0103_003,Pedestrian,vru,16.734496663382597,13,1.0,22.84037933959456,4.757756368241927,15-30m
pitch,1.0,scene-0103_003,Car,vehicle,22.874152407007802,14,1.0,22.431924211576508,7.689350638508712,15-30m
pitch,2.0,scene-0103_003,Pedestrian,vru,16.734496663382597,13,0.8461538461538461,45.76555412899715,4.757756368241927,15-30m
pitch,2.0,scene-0103_003,Car,vehicle,22.874152407007802,14,0.2857142857142857,44.936885104184974,7.689350638508712,15-30m
pitch,3.0,scene-0103_003,Pedestrian,vru,16.734496663382597,13,0.8461538461538461,68.79221710315214,4.757756368241927,15-30m
pitch,3.0,scene-0103_003,Car,vehicle,22.874152407007802,14,0.14285714285714285,67.52959114832004,7.689350638508712,15-30m
roll,0.25,scene-0103_003,Pedestrian,vru,16.734496663382597,13,1.0,2.8908018719276716,4.757756368241927,15-30m
roll,0.25,scene-0103_003,Car,vehicle,22.874152407007802,14,1.0,0.812463346714845,7.689350638508712,15-30m
roll,0.5,scene-0103_003,Pedestrian,vru,16.734496663382597,13,1.0,5.781940424769223,4.757756368241927,15-30m
roll,0.5,scene-0103_003,Car,vehicle,22.874152407007802,14,1.0,1.6248923971227622,7.689350638508712,15-30m
roll,1.0,scene-0103_003,Pedestrian,vru,16.734496663382597,13,1.0,11.565169808319819,4.757756368241927,15-30m
roll,1.0,scene-0103_003,Car,vehicle,22.874152407007802,14,1.0,3.2496322819702446,7.689350638508712,15-30m
roll,2.0,scene-0103_003,Pedestrian,vru,16.734496663382597,13,1.0,23.135032383518936,4.757756368241927,15-30m
roll,2.0,scene-0103_003,Car,vehicle,22.874152407007802,14,1.0,6.498531982028526,7.689350638508712,15-30m
roll,3.0,scene-0103_003,Pedestrian,vru,16.734496663382597,13,1.0,34.70865890919456,4.757756368241927,15-30m
roll,3.0,scene-0103_003,Car,vehicle,22.874152407007802,14,1.0,9.746454279064455,7.689350638508712,15-30m
t_fwd,0.02,scene-0103_003,Pedestrian,vru,16.734496663382597,13,1.0,0.9009464568182541,4.757756368241927,15-30m
t_fwd,0.02,scene-0103_003,Car,vehicle,22.874152407007802,14,1.0,0.17567902749546993,7.689350638508712,15-30m
t_fwd,0.05,scene-0103_003,Pedestrian,vru,16.734496663382597,13,1.0,2.2477777081610357,4.757756368241927,15-30m
t_fwd,0.05,scene-0103_003,Car,vehicle,22.874152407007802,14,1.0,0.43855708892368417,7.689350638508712,15-30m
t_fwd,0.1,scene-0103_003,Pedestrian,vru,16.734496663382597,13,1.0,4.480343443390934,4.757756368241927,15-30m
t_fwd,0.1,scene-0103_003,Car,vehicle,22.874152407007802,14,1.0,0.8749875273039043,7.689350638508712,15-30m
t_fwd,0.2,scene-0103_003,Pedestrian,vru,16.734496663382597,13,1.0,8.900452530653595,4.757756368241927,15-30m
t_fwd,0.2,scene-0103_003,Car,vehicle,22.874152407007802,14,1.0,1.7415300291657116,7.689350638508712,15-30m
t_left,0.02,scene-0103_003,Pedestrian,vru,16.734496663382597,13,1.0,1.7225019202355016,4.757756368241927,15-30m
t_left,0.02,scene-0103_003,Car,vehicle,22.874152407007802,14,1.0,1.1957645380298803,7.689350638508712,15-30m
t_left,0.05,scene-0103_003,Pedestrian,vru,16.734496663382597,13,1.0,4.3061378992054875,4.757756368241927,15-30m
t_left,0.05,scene-0103_003,Car,vehicle,22.874152407007802,14,1.0,2.9893545233162477,7.689350638508712,15-30m
t_left,0.1,scene-0103_003,Pedestrian,vru,16.734496663382597,13,1.0,8.611886155341047,4.757756368241927,15-30m
t_left,0.1,scene-0103_003,Car,vehicle,22.874152407007802,14,1.0,5.978519650372432,7.689350638508712,15-30m
t_left,0.2,scene-0103_003,Pedestrian,vru,16.734496663382597,13,1.0,17.222213949927536,4.757756368241927,15-30m
t_left,0.2,scene-0103_003,Car,vehicle,22.874152407007802,14,1.0,11.95628178770314,7.689350638508712,15-30m
t_up,0.02,scene-0103_003,Pedestrian,vru,16.734496663382597,13,1.0,1.7137117483021067,4.757756368241927,15-30m
t_up,0.02,scene-0103_003,Car,vehicle,22.874152407007802,14,1.0,1.1993027839181665,7.689350638508712,15-30m
t_up,0.05,scene-0103_003,Pedestrian,vru,16.734496663382597,13,1.0,4.283798845566111,4.757756368241927,15-30m
t_up,0.05,scene-0103_003,Car,vehicle,22.874152407007802,14,1.0,2.9980213838420315,7.689350638508712,15-30m
t_up,0.1,scene-0103_003,Pedestrian,vru,16.734496663382597,13,1.0,8.565996419485833,4.757756368241927,15-30m
t_up,0.1,scene-0103_003,Car,vehicle,22.874152407007802,14,1.0,5.995257679026337,7.689350638508712,15-30m
t_up,0.2,scene-0103_003,Pedestrian,vru,16.734496663382597,13,1.0,17.125591342348535,4.757756368241927,15-30m
t_up,0.2,scene-0103_003,Car,vehicle,22.874152407007802,14,1.0,11.98737623674255,7.689350638508712,15-30m
none,0.0,scene-0103_004,Pedestrian,vru,15.630657147742415,16,1.0,0.0,4.661553834077412,15-30m
none,0.0,scene-0103_004,Car,vehicle,14.339684808251514,53,1.0,0.0,15.172247975421577,<15m
yaw,0.25,scene-0103_004,Pedestrian,vru,15.630657147742415,16,1.0,7.510040011768137,4.661553834077412,15-30m
yaw,0.25,scene-0103_004,Car,vehicle,14.339684808251514,53,1.0,6.121267455409223,15.172247975421577,<15m
yaw,0.5,scene-0103_004,Pedestrian,vru,15.630657147742415,16,1.0,15.05906249185043,4.661553834077412,15-30m
yaw,0.5,scene-0103_004,Car,vehicle,14.339684808251514,53,1.0,12.257896918997053,15.172247975421577,<15m
yaw,1.0,scene-0103_004,Pedestrian,vru,15.630657147742415,16,0.9375,30.276480920645525,4.661553834077412,15-30m
yaw,1.0,scene-0103_004,Car,vehicle,14.339684808251514,53,1.0,24.578466619263445,15.172247975421577,<15m
yaw,2.0,scene-0103_004,Pedestrian,vru,15.630657147742415,16,0.4375,61.206336047831954,4.661553834077412,15-30m
yaw,2.0,scene-0103_004,Car,vehicle,14.339684808251514,53,0.9622641509433962,49.417583310378284,15.172247975421577,<15m
yaw,3.0,scene-0103_004,Pedestrian,vru,15.630657147742415,16,0.0,92.45403781386408,4.661553834077412,15-30m
yaw,3.0,scene-0103_004,Car,vehicle,14.339684808251514,53,0.8867924528301887,74.5395041621165,15.172247975421577,<15m
pitch,0.25,scene-0103_004,Pedestrian,vru,15.630657147742415,16,1.0,5.624394893029743,4.661553834077412,15-30m
pitch,0.25,scene-0103_004,Car,vehicle,14.339684808251514,53,1.0,5.695389803104866,15.172247975421577,<15m
pitch,0.5,scene-0103_004,Pedestrian,vru,15.630657147742415,16,1.0,11.252595760381427,4.661553834077412,15-30m
pitch,0.5,scene-0103_004,Car,vehicle,14.339684808251514,53,1.0,11.396236629553394,15.172247975421577,<15m
pitch,1.0,scene-0103_004,Pedestrian,vru,15.630657147742415,16,1.0,22.52143448419372,4.661553834077412,15-30m
pitch,1.0,scene-0103_004,Car,vehicle,14.339684808251514,53,1.0,22.815287294580795,15.172247975421577,<15m
pitch,2.0,scene-0103_004,Pedestrian,vru,15.630657147742415,16,0.8125,45.11603407749093,4.661553834077412,15-30m
pitch,2.0,scene-0103_004,Car,vehicle,14.339684808251514,53,0.7169811320754716,45.729774961291305,15.172247975421577,<15m
pitch,3.0,scene-0103_004,Pedestrian,vru,15.630657147742415,16,0.8125,67.80031667640347,4.661553834077412,15-30m
pitch,3.0,scene-0103_004,Car,vehicle,14.339684808251514,53,0.6037735849056604,68.75952848444979,15.172247975421577,<15m
roll,0.25,scene-0103_004,Pedestrian,vru,15.630657147742415,16,1.0,3.2553123608545187,4.661553834077412,15-30m
roll,0.25,scene-0103_004,Car,vehicle,14.339684808251514,53,1.0,1.6551555943891112,15.172247975421577,<15m
roll,0.5,scene-0103_004,Pedestrian,vru,15.630657147742415,16,1.0,6.510121644607095,4.661553834077412,15-30m
roll,0.5,scene-0103_004,Car,vehicle,14.339684808251514,53,1.0,3.3101728808514514,15.172247975421577,<15m
roll,1.0,scene-0103_004,Pedestrian,vru,15.630657147742415,16,1.0,13.01817276738398,4.661553834077412,15-30m
roll,1.0,scene-0103_004,Car,vehicle,14.339684808251514,53,1.0,6.619761295732882,15.172247975421577,<15m
roll,2.0,scene-0103_004,Pedestrian,vru,15.630657147742415,16,1.0,26.027599002787838,4.661553834077412,15-30m
roll,2.0,scene-0103_004,Car,vehicle,14.339684808251514,53,1.0,13.236935205381142,15.172247975421577,<15m
roll,3.0,scene-0103_004,Pedestrian,vru,15.630657147742415,16,0.875,39.02735342914696,4.661553834077412,15-30m
roll,3.0,scene-0103_004,Car,vehicle,14.339684808251514,53,1.0,19.851023701011385,15.172247975421577,<15m
t_fwd,0.02,scene-0103_004,Pedestrian,vru,15.630657147742415,16,1.0,1.1097252054524687,4.661553834077412,15-30m
t_fwd,0.02,scene-0103_004,Car,vehicle,14.339684808251514,53,1.0,0.5859315326194815,15.172247975421577,<15m
t_fwd,0.05,scene-0103_004,Pedestrian,vru,15.630657147742415,16,1.0,2.7681516206181085,4.661553834077412,15-30m
t_fwd,0.05,scene-0103_004,Car,vehicle,14.339684808251514,53,1.0,1.4613605906013372,15.172247975421577,<15m
t_fwd,0.1,scene-0103_004,Pedestrian,vru,15.630657147742415,16,1.0,5.515886448896072,4.661553834077412,15-30m
t_fwd,0.1,scene-0103_004,Car,vehicle,14.339684808251514,53,1.0,2.9123283931666815,15.172247975421577,<15m
t_fwd,0.2,scene-0103_004,Pedestrian,vru,15.630657147742415,16,1.0,10.951002633076245,4.661553834077412,15-30m
t_fwd,0.2,scene-0103_004,Car,vehicle,14.339684808251514,53,1.0,5.7835259662916645,15.172247975421577,<15m
t_left,0.02,scene-0103_004,Pedestrian,vru,15.630657147742415,16,1.0,1.8546286460064612,4.661553834077412,15-30m
t_left,0.02,scene-0103_004,Car,vehicle,14.339684808251514,53,1.0,2.052041317972143,15.172247975421577,<15m
t_left,0.05,scene-0103_004,Pedestrian,vru,15.630657147742415,16,1.0,4.636436804530788,4.661553834077412,15-30m
t_left,0.05,scene-0103_004,Car,vehicle,14.339684808251514,53,1.0,5.129939005594676,15.172247975421577,<15m
t_left,0.1,scene-0103_004,Pedestrian,vru,15.630657147742415,16,1.0,9.272424275616721,4.661553834077412,15-30m
t_left,0.1,scene-0103_004,Car,vehicle,14.339684808251514,53,1.0,10.259330426835458,15.172247975421577,<15m
t_left,0.2,scene-0103_004,Pedestrian,vru,15.630657147742415,16,1.0,18.54305147870755,4.661553834077412,15-30m
t_left,0.2,scene-0103_004,Car,vehicle,14.339684808251514,53,1.0,20.51647086692228,15.172247975421577,<15m
t_up,0.02,scene-0103_004,Pedestrian,vru,15.630657147742415,16,1.0,1.8688708503880083,4.661553834077412,15-30m
t_up,0.02,scene-0103_004,Car,vehicle,14.339684808251514,53,1.0,2.066246921151371,15.172247975421577,<15m
t_up,0.05,scene-0103_004,Pedestrian,vru,15.630657147742415,16,1.0,4.67158521179852,4.661553834077412,15-30m
t_up,0.05,scene-0103_004,Car,vehicle,14.339684808251514,53,1.0,5.164894726988507,15.172247975421577,<15m
t_up,0.1,scene-0103_004,Pedestrian,vru,15.630657147742415,16,1.0,9.34119804278758,4.661553834077412,15-30m
t_up,0.1,scene-0103_004,Car,vehicle,14.339684808251514,53,1.0,10.327381765914263,15.172247975421577,<15m
t_up,0.2,scene-0103_004,Pedestrian,vru,15.630657147742415,16,1.0,18.67451155676227,4.661553834077412,15-30m
t_up,0.2,scene-0103_004,Car,vehicle,14.339684808251514,53,1.0,20.64513951070467,15.172247975421577,<15m
none,0.0,scene-0103_005,Pedestrian,vru,16.187481416869783,13,1.0,0.0,3.628170399419549,15-30m
none,0.0,scene-0103_005,Car,vehicle,6.425839544252177,69,1.0,0.0,14.931848657294234,<15m
yaw,0.25,scene-0103_005,Pedestrian,vru,16.187481416869783,13,1.0,7.283973549598853,3.628170399419549,15-30m
yaw,0.25,scene-0103_005,Car,vehicle,6.425839544252177,69,0.9710144927536232,7.501058908462815,14.931848657294234,<15m
yaw,0.5,scene-0103_005,Pedestrian,vru,16.187481416869783,13,1.0,14.53298936479454,3.628170399419549,15-30m
yaw,0.5,scene-0103_005,Car,vehicle,6.425839544252177,69,0.9565217391304348,15.009406424576046,14.931848657294234,<15m
yaw,1.0,scene-0103_005,Pedestrian,vru,16.187481416869783,13,0.9230769230769231,28.92827887910013,3.628170399419549,15-30m
yaw,1.0,scene-0103_005,Car,vehicle,6.425839544252177,69,0.8840579710144928,29.978451864435463,14.931848657294234,<15m
yaw,2.0,scene-0103_005,Pedestrian,vru,16.187481416869783,13,0.15384615384615385,57.32238267787253,3.628170399419549,15-30m
yaw,2.0,scene-0103_005,Car,vehicle,6.425839544252177,69,0.7681159420289855,60.16351007710481,14.931848657294234,<15m
yaw,3.0,scene-0103_005,Pedestrian,vru,16.187481416869783,13,0.0,85.21440361163452,3.628170399419549,15-30m
yaw,3.0,scene-0103_005,Car,vehicle,6.425839544252177,69,0.6376811594202898,90.51455336729438,14.931848657294234,<15m
pitch,0.25,scene-0103_005,Pedestrian,vru,16.187481416869783,13,1.0,5.6739546141538595,3.628170399419549,15-30m
pitch,0.25,scene-0103_005,Car,vehicle,6.425839544252177,69,1.0,5.976857785589737,14.931848657294234,<15m
pitch,0.5,scene-0103_005,Pedestrian,vru,16.187481416869783,13,1.0,11.349344953803655,3.628170399419549,15-30m
pitch,0.5,scene-0103_005,Car,vehicle,6.425839544252177,69,1.0,11.964751151338696,14.931848657294234,<15m
pitch,1.0,scene-0103_005,Pedestrian,vru,16.187481416869783,13,1.0,22.705448672047755,3.628170399419549,15-30m
pitch,1.0,scene-0103_005,Car,vehicle,6.425839544252177,69,1.0,23.974837618830342,14.931848657294234,<15m
pitch,2.0,scene-0103_005,Pedestrian,vru,16.187481416869783,13,0.8461538461538461,45.44607924016208,3.628170399419549,15-30m
pitch,2.0,scene-0103_005,Car,vehicle,6.425839544252177,69,0.9855072463768116,48.042174044768025,14.931848657294234,<15m
pitch,3.0,scene-0103_005,Pedestrian,vru,16.187481416869783,13,0.5384615384615384,68.2382571141528,3.628170399419549,15-30m
pitch,3.0,scene-0103_005,Car,vehicle,6.425839544252177,69,0.9710144927536232,72.18796546860958,14.931848657294234,<15m
roll,0.25,scene-0103_005,Pedestrian,vru,16.187481416869783,13,1.0,2.9523914630083934,3.628170399419549,15-30m
roll,0.25,scene-0103_005,Car,vehicle,6.425839544252177,69,1.0,3.1217152524399197,14.931848657294234,<15m
roll,0.5,scene-0103_005,Pedestrian,vru,16.187481416869783,13,1.0,5.905143819722615,3.628170399419549,15-30m
roll,0.5,scene-0103_005,Car,vehicle,6.425839544252177,69,1.0,6.242972979826314,14.931848657294234,<15m
roll,1.0,scene-0103_005,Pedestrian,vru,16.187481416869783,13,1.0,11.81167369264593,3.628170399419549,15-30m
roll,1.0,scene-0103_005,Car,vehicle,6.425839544252177,69,1.0,12.484057112092334,14.931848657294234,<15m
roll,2.0,scene-0103_005,Pedestrian,vru,16.187481416869783,13,1.0,23.62843042226985,3.628170399419549,15-30m
roll,2.0,scene-0103_005,Car,vehicle,6.425839544252177,69,0.9855072463768116,24.939031740470263,14.931848657294234,<15m
roll,3.0,scene-0103_005,Pedestrian,vru,16.187481416869783,13,0.8461538461538461,35.449344998189844,3.628170399419549,15-30m
roll,3.0,scene-0103_005,Car,vehicle,6.425839544252177,69,0.9710144927536232,37.36443475654754,14.931848657294234,<15m
t_fwd,0.02,scene-0103_005,Pedestrian,vru,16.187481416869783,13,1.0,0.9653816857772507,3.628170399419549,15-30m
t_fwd,0.02,scene-0103_005,Car,vehicle,6.425839544252177,69,1.0,2.3070802517730487,14.931848657294234,<15m
t_fwd,0.05,scene-0103_005,Pedestrian,vru,16.187481416869783,13,1.0,2.4083296298684433,3.628170399419549,15-30m
t_fwd,0.05,scene-0103_005,Car,vehicle,6.425839544252177,69,1.0,5.739233764770927,14.931848657294234,<15m
t_fwd,0.1,scene-0103_005,Pedestrian,vru,16.187481416869783,13,1.0,4.7996736921773735,3.628170399419549,15-30m
t_fwd,0.1,scene-0103_005,Car,vehicle,6.425839544252177,69,1.0,11.38481668077019,14.931848657294234,<15m
t_fwd,0.2,scene-0103_005,Pedestrian,vru,16.187481416869783,13,1.0,9.53211885929552,3.628170399419549,15-30m
t_fwd,0.2,scene-0103_005,Car,vehicle,6.425839544252177,69,1.0,22.40405172709876,14.931848657294234,<15m
t_left,0.02,scene-0103_005,Pedestrian,vru,16.187481416869783,13,1.0,1.7951162564433083,3.628170399419549,15-30m
t_left,0.02,scene-0103_005,Car,vehicle,6.425839544252177,69,1.0,4.092742354604296,14.931848657294234,<15m
t_left,0.05,scene-0103_005,Pedestrian,vru,16.187481416869783,13,1.0,4.487665521602283,3.628170399419549,15-30m
t_left,0.05,scene-0103_005,Car,vehicle,6.425839544252177,69,0.9565217391304348,10.14698667460707,14.931848657294234,<15m
t_left,0.1,scene-0103_005,Pedestrian,vru,16.187481416869783,13,1.0,8.97491400919039,3.628170399419549,15-30m
t_left,0.1,scene-0103_005,Car,vehicle,6.425839544252177,69,0.9130434782608695,20.22379875920201,14.931848657294234,<15m
t_left,0.2,scene-0103_005,Pedestrian,vru,16.187481416869783,13,1.0,17.948160114830532,3.628170399419549,15-30m
t_left,0.2,scene-0103_005,Car,vehicle,6.425839544252177,69,0.8260869565217391,39.83540734701799,14.931848657294234,<15m
t_up,0.02,scene-0103_005,Pedestrian,vru,16.187481416869783,13,1.0,1.7802524636582753,3.628170399419549,15-30m
t_up,0.02,scene-0103_005,Car,vehicle,6.425839544252177,69,1.0,4.136538867848406,14.931848657294234,<15m
t_up,0.05,scene-0103_005,Pedestrian,vru,16.187481416869783,13,1.0,4.450121212150845,3.628170399419549,15-30m
t_up,0.05,scene-0103_005,Car,vehicle,6.425839544252177,69,1.0,10.338594465880242,14.931848657294234,<15m
t_up,0.1,scene-0103_005,Pedestrian,vru,16.187481416869783,13,1.0,8.898543120255104,3.628170399419549,15-30m
t_up,0.1,scene-0103_005,Car,vehicle,6.425839544252177,69,1.0,20.668019762859615,14.931848657294234,<15m
t_up,0.2,scene-0103_005,Pedestrian,vru,16.187481416869783,13,0.8461538461538461,17.790292916171637,3.628170399419549,15-30m
t_up,0.2,scene-0103_005,Car,vehicle,6.425839544252177,69,1.0,41.299411599001445,14.931848657294234,<15m
none,0.0,scene-0103_006,Car,vehicle,22.366572305168173,19,1.0,0.0,7.08721677874454,15-30m
none,0.0,scene-0103_006,Car,vehicle,26.097603694968626,13,1.0,0.0,7.808171777625732,15-30m
yaw,0.25,scene-0103_006,Car,vehicle,22.366572305168173,19,1.0,5.653914367347447,7.08721677874454,15-30m
yaw,0.25,scene-0103_006,Car,vehicle,26.097603694968626,13,1.0,5.9403439294837135,7.808171777625732,15-30m
yaw,0.5,scene-0103_006,Car,vehicle,22.366572305168173,19,0.9473684210526315,11.313507068723911,7.08721677874454,15-30m
yaw,0.5,scene-0103_006,Car,vehicle,26.097603694968626,13,1.0,11.894403239596679,7.808171777625732,15-30m
yaw,1.0,scene-0103_006,Car,vehicle,22.366572305168173,19,0.8947368421052632,22.650651908882917,7.08721677874454,15-30m
yaw,1.0,scene-0103_006,Car,vehicle,26.097603694968626,13,1.0,23.84479311612496,7.808171777625732,15-30m
yaw,2.0,scene-0103_006,Car,vehicle,22.366572305168173,19,0.7368421052631579,45.40330537403347,7.08721677874454,15-30m
yaw,2.0,scene-0103_006,Car,vehicle,26.097603694968626,13,0.7692307692307693,47.92267184941971,7.808171777625732,15-30m
yaw,3.0,scene-0103_006,Car,vehicle,22.366572305168173,19,0.5789473684210527,68.27303225707047,7.08721677874454,15-30m
yaw,3.0,scene-0103_006,Car,vehicle,26.097603694968626,13,0.5384615384615384,72.252329863767,7.808171777625732,15-30m
pitch,0.25,scene-0103_006,Car,vehicle,22.366572305168173,19,1.0,5.57990856968555,7.08721677874454,15-30m
pitch,0.25,scene-0103_006,Car,vehicle,26.097603694968626,13,1.0,5.557826750852292,7.808171777625732,15-30m
pitch,0.5,scene-0103_006,Car,vehicle,22.366572305168173,19,1.0,11.162446851546562,7.08721677874454,15-30m
pitch,0.5,scene-0103_006,Car,vehicle,26.097603694968626,13,1.0,11.118371756247251,7.808171777625732,15-30m
pitch,1.0,scene-0103_006,Car,vehicle,22.366572305168173,19,1.0,22.336302473557218,7.08721677874454,15-30m
pitch,1.0,scene-0103_006,Car,vehicle,26.097603694968626,13,0.07692307692307693,22.248510026151784,7.808171777625732,15-30m
pitch,2.0,scene-0103_006,Car,vehicle,22.366572305168173,19,0.10526315789473684,44.72538789940473,7.08721677874454,15-30m
pitch,2.0,scene-0103_006,Car,vehicle,26.097603694968626,13,0.0,44.55126301539558,7.808171777625732,15-30m
pitch,3.0,scene-0103_006,Car,vehicle,22.366572305168173,19,0.0,67.18164605642384,7.08721677874454,15-30m
pitch,3.0,scene-0103_006,Car,vehicle,26.097603694968626,13,0.0,66.92270812782115,7.808171777625732,15-30m
roll,0.25,scene-0103_006,Car,vehicle,22.366572305168173,19,1.0,0.6704210867437841,7.08721677874454,15-30m
roll,0.25,scene-0103_006,Car,vehicle,26.097603694968626,13,1.0,1.481229109515359,7.808171777625732,15-30m
roll,0.5,scene-0103_006,Car,vehicle,22.366572305168173,19,1.0,1.3408171784052167,7.08721677874454,15-30m
roll,0.5,scene-0103_006,Car,vehicle,26.097603694968626,13,1.0,2.9623485171144592,7.808171777625732,15-30m
roll,1.0,scene-0103_006,Car,vehicle,22.366572305168173,19,1.0,2.6815217018858726,7.08721677874454,15-30m
roll,1.0,scene-0103_006,Car,vehicle,26.097603694968626,13,1.0,5.924230570908492,7.808171777625732,15-30m
roll,2.0,scene-0103_006,Car,vehicle,22.366572305168173,19,1.0,5.3624914476093775,7.08721677874454,15-30m
roll,2.0,scene-0103_006,Car,vehicle,26.097603694968626,13,1.0,11.846374318702159,7.808171777625732,15-30m
roll,3.0,scene-0103_006,Car,vehicle,22.366572305168173,19,1.0,8.042706741389646,7.08721677874454,15-30m
roll,3.0,scene-0103_006,Car,vehicle,26.097603694968626,13,1.0,17.765990099430983,7.808171777625732,15-30m
t_fwd,0.02,scene-0103_006,Car,vehicle,22.366572305168173,19,1.0,0.15386593949452593,7.08721677874454,15-30m
t_fwd,0.02,scene-0103_006,Car,vehicle,26.097603694968626,13,1.0,0.292610706666585,7.808171777625732,15-30m
t_fwd,0.05,scene-0103_006,Car,vehicle,22.366572305168173,19,1.0,0.384090946564263,7.08721677874454,15-30m
t_fwd,0.05,scene-0103_006,Car,vehicle,26.097603694968626,13,1.0,0.730581426273834,7.808171777625732,15-30m
t_fwd,0.1,scene-0103_006,Car,vehicle,22.366572305168173,19,1.0,0.7662764779919432,7.08721677874454,15-30m
t_fwd,0.1,scene-0103_006,Car,vehicle,26.097603694968626,13,1.0,1.4580225536641356,7.808171777625732,15-30m
t_fwd,0.2,scene-0103_006,Car,vehicle,22.366572305168173,19,1.0,1.524987730272825,7.08721677874454,15-30m
t_fwd,0.2,scene-0103_006,Car,vehicle,26.097603694968626,13,1.0,2.9035645538963957,7.808171777625732,15-30m
t_left,0.02,scene-0103_006,Car,vehicle,22.366572305168173,19,1.0,1.2376459008218672,7.08721677874454,15-30m
t_left,0.02,scene-0103_006,Car,vehicle,26.097603694968626,13,1.0,1.0768092128100928,7.808171777625732,15-30m
t_left,0.05,scene-0103_006,Car,vehicle,22.366572305168173,19,1.0,3.0940568782863522,7.08721677874454,15-30m
t_left,0.05,scene-0103_006,Car,vehicle,26.097603694968626,13,1.0,2.6919791609030357,7.808171777625732,15-30m
t_left,0.1,scene-0103_006,Car,vehicle,22.366572305168173,19,1.0,6.18792085363385,7.08721677874454,15-30m
t_left,0.1,scene-0103_006,Car,vehicle,26.097603694968626,13,1.0,5.38381209108711,7.808171777625732,15-30m
t_left,0.2,scene-0103_006,Car,vehicle,22.366572305168173,19,0.9473684210526315,12.375070167669502,7.08721677874454,15-30m
t_left,0.2,scene-0103_006,Car,vehicle,26.097603694968626,13,1.0,10.767039306955906,7.808171777625732,15-30m
t_up,0.02,scene-0103_006,Car,vehicle,22.366572305168173,19,1.0,1.240707188560571,7.08721677874454,15-30m
t_up,0.02,scene-0103_006,Car,vehicle,26.097603694968626,13,1.0,1.0812050195248986,7.808171777625732,15-30m
t_up,0.05,scene-0103_006,Car,vehicle,22.366572305168173,19,1.0,3.101508148535413,7.08721677874454,15-30m
t_up,0.05,scene-0103_006,Car,vehicle,26.097603694968626,13,1.0,2.7028152716486846,7.808171777625732,15-30m
t_up,0.1,scene-0103_006,Car,vehicle,22.366572305168173,19,1.0,6.202150414283666,7.08721677874454,15-30m
t_up,0.1,scene-0103_006,Car,vehicle,26.097603694968626,13,1.0,5.404973080719511,7.808171777625732,15-30m
t_up,0.2,scene-0103_006,Car,vehicle,22.366572305168173,19,1.0,12.400838747443457,7.08721677874454,15-30m
t_up,0.2,scene-0103_006,Car,vehicle,26.097603694968626,13,1.0,10.807317270465065,7.808171777625732,15-30m
none,0.0,scene-0103_007,Car,vehicle,13.083149975634008,90,1.0,0.0,14.959336549576706,<15m
none,0.0,scene-0103_007,Car,vehicle,21.845880412015664,11,1.0,0.0,10.420108136514958,15-30m
yaw,0.25,scene-0103_007,Car,vehicle,13.083149975634008,90,1.0,6.073265782541803,14.959336549576706,<15m
yaw,0.25,scene-0103_007,Car,vehicle,21.845880412015664,11,1.0,6.22958445932214,10.420108136514958,15-30m
yaw,0.5,scene-0103_007,Car,vehicle,13.083149975634008,90,1.0,12.160939489524182,14.959336549576706,<15m
yaw,0.5,scene-0103_007,Car,vehicle,21.845880412015664,11,1.0,12.47829138466313,10.420108136514958,15-30m
yaw,1.0,scene-0103_007,Car,vehicle,13.083149975634008,90,0.9888888888888889,24.38070127836788,14.959336549576706,<15m
yaw,1.0,scene-0103_007,Car,vehicle,21.845880412015664,11,0.9090909090909091,25.03440899861343,10.420108136514958,15-30m
yaw,2.0,scene-0103_007,Car,vehicle,13.083149975634008,90,0.9444444444444444,49.006366026569566,14.959336549576706,<15m
yaw,2.0,scene-0103_007,Car,vehicle,21.845880412015664,11,0.7272727272727273,50.391019381201524,10.420108136514958,15-30m
yaw,3.0,scene-0103_007,Car,vehicle,13.083149975634008,90,0.8888888888888888,73.89679254291846,14.959336549576706,<15m
yaw,3.0,scene-0103_007,Car,vehicle,21.845880412015664,11,0.7272727272727273,76.09224004663149,10.420108136514958,15-30m
pitch,0.25,scene-0103_007,Car,vehicle,13.083149975634008,90,1.0,5.688153445373588,14.959336549576706,<15m
pitch,0.25,scene-0103_007,Car,vehicle,21.845880412015664,11,1.0,5.555798714619869,10.420108136514958,15-30m
pitch,0.5,scene-0103_007,Car,vehicle,13.083149975634008,90,1.0,11.38143988690268,14.959336549576706,<15m
pitch,0.5,scene-0103_007,Car,vehicle,21.845880412015664,11,1.0,11.11303282704686,10.420108136514958,15-30m
pitch,1.0,scene-0103_007,Car,vehicle,13.083149975634008,90,1.0,22.78436745316769,14.959336549576706,<15m
pitch,1.0,scene-0103_007,Car,vehicle,21.845880412015664,11,0.5454545454545454,22.232710009409445,10.420108136514958,15-30m
pitch,2.0,scene-0103_007,Car,vehicle,13.083149975634008,90,1.0,45.662384632041395,14.959336549576706,<15m
pitch,2.0,scene-0103_007,Car,vehicle,21.845880412015664,11,0.5454545454545454,44.49923751772641,10.420108136514958,15-30m
pitch,3.0,scene-0103_007,Car,vehicle,13.083149975634008,90,0.7333333333333333,68.64961672465557,14.959336549576706,<15m
pitch,3.0,scene-0103_007,Car,vehicle,21.845880412015664,11,0.5454545454545454,66.81412664965937,10.420108136514958,15-30m
roll,0.25,scene-0103_007,Car,vehicle,13.083149975634008,90,1.0,1.540483894044409,14.959336549576706,<15m
roll,0.25,scene-0103_007,Car,vehicle,21.845880412015664,11,1.0,1.9529242507566242,10.420108136514958,15-30m
roll,0.5,scene-0103_007,Car,vehicle,13.083149975634008,90,1.0,3.080854086854971,14.959336549576706,<15m
roll,0.5,scene-0103_007,Car,vehicle,21.845880412015664,11,1.0,3.9056736505378447,10.420108136514958,15-30m
roll,1.0,scene-0103_007,Car,vehicle,13.083149975634008,90,1.0,6.161224218381577,14.959336549576706,<15m
roll,1.0,scene-0103_007,Car,vehicle,21.845880412015664,11,1.0,7.810612017593286,10.420108136514958,15-30m
roll,2.0,scene-0103_007,Car,vehicle,13.083149975634008,90,1.0,12.320279700520818,14.959336549576706,<15m
roll,2.0,scene-0103_007,Car,vehicle,21.845880412015664,11,1.0,15.617996302571228,10.420108136514958,15-30m
roll,3.0,scene-0103_007,Car,vehicle,13.083149975634008,90,0.9555555555555556,18.476701450817725,14.959336549576706,<15m
roll,3.0,scene-0103_007,Car,vehicle,21.845880412015664,11,0.45454545454545453,23.42158091775383,10.420108136514958,15-30m
t_fwd,0.02,scene-0103_007,Car,vehicle,13.083149975634008,90,1.0,0.625958525959013,14.959336549576706,<15m
t_fwd,0.02,scene-0103_007,Car,vehicle,21.845880412015664,11,1.0,0.43478137468646055,10.420108136514958,15-30m
t_fwd,0.05,scene-0103_007,Car,vehicle,13.083149975634008,90,1.0,1.5606641879519394,14.959336549576706,<15m
t_fwd,0.05,scene-0103_007,Car,vehicle,21.845880412015664,11,1.0,1.085375200078794,10.420108136514958,15-30m
t_fwd,0.1,scene-0103_007,Car,vehicle,13.083149975634008,90,1.0,3.107322601742312,14.959336549576706,<15m
t_fwd,0.1,scene-0103_007,Car,vehicle,21.845880412015664,11,1.0,2.1655099317107918,10.420108136514958,15-30m
t_fwd,0.2,scene-0103_007,Car,vehicle,13.083149975634008,90,1.0,6.159369800484587,14.959336549576706,<15m
t_fwd,0.2,scene-0103_007,Car,vehicle,21.845880412015664,11,1.0,4.31020907407343,10.420108136514958,15-30m
t_left,0.02,scene-0103_007,Car,vehicle,13.083149975634008,90,1.0,2.2213424555352987,14.959336549576706,<15m
t_left,0.02,scene-0103_007,Car,vehicle,21.845880412015664,11,1.0,1.2154995754383062,10.420108136514958,15-30m
t_left,0.05,scene-0103_007,Car,vehicle,13.083149975634008,90,1.0,5.553174946579185,14.959336549576706,<15m
t_left,0.05,scene-0103_007,Car,vehicle,21.845880412015664,11,1.0,3.038694650376704,10.420108136514958,15-30m
t_left,0.1,scene-0103_007,Car,vehicle,13.083149975634008,90,1.0,11.105745971507822,14.959336549576706,<15m
t_left,0.1,scene-0103_007,Car,vehicle,21.845880412015664,11,1.0,6.077208348644511,10.420108136514958,15-30m
t_left,0.2,scene-0103_007,Car,vehicle,13.083149975634008,90,1.0,22.209076650438803,14.959336549576706,<15m
t_left,0.2,scene-0103_007,Car,vehicle,21.845880412015664,11,1.0,12.153692953503468,10.420108136514958,15-30m
t_up,0.02,scene-0103_007,Car,vehicle,13.083149975634008,90,1.0,2.2323070522255413,14.959336549576706,<15m
t_up,0.02,scene-0103_007,Car,vehicle,21.845880412015664,11,1.0,1.219848408023462,10.420108136514958,15-30m
t_up,0.05,scene-0103_007,Car,vehicle,13.083149975634008,90,1.0,5.5799700410570665,14.959336549576706,<15m
t_up,0.05,scene-0103_007,Car,vehicle,21.845880412015664,11,1.0,3.049382355523507,10.420108136514958,15-30m
t_up,0.1,scene-0103_007,Car,vehicle,13.083149975634008,90,1.0,11.157282463423652,14.959336549576706,<15m
t_up,0.1,scene-0103_007,Car,vehicle,21.845880412015664,11,1.0,6.097969328600825,10.420108136514958,15-30m
t_up,0.2,scene-0103_007,Car,vehicle,13.083149975634008,90,0.9555555555555556,22.303942043067376,14.959336549576706,<15m
t_up,0.2,scene-0103_007,Car,vehicle,21.845880412015664,11,1.0,12.192758371868925,10.420108136514958,15-30m
none,0.0,scene-0103_008,Car,vehicle,4.871314310176829,52,1.0,0.0,8.09084423389742,<15m
none,0.0,scene-0103_008,Car,vehicle,17.707703979536305,46,1.0,0.0,15.258558117051129,15-30m
yaw,0.25,scene-0103_008,Car,vehicle,4.871314310176829,52,0.8846153846153846,8.139454430624632,8.09084423389742,<15m
yaw,0.25,scene-0103_008,Car,vehicle,17.707703979536305,46,1.0,6.935583496062676,15.258558117051129,15-30m
yaw,0.5,scene-0103_008,Car,vehicle,4.871314310176829,52,0.8269230769230769,16.283745396304766,8.09084423389742,<15m
yaw,0.5,scene-0103_008,Car,vehicle,17.707703979536305,46,1.0,13.901156393127273,15.258558117051129,15-30m
yaw,1.0,scene-0103_008,Car,vehicle,4.871314310176829,52,0.6346153846153846,32.49159842523982,8.09084423389742,<15m
yaw,1.0,scene-0103_008,Car,vehicle,17.707703979536305,46,1.0,27.924165095212366,15.258558117051129,15-30m
yaw,2.0,scene-0103_008,Car,vehicle,4.871314310176829,52,0.3269230769230769,64.75968116276836,8.09084423389742,<15m
yaw,2.0,scene-0103_008,Car,vehicle,17.707703979536305,46,0.8913043478260869,56.35127091714257,15.258558117051129,15-30m
yaw,3.0,scene-0103_008,Car,vehicle,4.871314310176829,52,0.057692307692307696,96.69217558286238,8.09084423389742,<15m
yaw,3.0,scene-0103_008,Car,vehicle,17.707703979536305,46,0.782608695652174,85.31350108324509,15.258558117051129,15-30m
pitch,0.25,scene-0103_008,Car,vehicle,4.871314310176829,52,1.0,6.28190925252914,8.09084423389742,<15m
pitch,0.25,scene-0103_008,Car,vehicle,17.707703979536305,46,1.0,5.657223208931031,15.258558117051129,15-30m
pitch,0.5,scene-0103_008,Car,vehicle,4.871314310176829,52,1.0,12.580447146928488,8.09084423389742,<15m
pitch,0.5,scene-0103_008,Car,vehicle,17.707703979536305,46,1.0,11.32041267400756,15.258558117051129,15-30m
pitch,1.0,scene-0103_008,Car,vehicle,4.871314310176829,52,0.9423076923076923,25.191642891731256,8.09084423389742,<15m
pitch,1.0,scene-0103_008,Car,vehicle,17.707703979536305,46,0.782608695652174,22.66570837995767,15.258558117051129,15-30m
pitch,2.0,scene-0103_008,Car,vehicle,4.871314310176829,52,0.8269230769230769,50.38336358072061,8.09084423389742,<15m
pitch,2.0,scene-0103_008,Car,vehicle,17.707703979536305,46,0.6739130434782609,45.4395392622633,15.258558117051129,15-30m
pitch,3.0,scene-0103_008,Car,vehicle,4.871314310176829,52,0.7884615384615384,76.02053779780401,8.09084423389742,<15m
pitch,3.0,scene-0103_008,Car,vehicle,17.707703979536305,46,0.21739130434782608,68.3392398625358,15.258558117051129,15-30m
roll,0.25,scene-0103_008,Car,vehicle,4.871314310176829,52,1.0,3.6679339052016795,8.09084423389742,<15m
roll,0.25,scene-0103_008,Car,vehicle,17.707703979536305,46,1.0,2.728463283305791,15.258558117051129,15-30m
roll,0.5,scene-0103_008,Car,vehicle,4.871314310176829,52,1.0,7.335250120474458,8.09084423389742,<15m
roll,0.5,scene-0103_008,Car,vehicle,17.707703979536305,46,1.0,5.4565869102077915,15.258558117051129,15-30m
roll,1.0,scene-0103_008,Car,vehicle,4.871314310176829,52,0.9230769230769231,14.608821710723975,8.09084423389742,<15m
roll,1.0,scene-0103_008,Car,vehicle,17.707703979536305,46,1.0,10.911764313938459,15.258558117051129,15-30m
roll,2.0,scene-0103_008,Car,vehicle,4.871314310176829,52,0.9038461538461539,29.194712476851947,8.09084423389742,<15m
roll,2.0,scene-0103_008,Car,vehicle,17.707703979536305,46,1.0,21.81748442524286,15.258558117051129,15-30m
roll,3.0,scene-0103_008,Car,vehicle,4.871314310176829,52,0.8846153846153846,43.75433570033288,8.09084423389742,<15m
roll,3.0,scene-0103_008,Car,vehicle,17.707703979536305,46,1.0,32.71635048048601,15.258558117051129,15-30m
t_fwd,0.02,scene-0103_008,Car,vehicle,4.871314310176829,52,1.0,3.471177010552127,8.09084423389742,<15m
t_fwd,0.02,scene-0103_008,Car,vehicle,17.707703979536305,46,1.0,0.8538250474229716,15.258558117051129,15-30m
t_fwd,0.05,scene-0103_008,Car,vehicle,4.871314310176829,52,1.0,8.623043105126138,8.09084423389742,<15m
t_fwd,0.05,scene-0103_008,Car,vehicle,17.707703979536305,46,1.0,2.130171873220343,15.258558117051129,15-30m
t_fwd,0.1,scene-0103_008,Car,vehicle,4.871314310176829,52,1.0,17.06614315489549,8.09084423389742,<15m
t_fwd,0.1,scene-0103_008,Car,vehicle,17.707703979536305,46,1.0,4.245787993100569,15.258558117051129,15-30m
t_fwd,0.2,scene-0103_008,Car,vehicle,4.871314310176829,52,1.0,33.43458364772931,8.09084423389742,<15m
t_fwd,0.2,scene-0103_008,Car,vehicle,17.707703979536305,46,1.0,8.433946110185868,15.258558117051129,15-30m
t_left,0.02,scene-0103_008,Car,vehicle,4.871314310176829,52,0.9423076923076923,5.297988539750332,8.09084423389742,<15m
t_left,0.02,scene-0103_008,Car,vehicle,17.707703979536305,46,1.0,1.7471981324485788,15.258558117051129,15-30m
t_left,0.05,scene-0103_008,Car,vehicle,4.871314310176829,52,0.8653846153846154,13.212327060752802,8.09084423389742,<15m
t_left,0.05,scene-0103_008,Car,vehicle,17.707703979536305,46,1.0,4.36789250081398,15.258558117051129,15-30m
t_left,0.1,scene-0103_008,Car,vehicle,4.871314310176829,52,0.7307692307692307,25.9752768588466,8.09084423389742,<15m
t_left,0.1,scene-0103_008,Car,vehicle,17.707703979536305,46,1.0,8.735442255453663,15.258558117051129,15-30m
t_left,0.2,scene-0103_008,Car,vehicle,4.871314310176829,52,0.4423076923076923,50.837742056446494,8.09084423389742,<15m
t_left,0.2,scene-0103_008,Car,vehicle,17.707703979536305,46,1.0,17.469513687567893,15.258558117051129,15-30m
t_up,0.02,scene-0103_008,Car,vehicle,4.871314310176829,52,1.0,5.3882749560794725,8.09084423389742,<15m
t_up,0.02,scene-0103_008,Car,vehicle,17.707703979536305,46,1.0,1.7625189298181063,15.258558117051129,15-30m
t_up,0.05,scene-0103_008,Car,vehicle,4.871314310176829,52,1.0,13.466100015131708,8.09084423389742,<15m
t_up,0.05,scene-0103_008,Car,vehicle,17.707703979536305,46,1.0,4.4058030719927554,15.258558117051129,15-30m
t_up,0.1,scene-0103_008,Car,vehicle,4.871314310176829,52,1.0,26.91692265845616,8.09084423389742,<15m
t_up,0.1,scene-0103_008,Car,vehicle,17.707703979536305,46,1.0,8.80995912818625,15.258558117051129,15-30m
t_up,0.2,scene-0103_008,Car,vehicle,4.871314310176829,52,1.0,53.77283970548076,8.09084423389742,<15m
t_up,0.2,scene-0103_008,Car,vehicle,17.707703979536305,46,1.0,17.61333388600786,15.258558117051129,15-30m
none,0.0,scene-0103_009,Car,vehicle,29.10130356379929,10,1.0,0.0,11.115643364226145,15-30m
none,0.0,scene-0103_009,Car,vehicle,13.781873923912388,55,1.0,0.0,12.256571878305959,<15m
none,0.0,scene-0103_009,Car,vehicle,27.411051387636714,18,1.0,0.0,5.95650230762759,15-30m
none,0.0,scene-0103_009,Pedestrian,vru,24.1699838518807,10,0.9,0.0,2.7059728278234494,15-30m
yaw,0.25,scene-0103_009,Car,vehicle,29.10130356379929,10,1.0,5.934614946129329,11.115643364226145,15-30m
yaw,0.25,scene-0103_009,Car,vehicle,13.781873923912388,55,0.9818181818181818,7.553561669377345,12.256571878305959,<15m
yaw,0.25,scene-0103_009,Car,vehicle,27.411051387636714,18,1.0,5.759657790399119,5.95650230762759,15-30m
yaw,0.25,scene-0103_009,Pedestrian,vru,24.1699838518807,10,0.9,6.524100933763426,2.7059728278234494,15-30m
yaw,0.5,scene-0103_009,Car,vehicle,29.10130356379929,10,1.0,11.883070653529561,11.115643364226145,15-30m
yaw,0.5,scene-0103_009,Car,vehicle,13.781873923912388,55,0.9272727272727272,15.051258549643542,12.256571878305959,<15m
yaw,0.5,scene-0103_009,Car,vehicle,27.411051387636714,18,1.0,11.50998864756539,5.95650230762759,15-30m
yaw,0.5,scene-0103_009,Pedestrian,vru,24.1699838518807,10,0.9,13.024559645241094,2.7059728278234494,15-30m
yaw,1.0,scene-0103_009,Car,vehicle,29.10130356379929,10,1.0,23.8226291461878,11.115643364226145,15-30m
yaw,1.0,scene-0103_009,Car,vehicle,13.781873923912388,55,0.8727272727272727,30.10273895667038,12.256571878305959,<15m
yaw,1.0,scene-0103_009,Car,vehicle,27.411051387636714,18,1.0,22.98365427469276,5.95650230762759,15-30m
yaw,1.0,scene-0103_009,Pedestrian,vru,24.1699838518807,10,0.7,25.95606795980796,2.7059728278234494,15-30m
yaw,2.0,scene-0103_009,Car,vehicle,29.10130356379929,10,0.9,47.88034727064879,11.115643364226145,15-30m
yaw,2.0,scene-0103_009,Car,vehicle,13.781873923912388,55,0.7090909090909091,59.62958625651309,12.256571878305959,<15m
yaw,2.0,scene-0103_009,Car,vehicle,27.411051387636714,18,0.8888888888888888,45.82981364080336,5.95650230762759,15-30m
yaw,2.0,scene-0103_009,Pedestrian,vru,24.1699838518807,10,0.0,51.55182345617878,2.7059728278234494,15-30m
yaw,3.0,scene-0103_009,Car,vehicle,29.10130356379929,10,0.9,72.19184837005501,11.115643364226145,15-30m
yaw,3.0,scene-0103_009,Car,vehicle,13.781873923912388,55,0.5272727272727272,89.16807839046339,12.256571878305959,<15m
yaw,3.0,scene-0103_009,Car,vehicle,27.411051387636714,18,0.6111111111111112,68.55385726120949,5.95650230762759,15-30m
yaw,3.0,scene-0103_009,Pedestrian,vru,24.1699838518807,10,0.0,76.81037689269996,2.7059728278234494,15-30m
pitch,0.25,scene-0103_009,Car,vehicle,29.10130356379929,10,1.0,5.546434478956652,11.115643364226145,15-30m
pitch,0.25,scene-0103_009,Car,vehicle,13.781873923912388,55,1.0,5.7123893629703515,12.256571878305959,<15m
pitch,0.25,scene-0103_009,Car,vehicle,27.411051387636714,18,1.0,5.5983481401786195,5.95650230762759,15-30m
pitch,0.25,scene-0103_009,Pedestrian,vru,24.1699838518807,10,1.0,5.609638711474391,2.7059728278234494,15-30m
pitch,0.5,scene-0103_009,Car,vehicle,29.10130356379929,10,1.0,11.095598072316783,11.115643364226145,15-30m
pitch,0.5,scene-0103_009,Car,vehicle,13.781873923912388,55,1.0,11.432162058607284,12.256571878305959,<15m
pitch,0.5,scene-0103_009,Car,vehicle,27.411051387636714,18,1.0,11.200614702117937,5.95650230762759,15-30m
pitch,0.5,scene-0103_009,Pedestrian,vru,24.1699838518807,10,1.0,11.222197072479148,2.7059728278234494,15-30m
pitch,1.0,scene-0103_009,Car,vehicle,29.10130356379929,10,1.0,22.203005939883795,11.115643364226145,15-30m
pitch,1.0,scene-0103_009,Car,vehicle,13.781873923912388,55,1.0,22.895437152534292,12.256571878305959,<15m
pitch,1.0,scene-0103_009,Car,vehicle,27.411051387636714,18,0.3888888888888889,22.41780630862753,5.95650230762759,15-30m
pitch,1.0,scene-0103_009,Pedestrian,vru,24.1699838518807,10,0.6,22.457022748763332,2.7059728278234494,15-30m
pitch,2.0,scene-0103_009,Car,vehicle,29.10130356379929,10,0.2,44.46042652943935,11.115643364226145,15-30m
pitch,2.0,scene-0103_009,Car,vehicle,13.781873923912388,55,0.9818181818181818,45.91205170157862,12.256571878305959,<15m
pitch,2.0,scene-0103_009,Car,vehicle,27.411051387636714,18,0.0,44.90918578873351,5.95650230762759,15-30m
pitch,2.0,scene-0103_009,Pedestrian,vru,24.1699838518807,10,0.2,44.972191393049144,2.7059728278234494,15-30m
pitch,3.0,scene-0103_009,Car,vehicle,29.10130356379929,10,0.0,66.78670751432924,11.115643364226145,15-30m
pitch,3.0,scene-0103_009,Car,vehicle,13.781873923912388,55,0.8181818181818182,69.08408695924476,12.256571878305959,<15m
pitch,3.0,scene-0103_009,Car,vehicle,27.411051387636714,18,0.0,67.48879637807197,5.95650230762759,15-30m
pitch,3.0,scene-0103_009,Pedestrian,vru,24.1699838518807,10,0.2,67.56087241681351,2.7059728278234494,15-30m
roll,0.25,scene-0103_009,Car,vehicle,29.10130356379929,10,1.0,1.491401772764624,11.115643364226145,15-30m
roll,0.25,scene-0103_009,Car,vehicle,13.781873923912388,55,1.0,3.278838115791242,12.256571878305959,<15m
roll,0.25,scene-0103_009,Car,vehicle,27.411051387636714,18,1.0,0.9742043458258157,5.95650230762759,15-30m
roll,0.25,scene-0103_009,Pedestrian,vru,24.1699838518807,10,0.9,2.226920305107762,2.7059728278234494,15-30m
roll,0.5,scene-0103_009,Car,vehicle,29.10130356379929,10,1.0,2.98269593456617,11.115643364226145,15-30m
roll,0.5,scene-0103_009,Car,vehicle,13.781873923912388,55,1.0,6.557176571873466,12.256571878305959,<15m
roll,0.5,scene-0103_009,Car,vehicle,27.411051387636714,18,1.0,1.9484418195400128,5.95650230762759,15-30m
roll,0.5,scene-0103_009,Pedestrian,vru,24.1699838518807,10,0.9,4.454037598745597,2.7059728278234494,15-30m
roll,1.0,scene-0103_009,Car,vehicle,29.10130356379929,10,1.0,5.964933508952555,11.115643364226145,15-30m
roll,1.0,scene-0103_009,Car,vehicle,13.781873923912388,55,1.0,13.112293499037762,12.256571878305959,<15m
roll,1.0,scene-0103_009,Car,vehicle,27.411051387636714,18,1.0,3.8969972234480332,5.95650230762759,15-30m
roll,1.0,scene-0103_009,Pedestrian,vru,24.1699838518807,10,1.0,8.90881925941235,2.7059728278234494,15-30m
roll,2.0,scene-0103_009,Car,vehicle,29.10130356379929,10,1.0,11.927810516857623,11.115643364226145,15-30m
roll,2.0,scene-0103_009,Car,vehicle,13.781873923912388,55,1.0,26.215861658302586,12.256571878305959,<15m
roll,2.0,scene-0103_009,Car,vehicle,27.411051387636714,18,1.0,7.794297269165483,5.95650230762759,15-30m
roll,2.0,scene-0103_009,Pedestrian,vru,24.1699838518807,10,0.6,17.82026307360553,2.7059728278234494,15-30m
roll,3.0,scene-0103_009,Car,vehicle,29.10130356379929,10,0.8,17.888185684528388,11.115643364226145,15-30m
roll,3.0,scene-0103_009,Car,vehicle,13.781873923912388,55,1.0,39.30973464440139,12.256571878305959,<15m
roll,3.0,scene-0103_009,Car,vehicle,27.411051387636714,18,1.0,11.691596836893373,5.95650230762759,15-30m
roll,3.0,scene-0103_009,Pedestrian,vru,24.1699838518807,10,0.6,26.73362649325377,2.7059728278234494,15-30m
t_fwd,0.02,scene-0103_009,Car,vehicle,29.10130356379929,10,1.0,0.24579571055621752,11.115643364226145,15-30m
t_fwd,0.02,scene-0103_009,Car,vehicle,13.781873923912388,55,1.0,1.319804098976311,12.256571878305959,<15m
t_fwd,0.02,scene-0103_009,Car,vehicle,27.411051387636714,18,1.0,0.17965403073957542,5.95650230762759,15-30m
t_fwd,0.02,scene-0103_009,Pedestrian,vru,24.1699838518807,10,0.9,0.45915637269662946,2.7059728278234494,15-30m
t_fwd,0.05,scene-0103_009,Car,vehicle,29.10130356379929,10,1.0,0.6138345676065231,11.115643364226145,15-30m
t_fwd,0.05,scene-0103_009,Car,vehicle,13.781873923912388,55,1.0,3.290771640337973,12.256571878305959,<15m
t_fwd,0.05,scene-0103_009,Car,vehicle,27.411051387636714,18,1.0,0.44859308776591944,5.95650230762759,15-30m
t_fwd,0.05,scene-0103_009,Pedestrian,vru,24.1699838518807,10,0.9,1.1463436631089652,2.7059728278234494,15-30m
t_fwd,0.1,scene-0103_009,Car,vehicle,29.10130356379929,10,1.0,1.2254929652198827,11.115643364226145,15-30m
t_fwd,0.1,scene-0103_009,Car,vehicle,13.781873923912388,55,1.0,6.5526194090423155,12.256571878305959,<15m
t_fwd,0.1,scene-0103_009,Car,vehicle,27.411051387636714,18,1.0,0.8953853473694637,5.95650230762759,15-30m
t_fwd,0.1,scene-0103_009,Pedestrian,vru,24.1699838518807,10,0.9,2.287548261227495,2.7059728278234494,15-30m
t_fwd,0.2,scene-0103_009,Car,vehicle,29.10130356379929,10,1.0,2.4423273994933226,11.115643364226145,15-30m
t_fwd,0.2,scene-0103_009,Car,vehicle,13.781873923912388,55,1.0,12.99105538049585,12.256571878305959,<15m
t_fwd,0.2,scene-0103_009,Car,vehicle,27.411051387636714,18,1.0,1.7836105847399084,5.95650230762759,15-30m
t_fwd,0.2,scene-0103_009,Pedestrian,vru,24.1699838518807,10,0.9,4.554677876422856,2.7059728278234494,15-30m
t_left,0.02,scene-0103_009,Car,vehicle,29.10130356379929,10,1.0,0.9070545256777325,11.115643364226145,15-30m
t_left,0.02,scene-0103_009,Car,vehicle,13.781873923912388,55,1.0,2.206569092309824,12.256571878305959,<15m
t_left,0.02,scene-0103_009,Car,vehicle,27.411051387636714,18,1.0,1.0114996417695838,5.95650230762759,15-30m
t_left,0.02,scene-0103_009,Pedestrian,vru,24.1699838518807,10,0.9,1.1315011574604994,2.7059728278234494,15-30m
t_left,0.05,scene-0103_009,Car,vehicle,29.10130356379929,10,1.0,2.26760782095561,11.115643364226145,15-30m
t_left,0.05,scene-0103_009,Car,vehicle,13.781873923912388,55,0.9818181818181818,5.497819810010819,12.256571878305959,<15m
t_left,0.05,scene-0103_009,Car,vehicle,27.411051387636714,18,1.0,2.5287138433757663,5.95650230762759,15-30m
t_left,0.05,scene-0103_009,Pedestrian,vru,24.1699838518807,10,0.9,2.8287088871434474,2.7059728278234494,15-30m
t_left,0.1,scene-0103_009,Car,vehicle,29.10130356379929,10,1.0,4.535120667631887,11.115643364226145,15-30m
t_left,0.1,scene-0103_009,Car,vehicle,13.781873923912388,55,0.9454545454545454,10.91791026625134,12.256571878305959,<15m
t_left,0.1,scene-0103_009,Car,vehicle,27.411051387636714,18,1.0,5.057310154294223,5.95650230762759,15-30m
t_left,0.1,scene-0103_009,Pedestrian,vru,24.1699838518807,10,0.9,5.657271092012278,2.7059728278234494,15-30m
t_left,0.2,scene-0103_009,Car,vehicle,29.10130356379929,10,1.0,9.069861462011982,11.115643364226145,15-30m
t_left,0.2,scene-0103_009,Car,vehicle,13.781873923912388,55,0.8909090909090909,21.65078563290805,12.256571878305959,<15m
t_left,0.2,scene-0103_009,Car,vehicle,27.411051387636714,18,1.0,10.114150211535023,5.95650230762759,15-30m
t_left,0.2,scene-0103_009,Pedestrian,vru,24.1699838518807,10,0.9,11.313955500562948,2.7059728278234494,15-30m
t_up,0.02,scene-0103_009,Car,vehicle,29.10130356379929,10,1.0,0.9104934362527763,11.115643364226145,15-30m
t_up,0.02,scene-0103_009,Car,vehicle,13.781873923912388,55,1.0,2.2363648474227698,12.256571878305959,<15m
t_up,0.02,scene-0103_009,Car,vehicle,27.411051387636714,18,1.0,1.0109941779889449,5.95650230762759,15-30m
t_up,0.02,scene-0103_009,Pedestrian,vru,24.1699838518807,10,0.9,1.1279577946949177,2.7059728278234494,15-30m
t_up,0.05,scene-0103_009,Car,vehicle,29.10130356379929,10,1.0,2.276098340438995,11.115643364226145,15-30m
t_up,0.05,scene-0103_009,Car,vehicle,13.781873923912388,55,1.0,5.5901008863456525,12.256571878305959,<15m
t_up,0.05,scene-0103_009,Car,vehicle,27.411051387636714,18,1.0,2.5273187863576236,5.95650230762759,15-30m
t_up,0.05,scene-0103_009,Pedestrian,vru,24.1699838518807,10,0.9,2.8196870742341194,2.7059728278234494,15-30m
t_up,0.1,scene-0103_009,Car,vehicle,29.10130356379929,10,1.0,4.551745918328477,11.115643364226145,15-30m
t_up,0.1,scene-0103_009,Car,vehicle,13.781873923912388,55,1.0,11.177498711364803,12.256571878305959,<15m
t_up,0.1,scene-0103_009,Car,vehicle,27.411051387636714,18,1.0,5.054082141671166,5.95650230762759,15-30m
t_up,0.1,scene-0103_009,Pedestrian,vru,24.1699838518807,10,0.9,5.638682909049168,2.7059728278234494,15-30m
t_up,0.2,scene-0103_009,Car,vehicle,29.10130356379929,10,1.0,9.101689321972433,11.115643364226145,15-30m
t_up,0.2,scene-0103_009,Car,vehicle,13.781873923912388,55,1.0,22.34419301593224,12.256571878305959,<15m
t_up,0.2,scene-0103_009,Car,vehicle,27.411051387636714,18,1.0,10.105943291413343,5.95650230762759,15-30m
t_up,0.2,scene-0103_009,Pedestrian,vru,24.1699838518807,10,0.9,11.274601876911381,2.7059728278234494,15-30m
none,0.0,scene-0103_010,Car,vehicle,24.914412395780545,16,1.0,0.0,13.075068593384412,15-30m
none,0.0,scene-0103_010,Car,vehicle,26.43143998148831,16,1.0,0.0,7.492830796000641,15-30m
none,0.0,scene-0103_010,Car,vehicle,23.063040457185863,24,1.0,0.0,7.5378327408382075,15-30m
none,0.0,scene-0103_010,Pedestrian,vru,20.73271105092812,17,1.0,0.0,3.4689455685216957,15-30m
yaw,0.25,scene-0103_010,Car,vehicle,24.914412395780545,16,1.0,6.063316744034969,13.075068593384412,15-30m
yaw,0.25,scene-0103_010,Car,vehicle,26.43143998148831,16,0.9375,7.60883549565688,7.492830796000641,15-30m
yaw,0.25,scene-0103_010,Car,vehicle,23.063040457185863,24,1.0,5.884295001895106,7.5378327408382075,15-30m
yaw,0.25,scene-0103_010,Pedestrian,vru,20.73271105092812,17,1.0,7.00520598824219,3.4689455685216957,15-30m
yaw,0.5,scene-0103_010,Car,vehicle,24.914412395780545,16,1.0,12.142768274633001,13.075068593384412,15-30m
yaw,0.5,scene-0103_010,Car,vehicle,26.43143998148831,16,0.9375,15.258599160759953,7.492830796000641,15-30m
yaw,0.5,scene-0103_010,Car,vehicle,23.063040457185863,24,1.0,11.756758845330546,7.5378327408382075,15-30m
yaw,0.5,scene-0103_010,Pedestrian,vru,20.73271105092812,17,0.9411764705882353,13.979228540697896,3.4689455685216957,15-30m
yaw,1.0,scene-0103_010,Car,vehicle,24.914412395780545,16,1.0,24.351289222306512,13.075068593384412,15-30m
yaw,1.0,scene-0103_010,Car,vehicle,26.43143998148831,16,0.8125,30.446143915725383,7.492830796000641,15-30m
yaw,1.0,scene-0103_010,Car,vehicle,23.063040457185863,24,1.0,23.467253102161017,7.5378327408382075,15-30m
yaw,1.0,scene-0103_010,Pedestrian,vru,20.73271105092812,17,0.8823529411764706,27.835627838507573,3.4689455685216957,15-30m
yaw,2.0,scene-0103_010,Car,vehicle,24.914412395780545,16,1.0,48.97546441161296,13.075068593384412,15-30m
yaw,2.0,scene-0103_010,Car,vehicle,26.43143998148831,16,0.5,60.497730448983916,7.492830796000641,15-30m
yaw,2.0,scene-0103_010,Car,vehicle,23.063040457185863,24,0.9166666666666666,46.75782210881896,7.5378327408382075,15-30m
yaw,2.0,scene-0103_010,Pedestrian,vru,20.73271105092812,17,0.4117647058823529,55.19481495360029,3.4689455685216957,15-30m
yaw,3.0,scene-0103_010,Car,vehicle,24.914412395780545,16,0.9375,73.8927774558261,13.075068593384412,15-30m
yaw,3.0,scene-0103_010,Car,vehicle,26.43143998148831,16,0.3125,90.78614778994725,7.492830796000641,15-30m
yaw,3.0,scene-0103_010,Car,vehicle,23.063040457185863,24,0.7916666666666666,69.88816940622931,7.5378327408382075,15-30m
yaw,3.0,scene-0103_010,Pedestrian,vru,20.73271105092812,17,0.0,82.10633279974805,3.4689455685216957,15-30m
pitch,0.25,scene-0103_010,Car,vehicle,24.914412395780545,16,1.0,5.565297342912688,13.075068593384412,15-30m
pitch,0.25,scene-0103_010,Car,vehicle,26.43143998148831,16,1.0,5.583646349811081,7.492830796000641,15-30m
pitch,0.25,scene-0103_010,Car,vehicle,23.063040457185863,24,1.0,5.617246053252453,7.5378327408382075,15-30m
pitch,0.25,scene-0103_010,Pedestrian,vru,20.73271105092812,17,1.0,5.6314862362180245,3.4689455685216957,15-30m
pitch,0.5,scene-0103_010,Car,vehicle,24.914412395780545,16,1.0,11.13340349608928,13.075068593384412,15-30m
pitch,0.5,scene-0103_010,Car,vehicle,26.43143998148831,16,1.0,11.172062453236991,7.492830796000641,15-30m
pitch,0.5,scene-0103_010,Car,vehicle,23.063040457185863,24,1.0,11.238393794708507,7.5378327408382075,15-30m
pitch,0.5,scene-0103_010,Pedestrian,vru,20.73271105092812,17,1.0,11.26586326165041,3.4689455685216957,15-30m
pitch,1.0,scene-0103_010,Car,vehicle,24.914412395780545,16,1.0,22.278954806525512,13.075068593384412,15-30m
pitch,1.0,scene-0103_010,Car,vehicle,26.43143998148831,16,1.0,22.364052514436743,7.492830796000641,15-30m
pitch,1.0,scene-0103_010,Car,vehicle,23.063040457185863,24,0.4583333333333333,22.493307613551014,7.5378327408382075,15-30m
pitch,1.0,scene-0103_010,Pedestrian,vru,20.73271105092812,17,0.7647058823529411,22.544263569830502,3.4689455685216957,15-30m
pitch,2.0,scene-0103_010,Car,vehicle,24.914412395780545,16,0.4375,44.613831379576,13.075068593384412,15-30m
pitch,2.0,scene-0103_010,Car,vehicle,26.43143998148831,16,0.125,44.815622572652046,7.492830796000641,15-30m
pitch,2.0,scene-0103_010,Car,vehicle,23.063040457185863,24,0.4583333333333333,45.06004161557247,7.5378327408382075,15-30m
pitch,2.0,scene-0103_010,Pedestrian,vru,20.73271105092812,17,0.7647058823529411,45.14649817785941,3.4689455685216957,15-30m
pitch,3.0,scene-0103_010,Car,vehicle,24.914412395780545,16,0.4375,67.01938921858931,13.075068593384412,15-30m
pitch,3.0,scene-0103_010,Car,vehicle,26.43143998148831,16,0.125,67.37092996353543,7.492830796000641,15-30m
pitch,3.0,scene-0103_010,Car,vehicle,23.063040457185863,24,0.0,67.7150225070296,7.5378327408382075,15-30m
pitch,3.0,scene-0103_010,Pedestrian,vru,20.73271105092812,17,0.47058823529411764,67.82245435146662,3.4689455685216957,15-30m
roll,0.25,scene-0103_010,Car,vehicle,24.914412395780545,16,1.0,1.6860668761635673,13.075068593384412,15-30m
roll,0.25,scene-0103_010,Car,vehicle,26.43143998148831,16,1.0,3.392268387131419,7.492830796000641,15-30m
roll,0.25,scene-0103_010,Car,vehicle,23.063040457185863,24,1.0,1.2242652310350821,7.5378327408382075,15-30m
roll,0.25,scene-0103_010,Pedestrian,vru,20.73271105092812,17,1.0,2.7549100123092516,3.4689455685216957,15-30m
roll,0.5,scene-0103_010,Car,vehicle,24.914412395780545,16,1.0,3.3720015144850786,13.075068593384412,15-30m
roll,0.5,scene-0103_010,Car,vehicle,26.43143998148831,16,1.0,6.784020318572648,7.492830796000641,15-30m
roll,0.5,scene-0103_010,Car,vehicle,23.063040457185863,24,1.0,2.448584636456437,7.5378327408382075,15-30m
roll,0.5,scene-0103_010,Pedestrian,vru,20.73271105092812,17,1.0,5.510126787078825,3.4689455685216957,15-30m
roll,1.0,scene-0103_010,Car,vehicle,24.914412395780545,16,1.0,6.743442522940995,13.075068593384412,15-30m
roll,1.0,scene-0103_010,Car,vehicle,26.43143998148831,16,1.0,13.565912380951026,7.492830796000641,15-30m
roll,1.0,scene-0103_010,Car,vehicle,23.063040457185863,24,1.0,4.897362174923651,7.5378327408382075,15-30m
roll,1.0,scene-0103_010,Pedestrian,vru,20.73271105092812,17,1.0,11.021426970186418,3.4689455685216957,15-30m
roll,2.0,scene-0103_010,Car,vehicle,24.914412395780545,16,1.0,13.484390917979136,13.075068593384412,15-30m
roll,2.0,scene-0103_010,Car,vehicle,26.43143998148831,16,1.0,27.122813589482185,7.492830796000641,15-30m
roll,2.0,scene-0103_010,Car,vehicle,23.063040457185863,24,1.0,9.795305436921556,7.5378327408382075,15-30m
roll,2.0,scene-0103_010,Pedestrian,vru,20.73271105092812,17,0.7058823529411765,22.047117439955333,3.4689455685216957,15-30m
roll,3.0,scene-0103_010,Car,vehicle,24.914412395780545,16,1.0,20.222341940663053,13.075068593384412,15-30m
roll,3.0,scene-0103_010,Car,vehicle,26.43143998148831,16,0.875,40.66971111303416,7.492830796000641,15-30m
roll,3.0,scene-0103_010,Car,vehicle,23.063040457185863,24,1.0,14.693448308066888,7.5378327408382075,15-30m
roll,3.0,scene-0103_010,Pedestrian,vru,20.73271105092812,17,0.7058823529411765,33.07620882503072,3.4689455685216957,15-30m
t_fwd,0.02,scene-0103_010,Car,vehicle,24.914412395780545,16,1.0,0.33108933913701677,13.075068593384412,15-30m
t_fwd,0.02,scene-0103_010,Car,vehicle,26.43143998148831,16,1.0,0.713470800372407,7.492830796000641,15-30m
t_fwd,0.02,scene-0103_010,Car,vehicle,23.063040457185863,24,1.0,0.2742476893882776,7.5378327408382075,15-30m
t_fwd,0.02,scene-0103_010,Pedestrian,vru,20.73271105092812,17,1.0,0.6700838148525621,3.4689455685216957,15-30m
t_fwd,0.05,scene-0103_010,Car,vehicle,24.914412395780545,16,1.0,0.826662078827276,13.075068593384412,15-30m
t_fwd,0.05,scene-0103_010,Car,vehicle,26.43143998148831,16,1.0,1.7812602924780947,7.492830796000641,15-30m
t_fwd,0.05,scene-0103_010,Car,vehicle,23.063040457185863,24,1.0,0.6846139695069022,7.5378327408382075,15-30m
t_fwd,0.05,scene-0103_010,Pedestrian,vru,20.73271105092812,17,1.0,1.6725661122738833,3.4689455685216957,15-30m
t_fwd,0.1,scene-0103_010,Car,vehicle,24.914412395780545,16,1.0,1.6497986639855,13.075068593384412,15-30m
t_fwd,0.1,scene-0103_010,Car,vehicle,26.43143998148831,16,1.0,3.554493947421891,7.492830796000641,15-30m
t_fwd,0.1,scene-0103_010,Car,vehicle,23.063040457185863,24,1.0,1.3658901620481032,7.5378327408382075,15-30m
t_fwd,0.1,scene-0103_010,Pedestrian,vru,20.73271105092812,17,1.0,3.3363577887563305,3.4689455685216957,15-30m
t_fwd,0.2,scene-0103_010,Car,vehicle,24.914412395780545,16,1.0,3.2855851841773864,13.075068593384412,15-30m
t_fwd,0.2,scene-0103_010,Car,vehicle,26.43143998148831,16,1.0,7.07709751274329,7.492830796000641,15-30m
t_fwd,0.2,scene-0103_010,Car,vehicle,23.063040457185863,24,1.0,2.718526382025959,7.5378327408382075,15-30m
t_fwd,0.2,scene-0103_010,Pedestrian,vru,20.73271105092812,17,1.0,6.637892581982307,3.4689455685216957,15-30m
t_left,0.02,scene-0103_010,Car,vehicle,24.914412395780545,16,1.0,1.0701872533240813,13.075068593384412,15-30m
t_left,0.02,scene-0103_010,Car,vehicle,26.43143998148831,16,1.0,1.1522768234818543,7.492830796000641,15-30m
t_left,0.02,scene-0103_010,Car,vehicle,23.063040457185863,24,1.0,1.2275832312300858,7.5378327408382075,15-30m
t_left,0.02,scene-0103_010,Pedestrian,vru,20.73271105092812,17,1.0,1.3579187583573096,3.4689455685216957,15-30m
t_left,0.05,scene-0103_010,Car,vehicle,24.914412395780545,16,1.0,2.6754336019408775,13.075068593384412,15-30m
t_left,0.05,scene-0103_010,Car,vehicle,26.43143998148831,16,1.0,2.8806519016702516,7.492830796000641,15-30m
t_left,0.05,scene-0103_010,Car,vehicle,23.063040457185863,24,1.0,3.0689128827968495,7.5378327408382075,15-30m
t_left,0.05,scene-0103_010,Pedestrian,vru,20.73271105092812,17,1.0,3.394741731211036,3.4689455685216957,15-30m
t_left,0.1,scene-0103_010,Car,vehicle,24.914412395780545,16,1.0,5.350752103279431,13.075068593384412,15-30m
t_left,0.1,scene-0103_010,Car,vehicle,26.43143998148831,16,1.0,5.761169951535144,7.492830796000641,15-30m
t_left,0.1,scene-0103_010,Car,vehicle,23.063040457185863,24,1.0,6.137675120581948,7.5378327408382075,15-30m
t_left,0.1,scene-0103_010,Pedestrian,vru,20.73271105092812,17,1.0,6.789299588116202,3.4689455685216957,15-30m
t_left,0.2,scene-0103_010,Car,vehicle,24.914412395780545,16,1.0,10.701043833858948,13.075068593384412,15-30m
t_left,0.2,scene-0103_010,Car,vehicle,26.43143998148831,16,0.9375,11.5166610955264,7.492830796000641,15-30m
t_left,0.2,scene-0103_010,Car,vehicle,23.063040457185863,24,1.0,12.274747705482742,7.5378327408382075,15-30m
t_left,0.2,scene-0103_010,Pedestrian,vru,20.73271105092812,17,0.9411764705882353,13.57786373876321,3.4689455685216957,15-30m
t_up,0.02,scene-0103_010,Car,vehicle,24.914412395780545,16,1.0,1.0736446944084541,13.075068593384412,15-30m
t_up,0.02,scene-0103_010,Car,vehicle,26.43143998148831,16,1.0,1.1616603539028771,7.492830796000641,15-30m
t_up,0.02,scene-0103_010,Car,vehicle,23.063040457185863,24,1.0,1.2256070991409826,7.5378327408382075,15-30m
t_up,0.02,scene-0103_010,Pedestrian,vru,20.73271105092812,17,1.0,1.351896953028471,3.4689455685216957,15-30m
t_up,0.05,scene-0103_010,Car,vehicle,24.914412395780545,16,1.0,2.683928135477077,13.075068593384412,15-30m
t_up,0.05,scene-0103_010,Car,vehicle,26.43143998148831,16,1.0,2.9039363290344635,7.492830796000641,15-30m
t_up,0.05,scene-0103_010,Car,vehicle,23.063040457185863,24,1.0,3.063778610620638,7.5378327408382075,15-30m
t_up,0.05,scene-0103_010,Pedestrian,vru,20.73271105092812,17,1.0,3.3794514826309014,3.4689455685216957,15-30m
t_up,0.1,scene-0103_010,Car,vehicle,24.914412395780545,16,1.0,5.367244380761537,13.075068593384412,15-30m
t_up,0.1,scene-0103_010,Car,vehicle,26.43143998148831,16,1.0,5.807157613208918,7.492830796000641,15-30m
t_up,0.1,scene-0103_010,Car,vehicle,23.063040457185863,24,1.0,6.126760263015038,7.5378327408382075,15-30m
t_up,0.1,scene-0103_010,Pedestrian,vru,20.73271105092812,17,1.0,6.757933521324388,3.4689455685216957,15-30m
t_up,0.2,scene-0103_010,Car,vehicle,24.914412395780545,16,1.0,10.73204203756569,13.075068593384412,15-30m
t_up,0.2,scene-0103_010,Car,vehicle,26.43143998148831,16,1.0,11.61145610312376,7.492830796000641,15-30m
t_up,0.2,scene-0103_010,Car,vehicle,23.063040457185863,24,1.0,12.250333936643742,7.5378327408382075,15-30m
t_up,0.2,scene-0103_010,Pedestrian,vru,20.73271105092812,17,0.8235294117647058,13.511990935013552,3.4689455685216957,15-30m
none,0.0,scene-0103_011,Car,vehicle,21.173288030986104,19,1.0,0.0,15.916766105390158,15-30m
none,0.0,scene-0103_011,Car,vehicle,19.256817985516296,32,1.0,0.0,9.757088866707761,15-30m
none,0.0,scene-0103_011,Pedestrian,vru,17.83139341122728,16,0.875,0.0,2.9620155694238663,15-30m
yaw,0.25,scene-0103_011,Car,vehicle,21.173288030986104,19,1.0,6.155456293343683,15.916766105390158,15-30m
yaw,0.25,scene-0103_011,Car,vehicle,19.256817985516296,32,1.0,6.060874186464588,9.757088866707761,15-30m
yaw,0.25,scene-0103_011,Pedestrian,vru,17.83139341122728,16,0.9375,7.5950097410305055,2.9620155694238663,15-30m
yaw,0.5,scene-0103_011,Car,vehicle,21.173288030986104,19,1.0,12.328205718891345,15.916766105390158,15-30m
yaw,0.5,scene-0103_011,Car,vehicle,19.256817985516296,32,1.0,12.107015562702,9.757088866707761,15-30m
yaw,0.5,scene-0103_011,Pedestrian,vru,17.83139341122728,16,0.875,15.150317452008776,2.9620155694238663,15-30m
yaw,1.0,scene-0103_011,Car,vehicle,21.173288030986104,19,1.0,24.726855285564007,15.916766105390158,15-30m
yaw,1.0,scene-0103_011,Car,vehicle,19.256817985516296,32,1.0,24.156267981456665,9.757088866707761,15-30m
yaw,1.0,scene-0103_011,Pedestrian,vru,17.83139341122728,16,0.625,30.144240369706026,2.9620155694238663,15-30m
yaw,2.0,scene-0103_011,Car,vehicle,21.173288030986104,19,1.0,49.745839223324,15.916766105390158,15-30m
yaw,2.0,scene-0103_011,Car,vehicle,19.256817985516296,32,0.9375,48.090689924220705,9.757088866707761,15-30m
yaw,2.0,scene-0103_011,Pedestrian,vru,17.83139341122728,16,0.1875,59.681702415456954,2.9620155694238663,15-30m
yaw,3.0,scene-0103_011,Car,vehicle,21.173288030986104,19,1.0,75.07820642503486,15.916766105390158,15-30m
yaw,3.0,scene-0103_011,Car,vehicle,19.256817985516296,32,0.75,71.82130414103077,9.757088866707761,15-30m
yaw,3.0,scene-0103_011,Pedestrian,vru,17.83139341122728,16,0.0,88.64860025810984,2.9620155694238663,15-30m
pitch,0.25,scene-0103_011,Car,vehicle,21.173288030986104,19,1.0,5.597480430979465,15.916766105390158,15-30m
pitch,0.25,scene-0103_011,Car,vehicle,19.256817985516296,32,1.0,5.656932406620037,9.757088866707761,15-30m
pitch,0.25,scene-0103_011,Pedestrian,vru,17.83139341122728,16,0.875,5.676897294815902,2.9620155694238663,15-30m
pitch,0.5,scene-0103_011,Car,vehicle,21.173288030986104,19,1.0,11.197666447046752,15.916766105390158,15-30m
pitch,0.5,scene-0103_011,Car,vehicle,19.256817985516296,32,1.0,11.316578995921159,9.757088866707761,15-30m
pitch,0.5,scene-0103_011,Pedestrian,vru,17.83139341122728,16,0.875,11.35521428633777,2.9620155694238663,15-30m
pitch,1.0,scene-0103_011,Car,vehicle,21.173288030986104,19,1.0,22.407066735393236,15.916766105390158,15-30m
pitch,1.0,scene-0103_011,Car,vehicle,19.256817985516296,32,0.90625,22.644958193271712,9.757088866707761,15-30m
pitch,1.0,scene-0103_011,Pedestrian,vru,17.83139341122728,16,0.6875,22.716674920604415,2.9620155694238663,15-30m
pitch,2.0,scene-0103_011,Car,vehicle,21.173288030986104,19,1.0,44.868789344162195,15.916766105390158,15-30m
pitch,2.0,scene-0103_011,Car,vehicle,19.256817985516296,32,0.53125,45.34469536139194,9.757088866707761,15-30m
pitch,2.0,scene-0103_011,Pedestrian,vru,17.83139341122728,16,0.6875,45.469397547458286,2.9620155694238663,15-30m
pitch,3.0,scene-0103_011,Car,vehicle,21.173288030986104,19,0.15789473684210525,67.40161136204983,15.916766105390158,15-30m
pitch,3.0,scene-0103_011,Car,vehicle,19.256817985516296,32,0.0625,68.11446840083755,9.757088866707761,15-30m
pitch,3.0,scene-0103_011,Pedestrian,vru,17.83139341122728,16,0.4375,68.2733970134656,2.9620155694238663,15-30m
roll,0.25,scene-0103_011,Car,vehicle,21.173288030986104,19,1.0,1.773840582057424,15.916766105390158,15-30m
roll,0.25,scene-0103_011,Car,vehicle,19.256817985516296,32,1.0,1.4775588624845735,9.757088866707761,15-30m
roll,0.25,scene-0103_011,Pedestrian,vru,17.83139341122728,16,0.8125,3.228893170659795,2.9620155694238663,15-30m
roll,0.5,scene-0103_011,Car,vehicle,21.173288030986104,19,1.0,3.5475311225154105,15.916766105390158,15-30m
roll,0.5,scene-0103_011,Car,vehicle,19.256817985516296,32,1.0,2.955202067677405,9.757088866707761,15-30m
roll,0.5,scene-0103_011,Pedestrian,vru,17.83139341122728,16,0.875,6.458221846384685,2.9620155694238663,15-30m
roll,1.0,scene-0103_011,Car,vehicle,21.173288030986104,19,1.0,7.094428992138096,15.916766105390158,15-30m
roll,1.0,scene-0103_011,Car,vehicle,19.256817985516296,32,1.0,5.910712728006811,9.757088866707761,15-30m
roll,1.0,scene-0103_011,Pedestrian,vru,17.83139341122728,16,0.875,12.91812236131395,2.9620155694238663,15-30m
roll,2.0,scene-0103_011,Car,vehicle,21.173288030986104,19,1.0,14.186060659573354,15.916766105390158,15-30m
roll,2.0,scene-0103_011,Car,vehicle,19.256817985516296,32,1.0,11.822429360588512,9.757088866707761,15-30m
roll,2.0,scene-0103_011,Pedestrian,vru,17.83139341122728,16,0.5625,25.490126998283987,2.9620155694238663,15-30m
roll,3.0,scene-0103_011,Car,vehicle,21.173288030986104,19,1.0,21.274367468622152,15.916766105390158,15-30m
roll,3.0,scene-0103_011,Car,vehicle,19.256817985516296,32,1.0,17.734688292580152,9.757088866707761,15-30m
roll,3.0,scene-0103_011,Pedestrian,vru,17.83139341122728,16,0.5625,38.24328973448881,2.9620155694238663,15-30m
t_fwd,0.02,scene-0103_011,Car,vehicle,21.173288030986104,19,1.0,0.4151159352647658,15.916766105390158,15-30m
t_fwd,0.02,scene-0103_011,Car,vehicle,19.256817985516296,32,1.0,0.41004985175372966,9.757088866707761,15-30m
t_fwd,0.02,scene-0103_011,Pedestrian,vru,17.83139341122728,16,0.9375,0.9685403255665574,2.9620155694238663,15-30m
t_fwd,0.05,scene-0103_011,Car,vehicle,21.173288030986104,19,1.0,1.0362015325116452,15.916766105390158,15-30m
t_fwd,0.05,scene-0103_011,Car,vehicle,19.256817985516296,32,1.0,1.023266747458234,9.757088866707761,15-30m
t_fwd,0.05,scene-0103_011,Pedestrian,vru,17.83139341122728,16,0.9375,2.416668098127893,2.9620155694238663,15-30m
t_fwd,0.1,scene-0103_011,Car,vehicle,21.173288030986104,19,1.0,2.0671302654639785,15.916766105390158,15-30m
t_fwd,0.1,scene-0103_011,Car,vehicle,19.256817985516296,32,1.0,2.0403703953925207,9.757088866707761,15-30m
t_fwd,0.1,scene-0103_011,Pedestrian,vru,17.83139341122728,16,0.9375,4.8178073959070025,2.9620155694238663,15-30m
t_fwd,0.2,scene-0103_011,Car,vehicle,21.173288030986104,19,1.0,4.113329504177233,15.916766105390158,15-30m
t_fwd,0.2,scene-0103_011,Car,vehicle,19.256817985516296,32,1.0,4.056309782568268,9.757088866707761,15-30m
t_fwd,0.2,scene-0103_011,Pedestrian,vru,17.83139341122728,16,0.9375,9.57409456310167,2.9620155694238663,15-30m
t_left,0.02,scene-0103_011,Car,vehicle,21.173288030986104,19,1.0,1.2737133207653442,15.916766105390158,15-30m
t_left,0.02,scene-0103_011,Car,vehicle,19.256817985516296,32,1.0,1.5185476866211953,9.757088866707761,15-30m
t_left,0.02,scene-0103_011,Pedestrian,vru,17.83139341122728,16,0.9375,1.6491221537648961,2.9620155694238663,15-30m
t_left,0.05,scene-0103_011,Car,vehicle,21.173288030986104,19,1.0,3.1842325718806297,15.916766105390158,15-30m
t_left,0.05,scene-0103_011,Car,vehicle,19.256817985516296,32,1.0,3.796297546836649,9.757088866707761,15-30m
t_left,0.05,scene-0103_011,Pedestrian,vru,17.83139341122728,16,0.9375,4.122721116937343,2.9620155694238663,15-30m
t_left,0.1,scene-0103_011,Car,vehicle,21.173288030986104,19,1.0,6.368296050835299,15.916766105390158,15-30m
t_left,0.1,scene-0103_011,Car,vehicle,19.256817985516296,32,1.0,7.592356206645287,9.757088866707761,15-30m
t_left,0.1,scene-0103_011,Pedestrian,vru,17.83139341122728,16,0.9375,8.245161357600841,2.9620155694238663,15-30m
t_left,0.2,scene-0103_011,Car,vehicle,21.173288030986104,19,1.0,12.735915783840442,15.916766105390158,15-30m
t_left,0.2,scene-0103_011,Car,vehicle,19.256817985516296,32,1.0,15.183756955366592,9.757088866707761,15-30m
t_left,0.2,scene-0103_011,Pedestrian,vru,17.83139341122728,16,0.8125,16.489199324914637,2.9620155694238663,15-30m
t_up,0.02,scene-0103_011,Car,vehicle,21.173288030986104,19,1.0,1.2786238868742936,15.916766105390158,15-30m
t_up,0.02,scene-0103_011,Car,vehicle,19.256817985516296,32,1.0,1.5147357622558366,9.757088866707761,15-30m
t_up,0.02,scene-0103_011,Pedestrian,vru,17.83139341122728,16,0.875,1.6393333123466975,2.9620155694238663,15-30m
t_up,0.05,scene-0103_011,Car,vehicle,21.173288030986104,19,1.0,3.1962912392396716,15.916766105390158,15-30m
t_up,0.05,scene-0103_011,Car,vehicle,19.256817985516296,32,1.0,3.7864625553791633,9.757088866707761,15-30m
t_up,0.05,scene-0103_011,Pedestrian,vru,17.83139341122728,16,0.9375,4.097891676840375,2.9620155694238663,15-30m
t_up,0.1,scene-0103_011,Car,vehicle,21.173288030986104,19,1.0,6.391687752403225,15.916766105390158,15-30m
t_up,0.1,scene-0103_011,Car,vehicle,19.256817985516296,32,1.0,7.571669276524149,9.757088866707761,15-30m
t_up,0.1,scene-0103_011,Pedestrian,vru,17.83139341122728,16,0.9375,8.194311763150463,2.9620155694238663,15-30m
t_up,0.2,scene-0103_011,Car,vehicle,21.173288030986104,19,1.0,12.779798102826408,15.916766105390158,15-30m
t_up,0.2,scene-0103_011,Car,vehicle,19.256817985516296,32,1.0,15.13831771437496,9.757088866707761,15-30m
t_up,0.2,scene-0103_011,Pedestrian,vru,17.83139341122728,16,0.9375,16.38274033381301,2.9620155694238663,15-30m
none,0.0,scene-0103_012,Car,vehicle,18.133256468431657,38,1.0,0.0,19.38789511681376,15-30m
none,0.0,scene-0103_012,Car,vehicle,16.091686428345366,59,1.0,0.0,12.793933661671515,15-30m
none,0.0,scene-0103_012,Car,vehicle,27.03749261788637,12,1.0,0.0,5.7891645094699715,15-30m
yaw,0.25,scene-0103_012,Car,vehicle,18.133256468431657,38,1.0,6.420015625332928,19.38789511681376,15-30m
yaw,0.25,scene-0103_012,Car,vehicle,16.091686428345366,59,1.0,6.190187120191387,12.793933661671515,15-30m
yaw,0.25,scene-0103_012,Car,vehicle,27.03749261788637,12,1.0,5.695241350615606,5.7891645094699715,15-30m
yaw,0.5,scene-0103_012,Car,vehicle,18.133256468431657,38,1.0,12.861396116548638,19.38789511681376,15-30m
yaw,0.5,scene-0103_012,Car,vehicle,16.091686428345366,59,1.0,12.364043986758592,12.793933661671515,15-30m
yaw,0.5,scene-0103_012,Car,vehicle,27.03749261788637,12,1.0,11.397498299228115,5.7891645094699715,15-30m
yaw,1.0,scene-0103_012,Car,vehicle,18.133256468431657,38,1.0,25.8097131101158,19.38789511681376,15-30m
yaw,1.0,scene-0103_012,Car,vehicle,16.091686428345366,59,0.9830508474576272,24.66401167518142,12.793933661671515,15-30m
yaw,1.0,scene-0103_012,Car,vehicle,27.03749261788637,12,0.8333333333333334,22.824009704226523,5.7891645094699715,15-30m
yaw,2.0,scene-0103_012,Car,vehicle,18.133256468431657,38,1.0,51.97904014389451,19.38789511681376,15-30m
yaw,2.0,scene-0103_012,Car,vehicle,16.091686428345366,59,0.8983050847457628,49.08151803334641,12.793933661671515,15-30m
yaw,2.0,scene-0103_012,Car,vehicle,27.03749261788637,12,0.75,45.771745381702715,5.7891645094699715,15-30m
yaw,3.0,scene-0103_012,Car,vehicle,18.133256468431657,38,0.9736842105263158,78.53255850249774,19.38789511681376,15-30m
yaw,3.0,scene-0103_012,Car,vehicle,16.091686428345366,59,0.8135593220338984,73.27169031251772,12.793933661671515,15-30m
yaw,3.0,scene-0103_012,Car,vehicle,27.03749261788637,12,0.5,68.85876263127548,5.7891645094699715,15-30m
pitch,0.25,scene-0103_012,Car,vehicle,18.133256468431657,38,1.0,5.651794490497547,19.38789511681376,15-30m
pitch,0.25,scene-0103_012,Car,vehicle,16.091686428345366,59,1.0,5.732361791161274,12.793933661671515,15-30m
pitch,0.25,scene-0103_012,Car,vehicle,27.03749261788637,12,1.0,5.588468464825306,5.7891645094699715,15-30m
pitch,0.5,scene-0103_012,Car,vehicle,18.133256468431657,38,1.0,11.307961628493299,19.38789511681376,15-30m
pitch,0.5,scene-0103_012,Car,vehicle,16.091686428345366,59,1.0,11.468785978390525,12.793933661671515,15-30m
pitch,0.5,scene-0103_012,Car,vehicle,27.03749261788637,12,1.0,11.17963496452742,5.7891645094699715,15-30m
pitch,1.0,scene-0103_012,Car,vehicle,18.133256468431657,38,1.0,22.634653931818878,19.38789511681376,15-30m
pitch,1.0,scene-0103_012,Car,vehicle,16.091686428345366,59,1.0,22.954905348456553,12.793933661671515,15-30m
pitch,1.0,scene-0103_012,Car,vehicle,27.03749261788637,12,0.16666666666666666,22.370956349383757,5.7891645094699715,15-30m
pitch,2.0,scene-0103_012,Car,vehicle,18.133256468431657,38,0.34210526315789475,45.35062830626153,19.38789511681376,15-30m
pitch,2.0,scene-0103_012,Car,vehicle,16.091686428345366,59,0.6440677966101694,45.99579568066278,12.793933661671515,15-30m
pitch,2.0,scene-0103_012,Car,vehicle,27.03749261788637,12,0.16666666666666666,44.79584151153465,5.7891645094699715,15-30m
pitch,3.0,scene-0103_012,Car,vehicle,18.133256468431657,38,0.34210526315789475,68.16088616746734,19.38789511681376,15-30m
pitch,3.0,scene-0103_012,Car,vehicle,16.091686428345366,59,0.22033898305084745,69.12600047716079,12.793933661671515,15-30m
pitch,3.0,scene-0103_012,Car,vehicle,27.03749261788637,12,0.0,67.28911698582897,5.7891645094699715,15-30m
roll,0.25,scene-0103_012,Car,vehicle,18.133256468431657,38,1.0,2.093620011044079,19.38789511681376,15-30m
roll,0.25,scene-0103_012,Car,vehicle,16.091686428345366,59,1.0,1.638173766143228,12.793933661671515,15-30m
roll,0.25,scene-0103_012,Car,vehicle,27.03749261788637,12,1.0,0.7999242198297978,5.7891645094699715,15-30m
roll,0.5,scene-0103_012,Car,vehicle,18.133256468431657,38,1.0,4.187034023034683,19.38789511681376,15-30m
roll,0.5,scene-0103_012,Car,vehicle,16.091686428345366,59,1.0,3.276450402440995,12.793933661671515,15-30m
roll,0.5,scene-0103_012,Car,vehicle,27.03749261788637,12,1.0,1.5998152124211429,5.7891645094699715,15-30m
roll,1.0,scene-0103_012,Car,vehicle,18.133256468431657,38,1.0,8.373204893027886,19.38789511681376,15-30m
roll,1.0,scene-0103_012,Car,vehicle,16.091686428345366,59,1.0,6.553280228851302,12.793933661671515,15-30m
roll,1.0,scene-0103_012,Car,vehicle,27.03749261788637,12,1.0,3.1994823756882607,5.7891645094699715,15-30m
roll,2.0,scene-0103_012,Car,vehicle,18.133256468431657,38,1.0,16.74264444366638,19.38789511681376,15-30m
roll,2.0,scene-0103_012,Car,vehicle,16.091686428345366,59,1.0,13.107821407665321,12.793933661671515,15-30m
roll,2.0,scene-0103_012,Car,vehicle,27.03749261788637,12,1.0,6.398251514206787,5.7891645094699715,15-30m
roll,3.0,scene-0103_012,Car,vehicle,18.133256468431657,38,0.868421052631579,25.107694701778627,19.38789511681376,15-30m
roll,3.0,scene-0103_012,Car,vehicle,16.091686428345366,59,1.0,19.66310922466197,12.793933661671515,15-30m
roll,3.0,scene-0103_012,Car,vehicle,27.03749261788637,12,1.0,9.596065571894886,5.7891645094699715,15-30m
t_fwd,0.02,scene-0103_012,Car,vehicle,18.133256468431657,38,1.0,0.5802611692897974,19.38789511681376,15-30m
t_fwd,0.02,scene-0103_012,Car,vehicle,16.091686428345366,59,1.0,0.5300136881860482,12.793933661671515,15-30m
t_fwd,0.02,scene-0103_012,Car,vehicle,27.03749261788637,12,1.0,0.1483255883972828,5.7891645094699715,15-30m
t_fwd,0.05,scene-0103_012,Car,vehicle,18.133256468431657,38,1.0,1.4481019484992679,19.38789511681376,15-30m
t_fwd,0.05,scene-0103_012,Car,vehicle,16.091686428345366,59,1.0,1.322094306525837,12.793933661671515,15-30m
t_fwd,0.05,scene-0103_012,Car,vehicle,27.03749261788637,12,1.0,0.3703649364750218,5.7891645094699715,15-30m
t_fwd,0.1,scene-0103_012,Car,vehicle,18.133256468431657,38,1.0,2.887740461273727,19.38789511681376,15-30m
t_fwd,0.1,scene-0103_012,Car,vehicle,16.091686428345366,59,1.0,2.634446667824707,12.793933661671515,15-30m
t_fwd,0.1,scene-0103_012,Car,vehicle,27.03749261788637,12,1.0,0.7392379148746768,5.7891645094699715,15-30m
t_fwd,0.2,scene-0103_012,Car,vehicle,18.133256468431657,38,1.0,5.741922648174489,19.38789511681376,15-30m
t_fwd,0.2,scene-0103_012,Car,vehicle,16.091686428345366,59,1.0,5.230353109539053,12.793933661671515,15-30m
t_fwd,0.2,scene-0103_012,Car,vehicle,27.03749261788637,12,1.0,1.47254391356233,5.7891645094699715,15-30m
t_left,0.02,scene-0103_012,Car,vehicle,18.133256468431657,38,1.0,1.517949491852458,19.38789511681376,15-30m
t_left,0.02,scene-0103_012,Car,vehicle,16.091686428345366,59,1.0,1.8678144910468673,12.793933661671515,15-30m
t_left,0.02,scene-0103_012,Car,vehicle,27.03749261788637,12,1.0,1.0099131336874296,5.7891645094699715,15-30m
t_left,0.05,scene-0103_012,Car,vehicle,18.133256468431657,38,1.0,3.7947998273728114,19.38789511681376,15-30m
t_left,0.05,scene-0103_012,Car,vehicle,16.091686428345366,59,1.0,4.669425223216416,12.793933661671515,15-30m
t_left,0.05,scene-0103_012,Car,vehicle,27.03749261788637,12,1.0,2.5247501915457438,5.7891645094699715,15-30m
t_left,0.1,scene-0103_012,Car,vehicle,18.133256468431657,38,1.0,7.5893533266769,19.38789511681376,15-30m
t_left,0.1,scene-0103_012,Car,vehicle,16.091686428345366,59,1.0,9.3384804552204,12.793933661671515,15-30m
t_left,0.1,scene-0103_012,Car,vehicle,27.03749261788637,12,1.0,5.049391577932964,5.7891645094699715,15-30m
t_left,0.2,scene-0103_012,Car,vehicle,18.133256468431657,38,1.0,15.177721437010815,19.38789511681376,15-30m
t_left,0.2,scene-0103_012,Car,vehicle,16.091686428345366,59,1.0,18.675481121480107,12.793933661671515,15-30m
t_left,0.2,scene-0103_012,Car,vehicle,27.03749261788637,12,1.0,10.098347963364798,5.7891645094699715,15-30m
t_up,0.02,scene-0103_012,Car,vehicle,18.133256468431657,38,1.0,1.5268143849556037,19.38789511681376,15-30m
t_up,0.02,scene-0103_012,Car,vehicle,16.091686428345366,59,1.0,1.863327082403753,12.793933661671515,15-30m
t_up,0.02,scene-0103_012,Car,vehicle,27.03749261788637,12,1.0,1.0124344664114315,5.7891645094699715,15-30m
t_up,0.05,scene-0103_012,Car,vehicle,18.133256468431657,38,1.0,3.8166572545198796,19.38789511681376,15-30m
t_up,0.05,scene-0103_012,Car,vehicle,16.091686428345366,59,1.0,4.657753583686684,12.793933661671515,15-30m
t_up,0.05,scene-0103_012,Car,vehicle,27.03749261788637,12,1.0,2.5309194390660448,5.7891645094699715,15-30m
t_up,0.1,scene-0103_012,Car,vehicle,18.133256468431657,38,1.0,7.632052483407912,19.38789511681376,15-30m
t_up,0.1,scene-0103_012,Car,vehicle,16.091686428345366,59,1.0,9.313627366754544,12.793933661671515,15-30m
t_up,0.1,scene-0103_012,Car,vehicle,27.03749261788637,12,1.0,5.0612832192024655,5.7891645094699715,15-30m
t_up,0.2,scene-0103_012,Car,vehicle,18.133256468431657,38,1.0,15.25905936728915,19.38789511681376,15-30m
t_up,0.2,scene-0103_012,Car,vehicle,16.091686428345366,59,1.0,18.619740081156092,12.793933661671515,15-30m
t_up,0.2,scene-0103_012,Car,vehicle,27.03749261788637,12,1.0,10.120344534489766,5.7891645094699715,15-30m
none,0.0,scene-0103_013,Car,vehicle,16.226241206626153,74,1.0,0.0,22.41354695513577,15-30m
none,0.0,scene-0103_013,Car,vehicle,14.09524208962847,88,1.0,0.0,15.808830676428123,<15m
none,0.0,scene-0103_013,Car,vehicle,24.95029296234554,16,1.0,0.0,6.458402266421897,15-30m
yaw,0.25,scene-0103_013,Car,vehicle,16.226241206626153,74,1.0,6.629850178847329,22.41354695513577,15-30m
yaw,0.25,scene-0103_013,Car,vehicle,14.09524208962847,88,1.0,6.51541790729649,15.808830676428123,<15m
yaw,0.25,scene-0103_013,Car,vehicle,24.95029296234554,16,1.0,5.746079165210822,6.458402266421897,15-30m
yaw,0.5,scene-0103_013,Car,vehicle,16.226241206626153,74,1.0,13.284214260908422,22.41354695513577,15-30m
yaw,0.5,scene-0103_013,Car,vehicle,14.09524208962847,88,1.0,13.009462197042426,15.808830676428123,<15m
yaw,0.5,scene-0103_013,Car,vehicle,24.95029296234554,16,1.0,11.500496436548094,6.458402266421897,15-30m
yaw,1.0,scene-0103_013,Car,vehicle,16.226241206626153,74,1.0,26.668105698633333,22.41354695513577,15-30m
yaw,1.0,scene-0103_013,Car,vehicle,14.09524208962847,88,1.0,25.934898635932214,15.808830676428123,<15m
yaw,1.0,scene-0103_013,Car,vehicle,24.95029296234554,16,0.9375,23.03532791317418,6.458402266421897,15-30m
yaw,2.0,scene-0103_013,Car,vehicle,16.226241206626153,74,0.9864864864864865,53.74817935346992,22.41354695513577,15-30m
yaw,2.0,scene-0103_013,Car,vehicle,14.09524208962847,88,0.9545454545454546,51.54522174987858,15.808830676428123,<15m
yaw,2.0,scene-0103_013,Car,vehicle,24.95029296234554,16,0.75,46.21593796117243,6.458402266421897,15-30m
yaw,3.0,scene-0103_013,Car,vehicle,16.226241206626153,74,0.9594594594594594,81.17512338826994,22.41354695513577,15-30m
yaw,3.0,scene-0103_013,Car,vehicle,14.09524208962847,88,0.8863636363636364,76.85341945535518,15.808830676428123,<15m
yaw,3.0,scene-0103_013,Car,vehicle,24.95029296234554,16,0.5,69.55796136786728,6.458402266421897,15-30m
pitch,0.25,scene-0103_013,Car,vehicle,16.226241206626153,74,1.0,5.6905560961177635,22.41354695513577,15-30m
pitch,0.25,scene-0103_013,Car,vehicle,14.09524208962847,88,1.0,5.800184839224176,15.808830676428123,<15m
pitch,0.25,scene-0103_013,Car,vehicle,24.95029296234554,16,1.0,5.605953632212183,6.458402266421897,15-30m
pitch,0.5,scene-0103_013,Car,vehicle,16.226241206626153,74,1.0,11.38542281067237,22.41354695513577,15-30m
pitch,0.5,scene-0103_013,Car,vehicle,14.09524208962847,88,1.0,11.605276051068326,15.808830676428123,<15m
pitch,0.5,scene-0103_013,Car,vehicle,24.95029296234554,16,1.0,11.214605072984419,6.458402266421897,15-30m
pitch,1.0,scene-0103_013,Car,vehicle,16.226241206626153,74,1.0,22.789089523684623,22.41354695513577,15-30m
pitch,1.0,scene-0103_013,Car,vehicle,14.09524208962847,88,1.0,23.231209855557523,15.808830676428123,<15m
pitch,1.0,scene-0103_013,Car,vehicle,24.95029296234554,16,1.0,22.44090624180841,6.458402266421897,15-30m
pitch,2.0,scene-0103_013,Car,vehicle,16.226241206626153,74,0.6081081081081081,45.65921178581608,22.41354695513577,15-30m
pitch,2.0,scene-0103_013,Car,vehicle,14.09524208962847,88,0.7386363636363636,46.55381227957097,15.808830676428123,<15m
pitch,2.0,scene-0103_013,Car,vehicle,24.95029296234554,16,0.125,44.935864931944565,6.458402266421897,15-30m
pitch,3.0,scene-0103_013,Car,vehicle,16.226241206626153,74,0.24324324324324326,68.62662662292095,22.41354695513577,15-30m
pitch,3.0,scene-0103_013,Car,vehicle,14.09524208962847,88,0.4090909090909091,69.99696257674525,15.808830676428123,<15m
pitch,3.0,scene-0103_013,Car,vehicle,24.95029296234554,16,0.0,67.49950847165476,6.458402266421897,15-30m
roll,0.25,scene-0103_013,Car,vehicle,16.226241206626153,74,1.0,2.3139473882143067,22.41354695513577,15-30m
roll,0.25,scene-0103_013,Car,vehicle,14.09524208962847,88,1.0,2.014441218278866,15.808830676428123,<15m
roll,0.25,scene-0103_013,Car,vehicle,24.95029296234554,16,1.0,0.9389388408222306,6.458402266421897,15-30m
roll,0.5,scene-0103_013,Car,vehicle,16.226241206626153,74,1.0,4.627644846943639,22.41354695513577,15-30m
roll,0.5,scene-0103_013,Car,vehicle,14.09524208962847,88,1.0,4.029040635064457,15.808830676428123,<15m
roll,0.5,scene-0103_013,Car,vehicle,24.95029296234554,16,1.0,1.8778328686776344,6.458402266421897,15-30m
roll,1.0,scene-0103_013,Car,vehicle,16.226241206626153,74,1.0,9.254247102589954,22.41354695513577,15-30m
roll,1.0,scene-0103_013,Car,vehicle,14.09524208962847,88,1.0,8.058674361701893,15.808830676428123,<15m
roll,1.0,scene-0103_013,Car,vehicle,24.95029296234554,16,1.0,3.75546875988286,6.458402266421897,15-30m
roll,2.0,scene-0103_013,Car,vehicle,16.226241206626153,74,1.0,18.50398148755132,22.41354695513577,15-30m
roll,2.0,scene-0103_013,Car,vehicle,14.09524208962847,88,1.0,16.119403022414318,15.808830676428123,<15m
roll,2.0,scene-0103_013,Car,vehicle,24.95029296234554,16,1.0,7.51000791538653,6.458402266421897,15-30m
roll,3.0,scene-0103_013,Car,vehicle,16.226241206626153,74,0.972972972972973,27.74852027394292,22.41354695513577,15-30m
roll,3.0,scene-0103_013,Car,vehicle,14.09524208962847,88,1.0,24.181548589673028,15.808830676428123,<15m
roll,3.0,scene-0103_013,Car,vehicle,24.95029296234554,16,1.0,11.263334399479833,6.458402266421897,15-30m
t_fwd,0.02,scene-0103_013,Car,vehicle,16.226241206626153,74,1.0,0.7353904322484852,22.41354695513577,15-30m
t_fwd,0.02,scene-0103_013,Car,vehicle,14.09524208962847,88,1.0,0.8104820838068982,15.808830676428123,<15m
t_fwd,0.02,scene-0103_013,Car,vehicle,24.95029296234554,16,1.0,0.18340867999933316,6.458402266421897,15-30m
t_fwd,0.05,scene-0103_013,Car,vehicle,16.226241206626153,74,1.0,1.8346525105482605,22.41354695513577,15-30m
t_fwd,0.05,scene-0103_013,Car,vehicle,14.09524208962847,88,1.0,2.0207922388319064,15.808830676428123,<15m
t_fwd,0.05,scene-0103_013,Car,vehicle,24.95029296234554,16,1.0,0.4579148532981321,6.458402266421897,15-30m
t_fwd,0.1,scene-0103_013,Car,vehicle,16.226241206626153,74,1.0,3.656630229473574,22.41354695513577,15-30m
t_fwd,0.1,scene-0103_013,Car,vehicle,14.09524208962847,88,1.0,4.023669212748961,15.808830676428123,<15m
t_fwd,0.1,scene-0103_013,Car,vehicle,24.95029296234554,16,1.0,0.9138140077352281,6.458402266421897,15-30m
t_fwd,0.2,scene-0103_013,Car,vehicle,16.226241206626153,74,1.0,7.26308308218557,22.41354695513577,15-30m
t_fwd,0.2,scene-0103_013,Car,vehicle,14.09524208962847,88,1.0,7.9766219643692775,15.808830676428123,<15m
t_fwd,0.2,scene-0103_013,Car,vehicle,24.95029296234554,16,1.0,1.8196182246042891,6.458402266421897,15-30m
t_left,0.02,scene-0103_013,Car,vehicle,16.226241206626153,74,1.0,1.7329953911342144,22.41354695513577,15-30m
t_left,0.02,scene-0103_013,Car,vehicle,14.09524208962847,88,1.0,2.240303660824913,15.808830676428123,<15m
t_left,0.02,scene-0103_013,Car,vehicle,24.95029296234554,16,1.0,1.1021212298422696,6.458402266421897,15-30m
t_left,0.05,scene-0103_013,Car,vehicle,16.226241206626153,74,1.0,4.332390338681699,22.41354695513577,15-30m
t_left,0.05,scene-0103_013,Car,vehicle,14.09524208962847,88,1.0,5.600596504071396,15.808830676428123,<15m
t_left,0.05,scene-0103_013,Car,vehicle,24.95029296234554,16,1.0,2.7552634858924927,6.458402266421897,15-30m
t_left,0.1,scene-0103_013,Car,vehicle,16.226241206626153,74,1.0,8.664453566609815,22.41354695513577,15-30m
t_left,0.1,scene-0103_013,Car,vehicle,14.09524208962847,88,1.0,11.200650890156732,15.808830676428123,<15m
t_left,0.1,scene-0103_013,Car,vehicle,24.95029296234554,16,1.0,5.510395014464079,6.458402266421897,15-30m
t_left,0.2,scene-0103_013,Car,vehicle,16.226241206626153,74,1.0,17.32759883838267,22.41354695513577,15-30m
t_left,0.2,scene-0103_013,Car,vehicle,14.09524208962847,88,1.0,22.399133623189336,15.808830676428123,<15m
t_left,0.2,scene-0103_013,Car,vehicle,24.95029296234554,16,1.0,11.020262237561028,6.458402266421897,15-30m
t_up,0.02,scene-0103_013,Car,vehicle,16.226241206626153,74,1.0,1.7440524519574176,22.41354695513577,15-30m
t_up,0.02,scene-0103_013,Car,vehicle,14.09524208962847,88,1.0,2.2342145371515474,15.808830676428123,<15m
t_up,0.02,scene-0103_013,Car,vehicle,24.95029296234554,16,1.0,1.1049518523671202,6.458402266421897,15-30m
t_up,0.05,scene-0103_013,Car,vehicle,16.226241206626153,74,1.0,4.359634979130822,22.41354695513577,15-30m
t_up,0.05,scene-0103_013,Car,vehicle,14.09524208962847,88,1.0,5.5847224748877675,15.808830676428123,<15m
t_up,0.05,scene-0103_013,Car,vehicle,24.95029296234554,16,1.0,2.7621803744687163,6.458402266421897,15-30m
t_up,0.1,scene-0103_013,Car,vehicle,16.226241206626153,74,1.0,8.717616624142728,22.41354695513577,15-30m
t_up,0.1,scene-0103_013,Car,vehicle,14.09524208962847,88,1.0,11.166733110337216,15.808830676428123,<15m
t_up,0.1,scene-0103_013,Car,vehicle,24.95029296234554,16,1.0,5.523696688516738,6.458402266421897,15-30m
t_up,0.2,scene-0103_013,Car,vehicle,16.226241206626153,74,1.0,17.428623672417913,22.41354695513577,15-30m
t_up,0.2,scene-0103_013,Car,vehicle,14.09524208962847,88,1.0,22.322626760005416,15.808830676428123,<15m
t_up,0.2,scene-0103_013,Car,vehicle,24.95029296234554,16,1.0,11.04473809300774,6.458402266421897,15-30m
none,0.0,scene-0103_014,Car,vehicle,14.362439025672154,109,1.0,0.0,25.451885853061047,<15m
none,0.0,scene-0103_014,Car,vehicle,12.186604927651267,127,1.0,0.0,20.337299793656904,<15m
none,0.0,scene-0103_014,Car,vehicle,22.92754117558489,15,1.0,0.0,7.255222128298231,15-30m
yaw,0.25,scene-0103_014,Car,vehicle,14.362439025672154,109,1.0,6.812392538898756,25.451885853061047,<15m
yaw,0.25,scene-0103_014,Car,vehicle,12.186604927651267,127,1.0,6.909757653305837,20.337299793656904,<15m
yaw,0.25,scene-0103_014,Car,vehicle,22.92754117558489,15,1.0,5.8187583756633465,7.255222128298231,15-30m
yaw,0.5,scene-0103_014,Car,vehicle,14.362439025672154,109,1.0,13.65202407662858,25.451885853061047,<15m
yaw,0.5,scene-0103_014,Car,vehicle,12.186604927651267,127,1.0,13.792357675803476,20.337299793656904,<15m
yaw,0.5,scene-0103_014,Car,vehicle,22.92754117558489,15,1.0,11.647007678367215,7.255222128298231,15-30m
yaw,1.0,scene-0103_014,Car,vehicle,14.362439025672154,109,0.9908256880733946,27.388644292563814,25.451885853061047,<15m
yaw,1.0,scene-0103_014,Car,vehicle,12.186604927651267,127,0.9921259842519685,27.477848105307995,20.337299793656904,<15m
yaw,1.0,scene-0103_014,Car,vehicle,22.92754117558489,15,0.9333333333333333,23.33300207190983,7.255222128298231,15-30m
yaw,2.0,scene-0103_014,Car,vehicle,14.362439025672154,109,0.981651376146789,55.172500616507996,25.451885853061047,<15m
yaw,2.0,scene-0103_014,Car,vehicle,12.186604927651267,127,0.9606299212598425,54.54202761912298,20.337299793656904,<15m
yaw,2.0,scene-0103_014,Car,vehicle,22.92754117558489,15,0.7333333333333333,46.83022853922681,7.255222128298231,15-30m
yaw,3.0,scene-0103_014,Car,vehicle,14.362439025672154,109,0.9541284403669725,83.31361628569051,25.451885853061047,<15m
yaw,3.0,scene-0103_014,Car,vehicle,12.186604927651267,127,0.9212598425196851,81.21930615664513,20.337299793656904,<15m
yaw,3.0,scene-0103_014,Car,vehicle,22.92754117558489,15,0.5333333333333333,70.50851849898923,7.255222128298231,15-30m
pitch,0.25,scene-0103_014,Car,vehicle,14.362439025672154,109,1.0,5.740904329157803,25.451885853061047,<15m
pitch,0.25,scene-0103_014,Car,vehicle,12.186604927651267,127,1.0,5.903908707086514,20.337299793656904,<15m
pitch,0.25,scene-0103_014,Car,vehicle,22.92754117558489,15,1.0,5.630414373323202,7.255222128298231,15-30m
pitch,0.5,scene-0103_014,Car,vehicle,14.362439025672154,109,1.0,11.486110252244513,25.451885853061047,<15m
pitch,0.5,scene-0103_014,Car,vehicle,12.186604927651267,127,1.0,11.813582414255889,20.337299793656904,<15m
pitch,0.5,scene-0103_014,Car,vehicle,22.92754117558489,15,1.0,11.263529125288965,7.255222128298231,15-30m
pitch,1.0,scene-0103_014,Car,vehicle,14.362439025672154,109,1.0,22.990448345022013,25.451885853061047,<15m
pitch,1.0,scene-0103_014,Car,vehicle,12.186604927651267,127,1.0,23.651310842148437,20.337299793656904,<15m
pitch,1.0,scene-0103_014,Car,vehicle,22.92754117558489,15,1.0,22.538777763329637,7.255222128298231,15-30m
pitch,2.0,scene-0103_014,Car,vehicle,14.362439025672154,109,1.0,46.0620263620709,25.451885853061047,<15m
pitch,2.0,scene-0103_014,Car,vehicle,12.186604927651267,127,0.8031496062992126,47.40795746477398,20.337299793656904,<15m
pitch,2.0,scene-0103_014,Car,vehicle,22.92754117558489,15,0.06666666666666667,45.13180713285041,7.255222128298231,15-30m
pitch,3.0,scene-0103_014,Car,vehicle,14.362439025672154,109,0.6238532110091743,69.23131926646884,25.451885853061047,<15m
pitch,3.0,scene-0103_014,Car,vehicle,12.186604927651267,127,0.6456692913385826,71.30662249360061,20.337299793656904,<15m
pitch,3.0,scene-0103_014,Car,vehicle,22.92754117558489,15,0.0,67.79393289866353,7.255222128298231,15-30m
roll,0.25,scene-0103_014,Car,vehicle,14.362439025672154,109,1.0,2.4729906102925883,25.451885853061047,<15m
roll,0.25,scene-0103_014,Car,vehicle,12.186604927651267,127,1.0,2.3796695919996087,20.337299793656904,<15m
roll,0.25,scene-0103_014,Car,vehicle,22.92754117558489,15,1.0,1.0440279144827789,7.255222128298231,15-30m
roll,0.5,scene-0103_014,Car,vehicle,14.362439025672154,109,1.0,4.945695684915981,25.451885853061047,<15m
roll,0.5,scene-0103_014,Car,vehicle,12.186604927651267,127,1.0,4.759551464213078,20.337299793656904,<15m
roll,0.5,scene-0103_014,Car,vehicle,22.92754117558489,15,1.0,2.088001244407388,7.255222128298231,15-30m
roll,1.0,scene-0103_014,Car,vehicle,14.362439025672154,109,1.0,9.890203346974028,25.451885853061047,<15m
roll,1.0,scene-0103_014,Car,vehicle,12.186604927651267,127,1.0,9.519904086297313,20.337299793656904,<15m
roll,1.0,scene-0103_014,Car,vehicle,22.92754117558489,15,1.0,4.175764476777742,7.255222128298231,15-30m
roll,2.0,scene-0103_014,Car,vehicle,14.362439025672154,109,1.0,19.775288288230026,25.451885853061047,<15m
roll,2.0,scene-0103_014,Car,vehicle,12.186604927651267,127,1.0,19.042628495105653,20.337299793656904,<15m
roll,2.0,scene-0103_014,Car,vehicle,22.92754117558489,15,1.0,8.350419650108446,7.255222128298231,15-30m
roll,3.0,scene-0103_014,Car,vehicle,14.362439025672154,109,0.8990825688073395,29.654524284801877,25.451885853061047,<15m
roll,3.0,scene-0103_014,Car,vehicle,12.186604927651267,127,0.9606299212598425,28.56740290891957,20.337299793656904,<15m
roll,3.0,scene-0103_014,Car,vehicle,22.92754117558489,15,1.0,12.523651402704614,7.255222128298231,15-30m
t_fwd,0.02,scene-0103_014,Car,vehicle,14.362439025672154,109,1.0,0.8863999506131599,25.451885853061047,<15m
t_fwd,0.02,scene-0103_014,Car,vehicle,12.186604927651267,127,1.0,1.173285934769666,20.337299793656904,<15m
t_fwd,0.02,scene-0103_014,Car,vehicle,22.92754117558489,15,1.0,0.23314076960787933,7.255222128298231,15-30m
t_fwd,0.05,scene-0103_014,Car,vehicle,14.362439025672154,109,1.0,2.2108015951639732,25.451885853061047,<15m
t_fwd,0.05,scene-0103_014,Car,vehicle,12.186604927651267,127,1.0,2.9236319649480675,20.337299793656904,<15m
t_fwd,0.05,scene-0103_014,Car,vehicle,22.92754117558489,15,1.0,0.5820022016351711,7.255222128298231,15-30m
t_fwd,0.1,scene-0103_014,Car,vehicle,14.362439025672154,109,1.0,4.404383555659619,25.451885853061047,<15m
t_fwd,0.1,scene-0103_014,Car,vehicle,12.186604927651267,127,1.0,5.815597804542817,20.337299793656904,<15m
t_fwd,0.1,scene-0103_014,Car,vehicle,22.92754117558489,15,1.0,1.1611829800521578,7.255222128298231,15-30m
t_fwd,0.2,scene-0103_014,Car,vehicle,14.362439025672154,109,1.0,8.74068708160339,25.451885853061047,<15m
t_fwd,0.2,scene-0103_014,Car,vehicle,12.186604927651267,127,1.0,11.506566929707843,20.337299793656904,<15m
t_fwd,0.2,scene-0103_014,Car,vehicle,22.92754117558489,15,1.0,2.3111619372795826,7.255222128298231,15-30m
t_left,0.02,scene-0103_014,Car,vehicle,14.362439025672154,109,1.0,1.9808512303754324,25.451885853061047,<15m
t_left,0.02,scene-0103_014,Car,vehicle,12.186604927651267,127,1.0,2.689316545691845,20.337299793656904,<15m
t_left,0.02,scene-0103_014,Car,vehicle,22.92754117558489,15,1.0,1.2144610320410518,7.255222128298231,15-30m
t_left,0.05,scene-0103_014,Car,vehicle,14.362439025672154,109,1.0,4.952001083390245,25.451885853061047,<15m
t_left,0.05,scene-0103_014,Car,vehicle,12.186604927651267,127,1.0,6.723059799666979,20.337299793656904,<15m
t_left,0.05,scene-0103_014,Car,vehicle,22.92754117558489,15,1.0,3.0361049872685473,7.255222128298231,15-30m
t_left,0.1,scene-0103_014,Car,vehicle,14.362439025672154,109,1.0,9.903578887231845,25.451885853061047,<15m
t_left,0.1,scene-0103_014,Car,vehicle,12.186604927651267,127,1.0,13.44534778834969,20.337299793656904,<15m
t_left,0.1,scene-0103_014,Car,vehicle,22.92754117558489,15,1.0,6.072051338388573,7.255222128298231,15-30m
t_left,0.2,scene-0103_014,Car,vehicle,14.362439025672154,109,0.9908256880733946,19.8022820945407,25.451885853061047,<15m
t_left,0.2,scene-0103_014,Car,vehicle,12.186604927651267,127,1.0,26.88760886432694,20.337299793656904,<15m
t_left,0.2,scene-0103_014,Car,vehicle,22.92754117558489,15,1.0,12.143468181912562,7.255222128298231,15-30m
t_up,0.02,scene-0103_014,Car,vehicle,14.362439025672154,109,1.0,1.9912228346684404,25.451885853061047,<15m
t_up,0.02,scene-0103_014,Car,vehicle,12.186604927651267,127,1.0,2.6816908873781036,20.337299793656904,<15m
t_up,0.02,scene-0103_014,Car,vehicle,22.92754117558489,15,1.0,1.2181536011497232,7.255222128298231,15-30m
t_up,0.05,scene-0103_014,Car,vehicle,14.362439025672154,109,1.0,4.977409791877108,25.451885853061047,<15m
t_up,0.05,scene-0103_014,Car,vehicle,12.186604927651267,127,1.0,6.703052950460098,20.337299793656904,<15m
t_up,0.05,scene-0103_014,Car,vehicle,22.92754117558489,15,1.0,3.045141479632687,7.255222128298231,15-30m
t_up,0.1,scene-0103_014,Car,vehicle,14.362439025672154,109,1.0,9.952662682434013,25.451885853061047,<15m
t_up,0.1,scene-0103_014,Car,vehicle,12.186604927651267,127,1.0,13.402193502009263,20.337299793656904,<15m
t_up,0.1,scene-0103_014,Car,vehicle,22.92754117558489,15,1.0,6.089474720114063,7.255222128298231,15-30m
t_up,0.2,scene-0103_014,Car,vehicle,14.362439025672154,109,1.0,19.896703365163443,25.451885853061047,<15m
t_up,0.2,scene-0103_014,Car,vehicle,12.186604927651267,127,1.0,26.788751101779397,20.337299793656904,<15m
t_up,0.2,scene-0103_014,Car,vehicle,22.92754117558489,15,1.0,12.1757177704146,7.255222128298231,15-30m
none,0.0,scene-0103_015,Car,vehicle,13.08941816068508,157,1.0,0.0,27.495065464321325,<15m
none,0.0,scene-0103_015,Car,vehicle,10.821951853056383,157,1.0,0.0,18.61030828379095,<15m
none,0.0,scene-0103_015,Car,vehicle,21.507898270229145,21,1.0,0.0,7.942399391688506,15-30m
yaw,0.25,scene-0103_015,Car,vehicle,13.08941816068508,157,1.0,6.706543385364443,27.495065464321325,<15m
yaw,0.25,scene-0103_015,Car,vehicle,10.821951853056383,157,1.0,7.156391398421006,18.61030828379095,<15m
yaw,0.25,scene-0103_015,Car,vehicle,21.507898270229145,21,1.0,5.852577860856629,7.942399391688506,15-30m
yaw,0.5,scene-0103_015,Car,vehicle,13.08941816068508,157,1.0,13.437702048114383,27.495065464321325,<15m
yaw,0.5,scene-0103_015,Car,vehicle,10.821951853056383,157,1.0,14.282586426665578,18.61030828379095,<15m
yaw,0.5,scene-0103_015,Car,vehicle,21.507898270229145,21,1.0,11.714721148158429,7.942399391688506,15-30m
yaw,1.0,scene-0103_015,Car,vehicle,13.08941816068508,157,1.0,26.975522903091797,27.495065464321325,<15m
yaw,1.0,scene-0103_015,Car,vehicle,10.821951853056383,157,1.0,28.44633505350141,18.61030828379095,<15m
yaw,1.0,scene-0103_015,Car,vehicle,21.507898270229145,21,1.0,23.468741455250704,7.942399391688506,15-30m
yaw,2.0,scene-0103_015,Car,vehicle,13.08941816068508,157,0.9808917197452229,54.365074539426686,27.495065464321325,<15m
yaw,2.0,scene-0103_015,Car,vehicle,10.821951853056383,157,0.9554140127388535,56.432544556639904,18.61030828379095,<15m
yaw,2.0,scene-0103_015,Car,vehicle,21.507898270229145,21,0.8571428571428571,47.10307411416548,7.942399391688506,15-30m
yaw,3.0,scene-0103_015,Car,vehicle,13.08941816068508,157,0.9490445859872612,81.93247051815035,27.495065464321325,<15m
yaw,3.0,scene-0103_015,Car,vehicle,10.821951853056383,157,0.9171974522292994,83.9881108754126,18.61030828379095,<15m
yaw,3.0,scene-0103_015,Car,vehicle,21.507898270229145,21,0.7142857142857143,70.92007568420199,7.942399391688506,15-30m
pitch,0.25,scene-0103_015,Car,vehicle,13.08941816068508,157,1.0,5.801847662917157,27.495065464321325,<15m
pitch,0.25,scene-0103_015,Car,vehicle,10.821951853056383,157,1.0,5.99458455740013,18.61030828379095,<15m
pitch,0.25,scene-0103_015,Car,vehicle,21.507898270229145,21,1.0,5.655108181303106,7.942399391688506,15-30m
pitch,0.5,scene-0103_015,Car,vehicle,13.08941816068508,157,1.0,11.609062485685389,27.495065464321325,<15m
pitch,0.5,scene-0103_015,Car,vehicle,10.821951853056383,157,0.9872611464968153,11.995228452281854,18.61030828379095,<15m
pitch,0.5,scene-0103_015,Car,vehicle,21.507898270229145,21,1.0,11.31291070770535,7.942399391688506,15-30m
pitch,1.0,scene-0103_015,Car,vehicle,13.08941816068508,157,1.0,23.24060321371556,27.495065464321325,<15m
pitch,1.0,scene-0103_015,Car,vehicle,10.821951853056383,157,0.9872611464968153,24.00272228819287,18.61030828379095,<15m
pitch,1.0,scene-0103_015,Car,vehicle,21.507898270229145,21,0.7619047619047619,22.637525782333345,7.942399391688506,15-30m
pitch,2.0,scene-0103_015,Car,vehicle,13.08941816068508,157,0.7643312101910829,46.57925345455979,27.495065464321325,<15m
pitch,2.0,scene-0103_015,Car,vehicle,10.821951853056383,157,0.8598726114649682,48.14245849854121,18.61030828379095,<15m
pitch,2.0,scene-0103_015,Car,vehicle,21.507898270229145,21,0.7619047619047619,45.329314754465145,7.942399391688506,15-30m
pitch,3.0,scene-0103_015,Car,vehicle,13.08941816068508,157,0.7070063694267515,70.03239804411014,27.495065464321325,<15m
pitch,3.0,scene-0103_015,Car,vehicle,10.821951853056383,157,0.8535031847133758,72.38422490134968,18.61030828379095,<15m
pitch,3.0,scene-0103_015,Car,vehicle,21.507898270229145,21,0.047619047619047616,68.09035698564108,7.942399391688506,15-30m
roll,0.25,scene-0103_015,Car,vehicle,13.08941816068508,157,1.0,2.292624288887386,27.495065464321325,<15m
roll,0.25,scene-0103_015,Car,vehicle,10.821951853056383,157,1.0,2.5849169685264055,18.61030828379095,<15m
roll,0.25,scene-0103_015,Car,vehicle,21.507898270229145,21,1.0,1.0529869838423231,7.942399391688506,15-30m
roll,0.5,scene-0103_015,Car,vehicle,13.08941816068508,157,1.0,4.585003064220096,27.495065464321325,<15m
roll,0.5,scene-0103_015,Car,vehicle,10.821951853056383,157,1.0,5.170092445334953,18.61030828379095,<15m
roll,0.5,scene-0103_015,Car,vehicle,21.507898270229145,21,1.0,2.10591894919495,7.942399391688506,15-30m
roll,1.0,scene-0103_015,Car,vehicle,13.08941816068508,157,1.0,9.168980651750172,27.495065464321325,<15m
roll,1.0,scene-0103_015,Car,vehicle,10.821951853056383,157,1.0,10.341167188967804,18.61030828379095,<15m
roll,1.0,scene-0103_015,Car,vehicle,21.507898270229145,21,1.0,4.211597818033216,7.942399391688506,15-30m
roll,2.0,scene-0103_015,Car,vehicle,13.08941816068508,157,1.0,18.333512649343948,27.495065464321325,<15m
roll,2.0,scene-0103_015,Car,vehicle,10.821951853056383,157,1.0,20.685848960542174,18.61030828379095,<15m
roll,2.0,scene-0103_015,Car,vehicle,21.507898270229145,21,1.0,8.422075400539272,7.942399391688506,15-30m
roll,3.0,scene-0103_015,Car,vehicle,13.08941816068508,157,0.9617834394904459,27.49290431985967,27.495065464321325,<15m
roll,3.0,scene-0103_015,Car,vehicle,10.821951853056383,157,1.0,31.033214032118906,18.61030828379095,<15m
roll,3.0,scene-0103_015,Car,vehicle,21.507898270229145,21,1.0,12.63111331892188,7.942399391688506,15-30m
t_fwd,0.02,scene-0103_015,Car,vehicle,13.08941816068508,157,1.0,0.911157687318508,27.495065464321325,<15m
t_fwd,0.02,scene-0103_015,Car,vehicle,10.821951853056383,157,1.0,1.384196394940221,18.61030828379095,<15m
t_fwd,0.02,scene-0103_015,Car,vehicle,21.507898270229145,21,1.0,0.25128064422431967,7.942399391688506,15-30m
t_fwd,0.05,scene-0103_015,Car,vehicle,13.08941816068508,157,1.0,2.2719376654423384,27.495065464321325,<15m
t_fwd,0.05,scene-0103_015,Car,vehicle,10.821951853056383,157,1.0,3.4490373725085406,18.61030828379095,<15m
t_fwd,0.05,scene-0103_015,Car,vehicle,21.507898270229145,21,1.0,0.6272122080360517,7.942399391688506,15-30m
t_fwd,0.1,scene-0103_015,Car,vehicle,13.08941816068508,157,1.0,4.52415800740687,27.495065464321325,<15m
t_fwd,0.1,scene-0103_015,Car,vehicle,10.821951853056383,157,1.0,6.8602311530527,18.61030828379095,<15m
t_fwd,0.1,scene-0103_015,Car,vehicle,21.507898270229145,21,1.0,1.2511402228169572,7.942399391688506,15-30m
t_fwd,0.2,scene-0103_015,Car,vehicle,13.08941816068508,157,1.0,8.970464604084421,27.495065464321325,<15m
t_fwd,0.2,scene-0103_015,Car,vehicle,10.821951853056383,157,1.0,13.558181021011078,18.61030828379095,<15m
t_fwd,0.2,scene-0103_015,Car,vehicle,21.507898270229145,21,1.0,2.4892463148344404,7.942399391688506,15-30m
t_left,0.02,scene-0103_015,Car,vehicle,13.08941816068508,157,1.0,2.1611712091476463,27.495065464321325,<15m
t_left,0.02,scene-0103_015,Car,vehicle,10.821951853056383,157,1.0,2.982186259359236,18.61030828379095,<15m
t_left,0.02,scene-0103_015,Car,vehicle,21.507898270229145,21,1.0,1.2980185332526206,7.942399391688506,15-30m
t_left,0.05,scene-0103_015,Car,vehicle,13.08941816068508,157,1.0,5.402776400882665,27.495065464321325,<15m
t_left,0.05,scene-0103_015,Car,vehicle,10.821951853056383,157,1.0,7.455179567201208,18.61030828379095,<15m
t_left,0.05,scene-0103_015,Car,vehicle,21.507898270229145,21,1.0,3.2449917337336776,7.942399391688506,15-30m
t_left,0.1,scene-0103_015,Car,vehicle,13.08941816068508,157,1.0,10.805047432963422,27.495065464321325,<15m
t_left,0.1,scene-0103_015,Car,vehicle,10.821951853056383,157,1.0,14.909405627985844,18.61030828379095,<15m
t_left,0.1,scene-0103_015,Car,vehicle,21.507898270229145,21,1.0,6.489801477639841,7.942399391688506,15-30m
t_left,0.2,scene-0103_015,Car,vehicle,13.08941816068508,157,1.0,21.608073674321925,27.495065464321325,<15m
t_left,0.2,scene-0103_015,Car,vehicle,10.821951853056383,157,1.0,29.81499796192364,18.61030828379095,<15m
t_left,0.2,scene-0103_015,Car,vehicle,21.507898270229145,21,1.0,12.978875057206228,7.942399391688506,15-30m
t_up,0.02,scene-0103_015,Car,vehicle,13.08941816068508,157,1.0,2.1775498993130444,27.495065464321325,<15m
t_up,0.02,scene-0103_015,Car,vehicle,10.821951853056383,157,1.0,2.971514082117417,18.61030828379095,<15m
t_up,0.02,scene-0103_015,Car,vehicle,21.507898270229145,21,1.0,1.3019965749285152,7.942399391688506,15-30m
t_up,0.05,scene-0103_015,Car,vehicle,13.08941816068508,157,1.0,5.443107776095806,27.495065464321325,<15m
t_up,0.05,scene-0103_015,Car,vehicle,10.821951853056383,157,1.0,7.427358765002995,18.61030828379095,<15m
t_up,0.05,scene-0103_015,Car,vehicle,21.507898270229145,21,1.0,3.254717309307004,7.942399391688506,15-30m
t_up,0.1,scene-0103_015,Car,vehicle,13.08941816068508,157,1.0,10.883659938512565,27.495065464321325,<15m
t_up,0.1,scene-0103_015,Car,vehicle,10.821951853056383,157,1.0,14.84996516291113,18.61030828379095,<15m
t_up,0.1,scene-0103_015,Car,vehicle,21.507898270229145,21,1.0,6.508521063750571,7.942399391688506,15-30m
t_up,0.2,scene-0103_015,Car,vehicle,13.08941816068508,157,1.0,21.75710461830406,27.495065464321325,<15m
t_up,0.2,scene-0103_015,Car,vehicle,10.821951853056383,157,1.0,29.680939090479317,18.61030828379095,<15m
t_up,0.2,scene-0103_015,Car,vehicle,21.507898270229145,21,1.0,13.013389446150597,7.942399391688506,15-30m
none,0.0,scene-0103_016,Car,vehicle,12.681872081936909,144,1.0,0.0,26.086369414969997,<15m
none,0.0,scene-0103_016,Car,vehicle,9.92095664821336,156,0.9871794871794872,0.0,17.14557186460796,<15m
yaw,0.25,scene-0103_016,Car,vehicle,12.681872081936909,144,1.0,6.313745896586928,26.086369414969997,<15m
yaw,0.25,scene-0103_016,Car,vehicle,9.92095664821336,156,1.0,7.294732022972564,17.14557186460796,<15m
yaw,0.5,scene-0103_016,Car,vehicle,12.681872081936909,144,0.9861111111111112,12.644803299791521,26.086369414969997,<15m
yaw,0.5,scene-0103_016,Car,vehicle,9.92095664821336,156,1.0,14.557549724028924,17.14557186460796,<15m
yaw,1.0,scene-0103_016,Car,vehicle,12.681872081936909,144,0.9722222222222222,25.360191519620166,26.086369414969997,<15m
yaw,1.0,scene-0103_016,Car,vehicle,9.92095664821336,156,1.0,28.98949740579491,17.14557186460796,<15m
yaw,2.0,scene-0103_016,Car,vehicle,12.681872081936909,144,0.9444444444444444,51.014740466384374,26.086369414969997,<15m
yaw,2.0,scene-0103_016,Car,vehicle,9.92095664821336,156,0.9615384615384616,57.49264335050669,17.14557186460796,<15m
yaw,3.0,scene-0103_016,Car,vehicle,12.681872081936909,144,0.9027777777777778,76.98732230626341,26.086369414969997,<15m
yaw,3.0,scene-0103_016,Car,vehicle,9.92095664821336,156,0.9038461538461539,85.54050239837008,17.14557186460796,<15m
pitch,0.25,scene-0103_016,Car,vehicle,12.681872081936909,144,1.0,5.823305064455296,26.086369414969997,<15m
pitch,0.25,scene-0103_016,Car,vehicle,9.92095664821336,156,0.9871794871794872,6.064376186046019,17.14557186460796,<15m
pitch,0.5,scene-0103_016,Car,vehicle,12.681872081936909,144,1.0,11.651965741240492,26.086369414969997,<15m
pitch,0.5,scene-0103_016,Car,vehicle,9.92095664821336,156,0.9871794871794872,12.135630466409417,17.14557186460796,<15m
pitch,1.0,scene-0103_016,Car,vehicle,12.681872081936909,144,1.0,23.326370819483238,26.086369414969997,<15m
pitch,1.0,scene-0103_016,Car,vehicle,9.92095664821336,156,0.9807692307692307,24.29663289311615,17.14557186460796,<15m
pitch,2.0,scene-0103_016,Car,vehicle,12.681872081936909,144,1.0,46.75069164515753,26.086369414969997,<15m
pitch,2.0,scene-0103_016,Car,vehicle,9.92095664821336,156,0.9743589743589743,48.72074355432788,17.14557186460796,<15m
pitch,3.0,scene-0103_016,Car,vehicle,12.681872081936909,144,0.7013888888888888,70.2895281020547,26.086369414969997,<15m
pitch,3.0,scene-0103_016,Car,vehicle,9.92095664821336,156,0.8974358974358975,73.28226554063845,17.14557186460796,<15m
roll,0.25,scene-0103_016,Car,vehicle,12.681872081936909,144,1.0,1.7346450037998404,26.086369414969997,<15m
roll,0.25,scene-0103_016,Car,vehicle,9.92095664821336,156,0.9935897435897436,2.678644908649808,17.14557186460796,<15m
roll,0.5,scene-0103_016,Car,vehicle,12.681872081936909,144,1.0,3.4691473275799303,26.086369414969997,<15m
roll,0.5,scene-0103_016,Car,vehicle,9.92095664821336,156,1.0,5.357572416614483,17.14557186460796,<15m
roll,1.0,scene-0103_016,Car,vehicle,12.681872081936909,144,1.0,6.93769140427081,26.086369414969997,<15m
roll,1.0,scene-0103_016,Car,vehicle,9.92095664821336,156,1.0,10.716221828477453,17.14557186460796,<15m
roll,2.0,scene-0103_016,Car,vehicle,12.681872081936909,144,1.0,13.872709919707923,26.086369414969997,<15m
roll,2.0,scene-0103_016,Car,vehicle,9.92095664821336,156,1.0,21.436323624553573,17.14557186460796,<15m
roll,3.0,scene-0103_016,Car,vehicle,12.681872081936909,144,0.9444444444444444,20.804536818528305,26.086369414969997,<15m
roll,3.0,scene-0103_016,Car,vehicle,9.92095664821336,156,1.0,32.15944711322932,17.14557186460796,<15m
t_fwd,0.02,scene-0103_016,Car,vehicle,12.681872081936909,144,1.0,0.6912494801969171,26.086369414969997,<15m
t_fwd,0.02,scene-0103_016,Car,vehicle,9.92095664821336,156,1.0,1.5344919356086324,17.14557186460796,<15m
t_fwd,0.05,scene-0103_016,Car,vehicle,12.681872081936909,144,1.0,1.7235377789450075,26.086369414969997,<15m
t_fwd,0.05,scene-0103_016,Car,vehicle,9.92095664821336,156,1.0,3.8231313954378914,17.14557186460796,<15m
t_fwd,0.1,scene-0103_016,Car,vehicle,12.681872081936909,144,1.0,3.431896851381385,26.086369414969997,<15m
t_fwd,0.1,scene-0103_016,Car,vehicle,9.92095664821336,156,1.0,7.6029966146901735,17.14557186460796,<15m
t_fwd,0.2,scene-0103_016,Car,vehicle,12.681872081936909,144,1.0,6.803873923954596,26.086369414969997,<15m
t_fwd,0.2,scene-0103_016,Car,vehicle,9.92095664821336,156,1.0,15.03583357167873,17.14557186460796,<15m
t_left,0.02,scene-0103_016,Car,vehicle,12.681872081936909,144,1.0,2.195036883713061,26.086369414969997,<15m
t_left,0.02,scene-0103_016,Car,vehicle,9.92095664821336,156,1.0,3.187413407526716,17.14557186460796,<15m
t_left,0.05,scene-0103_016,Car,vehicle,12.681872081936909,144,1.0,5.487437421306725,26.086369414969997,<15m
t_left,0.05,scene-0103_016,Car,vehicle,9.92095664821336,156,1.0,7.968209718447548,17.14557186460796,<15m
t_left,0.1,scene-0103_016,Car,vehicle,12.681872081936909,144,0.9930555555555556,10.974358921501288,26.086369414969997,<15m
t_left,0.1,scene-0103_016,Car,vehicle,9.92095664821336,156,1.0,15.935340219283578,17.14557186460796,<15m
t_left,0.2,scene-0103_016,Car,vehicle,12.681872081936909,144,0.9722222222222222,21.946654449563667,26.086369414969997,<15m
t_left,0.2,scene-0103_016,Car,vehicle,9.92095664821336,156,1.0,31.866364445044503,17.14557186460796,<15m
t_up,0.02,scene-0103_016,Car,vehicle,12.681872081936909,144,1.0,2.207698636954653,26.086369414969997,<15m
t_up,0.02,scene-0103_016,Car,vehicle,9.92095664821336,156,0.9871794871794872,3.1853527434760887,17.14557186460796,<15m
t_up,0.05,scene-0103_016,Car,vehicle,12.681872081936909,144,1.0,5.518456383010435,26.086369414969997,<15m
t_up,0.05,scene-0103_016,Car,vehicle,9.92095664821336,156,0.9935897435897436,7.961739046926466,17.14557186460796,<15m
t_up,0.1,scene-0103_016,Car,vehicle,12.681872081936909,144,1.0,11.034279740189728,26.086369414969997,<15m
t_up,0.1,scene-0103_016,Car,vehicle,9.92095664821336,156,0.9935897435897436,15.91800506619174,17.14557186460796,<15m
t_up,0.2,scene-0103_016,Car,vehicle,12.681872081936909,144,0.9861111111111112,22.05803491124775,26.086369414969997,<15m
t_up,0.2,scene-0103_016,Car,vehicle,9.92095664821336,156,0.9166666666666666,31.81414058044161,17.14557186460796,<15m
none,0.0,scene-0103_017,Car,vehicle,12.898405503978445,107,1.0,0.0,24.050437644817503,<15m
none,0.0,scene-0103_017,Car,vehicle,23.7944445863571,27,1.0,0.0,9.97660035292408,15-30m
none,0.0,scene-0103_017,Car,vehicle,9.203318444757178,135,0.9925925925925926,0.0,15.842943332545099,<15m
yaw,0.25,scene-0103_017,Car,vehicle,12.898405503978445,107,1.0,5.994012724045099,24.050437644817503,<15m
yaw,0.25,scene-0103_017,Car,vehicle,23.7944445863571,27,1.0,6.6308349648593135,9.97660035292408,15-30m
yaw,0.25,scene-0103_017,Car,vehicle,9.203318444757178,135,1.0,7.490739616071087,15.842943332545099,<15m
yaw,0.5,scene-0103_017,Car,vehicle,12.898405503978445,107,1.0,11.998610510502495,24.050437644817503,<15m
yaw,0.5,scene-0103_017,Car,vehicle,23.7944445863571,27,1.0,13.286516743421974,9.97660035292408,15-30m
yaw,0.5,scene-0103_017,Car,vehicle,9.203318444757178,135,1.0,14.946284449098428,15.842943332545099,<15m
yaw,1.0,scene-0103_017,Car,vehicle,12.898405503978445,107,1.0,24.04066808038587,24.050437644817503,<15m
yaw,1.0,scene-0103_017,Car,vehicle,23.7944445863571,27,0.9629629629629629,26.674050336554895,9.97660035292408,15-30m
yaw,1.0,scene-0103_017,Car,vehicle,9.203318444757178,135,1.0,29.75402394272212,15.842943332545099,<15m
yaw,2.0,scene-0103_017,Car,vehicle,12.898405503978445,107,0.9719626168224299,48.264087105857584,24.050437644817503,<15m
yaw,2.0,scene-0103_017,Car,vehicle,23.7944445863571,27,0.7777777777777778,53.76549565716947,9.97660035292408,15-30m
yaw,2.0,scene-0103_017,Car,vehicle,9.203318444757178,135,0.9629629629629629,58.96745977551806,15.842943332545099,<15m
yaw,3.0,scene-0103_017,Car,vehicle,12.898405503978445,107,0.9439252336448598,72.68851099077061,24.050437644817503,<15m
yaw,3.0,scene-0103_017,Car,vehicle,23.7944445863571,27,0.5555555555555556,81.30186253180493,9.97660035292408,15-30m
yaw,3.0,scene-0103_017,Car,vehicle,9.203318444757178,135,0.9111111111111111,87.68386111387562,15.842943332545099,<15m
pitch,0.25,scene-0103_017,Car,vehicle,12.898405503978445,107,1.0,5.80599659829127,24.050437644817503,<15m
pitch,0.25,scene-0103_017,Car,vehicle,23.7944445863571,27,1.0,5.658874114694991,9.97660035292408,15-30m
pitch,0.25,scene-0103_017,Car,vehicle,9.203318444757178,135,0.9925925925925926,6.1123736648360625,15.842943332545099,<15m
pitch,0.5,scene-0103_017,Car,vehicle,12.898405503978445,107,1.0,11.617145469721901,24.050437644817503,<15m
pitch,0.5,scene-0103_017,Car,vehicle,23.7944445863571,27,1.0,11.322064302535304,9.97660035292408,15-30m
pitch,0.5,scene-0103_017,Car,vehicle,9.203318444757178,135,0.9851851851851852,12.233525219192924,15.842943332545099,<15m
pitch,1.0,scene-0103_017,Car,vehicle,12.898405503978445,107,1.0,23.255889863163958,24.050437644817503,<15m
pitch,1.0,scene-0103_017,Car,vehicle,23.7944445863571,27,0.5185185185185185,22.662373074049025,9.97660035292408,15-30m
pitch,1.0,scene-0103_017,Car,vehicle,9.203318444757178,135,0.9851851851851852,24.505976984845496,15.842943332545099,<15m
pitch,2.0,scene-0103_017,Car,vehicle,12.898405503978445,107,1.0,46.606149101086984,24.050437644817503,<15m
pitch,2.0,scene-0103_017,Car,vehicle,23.7944445863571,27,0.5185185185185185,45.405610052972484,9.97660035292408,15-30m
pitch,2.0,scene-0103_017,Car,vehicle,9.203318444757178,135,0.9777777777777777,49.170292265558004,15.842943332545099,<15m
pitch,3.0,scene-0103_017,Car,vehicle,12.898405503978445,107,0.6822429906542056,70.06689760286618,24.050437644817503,<15m
pitch,3.0,scene-0103_017,Car,vehicle,23.7944445863571,27,0.037037037037037035,68.24562502581121,9.97660035292408,15-30m
pitch,3.0,scene-0103_017,Car,vehicle,9.203318444757178,135,0.9111111111111111,73.95318412835773,15.842943332545099,<15m
roll,0.25,scene-0103_017,Car,vehicle,12.898405503978445,107,1.0,1.1151106978103271,24.050437644817503,<15m
roll,0.25,scene-0103_017,Car,vehicle,23.7944445863571,27,1.0,2.3520560095483343,9.97660035292408,15-30m
roll,0.25,scene-0103_017,Car,vehicle,9.203318444757178,135,1.0,2.838028161683835,15.842943332545099,<15m
roll,0.5,scene-0103_017,Car,vehicle,12.898405503978445,107,1.0,2.2301602302101236,24.050437644817503,<15m
roll,0.5,scene-0103_017,Car,vehicle,23.7944445863571,27,1.0,4.70385272883318,9.97660035292408,15-30m
roll,0.5,scene-0103_017,Car,vehicle,9.203318444757178,135,1.0,5.676375043165953,15.842943332545099,<15m
roll,1.0,scene-0103_017,Car,vehicle,12.898405503978445,107,1.0,4.460054887375029,24.050437644817503,<15m
roll,1.0,scene-0103_017,Car,vehicle,23.7944445863571,27,1.0,9.406624465259993,9.97660035292408,15-30m
roll,1.0,scene-0103_017,Car,vehicle,9.203318444757178,135,1.0,11.353968056584868,15.842943332545099,<15m
roll,2.0,scene-0103_017,Car,vehicle,12.898405503978445,107,1.0,8.918880342726418,24.050437644817503,<15m
roll,2.0,scene-0103_017,Car,vehicle,23.7944445863571,27,1.0,18.808574971266143,9.97660035292408,15-30m
roll,2.0,scene-0103_017,Car,vehicle,9.203318444757178,135,1.0,22.712351821752037,15.842943332545099,<15m
roll,3.0,scene-0103_017,Car,vehicle,12.898405503978445,107,1.0,13.376142526145157,24.050437644817503,<15m
roll,3.0,scene-0103_017,Car,vehicle,23.7944445863571,27,1.0,28.205153440296545,9.97660035292408,15-30m
roll,3.0,scene-0103_017,Car,vehicle,9.203318444757178,135,1.0,34.07423640933815,15.842943332545099,<15m
t_fwd,0.02,scene-0103_017,Car,vehicle,12.898405503978445,107,1.0,0.42615661457193266,24.050437644817503,<15m
t_fwd,0.02,scene-0103_017,Car,vehicle,23.7944445863571,27,1.0,0.5299423757410711,9.97660035292408,15-30m
t_fwd,0.02,scene-0103_017,Car,vehicle,9.203318444757178,135,1.0,1.8051494024145494,15.842943332545099,<15m
t_fwd,0.05,scene-0103_017,Car,vehicle,12.898405503978445,107,1.0,1.0628902941726956,24.050437644817503,<15m
t_fwd,0.05,scene-0103_017,Car,vehicle,23.7944445863571,27,1.0,1.3228992670352786,9.97660035292408,15-30m
t_fwd,0.05,scene-0103_017,Car,vehicle,9.203318444757178,135,1.0,4.4944293975045495,15.842943332545099,<15m
t_fwd,0.1,scene-0103_017,Car,vehicle,12.898405503978445,107,1.0,2.1174951082149227,24.050437644817503,<15m
t_fwd,0.1,scene-0103_017,Car,vehicle,23.7944445863571,27,1.0,2.639301917036654,9.97660035292408,15-30m
t_fwd,0.1,scene-0103_017,Car,vehicle,9.203318444757178,135,1.0,8.928043953704012,15.842943332545099,<15m
t_fwd,0.2,scene-0103_017,Car,vehicle,12.898405503978445,107,1.0,4.202232822047717,24.050437644817503,<15m
t_fwd,0.2,scene-0103_017,Car,vehicle,23.7944445863571,27,1.0,5.252807855618393,9.97660035292408,15-30m
t_fwd,0.2,scene-0103_017,Car,vehicle,9.203318444757178,135,1.0,17.616064061182225,15.842943332545099,<15m
t_left,0.02,scene-0103_017,Car,vehicle,12.898405503978445,107,1.0,2.1039920960442355,24.050437644817503,<15m
t_left,0.02,scene-0103_017,Car,vehicle,23.7944445863571,27,1.0,1.2297586809069985,9.97660035292408,15-30m
t_left,0.02,scene-0103_017,Car,vehicle,9.203318444757178,135,1.0,3.5170527247325722,15.842943332545099,<15m
t_left,0.05,scene-0103_017,Car,vehicle,12.898405503978445,107,1.0,5.259835247550898,24.050437644817503,<15m
t_left,0.05,scene-0103_017,Car,vehicle,23.7944445863571,27,1.0,3.0743470182862533,9.97660035292408,15-30m
t_left,0.05,scene-0103_017,Car,vehicle,9.203318444757178,135,1.0,8.792229917348395,15.842943332545099,<15m
t_left,0.1,scene-0103_017,Car,vehicle,12.898405503978445,107,1.0,10.519187222094487,24.050437644817503,<15m
t_left,0.1,scene-0103_017,Car,vehicle,23.7944445863571,27,1.0,6.148528430438683,9.97660035292408,15-30m
t_left,0.1,scene-0103_017,Car,vehicle,9.203318444757178,135,1.0,17.583120349697108,15.842943332545099,<15m
t_left,0.2,scene-0103_017,Car,vehicle,12.898405503978445,107,1.0,21.036441618553706,24.050437644817503,<15m
t_left,0.2,scene-0103_017,Car,vehicle,23.7944445863571,27,1.0,12.296394489863069,9.97660035292408,15-30m
t_left,0.2,scene-0103_017,Car,vehicle,9.203318444757178,135,1.0,35.16088398362123,15.842943332545099,<15m
t_up,0.02,scene-0103_017,Car,vehicle,12.898405503978445,107,1.0,2.1086728820095626,24.050437644817503,<15m
t_up,0.02,scene-0103_017,Car,vehicle,23.7944445863571,27,1.0,1.240180309586328,9.97660035292408,15-30m
t_up,0.02,scene-0103_017,Car,vehicle,9.203318444757178,135,0.9925925925925926,3.499982072425772,15.842943332545099,<15m
t_up,0.05,scene-0103_017,Car,vehicle,12.898405503978445,107,1.0,5.2709558659291105,24.050437644817503,<15m
t_up,0.05,scene-0103_017,Car,vehicle,23.7944445863571,27,1.0,3.10020008683312,9.97660035292408,15-30m
t_up,0.05,scene-0103_017,Car,vehicle,9.203318444757178,135,1.0,8.747956354685435,15.842943332545099,<15m
t_up,0.1,scene-0103_017,Car,vehicle,12.898405503978445,107,1.0,10.53949149090207,24.050437644817503,<15m
t_up,0.1,scene-0103_017,Car,vehicle,23.7944445863571,27,1.0,6.199564730037345,9.97660035292408,15-30m
t_up,0.1,scene-0103_017,Car,vehicle,9.203318444757178,135,1.0,17.489254011975277,15.842943332545099,<15m
t_up,0.2,scene-0103_017,Car,vehicle,12.898405503978445,107,0.9345794392523364,21.069308682666254,24.050437644817503,<15m
t_up,0.2,scene-0103_017,Car,vehicle,23.7944445863571,27,1.0,12.395789036010267,9.97660035292408,15-30m
t_up,0.2,scene-0103_017,Car,vehicle,9.203318444757178,135,1.0,34.95190362171276,15.842943332545099,<15m
none,0.0,scene-0103_018,Car,vehicle,13.389500034981882,88,1.0,0.0,20.755765227638054,<15m
none,0.0,scene-0103_018,Car,vehicle,22.922449599336687,32,1.0,0.0,10.662830069317229,15-30m
none,0.0,scene-0103_018,Car,vehicle,8.422330005411304,127,1.0,0.0,14.232989326303136,<15m
none,0.0,scene-0103_018,Car,vehicle,17.934668893250223,30,1.0,0.0,11.579229192032866,15-30m
yaw,0.25,scene-0103_018,Car,vehicle,13.389500034981882,88,1.0,5.877740451478345,20.755765227638054,<15m
yaw,0.25,scene-0103_018,Car,vehicle,22.922449599336687,32,1.0,6.640252228309135,10.662830069317229,15-30m
yaw,0.25,scene-0103_018,Car,vehicle,8.422330005411304,127,1.0,7.538299255299463,14.232989326303136,<15m
yaw,0.25,scene-0103_018,Car,vehicle,17.934668893250223,30,1.0,6.192033150406958,11.579229192032866,15-30m
yaw,0.5,scene-0103_018,Car,vehicle,13.389500034981882,88,1.0,11.762206337778384,20.755765227638054,<15m
yaw,0.5,scene-0103_018,Car,vehicle,22.922449599336687,32,1.0,13.305405659056767,10.662830069317229,15-30m
yaw,0.5,scene-0103_018,Car,vehicle,8.422330005411304,127,1.0,15.041101274982923,14.232989326303136,<15m
yaw,0.5,scene-0103_018,Car,vehicle,17.934668893250223,30,1.0,12.400298854619944,11.579229192032866,15-30m
yaw,1.0,scene-0103_018,Car,vehicle,13.389500034981882,88,1.0,23.552337457209983,20.755765227638054,<15m
yaw,1.0,scene-0103_018,Car,vehicle,22.922449599336687,32,0.96875,26.71205122306269,10.662830069317229,15-30m
yaw,1.0,scene-0103_018,Car,vehicle,8.422330005411304,127,1.0,29.942478908783738,14.232989326303136,<15m
yaw,1.0,scene-0103_018,Car,vehicle,17.934668893250223,30,0.9666666666666667,24.866796423971543,11.579229192032866,15-30m
yaw,2.0,scene-0103_018,Car,vehicle,13.389500034981882,88,0.9545454545454546,47.22462654529326,20.755765227638054,<15m
yaw,2.0,scene-0103_018,Car,vehicle,22.922449599336687,32,0.875,53.84243479896332,10.662830069317229,15-30m
yaw,2.0,scene-0103_018,Car,vehicle,8.422330005411304,127,0.9448818897637795,59.34373837077498,14.232989326303136,<15m
yaw,2.0,scene-0103_018,Car,vehicle,17.934668893250223,30,0.8,50.00870832442354,11.579229192032866,15-30m
yaw,3.0,scene-0103_018,Car,vehicle,13.389500034981882,88,0.8863636363636364,71.03358328655868,20.755765227638054,<15m
yaw,3.0,scene-0103_018,Car,vehicle,22.922449599336687,32,0.75,81.41877106623411,10.662830069317229,15-30m
yaw,3.0,scene-0103_018,Car,vehicle,8.422330005411304,127,0.8740157480314961,88.23791138726014,14.232989326303136,<15m
yaw,3.0,scene-0103_018,Car,vehicle,17.934668893250223,30,0.6,75.44689565242439,11.579229192032866,15-30m
pitch,0.25,scene-0103_018,Car,vehicle,13.389500034981882,88,1.0,5.794848790651784,20.755765227638054,<15m
pitch,0.25,scene-0103_018,Car,vehicle,22.922449599336687,32,1.0,5.66385511911278,10.662830069317229,15-30m
pitch,0.25,scene-0103_018,Car,vehicle,8.422330005411304,127,1.0,6.1444025399734015,14.232989326303136,<15m
pitch,0.25,scene-0103_018,Car,vehicle,17.934668893250223,30,1.0,5.7183137916166356,11.579229192032866,15-30m
pitch,0.5,scene-0103_018,Car,vehicle,13.389500034981882,88,1.0,11.594223752390093,20.755765227638054,<15m
pitch,0.5,scene-0103_018,Car,vehicle,22.922449599336687,32,1.0,11.332067497074442,10.662830069317229,15-30m
pitch,0.5,scene-0103_018,Car,vehicle,8.422330005411304,127,1.0,12.2999326534008,14.232989326303136,<15m
pitch,0.5,scene-0103_018,Car,vehicle,17.934668893250223,30,1.0,11.440642936695792,11.579229192032866,15-30m
pitch,1.0,scene-0103_018,Car,vehicle,13.389500034981882,88,1.0,23.207539866815196,20.755765227638054,<15m
pitch,1.0,scene-0103_018,Car,vehicle,22.922449599336687,32,1.0,22.68255233901978,10.662830069317229,15-30m
pitch,1.0,scene-0103_018,Car,vehicle,8.422330005411304,127,0.984251968503937,24.632216748103804,14.232989326303136,<15m
pitch,1.0,scene-0103_018,Car,vehicle,17.934668893250223,30,1.0,22.89831567583593,11.579229192032866,15-30m
pitch,2.0,scene-0103_018,Car,vehicle,13.389500034981882,88,0.9431818181818182,46.49939967420031,20.755765227638054,<15m
pitch,2.0,scene-0103_018,Car,vehicle,22.922449599336687,32,0.65625,45.44672565414473,10.662830069317229,15-30m
pitch,2.0,scene-0103_018,Car,vehicle,8.422330005411304,127,0.968503937007874,49.397157292768526,14.232989326303136,<15m
pitch,2.0,scene-0103_018,Car,vehicle,17.934668893250223,30,0.5333333333333333,45.87254060534745,11.579229192032866,15-30m
pitch,3.0,scene-0103_018,Car,vehicle,13.389500034981882,88,0.6931818181818182,69.89163571116062,20.755765227638054,<15m
pitch,3.0,scene-0103_018,Car,vehicle,22.922449599336687,32,0.0625,68.30856126697064,10.662830069317229,15-30m
pitch,3.0,scene-0103_018,Car,vehicle,8.422330005411304,127,0.9606299212598425,74.34412901921618,14.232989326303136,<15m
pitch,3.0,scene-0103_018,Car,vehicle,17.934668893250223,30,0.5333333333333333,68.93839203317276,11.579229192032866,15-30m
roll,0.25,scene-0103_018,Car,vehicle,13.389500034981882,88,1.0,0.7977849392206062,20.755765227638054,<15m
roll,0.25,scene-0103_018,Car,vehicle,22.922449599336687,32,1.0,2.357619706520872,10.662830069317229,15-30m
roll,0.25,scene-0103_018,Car,vehicle,8.422330005411304,127,1.0,2.893655029209023,14.232989326303136,<15m
roll,0.25,scene-0103_018,Car,vehicle,17.934668893250223,30,1.0,1.659358672090704,11.579229192032866,15-30m
roll,0.5,scene-0103_018,Car,vehicle,13.389500034981882,88,1.0,1.5955386489480887,20.755765227638054,<15m
roll,0.5,scene-0103_018,Car,vehicle,22.922449599336687,32,1.0,4.714978589818223,10.662830069317229,15-30m
roll,0.5,scene-0103_018,Car,vehicle,8.422330005411304,127,1.0,5.787627739144589,14.232989326303136,<15m
roll,0.5,scene-0103_018,Car,vehicle,17.934668893250223,30,1.0,3.3185851463815546,11.579229192032866,15-30m
roll,1.0,scene-0103_018,Car,vehicle,13.389500034981882,88,1.0,3.190937201229286,20.755765227638054,<15m
roll,1.0,scene-0103_018,Car,vehicle,22.922449599336687,32,1.0,9.428869744677222,10.662830069317229,15-30m
roll,1.0,scene-0103_018,Car,vehicle,8.422330005411304,127,1.0,11.576467159716236,14.232989326303136,<15m
roll,1.0,scene-0103_018,Car,vehicle,17.934668893250223,30,1.0,6.636610147753109,11.579229192032866,15-30m
roll,2.0,scene-0103_018,Car,vehicle,13.389500034981882,88,1.0,6.381192662356317,20.755765227638054,<15m
roll,2.0,scene-0103_018,Car,vehicle,22.922449599336687,32,1.0,18.853037280294245,10.662830069317229,15-30m
roll,2.0,scene-0103_018,Car,vehicle,8.422330005411304,127,1.0,23.15730780651666,14.232989326303136,<15m
roll,2.0,scene-0103_018,Car,vehicle,17.934668893250223,30,1.0,13.270729220926864,11.579229192032866,15-30m
roll,3.0,scene-0103_018,Car,vehicle,13.389500034981882,88,1.0,9.57052390019878,20.755765227638054,<15m
roll,3.0,scene-0103_018,Car,vehicle,22.922449599336687,32,0.96875,28.27179958824183,10.662830069317229,15-30m
roll,3.0,scene-0103_018,Car,vehicle,8.422330005411304,127,1.0,34.74157291034449,14.232989326303136,<15m
roll,3.0,scene-0103_018,Car,vehicle,17.934668893250223,30,1.0,19.901857201587923,11.579229192032866,15-30m
t_fwd,0.02,scene-0103_018,Car,vehicle,13.389500034981882,88,1.0,0.3010935429192234,20.755765227638054,<15m
t_fwd,0.02,scene-0103_018,Car,vehicle,22.922449599336687,32,1.0,0.5481199809612616,10.662830069317229,15-30m
t_fwd,0.02,scene-0103_018,Car,vehicle,8.422330005411304,127,1.0,1.8674046702492462,14.232989326303136,<15m
t_fwd,0.02,scene-0103_018,Car,vehicle,17.934668893250223,30,1.0,0.4878725788399211,11.579229192032866,15-30m
t_fwd,0.05,scene-0103_018,Car,vehicle,13.389500034981882,88,1.0,0.7508370423216805,20.755765227638054,<15m
t_fwd,0.05,scene-0103_018,Car,vehicle,22.922449599336687,32,1.0,1.3682093712549193,10.662830069317229,15-30m
t_fwd,0.05,scene-0103_018,Car,vehicle,8.422330005411304,127,1.0,4.648474556010603,14.232989326303136,<15m
t_fwd,0.05,scene-0103_018,Car,vehicle,17.934668893250223,30,1.0,1.217336478039905,11.579229192032866,15-30m
t_fwd,0.1,scene-0103_018,Car,vehicle,13.389500034981882,88,1.0,1.4953937138542774,20.755765227638054,<15m
t_fwd,0.1,scene-0103_018,Car,vehicle,22.922449599336687,32,1.0,2.729478417779691,10.662830069317229,15-30m
t_fwd,0.1,scene-0103_018,Car,vehicle,8.422330005411304,127,1.0,9.23091771726178,14.232989326303136,<15m
t_fwd,0.1,scene-0103_018,Car,vehicle,17.934668893250223,30,1.0,2.4268963397141934,11.579229192032866,15-30m
t_fwd,0.2,scene-0103_018,Car,vehicle,13.389500034981882,88,1.0,2.965978787893555,20.755765227638054,<15m
t_fwd,0.2,scene-0103_018,Car,vehicle,22.922449599336687,32,1.0,5.4314057030807374,10.662830069317229,15-30m
t_fwd,0.2,scene-0103_018,Car,vehicle,8.422330005411304,127,1.0,18.202013471656144,14.232989326303136,<15m
t_fwd,0.2,scene-0103_018,Car,vehicle,17.934668893250223,30,1.0,4.8229823945071635,11.579229192032866,15-30m
t_left,0.02,scene-0103_018,Car,vehicle,13.389500034981882,88,1.0,2.0541622350475857,20.755765227638054,<15m
t_left,0.02,scene-0103_018,Car,vehicle,22.922449599336687,32,1.0,1.2706870182862904,10.662830069317229,15-30m
t_left,0.02,scene-0103_018,Car,vehicle,8.422330005411304,127,1.0,3.5598543758468297,14.232989326303136,<15m
t_left,0.02,scene-0103_018,Car,vehicle,17.934668893250223,30,1.0,1.6097714335764182,11.579229192032866,15-30m
t_left,0.05,scene-0103_018,Car,vehicle,13.389500034981882,88,1.0,5.13526921072524,20.755765227638054,<15m
t_left,0.05,scene-0103_018,Car,vehicle,22.922449599336687,32,1.0,3.1766651856463413,10.662830069317229,15-30m
t_left,0.05,scene-0103_018,Car,vehicle,8.422330005411304,127,1.0,8.899229460528412,14.232989326303136,<15m
t_left,0.05,scene-0103_018,Car,vehicle,17.934668893250223,30,1.0,4.02434470815913,11.579229192032866,15-30m
t_left,0.1,scene-0103_018,Car,vehicle,13.389500034981882,88,1.0,10.270083863995703,20.755765227638054,<15m
t_left,0.1,scene-0103_018,Car,vehicle,22.922449599336687,32,1.0,6.3531558453986925,10.662830069317229,15-30m
t_left,0.1,scene-0103_018,Car,vehicle,8.422330005411304,127,1.0,17.79710415577288,14.232989326303136,<15m
t_left,0.1,scene-0103_018,Car,vehicle,17.934668893250223,30,1.0,8.048409845916963,11.579229192032866,15-30m
t_left,0.2,scene-0103_018,Car,vehicle,13.389500034981882,88,1.0,20.53834973956638,20.755765227638054,<15m
t_left,0.2,scene-0103_018,Car,vehicle,22.922449599336687,32,1.0,12.705613644749242,10.662830069317229,15-30m
t_left,0.2,scene-0103_018,Car,vehicle,8.422330005411304,127,1.0,35.58879048767044,14.232989326303136,<15m
t_left,0.2,scene-0103_018,Car,vehicle,17.934668893250223,30,1.0,16.095701526750734,11.579229192032866,15-30m
t_up,0.02,scene-0103_018,Car,vehicle,13.389500034981882,88,1.0,2.060212507642742,20.755765227638054,<15m
t_up,0.02,scene-0103_018,Car,vehicle,22.922449599336687,32,1.0,1.2798688654347083,10.662830069317229,15-30m
t_up,0.02,scene-0103_018,Car,vehicle,8.422330005411304,127,1.0,3.557143653164406,14.232989326303136,<15m
t_up,0.02,scene-0103_018,Car,vehicle,17.934668893250223,30,1.0,1.6176563959528225,11.579229192032866,15-30m
t_up,0.05,scene-0103_018,Car,vehicle,13.389500034981882,88,1.0,5.149837858571357,20.755765227638054,<15m
t_up,0.05,scene-0103_018,Car,vehicle,22.922449599336687,32,1.0,3.199404943007074,10.662830069317229,15-30m
t_up,0.05,scene-0103_018,Car,vehicle,8.422330005411304,127,1.0,8.89079269448794,14.232989326303136,<15m
t_up,0.05,scene-0103_018,Car,vehicle,17.934668893250223,30,1.0,4.043713914940193,11.579229192032866,15-30m
t_up,0.1,scene-0103_018,Car,vehicle,13.389500034981882,88,1.0,10.297365178310585,20.755765227638054,<15m
t_up,0.1,scene-0103_018,Car,vehicle,22.922449599336687,32,1.0,6.397919349093717,10.662830069317229,15-30m
t_up,0.1,scene-0103_018,Car,vehicle,8.422330005411304,127,1.0,17.77470152750794,14.232989326303136,<15m
t_up,0.1,scene-0103_018,Car,vehicle,17.934668893250223,30,1.0,8.086004647563584,11.579229192032866,15-30m
t_up,0.2,scene-0103_018,Car,vehicle,13.389500034981882,88,1.0,20.585494418417746,20.755765227638054,<15m
t_up,0.2,scene-0103_018,Car,vehicle,22.922449599336687,32,1.0,12.79227803734863,10.662830069317229,15-30m
t_up,0.2,scene-0103_018,Car,vehicle,8.422330005411304,127,0.937007874015748,35.521899564148676,14.232989326303136,<15m
t_up,0.2,scene-0103_018,Car,vehicle,17.934668893250223,30,1.0,16.16631957013133,11.579229192032866,15-30m
none,0.0,scene-0103_019,Car,vehicle,15.341025225646565,55,1.0,0.0,15.126669879996388,15-30m
none,0.0,scene-0103_019,Car,vehicle,22.116392877845456,29,1.0,0.0,11.412365978483514,15-30m
none,0.0,scene-0103_019,Car,vehicle,7.644204983558139,77,0.987012987012987,0.0,12.311103429028496,<15m
none,0.0,scene-0103_019,Car,vehicle,16.528192467198046,76,1.0,0.0,14.801935475390076,15-30m
yaw,0.25,scene-0103_019,Car,vehicle,15.341025225646565,55,1.0,5.755489311827528,15.126669879996388,15-30m
yaw,0.25,scene-0103_019,Car,vehicle,22.116392877845456,29,1.0,6.694273332155163,11.412365978483514,15-30m
yaw,0.25,scene-0103_019,Car,vehicle,7.644204983558139,77,1.0,7.616066096106072,12.311103429028496,<15m
yaw,0.25,scene-0103_019,Car,vehicle,16.528192467198046,76,1.0,6.227034894655098,14.801935475390076,15-30m
yaw,0.5,scene-0103_019,Car,vehicle,15.341025225646565,55,1.0,11.50874494083023,15.126669879996388,15-30m
yaw,0.5,scene-0103_019,Car,vehicle,22.116392877845456,29,1.0,13.414247199022904,11.412365978483514,15-30m
yaw,0.5,scene-0103_019,Car,vehicle,7.644204983558139,77,1.0,15.195710537500927,12.311103429028496,<15m
yaw,0.5,scene-0103_019,Car,vehicle,16.528192467198046,76,1.0,12.470620918842684,14.801935475390076,15-30m
yaw,1.0,scene-0103_019,Car,vehicle,15.341025225646565,55,0.9818181818181818,23.015493540553848,15.126669879996388,15-30m
yaw,1.0,scene-0103_019,Car,vehicle,22.116392877845456,29,0.9655172413793104,26.932974392346438,11.412365978483514,15-30m
yaw,1.0,scene-0103_019,Car,vehicle,7.644204983558139,77,1.0,30.248063878544784,12.311103429028496,<15m
yaw,1.0,scene-0103_019,Car,vehicle,16.528192467198046,76,1.0,25.00873534962711,14.801935475390076,15-30m
yaw,2.0,scene-0103_019,Car,vehicle,15.341025225646565,55,0.9818181818181818,46.05877786275899,15.126669879996388,15-30m
yaw,2.0,scene-0103_019,Car,vehicle,22.116392877845456,29,0.896551724137931,54.29759630460908,11.412365978483514,15-30m
yaw,2.0,scene-0103_019,Car,vehicle,7.644204983558139,77,0.935064935064935,59.94087030078253,12.311103429028496,<15m
yaw,2.0,scene-0103_019,Car,vehicle,16.528192467198046,76,0.9473684210526315,50.29793400276252,14.801935475390076,15-30m
yaw,3.0,scene-0103_019,Car,vehicle,15.341025225646565,55,0.9272727272727272,69.10295948373401,15.126669879996388,15-30m
yaw,3.0,scene-0103_019,Car,vehicle,22.116392877845456,29,0.896551724137931,82.12223389112383,11.412365978483514,15-30m
yaw,3.0,scene-0103_019,Car,vehicle,7.644204983558139,77,0.8441558441558441,89.1134993602335,12.311103429028496,<15m
yaw,3.0,scene-0103_019,Car,vehicle,16.528192467198046,76,0.8947368421052632,75.88910725140775,14.801935475390076,15-30m
pitch,0.25,scene-0103_019,Car,vehicle,15.341025225646565,55,1.0,5.7367465772273905,15.126669879996388,15-30m
pitch,0.25,scene-0103_019,Car,vehicle,22.116392877845456,29,1.0,5.667763603732563,11.412365978483514,15-30m
pitch,0.25,scene-0103_019,Car,vehicle,7.644204983558139,77,0.974025974025974,6.242245117992464,12.311103429028496,<15m
pitch,0.25,scene-0103_019,Car,vehicle,16.528192467198046,76,1.0,5.733614722322825,14.801935475390076,15-30m
pitch,0.5,scene-0103_019,Car,vehicle,15.341025225646565,55,1.0,11.47478018095396,15.126669879996388,15-30m
pitch,0.5,scene-0103_019,Car,vehicle,22.116392877845456,29,1.0,11.339886527860914,11.412365978483514,15-30m
pitch,0.5,scene-0103_019,Car,vehicle,7.644204983558139,77,0.974025974025974,12.49497115096057,12.311103429028496,<15m
pitch,0.5,scene-0103_019,Car,vehicle,16.528192467198046,76,1.0,11.472545758791306,14.801935475390076,15-30m
pitch,1.0,scene-0103_019,Car,vehicle,15.341025225646565,55,0.8363636363636363,22.956152194875695,15.126669879996388,15-30m
pitch,1.0,scene-0103_019,Car,vehicle,22.116392877845456,29,1.0,22.69820073696411,11.412365978483514,15-30m
pitch,1.0,scene-0103_019,Car,vehicle,7.644204983558139,77,0.948051948051948,25.038847602243678,12.311103429028496,<15m
pitch,1.0,scene-0103_019,Car,vehicle,16.528192467198046,76,1.0,22.96733348396405,14.801935475390076,15-30m
pitch,2.0,scene-0103_019,Car,vehicle,15.341025225646565,55,0.8363636363636363,45.96472049726777,15.126669879996388,15-30m
pitch,2.0,scene-0103_019,Car,vehicle,22.116392877845456,29,0.5517241379310345,45.478080642292355,11.412365978483514,15-30m
pitch,2.0,scene-0103_019,Car,vehicle,7.644204983558139,77,0.948051948051948,50.284064504768246,12.311103429028496,<15m
pitch,2.0,scene-0103_019,Car,vehicle,16.528192467198046,76,0.8421052631578947,46.03150353271239,14.801935475390076,15-30m
pitch,3.0,scene-0103_019,Car,vehicle,15.341025225646565,55,0.6181818181818182,69.04100314072647,15.126669879996388,15-30m
pitch,3.0,scene-0103_019,Car,vehicle,22.116392877845456,29,0.5517241379310345,68.35572062877857,11.412365978483514,15-30m
pitch,3.0,scene-0103_019,Car,vehicle,7.644204983558139,77,0.9090909090909091,75.73846851771344,12.311103429028496,<15m
pitch,3.0,scene-0103_019,Car,vehicle,16.528192467198046,76,0.42105263157894735,69.2084196577486,14.801935475390076,15-30m
roll,0.25,scene-0103_019,Car,vehicle,15.341025225646565,55,1.0,0.32309090626562825,15.126669879996388,15-30m
roll,0.25,scene-0103_019,Car,vehicle,22.116392877845456,29,1.0,2.416854149402647,11.412365978483514,15-30m
roll,0.25,scene-0103_019,Car,vehicle,7.644204983558139,77,1.0,2.9594380061134316,12.311103429028496,<15m
roll,0.25,scene-0103_019,Car,vehicle,16.528192467198046,76,1.0,1.7012210339743123,14.801935475390076,15-30m
roll,0.5,scene-0103_019,Car,vehicle,15.341025225646565,55,1.0,0.6461760081383948,15.126669879996388,15-30m
roll,0.5,scene-0103_019,Car,vehicle,22.116392877845456,29,1.0,4.833434699236875,11.412365978483514,15-30m
roll,0.5,scene-0103_019,Car,vehicle,7.644204983558139,77,1.0,5.919217580513741,12.311103429028496,<15m
roll,0.5,scene-0103_019,Car,vehicle,16.528192467198046,76,1.0,3.402303798296754,14.801935475390076,15-30m
roll,1.0,scene-0103_019,Car,vehicle,15.341025225646565,55,1.0,1.2923227252270784,15.126669879996388,15-30m
roll,1.0,scene-0103_019,Car,vehicle,22.116392877845456,29,1.0,9.665729581291917,11.412365978483514,15-30m
roll,1.0,scene-0103_019,Car,vehicle,7.644204983558139,77,1.0,11.839741563904171,12.311103429028496,<15m
roll,1.0,scene-0103_019,Car,vehicle,16.528192467198046,76,1.0,6.804022115881118,14.801935475390076,15-30m
roll,2.0,scene-0103_019,Car,vehicle,15.341025225646565,55,1.0,2.584479710839172,15.126669879996388,15-30m
roll,2.0,scene-0103_019,Car,vehicle,22.116392877845456,29,1.0,19.326537244901186,11.412365978483514,15-30m
roll,2.0,scene-0103_019,Car,vehicle,7.644204983558139,77,1.0,23.6842288076144,12.311103429028496,<15m
roll,2.0,scene-0103_019,Car,vehicle,16.528192467198046,76,1.0,13.605443445750367,14.801935475390076,15-30m
roll,3.0,scene-0103_019,Car,vehicle,15.341025225646565,55,1.0,3.876373843712331,15.126669879996388,15-30m
roll,3.0,scene-0103_019,Car,vehicle,22.116392877845456,29,0.896551724137931,28.981699713679564,11.412365978483514,15-30m
roll,3.0,scene-0103_019,Car,vehicle,7.644204983558139,77,1.0,35.53249913393594,12.311103429028496,<15m
roll,3.0,scene-0103_019,Car,vehicle,16.528192467198046,76,1.0,20.40374728642594,14.801935475390076,15-30m
t_fwd,0.02,scene-0103_019,Car,vehicle,15.341025225646565,55,1.0,0.10086956580382506,15.126669879996388,15-30m
t_fwd,0.02,scene-0103_019,Car,vehicle,22.116392877845456,29,1.0,0.582271720827748,11.412365978483514,15-30m
t_fwd,0.02,scene-0103_019,Car,vehicle,7.644204983558139,77,1.0,2.0147435065607646,12.311103429028496,<15m
t_fwd,0.02,scene-0103_019,Car,vehicle,16.528192467198046,76,1.0,0.5358245003133232,14.801935475390076,15-30m
t_fwd,0.05,scene-0103_019,Car,vehicle,15.341025225646565,55,1.0,0.25158764700482583,15.126669879996388,15-30m
t_fwd,0.05,scene-0103_019,Car,vehicle,22.116392877845456,29,1.0,1.4533754188313448,11.412365978483514,15-30m
t_fwd,0.05,scene-0103_019,Car,vehicle,7.644204983558139,77,1.0,5.014354375546496,12.311103429028496,<15m
t_fwd,0.05,scene-0103_019,Car,vehicle,16.528192467198046,76,1.0,1.3367849261429483,14.801935475390076,15-30m
t_fwd,0.1,scene-0103_019,Car,vehicle,15.341025225646565,55,1.0,0.5012331376645726,15.126669879996388,15-30m
t_fwd,0.1,scene-0103_019,Car,vehicle,22.116392877845456,29,1.0,2.899103553364782,11.412365978483514,15-30m
t_fwd,0.1,scene-0103_019,Car,vehicle,7.644204983558139,77,1.0,9.95458127134065,12.311103429028496,<15m
t_fwd,0.1,scene-0103_019,Car,vehicle,16.528192467198046,76,1.0,2.6643664096064557,14.801935475390076,15-30m
t_fwd,0.2,scene-0103_019,Car,vehicle,15.341025225646565,55,1.0,0.9947869168804198,15.126669879996388,15-30m
t_fwd,0.2,scene-0103_019,Car,vehicle,22.116392877845456,29,1.0,5.767858134006686,11.412365978483514,15-30m
t_fwd,0.2,scene-0103_019,Car,vehicle,7.644204983558139,77,1.0,19.61913182522309,12.311103429028496,<15m
t_fwd,0.2,scene-0103_019,Car,vehicle,16.528192467198046,76,1.0,5.292296638951727,14.801935475390076,15-30m
t_left,0.02,scene-0103_019,Car,vehicle,15.341025225646565,55,1.0,1.8430853144765462,15.126669879996388,15-30m
t_left,0.02,scene-0103_019,Car,vehicle,22.116392877845456,29,1.0,1.3090731062046648,11.412365978483514,15-30m
t_left,0.02,scene-0103_019,Car,vehicle,7.644204983558139,77,1.0,3.7866768019578694,12.311103429028496,<15m
t_left,0.02,scene-0103_019,Car,vehicle,16.528192467198046,76,1.0,1.7058791863616882,14.801935475390076,15-30m
t_left,0.05,scene-0103_019,Car,vehicle,15.341025225646565,55,1.0,4.607604151097459,15.126669879996388,15-30m
t_left,0.05,scene-0103_019,Car,vehicle,22.116392877845456,29,1.0,3.272627459570644,11.412365978483514,15-30m
t_left,0.05,scene-0103_019,Car,vehicle,7.644204983558139,77,1.0,9.466234025797466,12.311103429028496,<15m
t_left,0.05,scene-0103_019,Car,vehicle,16.528192467198046,76,1.0,4.26460416971177,14.801935475390076,15-30m
t_left,0.1,scene-0103_019,Car,vehicle,15.341025225646565,55,1.0,9.214844541523977,15.126669879996388,15-30m
t_left,0.1,scene-0103_019,Car,vehicle,22.116392877845456,29,1.0,6.545070574312572,11.412365978483514,15-30m
t_left,0.1,scene-0103_019,Car,vehicle,7.644204983558139,77,1.0,18.930941651531125,12.311103429028496,<15m
t_left,0.1,scene-0103_019,Car,vehicle,16.528192467198046,76,1.0,8.528895703784654,14.801935475390076,15-30m
t_left,0.2,scene-0103_019,Car,vehicle,15.341025225646565,55,0.9818181818181818,18.42823421265889,15.126669879996388,15-30m
t_left,0.2,scene-0103_019,Car,vehicle,22.116392877845456,29,1.0,13.089403831610003,11.412365978483514,15-30m
t_left,0.2,scene-0103_019,Car,vehicle,7.644204983558139,77,1.0,37.85577917933088,12.311103429028496,<15m
t_left,0.2,scene-0103_019,Car,vehicle,16.528192467198046,76,1.0,17.056541002518934,14.801935475390076,15-30m
t_up,0.02,scene-0103_019,Car,vehicle,15.341025225646565,55,1.0,1.8432371962510765,15.126669879996388,15-30m
t_up,0.02,scene-0103_019,Car,vehicle,22.116392877845456,29,1.0,1.3182640100930247,11.412365978483514,15-30m
t_up,0.02,scene-0103_019,Car,vehicle,7.644204983558139,77,0.987012987012987,3.798359973974203,12.311103429028496,<15m
t_up,0.02,scene-0103_019,Car,vehicle,16.528192467198046,76,1.0,1.7160982870566357,14.801935475390076,15-30m
t_up,0.05,scene-0103_019,Car,vehicle,15.341025225646565,55,1.0,4.607539945256606,15.126669879996388,15-30m
t_up,0.05,scene-0103_019,Car,vehicle,22.116392877845456,29,1.0,3.295376957307384,11.412365978483514,15-30m
t_up,0.05,scene-0103_019,Car,vehicle,7.644204983558139,77,0.987012987012987,9.493565558413975,12.311103429028496,<15m
t_up,0.05,scene-0103_019,Car,vehicle,16.528192467198046,76,1.0,4.289766156001817,14.801935475390076,15-30m
t_up,0.1,scene-0103_019,Car,vehicle,15.341025225646565,55,1.0,9.2132369958194,15.126669879996388,15-30m
t_up,0.1,scene-0103_019,Car,vehicle,22.116392877845456,29,1.0,6.58981057094863,11.412365978483514,15-30m
t_up,0.1,scene-0103_019,Car,vehicle,7.644204983558139,77,1.0,18.979354960641015,12.311103429028496,<15m
t_up,0.1,scene-0103_019,Car,vehicle,16.528192467198046,76,1.0,8.577934249605434,14.801935475390076,15-30m
t_up,0.2,scene-0103_019,Car,vehicle,15.341025225646565,55,1.0,18.419106833750842,15.126669879996388,15-30m
t_up,0.2,scene-0103_019,Car,vehicle,22.116392877845456,29,1.0,13.175849387034173,11.412365978483514,15-30m
t_up,0.2,scene-0103_019,Car,vehicle,7.644204983558139,77,0.974025974025974,37.92764348183989,12.311103429028496,<15m
t_up,0.2,scene-0103_019,Car,vehicle,16.528192467198046,76,1.0,17.149479820235218,14.801935475390076,15-30m
none,0.0,scene-0103_020,Car,vehicle,17.406968163269855,18,1.0,0.0,10.658109735680187,15-30m
none,0.0,scene-0103_020,Car,vehicle,21.211648273451345,20,1.0,0.0,12.319890546119854,15-30m
none,0.0,scene-0103_020,Car,vehicle,6.8161557567941085,51,1.0,0.0,9.208682733711973,<15m
none,0.0,scene-0103_020,Car,vehicle,15.084281932228683,102,1.0,0.0,18.68782139975309,15-30m
yaw,0.25,scene-0103_020,Car,vehicle,17.406968163269855,18,1.0,5.71433255465645,10.658109735680187,15-30m
yaw,0.25,scene-0103_020,Car,vehicle,21.211648273451345,20,1.0,6.968535796707403,12.319890546119854,15-30m
yaw,0.25,scene-0103_020,Car,vehicle,6.8161557567941085,51,1.0,7.78151492712129,9.208682733711973,<15m
yaw,0.25,scene-0103_020,Car,vehicle,15.084281932228683,102,1.0,6.372416149107238,18.68782139975309,15-30m
yaw,0.5,scene-0103_020,Car,vehicle,17.406968163269855,18,1.0,11.426540627882364,10.658109735680187,15-30m
yaw,0.5,scene-0103_020,Car,vehicle,21.211648273451345,20,1.0,13.9671868921558,12.319890546119854,15-30m
yaw,0.5,scene-0103_020,Car,vehicle,6.8161557567941085,51,1.0,15.523979060997195,9.208682733711973,<15m
yaw,0.5,scene-0103_020,Car,vehicle,15.084281932228683,102,1.0,12.764063654192269,18.68782139975309,15-30m
yaw,1.0,scene-0103_020,Car,vehicle,17.406968163269855,18,1.0,22.84551248812739,10.658109735680187,15-30m
yaw,1.0,scene-0103_020,Car,vehicle,21.211648273451345,20,0.95,28.056747498681787,12.319890546119854,15-30m
yaw,1.0,scene-0103_020,Car,vehicle,6.8161557567941085,51,1.0,30.894239183053852,9.208682733711973,<15m
yaw,1.0,scene-0103_020,Car,vehicle,15.084281932228683,102,1.0,25.60645148802198,18.68782139975309,15-30m
yaw,2.0,scene-0103_020,Car,vehicle,17.406968163269855,18,0.8333333333333334,45.67638313493471,10.658109735680187,15-30m
yaw,2.0,scene-0103_020,Car,vehicle,21.211648273451345,20,0.8,56.61866754106363,12.319890546119854,15-30m
yaw,2.0,scene-0103_020,Car,vehicle,6.8161557567941085,51,0.9215686274509803,61.19296441163295,9.208682733711973,<15m
yaw,2.0,scene-0103_020,Car,vehicle,15.084281932228683,102,0.9607843137254902,51.53760232854148,18.68782139975309,15-30m
yaw,3.0,scene-0103_020,Car,vehicle,17.406968163269855,18,0.7777777777777778,68.5218198501662,10.658109735680187,15-30m
yaw,3.0,scene-0103_020,Car,vehicle,21.211648273451345,20,0.65,85.71824735015322,12.319890546119854,15-30m
yaw,3.0,scene-0103_020,Car,vehicle,6.8161557567941085,51,0.7843137254901961,90.9335065469607,9.208682733711973,<15m
yaw,3.0,scene-0103_020,Car,vehicle,15.084281932228683,102,0.9019607843137255,77.81689566898373,18.68782139975309,15-30m
pitch,0.25,scene-0103_020,Car,vehicle,17.406968163269855,18,1.0,5.707185894524707,10.658109735680187,15-30m
pitch,0.25,scene-0103_020,Car,vehicle,21.211648273451345,20,1.0,5.687584803164816,12.319890546119854,15-30m
pitch,0.25,scene-0103_020,Car,vehicle,6.8161557567941085,51,1.0,6.263454491826685,9.208682733711973,<15m
pitch,0.25,scene-0103_020,Car,vehicle,15.084281932228683,102,1.0,5.77339376678944,18.68782139975309,15-30m
pitch,0.5,scene-0103_020,Car,vehicle,17.406968163269855,18,1.0,11.415700522220764,10.658109735680187,15-30m
pitch,0.5,scene-0103_020,Car,vehicle,21.211648273451345,20,1.0,11.380507196644107,12.319890546119854,15-30m
pitch,0.5,scene-0103_020,Car,vehicle,6.8161557567941085,51,0.9803921568627451,12.540433186678356,9.208682733711973,<15m
pitch,0.5,scene-0103_020,Car,vehicle,15.084281932228683,102,1.0,11.552956381220739,18.68782139975309,15-30m
pitch,1.0,scene-0103_020,Car,vehicle,17.406968163269855,18,1.0,22.83764576652586,10.658109735680187,15-30m
pitch,1.0,scene-0103_020,Car,vehicle,21.211648273451345,20,1.0,22.78339006997305,12.319890546119854,15-30m
pitch,1.0,scene-0103_020,Car,vehicle,6.8161557567941085,51,0.9803921568627451,25.145968294799644,9.208682733711973,<15m
pitch,1.0,scene-0103_020,Car,vehicle,15.084281932228683,102,1.0,23.131441020774446,18.68782139975309,15-30m
pitch,2.0,scene-0103_020,Car,vehicle,17.406968163269855,18,0.8333333333333334,45.707989602076026,10.658109735680187,15-30m
pitch,2.0,scene-0103_020,Car,vehicle,21.211648273451345,20,0.9,45.66453986999565,12.319890546119854,15-30m
pitch,2.0,scene-0103_020,Car,vehicle,6.8161557567941085,51,0.9607843137254902,50.51440640796571,9.208682733711973,<15m
pitch,2.0,scene-0103_020,Car,vehicle,15.084281932228683,102,1.0,46.37289533488206,18.68782139975309,15-30m
pitch,3.0,scene-0103_020,Car,vehicle,17.406968163269855,18,0.7222222222222222,68.62747550901705,10.658109735680187,15-30m
pitch,3.0,scene-0103_020,Car,vehicle,21.211648273451345,20,0.5,68.66013472544299,12.319890546119854,15-30m
pitch,3.0,scene-0103_020,Car,vehicle,6.8161557567941085,51,0.9215686274509803,76.12597372782511,9.208682733711973,<15m
pitch,3.0,scene-0103_020,Car,vehicle,15.084281932228683,102,0.6764705882352942,69.72793417471121,18.68782139975309,15-30m
roll,0.25,scene-0103_020,Car,vehicle,17.406968163269855,18,1.0,0.23478792497610135,10.658109735680187,15-30m
roll,0.25,scene-0103_020,Car,vehicle,21.211648273451345,20,1.0,2.7056467879820394,12.319890546119854,15-30m
roll,0.25,scene-0103_020,Car,vehicle,6.8161557567941085,51,1.0,3.1156520588109773,9.208682733711973,<15m
roll,0.25,scene-0103_020,Car,vehicle,15.084281932228683,102,1.0,1.9080740692111124,18.68782139975309,15-30m
roll,0.5,scene-0103_020,Car,vehicle,17.406968163269855,18,1.0,0.46957713684877006,10.658109735680187,15-30m
roll,0.5,scene-0103_020,Car,vehicle,21.211648273451345,20,1.0,5.410952276242745,12.319890546119854,15-30m
roll,0.5,scene-0103_020,Car,vehicle,6.8161557567941085,51,1.0,6.231657423494109,9.208682733711973,<15m
roll,0.5,scene-0103_020,Car,vehicle,15.084281932228683,102,1.0,3.81597517556171,18.68782139975309,15-30m
roll,1.0,scene-0103_020,Car,vehicle,17.406968163269855,18,1.0,0.9391549639724659,10.658109735680187,15-30m
roll,1.0,scene-0103_020,Car,vehicle,21.211648273451345,20,1.0,10.820488946164943,12.319890546119854,15-30m
roll,1.0,scene-0103_020,Car,vehicle,6.8161557567941085,51,1.0,12.464663301859142,9.208682733711973,<15m
roll,1.0,scene-0103_020,Car,vehicle,15.084281932228683,102,1.0,7.63122242557246,18.68782139975309,15-30m
roll,2.0,scene-0103_020,Car,vehicle,17.406968163269855,18,1.0,1.878277025029814,10.658109735680187,15-30m
roll,2.0,scene-0103_020,Car,vehicle,21.211648273451345,20,0.85,21.63491308171178,12.319890546119854,15-30m
roll,2.0,scene-0103_020,Car,vehicle,6.8161557567941085,51,1.0,24.93420125624642,9.208682733711973,<15m
roll,2.0,scene-0103_020,Car,vehicle,15.084281932228683,102,1.0,15.25924499824718,18.68782139975309,15-30m
roll,3.0,scene-0103_020,Car,vehicle,17.406968163269855,18,1.0,2.8172948411909875,10.658109735680187,15-30m
roll,3.0,scene-0103_020,Car,vehicle,21.211648273451345,20,0.85,32.44247014694179,12.319890546119854,15-30m
roll,3.0,scene-0103_020,Car,vehicle,6.8161557567941085,51,1.0,37.40757266684601,9.208682733711973,<15m
roll,3.0,scene-0103_020,Car,vehicle,15.084281932228683,102,0.9019607843137255,22.883492692800367,18.68782139975309,15-30m
t_fwd,0.02,scene-0103_020,Car,vehicle,17.406968163269855,18,1.0,0.0959491268677547,10.658109735680187,15-30m
t_fwd,0.02,scene-0103_020,Car,vehicle,21.211648273451345,20,1.0,0.6921748207109657,12.319890546119854,15-30m
t_fwd,0.02,scene-0103_020,Car,vehicle,6.8161557567941085,51,1.0,2.2063143994242918,9.208682733711973,<15m
t_fwd,0.02,scene-0103_020,Car,vehicle,15.084281932228683,102,1.0,0.6408826485572899,18.68782139975309,15-30m
t_fwd,0.05,scene-0103_020,Car,vehicle,17.406968163269855,18,1.0,0.23939578453754615,10.658109735680187,15-30m
t_fwd,0.05,scene-0103_020,Car,vehicle,21.211648273451345,20,1.0,1.7275314384096307,12.319890546119854,15-30m
t_fwd,0.05,scene-0103_020,Car,vehicle,6.8161557567941085,51,1.0,5.489815078830772,9.208682733711973,<15m
t_fwd,0.05,scene-0103_020,Car,vehicle,15.084281932228683,102,1.0,1.5987907647882893,18.68782139975309,15-30m
t_fwd,0.1,scene-0103_020,Car,vehicle,17.406968163269855,18,1.0,0.47720986508260826,10.658109735680187,15-30m
t_fwd,0.1,scene-0103_020,Car,vehicle,21.211648273451345,20,1.0,3.4454207803225443,12.319890546119854,15-30m
t_fwd,0.1,scene-0103_020,Car,vehicle,6.8161557567941085,51,1.0,10.894138924679075,9.208682733711973,<15m
t_fwd,0.1,scene-0103_020,Car,vehicle,15.084281932228683,102,1.0,3.1862600158035423,18.68782139975309,15-30m
t_fwd,0.2,scene-0103_020,Car,vehicle,17.406968163269855,18,1.0,0.9481552052978013,10.658109735680187,15-30m
t_fwd,0.2,scene-0103_020,Car,vehicle,21.211648273451345,20,1.0,6.852594536845421,12.319890546119854,15-30m
t_fwd,0.2,scene-0103_020,Car,vehicle,6.8161557567941085,51,1.0,21.45417840553481,9.208682733711973,<15m
t_fwd,0.2,scene-0103_020,Car,vehicle,15.084281932228683,102,1.0,6.327712866891336,18.68782139975309,15-30m
t_left,0.02,scene-0103_020,Car,vehicle,17.406968163269855,18,1.0,1.6588729580856056,10.658109735680187,15-30m
t_left,0.02,scene-0103_020,Car,vehicle,21.211648273451345,20,1.0,1.392631469235812,12.319890546119854,15-30m
t_left,0.02,scene-0103_020,Car,vehicle,6.8161557567941085,51,1.0,3.9821567504874436,9.208682733711973,<15m
t_left,0.02,scene-0103_020,Car,vehicle,15.084281932228683,102,1.0,1.8181310264954265,18.68782139975309,15-30m
t_left,0.05,scene-0103_020,Car,vehicle,17.406968163269855,18,1.0,4.14709602318298,10.658109735680187,15-30m
t_left,0.05,scene-0103_020,Car,vehicle,21.211648273451345,20,1.0,3.4815174321324953,12.319890546119854,15-30m
t_left,0.05,scene-0103_020,Car,vehicle,6.8161557567941085,51,1.0,9.954896992358876,9.208682733711973,<15m
t_left,0.05,scene-0103_020,Car,vehicle,15.084281932228683,102,1.0,4.5452234509565494,18.68782139975309,15-30m
t_left,0.1,scene-0103_020,Car,vehicle,17.406968163269855,18,1.0,8.293904155584883,10.658109735680187,15-30m
t_left,0.1,scene-0103_020,Car,vehicle,21.211648273451345,20,1.0,6.962830737321031,12.319890546119854,15-30m
t_left,0.1,scene-0103_020,Car,vehicle,6.8161557567941085,51,1.0,19.90814459050548,9.208682733711973,<15m
t_left,0.1,scene-0103_020,Car,vehicle,15.084281932228683,102,1.0,9.090099872171518,18.68782139975309,15-30m
t_left,0.2,scene-0103_020,Car,vehicle,17.406968163269855,18,1.0,16.586656867949124,10.658109735680187,15-30m
t_left,0.2,scene-0103_020,Car,vehicle,21.211648273451345,20,1.0,13.924845038702093,12.319890546119854,15-30m
t_left,0.2,scene-0103_020,Car,vehicle,6.8161557567941085,51,1.0,39.80969324358738,9.208682733711973,<15m
t_left,0.2,scene-0103_020,Car,vehicle,15.084281932228683,102,1.0,18.178811784342127,18.68782139975309,15-30m
t_up,0.02,scene-0103_020,Car,vehicle,17.406968163269855,18,1.0,1.6568434867131896,10.658109735680187,15-30m
t_up,0.02,scene-0103_020,Car,vehicle,21.211648273451345,20,1.0,1.4045987365485342,12.319890546119854,15-30m
t_up,0.02,scene-0103_020,Car,vehicle,6.8161557567941085,51,1.0,3.9808521493603357,9.208682733711973,<15m
t_up,0.02,scene-0103_020,Car,vehicle,15.084281932228683,102,1.0,1.8311252301731398,18.68782139975309,15-30m
t_up,0.05,scene-0103_020,Car,vehicle,17.406968163269855,18,1.0,4.14165862892375,10.658109735680187,15-30m
t_up,0.05,scene-0103_020,Car,vehicle,21.211648273451345,20,1.0,3.5111745598219715,12.319890546119854,15-30m
t_up,0.05,scene-0103_020,Car,vehicle,6.8161557567941085,51,1.0,9.949549726808588,9.208682733711973,<15m
t_up,0.05,scene-0103_020,Car,vehicle,15.084281932228683,102,1.0,4.577265989533375,18.68782139975309,15-30m
t_up,0.1,scene-0103_020,Car,vehicle,17.406968163269855,18,1.0,8.281817399635855,10.658109735680187,15-30m
t_up,0.1,scene-0103_020,Car,vehicle,21.211648273451345,20,1.0,7.021275110806172,12.319890546119854,15-30m
t_up,0.1,scene-0103_020,Car,vehicle,6.8161557567941085,51,1.0,19.89050324398055,9.208682733711973,<15m
t_up,0.1,scene-0103_020,Car,vehicle,15.084281932228683,102,1.0,9.152708940462619,18.68782139975309,15-30m
t_up,0.2,scene-0103_020,Car,vehicle,17.406968163269855,18,1.0,16.55763862419475,10.658109735680187,15-30m
t_up,0.2,scene-0103_020,Car,vehicle,21.211648273451345,20,1.0,14.038256157627021,12.319890546119854,15-30m
t_up,0.2,scene-0103_020,Car,vehicle,6.8161557567941085,51,1.0,39.746666172655075,9.208682733711973,<15m
t_up,0.2,scene-0103_020,Car,vehicle,15.084281932228683,102,1.0,18.298130081338584,18.68782139975309,15-30m
none,0.0,scene-0103_021,Car,vehicle,19.210928298697098,16,1.0,0.0,7.295912675327742,15-30m
none,0.0,scene-0103_021,Car,vehicle,35.94372049937147,10,1.0,0.0,3.2933282172858167,>30m
none,0.0,scene-0103_021,Car,vehicle,20.08700346310652,14,1.0,0.0,13.663286601299234,15-30m
none,0.0,scene-0103_021,Car,vehicle,13.593797540586992,146,1.0,0.0,22.757466366594624,<15m
yaw,0.25,scene-0103_021,Car,vehicle,19.210928298697098,16,1.0,5.718558143176665,7.295912675327742,15-30m
yaw,0.25,scene-0103_021,Car,vehicle,35.94372049937147,10,1.0,5.757294198641834,3.2933282172858167,>30m
yaw,0.25,scene-0103_021,Car,vehicle,20.08700346310652,14,1.0,7.372548022553118,13.663286601299234,15-30m
yaw,0.25,scene-0103_021,Car,vehicle,13.593797540586992,146,1.0,6.6779129196507645,22.757466366594624,<15m
yaw,0.5,scene-0103_021,Car,vehicle,19.210928298697098,16,1.0,11.433787602607058,7.295912675327742,15-30m
yaw,0.5,scene-0103_021,Car,vehicle,35.94372049937147,10,0.9,11.505545793414395,3.2933282172858167,>30m
yaw,0.5,scene-0103_021,Car,vehicle,20.08700346310652,14,1.0,14.781510561606071,13.663286601299234,15-30m
yaw,0.5,scene-0103_021,Car,vehicle,13.593797540586992,146,1.0,13.379974341617544,22.757466366594624,<15m
yaw,1.0,scene-0103_021,Car,vehicle,19.210928298697098,16,0.9375,22.853021024611813,7.295912675327742,15-30m
yaw,1.0,scene-0103_021,Car,vehicle,35.94372049937147,10,0.7,22.97590246506275,3.2933282172858167,>30m
yaw,1.0,scene-0103_021,Car,vehicle,20.08700346310652,14,0.8571428571428571,29.710959638725235,13.663286601299234,15-30m
yaw,1.0,scene-0103_021,Car,vehicle,13.593797540586992,146,0.9863013698630136,26.858177597788988,22.757466366594624,<15m
yaw,2.0,scene-0103_021,Car,vehicle,19.210928298697098,16,0.8125,45.651553634879306,7.295912675327742,15-30m
yaw,2.0,scene-0103_021,Car,vehicle,35.94372049937147,10,0.4,45.818820866997086,3.2933282172858167,>30m
yaw,2.0,scene-0103_021,Car,vehicle,20.08700346310652,14,0.6428571428571429,60.03241020074285,13.663286601299234,15-30m
yaw,2.0,scene-0103_021,Car,vehicle,13.593797540586992,146,0.9657534246575342,54.1014303427989,22.757466366594624,<15m
yaw,3.0,scene-0103_021,Car,vehicle,19.210928298697098,16,0.6875,68.41043223896258,7.295912675327742,15-30m
yaw,3.0,scene-0103_021,Car,vehicle,35.94372049937147,10,0.0,68.54409218481149,3.2933282172858167,>30m
yaw,3.0,scene-0103_021,Car,vehicle,20.08700346310652,14,0.5,83.06257879514877,13.663286601299234,15-30m
yaw,3.0,scene-0103_021,Car,vehicle,13.593797540586992,146,0.9246575342465754,81.59275820953471,22.757466366594624,<15m
pitch,0.25,scene-0103_021,Car,vehicle,19.210928298697098,16,1.0,5.707212268963594,7.295912675327742,15-30m
pitch,0.25,scene-0103_021,Car,vehicle,35.94372049937147,10,1.0,5.595384023940894,3.2933282172858167,>30m
pitch,0.25,scene-0103_021,Car,vehicle,20.08700346310652,14,1.0,5.69508132426185,13.663286601299234,15-30m
pitch,0.25,scene-0103_021,Car,vehicle,13.593797540586992,146,1.0,5.811687051272745,22.757466366594624,<15m
pitch,0.5,scene-0103_021,Car,vehicle,19.210928298697098,16,1.0,11.418274920665333,7.295912675327742,15-30m
pitch,0.5,scene-0103_021,Car,vehicle,35.94372049937147,10,0.2,11.193539156127297,3.2933282172858167,>30m
pitch,0.5,scene-0103_021,Car,vehicle,20.08700346310652,14,1.0,11.395709710193838,13.663286601299234,15-30m
pitch,0.5,scene-0103_021,Car,vehicle,13.593797540586992,146,1.0,11.629803553767685,22.757466366594624,<15m
pitch,1.0,scene-0103_021,Car,vehicle,19.210928298697098,16,1.0,22.852891168975862,7.295912675327742,15-30m
pitch,1.0,scene-0103_021,Car,vehicle,35.94372049937147,10,0.2,22.399060662591133,3.2933282172858167,>30m
pitch,1.0,scene-0103_021,Car,vehicle,20.08700346310652,14,1.0,22.814658478832268,13.663286601299234,15-30m
pitch,1.0,scene-0103_021,Car,vehicle,13.593797540586992,146,1.0,23.284853865553536,22.757466366594624,<15m
pitch,2.0,scene-0103_021,Car,vehicle,19.210928298697098,16,0.3125,45.778707020687804,7.295912675327742,15-30m
pitch,2.0,scene-0103_021,Car,vehicle,35.94372049937147,10,0.0,44.853263336487075,3.2933282172858167,>30m
pitch,2.0,scene-0103_021,Car,vehicle,20.08700346310652,14,0.9285714285714286,45.73073631147834,13.663286601299234,15-30m
pitch,2.0,scene-0103_021,Car,vehicle,13.593797540586992,146,0.9931506849315068,46.68447658428368,22.757466366594624,<15m
pitch,3.0,scene-0103_021,Car,vehicle,19.210928298697098,16,0.3125,68.79269735885818,7.295912675327742,15-30m
pitch,3.0,scene-0103_021,Car,vehicle,35.94372049937147,10,0.0,67.37712965447507,3.2933282172858167,>30m
pitch,3.0,scene-0103_021,Car,vehicle,20.08700346310652,14,0.5,68.7653375585482,13.663286601299234,15-30m
pitch,3.0,scene-0103_021,Car,vehicle,13.593797540586992,146,0.8013698630136986,70.21358696446467,22.757466366594624,<15m
roll,0.25,scene-0103_021,Car,vehicle,19.210928298697098,16,1.0,0.3804919827700953,7.295912675327742,15-30m
roll,0.25,scene-0103_021,Car,vehicle,35.94372049937147,10,1.0,0.943814193023504,3.2933282172858167,>30m
roll,0.25,scene-0103_021,Car,vehicle,20.08700346310652,14,1.0,3.084794545949391,13.663286601299234,15-30m
roll,0.25,scene-0103_021,Car,vehicle,13.593797540586992,146,1.0,2.2889806392554775,22.757466366594624,<15m
roll,0.5,scene-0103_021,Car,vehicle,19.210928298697098,16,1.0,0.7609866772903577,7.295912675327742,15-30m
roll,0.5,scene-0103_021,Car,vehicle,35.94372049937147,10,1.0,1.8876607166181736,3.2933282172858167,>30m
roll,0.5,scene-0103_021,Car,vehicle,20.08700346310652,14,1.0,6.169147262717903,13.663286601299234,15-30m
roll,0.5,scene-0103_021,Car,vehicle,13.593797540586992,146,1.0,4.577715793235905,22.757466366594624,<15m
roll,1.0,scene-0103_021,Car,vehicle,19.210928298697098,16,1.0,1.5219768659275141,7.295912675327742,15-30m
roll,1.0,scene-0103_021,Car,vehicle,35.94372049937147,10,1.0,3.7754324827652948,3.2933282172858167,>30m
roll,1.0,scene-0103_021,Car,vehicle,20.08700346310652,14,1.0,12.336470127065649,13.663286601299234,15-30m
roll,1.0,scene-0103_021,Car,vehicle,13.593797540586992,146,1.0,9.154406639472288,22.757466366594624,<15m
roll,2.0,scene-0103_021,Car,vehicle,19.210928298697098,16,1.0,3.0439090814343768,7.295912675327742,15-30m
roll,2.0,scene-0103_021,Car,vehicle,35.94372049937147,10,1.0,7.551162886405689,3.2933282172858167,>30m
roll,2.0,scene-0103_021,Car,vehicle,20.08700346310652,14,0.5714285714285714,24.665187138543775,13.663286601299234,15-30m
roll,2.0,scene-0103_021,Car,vehicle,13.593797540586992,146,0.9315068493150684,18.304370072719387,22.757466366594624,<15m
roll,3.0,scene-0103_021,Car,vehicle,19.210928298697098,16,1.0,4.565679228112664,7.295912675327742,15-30m
roll,3.0,scene-0103_021,Car,vehicle,35.94372049937147,10,0.2,11.326898393216979,3.2933282172858167,>30m
roll,3.0,scene-0103_021,Car,vehicle,20.08700346310652,14,0.5714285714285714,36.98524323445827,13.663286601299234,15-30m
roll,3.0,scene-0103_021,Car,vehicle,13.593797540586992,146,0.9246575342465754,27.4492052739825,22.757466366594624,<15m
t_fwd,0.02,scene-0103_021,Car,vehicle,19.210928298697098,16,1.0,0.09902789423644144,7.295912675327742,15-30m
t_fwd,0.02,scene-0103_021,Car,vehicle,35.94372049937147,10,1.0,0.12795019522757814,3.2933282172858167,>30m
t_fwd,0.02,scene-0103_021,Car,vehicle,20.08700346310652,14,1.0,0.840748414288502,13.663286601299234,15-30m
t_fwd,0.02,scene-0103_021,Car,vehicle,13.593797540586992,146,1.0,0.8741116411746761,22.757466366594624,<15m
t_fwd,0.05,scene-0103_021,Car,vehicle,19.210928298697098,16,1.0,0.2471234528817275,7.295912675327742,15-30m
t_fwd,0.05,scene-0103_021,Car,vehicle,35.94372049937147,10,1.0,0.31959228284827834,3.2933282172858167,>30m
t_fwd,0.05,scene-0103_021,Car,vehicle,20.08700346310652,14,1.0,2.0981066686710075,13.663286601299234,15-30m
t_fwd,0.05,scene-0103_021,Car,vehicle,13.593797540586992,146,1.0,2.1797307724575887,22.757466366594624,<15m
t_fwd,0.1,scene-0103_021,Car,vehicle,19.210928298697098,16,1.0,0.4927664263660397,7.295912675327742,15-30m
t_fwd,0.1,scene-0103_021,Car,vehicle,35.94372049937147,10,1.0,0.638242773800451,3.2933282172858167,>30m
t_fwd,0.1,scene-0103_021,Car,vehicle,20.08700346310652,14,1.0,4.183725339800019,13.663286601299234,15-30m
t_fwd,0.1,scene-0103_021,Car,vehicle,13.593797540586992,146,1.0,4.341091800059493,22.757466366594624,<15m
t_fwd,0.2,scene-0103_021,Car,vehicle,19.210928298697098,16,1.0,0.9796638342080761,7.295912675327742,15-30m
t_fwd,0.2,scene-0103_021,Car,vehicle,35.94372049937147,10,1.0,1.2727349830355172,3.2933282172858167,>30m
t_fwd,0.2,scene-0103_021,Car,vehicle,20.08700346310652,14,1.0,8.317943077358468,13.663286601299234,15-30m
t_fwd,0.2,scene-0103_021,Car,vehicle,13.593797540586992,146,1.0,8.609625728574638,22.757466366594624,<15m
t_left,0.02,scene-0103_021,Car,vehicle,19.210928298697098,16,1.0,1.5074007494260078,7.295912675327742,15-30m
t_left,0.02,scene-0103_021,Car,vehicle,35.94372049937147,10,1.0,0.7423432940826511,3.2933282172858167,>30m
t_left,0.02,scene-0103_021,Car,vehicle,20.08700346310652,14,1.0,1.4748099995078445,13.663286601299234,15-30m
t_left,0.02,scene-0103_021,Car,vehicle,13.593797540586992,146,1.0,2.116002322817799,22.757466366594624,<15m
t_left,0.05,scene-0103_021,Car,vehicle,19.210928298697098,16,1.0,3.768429286771649,7.295912675327742,15-30m
t_left,0.05,scene-0103_021,Car,vehicle,35.94372049937147,10,1.0,1.855840654041372,3.2933282172858167,>30m
t_left,0.05,scene-0103_021,Car,vehicle,20.08700346310652,14,1.0,3.68695493524668,13.663286601299234,15-30m
t_left,0.05,scene-0103_021,Car,vehicle,13.593797540586992,146,1.0,5.289862085827871,22.757466366594624,<15m
t_left,0.1,scene-0103_021,Car,vehicle,19.210928298697098,16,1.0,7.536616629992938,7.295912675327742,15-30m
t_left,0.1,scene-0103_021,Car,vehicle,35.94372049937147,10,1.0,3.711622705680031,3.2933282172858167,>30m
t_left,0.1,scene-0103_021,Car,vehicle,20.08700346310652,14,1.0,7.373676337270144,13.663286601299234,15-30m
t_left,0.1,scene-0103_021,Car,vehicle,13.593797540586992,146,1.0,10.579245135640456,22.757466366594624,<15m
t_left,0.2,scene-0103_021,Car,vehicle,19.210928298697098,16,1.0,15.072265578979254,7.295912675327742,15-30m
t_left,0.2,scene-0103_021,Car,vehicle,35.94372049937147,10,1.0,7.42301101285159,3.2933282172858167,>30m
t_left,0.2,scene-0103_021,Car,vehicle,20.08700346310652,14,1.0,14.746418630539452,13.663286601299234,15-30m
t_left,0.2,scene-0103_021,Car,vehicle,13.593797540586992,146,0.9931506849315068,21.15657438747933,22.757466366594624,<15m
t_up,0.02,scene-0103_021,Car,vehicle,19.210928298697098,16,1.0,1.5082528832031095,7.295912675327742,15-30m
t_up,0.02,scene-0103_021,Car,vehicle,35.94372049937147,10,1.0,0.7417035318394807,3.2933282172858167,>30m
t_up,0.02,scene-0103_021,Car,vehicle,20.08700346310652,14,1.0,1.4888061169886662,13.663286601299234,15-30m
t_up,0.02,scene-0103_021,Car,vehicle,13.593797540586992,146,1.0,2.1343572804100974,22.757466366594624,<15m
t_up,0.05,scene-0103_021,Car,vehicle,19.210928298697098,16,1.0,3.7702595705531676,7.295912675327742,15-30m
t_up,0.05,scene-0103_021,Car,vehicle,35.94372049937147,10,1.0,1.854168700752788,3.2933282172858167,>30m
t_up,0.05,scene-0103_021,Car,vehicle,20.08700346310652,14,1.0,3.721652384291355,13.663286601299234,15-30m
t_up,0.05,scene-0103_021,Car,vehicle,13.593797540586992,146,1.0,5.335150146240857,22.757466366594624,<15m
t_up,0.1,scene-0103_021,Car,vehicle,19.210928298697098,16,1.0,7.539277343548747,7.295912675327742,15-30m
t_up,0.1,scene-0103_021,Car,vehicle,35.94372049937147,10,1.0,3.7080370109569727,3.2933282172858167,>30m
t_up,0.1,scene-0103_021,Car,vehicle,20.08700346310652,14,1.0,7.442095389639405,13.663286601299234,15-30m
t_up,0.1,scene-0103_021,Car,vehicle,13.593797540586992,146,1.0,10.667824362774711,22.757466366594624,<15m
t_up,0.2,scene-0103_021,Car,vehicle,19.210928298697098,16,1.0,15.073589950099642,7.295912675327742,15-30m
t_up,0.2,scene-0103_021,Car,vehicle,35.94372049937147,10,1.0,7.414872751666857,3.2933282172858167,>30m
t_up,0.2,scene-0103_021,Car,vehicle,20.08700346310652,14,0.8571428571428571,14.879355624554988,13.663286601299234,15-30m
t_up,0.2,scene-0103_021,Car,vehicle,13.593797540586992,146,0.9246575342465754,21.325751897763567,22.757466366594624,<15m
none,0.0,scene-0103_022,Car,vehicle,34.5798876623695,10,1.0,0.0,3.468005005800128,>30m
none,0.0,scene-0103_022,Car,vehicle,12.146892090460064,147,1.0,0.0,22.472294117662145,<15m
yaw,0.25,scene-0103_022,Car,vehicle,34.5798876623695,10,1.0,5.774026489050479,3.468005005800128,>30m
yaw,0.25,scene-0103_022,Car,vehicle,12.146892090460064,147,0.9863945578231292,7.058213288239513,22.472294117662145,<15m
yaw,0.5,scene-0103_022,Car,vehicle,34.5798876623695,10,1.0,11.538576493020273,3.468005005800128,>30m
yaw,0.5,scene-0103_022,Car,vehicle,12.146892090460064,147,0.9727891156462585,14.123084434675674,22.472294117662145,<15m
yaw,1.0,scene-0103_022,Car,vehicle,34.5798876623695,10,0.7,23.04023883954553,3.468005005800128,>30m
yaw,1.0,scene-0103_022,Car,vehicle,12.146892090460064,147,0.9523809523809523,28.290214385620327,22.472294117662145,<15m
yaw,2.0,scene-0103_022,Car,vehicle,34.5798876623695,10,0.4,45.940673289959136,3.468005005800128,>30m
yaw,2.0,scene-0103_022,Car,vehicle,12.146892090460064,147,0.8979591836734694,56.58603380824573,22.472294117662145,<15m
yaw,3.0,scene-0103_022,Car,vehicle,34.5798876623695,10,0.0,68.71678809253191,3.468005005800128,>30m
yaw,3.0,scene-0103_022,Car,vehicle,12.146892090460064,147,0.8503401360544217,84.9729240803289,22.472294117662145,<15m
pitch,0.25,scene-0103_022,Car,vehicle,34.5798876623695,10,1.0,5.59651573447832,3.468005005800128,>30m
pitch,0.25,scene-0103_022,Car,vehicle,12.146892090460064,147,1.0,5.87263641133537,22.472294117662145,<15m
pitch,0.5,scene-0103_022,Car,vehicle,34.5798876623695,10,0.6,11.195795642036014,3.468005005800128,>30m
pitch,0.5,scene-0103_022,Car,vehicle,12.146892090460064,147,1.0,11.75391222627655,22.472294117662145,<15m
pitch,1.0,scene-0103_022,Car,vehicle,34.5798876623695,10,0.2,22.403547190605533,3.468005005800128,>30m
pitch,1.0,scene-0103_022,Car,vehicle,12.146892090460064,147,0.9931972789115646,23.536964501952948,22.472294117662145,<15m
pitch,2.0,scene-0103_022,Car,vehicle,34.5798876623695,10,0.0,44.86214098334651,3.468005005800128,>30m
pitch,2.0,scene-0103_022,Car,vehicle,12.146892090460064,147,0.9931972789115646,47.217876447326475,22.472294117662145,<15m
pitch,3.0,scene-0103_022,Car,vehicle,34.5798876623695,10,0.0,67.39032374198291,3.468005005800128,>30m
pitch,3.0,scene-0103_022,Car,vehicle,12.146892090460064,147,0.8639455782312925,71.05258856604945,22.472294117662145,<15m
roll,0.25,scene-0103_022,Car,vehicle,34.5798876623695,10,1.0,0.9860098357823563,3.468005005800128,>30m
roll,0.25,scene-0103_022,Car,vehicle,12.146892090460064,147,1.0,2.7050140058355545,22.472294117662145,<15m
roll,0.5,scene-0103_022,Car,vehicle,34.5798876623695,10,1.0,1.9720551635462353,3.468005005800128,>30m
roll,0.5,scene-0103_022,Car,vehicle,12.146892090460064,147,1.0,5.409684585256272,22.472294117662145,<15m
roll,1.0,scene-0103_022,Car,vehicle,34.5798876623695,10,1.0,3.944233193447757,3.468005005800128,>30m
roll,1.0,scene-0103_022,Car,vehicle,12.146892090460064,147,0.9931972789115646,10.807726801764911,22.472294117662145,<15m
roll,2.0,scene-0103_022,Car,vehicle,34.5798876623695,10,1.0,7.888804935647917,3.468005005800128,>30m
roll,2.0,scene-0103_022,Car,vehicle,12.146892090460064,147,0.9931972789115646,21.609358781223175,22.472294117662145,<15m
roll,3.0,scene-0103_022,Car,vehicle,34.5798876623695,10,0.4,11.833409105035454,3.468005005800128,>30m
roll,3.0,scene-0103_022,Car,vehicle,12.146892090460064,147,0.9931972789115646,32.40408342427531,22.472294117662145,<15m
t_fwd,0.02,scene-0103_022,Car,vehicle,34.5798876623695,10,1.0,0.13960427712482756,3.468005005800128,>30m
t_fwd,0.02,scene-0103_022,Car,vehicle,12.146892090460064,147,1.0,1.1725317309467636,22.472294117662145,<15m
t_fwd,0.05,scene-0103_022,Car,vehicle,34.5798876623695,10,1.0,0.3486881006144579,3.468005005800128,>30m
t_fwd,0.05,scene-0103_022,Car,vehicle,12.146892090460064,147,1.0,2.92282043367385,22.472294117662145,<15m
t_fwd,0.1,scene-0103_022,Car,vehicle,34.5798876623695,10,1.0,0.6963035402583446,3.468005005800128,>30m
t_fwd,0.1,scene-0103_022,Car,vehicle,12.146892090460064,147,1.0,5.8174963791183645,22.472294117662145,<15m
t_fwd,0.2,scene-0103_022,Car,vehicle,34.5798876623695,10,1.0,1.3883361747264096,3.468005005800128,>30m
t_fwd,0.2,scene-0103_022,Car,vehicle,12.146892090460064,147,1.0,11.524025354217125,22.472294117662145,<15m
t_left,0.02,scene-0103_022,Car,vehicle,34.5798876623695,10,1.0,0.7751647573849617,3.468005005800128,>30m
t_left,0.02,scene-0103_022,Car,vehicle,12.146892090460064,147,0.9931972789115646,2.4003725073262934,22.472294117662145,<15m
t_left,0.05,scene-0103_022,Car,vehicle,34.5798876623695,10,1.0,1.937892190742469,3.468005005800128,>30m
t_left,0.05,scene-0103_022,Car,vehicle,12.146892090460064,147,0.9863945578231292,5.994706938223515,22.472294117662145,<15m
t_left,0.1,scene-0103_022,Car,vehicle,34.5798876623695,10,1.0,3.8757187075340394,3.468005005800128,>30m
t_left,0.1,scene-0103_022,Car,vehicle,12.146892090460064,147,0.9795918367346939,11.97565191120503,22.472294117662145,<15m
t_left,0.2,scene-0103_022,Car,vehicle,34.5798876623695,10,1.0,7.751174732616562,3.468005005800128,>30m
t_left,0.2,scene-0103_022,Car,vehicle,12.146892090460064,147,0.9591836734693877,23.889576195388123,22.472294117662145,<15m
t_up,0.02,scene-0103_022,Car,vehicle,34.5798876623695,10,1.0,0.7743070174522839,3.468005005800128,>30m
t_up,0.02,scene-0103_022,Car,vehicle,12.146892090460064,147,1.0,2.4338968016854214,22.472294117662145,<15m
t_up,0.05,scene-0103_022,Car,vehicle,34.5798876623695,10,1.0,1.9356694016276332,3.468005005800128,>30m
t_up,0.05,scene-0103_022,Car,vehicle,12.146892090460064,147,1.0,6.083778879890034,22.472294117662145,<15m
t_up,0.1,scene-0103_022,Car,vehicle,34.5798876623695,10,1.0,3.8710117074697408,3.468005005800128,>30m
t_up,0.1,scene-0103_022,Car,vehicle,12.146892090460064,147,1.0,12.164348700106988,22.472294117662145,<15m
t_up,0.2,scene-0103_022,Car,vehicle,34.5798876623695,10,1.0,7.740715363383563,3.468005005800128,>30m
t_up,0.2,scene-0103_022,Car,vehicle,12.146892090460064,147,1.0,24.315871312417528,22.472294117662145,<15m
none,0.0,scene-0103_023,Car,vehicle,23.706254797386585,10,0.9,0.0,5.32229486529766,15-30m
none,0.0,scene-0103_023,Car,vehicle,32.94899427736794,10,1.0,0.0,3.702619332072765,>30m
none,0.0,scene-0103_023,bicycle_rack,other,34.334554555712906,12,1.0,0.0,9.620730788662222,>30m
none,0.0,scene-0103_023,Car,vehicle,10.553134043467947,159,1.0,0.0,18.785243687948338,<15m
yaw,0.25,scene-0103_023,Car,vehicle,23.706254797386585,10,1.0,5.7049300830462375,5.32229486529766,15-30m
yaw,0.25,scene-0103_023,Car,vehicle,32.94899427736794,10,1.0,5.794253702721516,3.702619332072765,>30m
yaw,0.25,scene-0103_023,bicycle_rack,other,34.334554555712906,12,1.0,5.792459701775991,9.620730788662222,>30m
yaw,0.25,scene-0103_023,Car,vehicle,10.553134043467947,159,0.9685534591194969,7.372872504770374,18.785243687948338,<15m
yaw,0.5,scene-0103_023,Car,vehicle,23.706254797386585,10,1.0,11.404466126797741,5.32229486529766,15-30m
yaw,0.5,scene-0103_023,Car,vehicle,32.94899427736794,10,1.0,11.578618164316614,3.702619332072765,>30m
yaw,0.5,scene-0103_023,bicycle_rack,other,34.334554555712906,12,1.0,11.595381924123357,9.620730788662222,>30m
yaw,0.5,scene-0103_023,Car,vehicle,10.553134043467947,159,0.949685534591195,14.747135091032161,18.785243687948338,<15m
yaw,1.0,scene-0103_023,Car,vehicle,23.706254797386585,10,0.9,22.788291601599077,5.32229486529766,15-30m
yaw,1.0,scene-0103_023,Car,vehicle,32.94899427736794,10,0.7,23.118683058326113,3.702619332072765,>30m
yaw,1.0,scene-0103_023,bicycle_rack,other,34.334554555712906,12,0.9166666666666666,23.233637096553586,9.620730788662222,>30m
yaw,1.0,scene-0103_023,Car,vehicle,10.553134043467947,159,0.9119496855345912,29.520880346473604,18.785243687948338,<15m
yaw,2.0,scene-0103_023,Car,vehicle,23.706254797386585,10,0.6,45.50146033061471,5.32229486529766,15-30m
yaw,2.0,scene-0103_023,Car,vehicle,32.94899427736794,10,0.4,46.09109629772805,3.702619332072765,>30m
yaw,2.0,scene-0103_023,bicycle_rack,other,34.334554555712906,12,0.9166666666666666,46.647054701198556,9.620730788662222,>30m
yaw,2.0,scene-0103_023,Car,vehicle,10.553134043467947,159,0.8113207547169812,58.96276303838107,18.785243687948338,<15m
yaw,3.0,scene-0103_023,Car,vehicle,23.706254797386585,10,0.6,68.15427245232411,5.32229486529766,15-30m
yaw,3.0,scene-0103_023,Car,vehicle,32.94899427736794,10,0.1,68.93289509828278,3.702619332072765,>30m
yaw,3.0,scene-0103_023,bicycle_rack,other,34.334554555712906,12,0.9166666666666666,70.25713703961893,9.620730788662222,>30m
yaw,3.0,scene-0103_023,Car,vehicle,10.553134043467947,159,0.7044025157232704,88.22828627637293,18.785243687948338,<15m
pitch,0.25,scene-0103_023,Car,vehicle,23.706254797386585,10,0.9,5.656549149593198,5.32229486529766,15-30m
pitch,0.25,scene-0103_023,Car,vehicle,32.94899427736794,10,1.0,5.601532690914695,3.702619332072765,>30m
pitch,0.25,scene-0103_023,bicycle_rack,other,34.334554555712906,12,1.0,5.562466124326164,9.620730788662222,>30m
pitch,0.25,scene-0103_023,Car,vehicle,10.553134043467947,159,1.0,5.91973761343915,18.785243687948338,<15m
pitch,0.5,scene-0103_023,Car,vehicle,23.706254797386585,10,0.9,11.316978036675666,5.32229486529766,15-30m
pitch,0.5,scene-0103_023,Car,vehicle,32.94899427736794,10,1.0,11.205836230397685,3.702619332072765,>30m
pitch,0.5,scene-0103_023,bicycle_rack,other,34.334554555712906,12,1.0,11.1277060659944,9.620730788662222,>30m
pitch,0.5,scene-0103_023,Car,vehicle,10.553134043467947,159,1.0,11.848471466849999,18.785243687948338,<15m
pitch,1.0,scene-0103_023,Car,vehicle,23.706254797386585,10,0.3,22.650395020840534,5.32229486529766,15-30m
pitch,1.0,scene-0103_023,Car,vehicle,32.94899427736794,10,0.1,22.423658720949867,3.702619332072765,>30m
pitch,1.0,scene-0103_023,bicycle_rack,other,34.334554555712906,12,0.8333333333333334,22.267397727763914,9.620730788662222,>30m
pitch,1.0,scene-0103_023,Car,vehicle,10.553134043467947,159,0.9937106918238994,23.727131753952143,18.785243687948338,<15m
pitch,2.0,scene-0103_023,Car,vehicle,23.706254797386585,10,0.0,45.37394609570708,5.32229486529766,15-30m
pitch,2.0,scene-0103_023,Car,vehicle,32.94899427736794,10,0.0,44.902514834566276,3.702619332072765,>30m
pitch,2.0,scene-0103_023,bicycle_rack,other,34.334554555712906,12,0.08333333333333333,44.58988943475693,9.620730788662222,>30m
pitch,2.0,scene-0103_023,Car,vehicle,10.553134043467947,159,0.9874213836477987,47.603438112498516,18.785243687948338,<15m
pitch,3.0,scene-0103_023,Car,vehicle,23.706254797386585,10,0.0,68.18558231951422,5.32229486529766,15-30m
pitch,3.0,scene-0103_023,Car,vehicle,32.94899427736794,10,0.0,67.45116999501059,3.702619332072765,>30m
pitch,3.0,scene-0103_023,bicycle_rack,other,34.334554555712906,12,0.08333333333333333,66.98187371969104,9.620730788662222,>30m
pitch,3.0,scene-0103_023,Car,vehicle,10.553134043467947,159,0.9748427672955975,71.60915043497961,18.785243687948338,<15m
roll,0.25,scene-0103_023,Car,vehicle,23.706254797386585,10,0.9,0.5668892627543315,5.32229486529766,15-30m
roll,0.25,scene-0103_023,Car,vehicle,32.94899427736794,10,1.0,1.0291892307803756,3.702619332072765,>30m
roll,0.25,scene-0103_023,bicycle_rack,other,34.334554555712906,12,1.0,1.157442507037349,9.620730788662222,>30m
roll,0.25,scene-0103_023,Car,vehicle,10.553134043467947,159,1.0,2.9746104943829295,18.785243687948338,<15m
roll,0.5,scene-0103_023,Car,vehicle,23.706254797386585,10,0.9,1.1337871614711186,5.32229486529766,15-30m
roll,0.5,scene-0103_023,Car,vehicle,32.94899427736794,10,1.0,2.0584176403510206,3.702619332072765,>30m
roll,0.5,scene-0103_023,bicycle_rack,other,34.334554555712906,12,1.0,2.3148182014319327,9.620730788662222,>30m
roll,0.5,scene-0103_023,Car,vehicle,10.553134043467947,159,1.0,5.948807636975275,18.785243687948338,<15m
roll,1.0,scene-0103_023,Car,vehicle,23.706254797386585,10,0.9,2.2675978922582427,5.32229486529766,15-30m
roll,1.0,scene-0103_023,Car,vehicle,32.94899427736794,10,1.0,4.116972059925002,3.702619332072765,>30m
roll,1.0,scene-0103_023,bicycle_rack,other,34.334554555712906,12,1.0,4.629347324305648,9.620730788662222,>30m
roll,1.0,scene-0103_023,Car,vehicle,10.553134043467947,159,0.9937106918238994,11.885096848551846,18.785243687948338,<15m
roll,2.0,scene-0103_023,Car,vehicle,23.706254797386585,10,1.0,4.535202237387233,5.32229486529766,15-30m
roll,2.0,scene-0103_023,Car,vehicle,32.94899427736794,10,1.0,8.234331634830506,3.702619332072765,>30m
roll,2.0,scene-0103_023,bicycle_rack,other,34.334554555712906,12,0.9166666666666666,9.257363877068558,9.620730788662222,>30m
roll,2.0,scene-0103_023,Car,vehicle,10.553134043467947,159,0.9371069182389937,23.741309293862972,18.785243687948338,<15m
roll,3.0,scene-0103_023,Car,vehicle,23.706254797386585,10,1.0,6.80263731153677,5.32229486529766,15-30m
roll,3.0,scene-0103_023,Car,vehicle,32.94899427736794,10,1.0,12.35175920361897,3.702619332072765,>30m
roll,3.0,scene-0103_023,bicycle_rack,other,34.334554555712906,12,0.9166666666666666,13.883701227639698,9.620730788662222,>30m
roll,3.0,scene-0103_023,Car,vehicle,10.553134043467947,159,0.8301886792452831,35.594349328140964,18.785243687948338,<15m
t_fwd,0.02,scene-0103_023,Car,vehicle,23.706254797386585,10,0.9,0.11951982706232289,5.32229486529766,15-30m
t_fwd,0.02,scene-0103_023,Car,vehicle,32.94899427736794,10,1.0,0.1534426651103979,3.702619332072765,>30m
t_fwd,0.02,scene-0103_023,bicycle_rack,other,34.334554555712906,12,1.0,0.14624909643744322,9.620730788662222,>30m
t_fwd,0.02,scene-0103_023,Car,vehicle,10.553134043467947,159,1.0,1.492663609029297,18.785243687948338,<15m
t_fwd,0.05,scene-0103_023,Car,vehicle,23.706254797386585,10,0.9,0.2983784488913618,5.32229486529766,15-30m
t_fwd,0.05,scene-0103_023,Car,vehicle,32.94899427736794,10,1.0,0.3832331726143907,3.702619332072765,>30m
t_fwd,0.05,scene-0103_023,bicycle_rack,other,34.334554555712906,12,1.0,0.3653202708480411,9.620730788662222,>30m
t_fwd,0.05,scene-0103_023,Car,vehicle,10.553134043467947,159,1.0,3.7192678308123623,18.785243687948338,<15m
t_fwd,0.1,scene-0103_023,Car,vehicle,23.706254797386585,10,1.0,0.5953584320115926,5.32229486529766,15-30m
t_fwd,0.1,scene-0103_023,Car,vehicle,32.94899427736794,10,1.0,0.7652246051472003,3.702619332072765,>30m
t_fwd,0.1,scene-0103_023,bicycle_rack,other,34.334554555712906,12,1.0,0.7296345296784132,9.620730788662222,>30m
t_fwd,0.1,scene-0103_023,Car,vehicle,10.553134043467947,159,1.0,7.397595415473192,18.785243687948338,<15m
t_fwd,0.2,scene-0103_023,Car,vehicle,23.706254797386585,10,1.0,1.1851621452739813,5.32229486529766,15-30m
t_fwd,0.2,scene-0103_023,Car,vehicle,32.94899427736794,10,1.0,1.5255063126871584,3.702619332072765,>30m
t_fwd,0.2,scene-0103_023,bicycle_rack,other,34.334554555712906,12,1.0,1.455261594843226,9.620730788662222,>30m
t_fwd,0.2,scene-0103_023,Car,vehicle,10.553134043467947,159,1.0,14.63410433198657,18.785243687948338,<15m
t_left,0.02,scene-0103_023,Car,vehicle,23.706254797386585,10,1.0,1.1765568817449537,5.32229486529766,15-30m
t_left,0.02,scene-0103_023,Car,vehicle,32.94899427736794,10,1.0,0.8166149902973904,3.702619332072765,>30m
t_left,0.02,scene-0103_023,bicycle_rack,other,34.334554555712906,12,1.0,0.6907387277372585,9.620730788662222,>30m
t_left,0.02,scene-0103_023,Car,vehicle,10.553134043467947,159,0.9937106918238994,2.7489036091527774,18.785243687948338,<15m
t_left,0.05,scene-0103_023,Car,vehicle,23.706254797386585,10,1.0,2.941348638306959,5.32229486529766,15-30m
t_left,0.05,scene-0103_023,Car,vehicle,32.94899427736794,10,1.0,2.041516508193263,3.702619332072765,>30m
t_left,0.05,scene-0103_023,bicycle_rack,other,34.334554555712906,12,1.0,1.7268317487206115,9.620730788662222,>30m
t_left,0.05,scene-0103_023,Car,vehicle,10.553134043467947,159,0.9685534591194969,6.847514259345405,18.785243687948338,<15m
t_left,0.1,scene-0103_023,Car,vehicle,23.706254797386585,10,1.0,5.882552062165348,5.32229486529766,15-30m
t_left,0.1,scene-0103_023,Car,vehicle,32.94899427736794,10,1.0,4.082963126468108,3.702619332072765,>30m
t_left,0.1,scene-0103_023,bicycle_rack,other,34.334554555712906,12,1.0,3.4536132632020564,9.620730788662222,>30m
t_left,0.1,scene-0103_023,Car,vehicle,10.553134043467947,159,0.9559748427672956,13.686295546848415,18.785243687948338,<15m
t_left,0.2,scene-0103_023,Car,vehicle,23.706254797386585,10,1.0,11.764523309549748,5.32229486529766,15-30m
t_left,0.2,scene-0103_023,Car,vehicle,32.94899427736794,10,1.0,8.165646707617096,3.702619332072765,>30m
t_left,0.2,scene-0103_023,bicycle_rack,other,34.334554555712906,12,1.0,6.907025598219414,9.620730788662222,>30m
t_left,0.2,scene-0103_023,Car,vehicle,10.553134043467947,159,0.9182389937106918,27.19276574940862,18.785243687948338,<15m
t_up,0.02,scene-0103_023,Car,vehicle,23.706254797386585,10,0.9,1.17692898449188,5.32229486529766,15-30m
t_up,0.02,scene-0103_023,Car,vehicle,32.94899427736794,10,1.0,0.8158014789182979,3.702619332072765,>30m
t_up,0.02,scene-0103_023,bicycle_rack,other,34.334554555712906,12,1.0,0.6929798841491625,9.620730788662222,>30m
t_up,0.02,scene-0103_023,Car,vehicle,10.553134043467947,159,1.0,2.7845854465162785,18.785243687948338,<15m
t_up,0.05,scene-0103_023,Car,vehicle,23.706254797386585,10,0.9,2.9420954654500395,5.32229486529766,15-30m
t_up,0.05,scene-0103_023,Car,vehicle,32.94899427736794,10,1.0,2.0393945882149738,3.702619332072765,>30m
t_up,0.05,scene-0103_023,bicycle_rack,other,34.334554555712906,12,1.0,1.7323709533427223,9.620730788662222,>30m
t_up,0.05,scene-0103_023,Car,vehicle,10.553134043467947,159,1.0,6.960193378329144,18.785243687948338,<15m
t_up,0.1,scene-0103_023,Car,vehicle,23.706254797386585,10,0.9,5.883434433946839,5.32229486529766,15-30m
t_up,0.1,scene-0103_023,Car,vehicle,32.94899427736794,10,1.0,4.07842553137513,3.702619332072765,>30m
t_up,0.1,scene-0103_023,bicycle_rack,other,34.334554555712906,12,1.0,3.464479415088024,9.620730788662222,>30m
t_up,0.1,scene-0103_023,Car,vehicle,10.553134043467947,159,1.0,13.916154689730055,18.785243687948338,<15m
t_up,0.2,scene-0103_023,Car,vehicle,23.706254797386585,10,0.9,11.763844046882584,5.32229486529766,15-30m
t_up,0.2,scene-0103_023,Car,vehicle,32.94899427736794,10,1.0,8.155396871511286,3.702619332072765,>30m
t_up,0.2,scene-0103_023,bicycle_rack,other,34.334554555712906,12,1.0,6.927909102493958,9.620730788662222,>30m
t_up,0.2,scene-0103_023,Car,vehicle,10.553134043467947,159,0.9056603773584906,27.815396541927253,18.785243687948338,<15m
none,0.0,scene-0103_024,Car,vehicle,31.110050101016352,11,1.0,0.0,4.00336620741196,>30m
none,0.0,scene-0103_024,Car,vehicle,15.882910057965821,10,1.0,0.0,8.895929221978934,15-30m
none,0.0,scene-0103_024,bicycle_rack,other,32.52600342398916,19,1.0,0.0,10.663951258916274,>30m
none,0.0,scene-0103_024,Car,vehicle,8.955444633643932,99,1.0,0.0,12.535645163163549,<15m
none,0.0,scene-0103_024,Car,vehicle,21.568179025197683,16,1.0,0.0,12.22387191329299,15-30m
yaw,0.25,scene-0103_024,Car,vehicle,31.110050101016352,11,1.0,5.818586814783953,4.00336620741196,>30m
yaw,0.25,scene-0103_024,Car,vehicle,15.882910057965821,10,0.9,7.797613969096859,8.895929221978934,15-30m
yaw,0.25,scene-0103_024,bicycle_rack,other,32.52600342398916,19,1.0,5.95243873983376,10.663951258916274,>30m
yaw,0.25,scene-0103_024,Car,vehicle,8.955444633643932,99,0.9393939393939394,7.753162612096964,12.535645163163549,<15m
yaw,0.25,scene-0103_024,Car,vehicle,21.568179025197683,16,1.0,6.788364056025268,12.22387191329299,15-30m
yaw,0.5,scene-0103_024,Car,vehicle,31.110050101016352,11,0.9090909090909091,11.62675405751639,4.00336620741196,>30m
yaw,0.5,scene-0103_024,Car,vehicle,15.882910057965821,10,0.8,15.402009047726093,8.895929221978934,15-30m
yaw,0.5,scene-0103_024,bicycle_rack,other,32.52600342398916,19,1.0,11.918405337179943,10.663951258916274,>30m
yaw,0.5,scene-0103_024,Car,vehicle,8.955444633643932,99,0.898989898989899,15.49652321866789,12.535645163163549,<15m
yaw,0.5,scene-0103_024,Car,vehicle,21.568179025197683,16,1.0,13.604129147491921,12.22387191329299,15-30m
yaw,1.0,scene-0103_024,Car,vehicle,31.110050101016352,11,0.8181818181818182,23.212848405762124,4.00336620741196,>30m
yaw,1.0,scene-0103_024,Car,vehicle,15.882910057965821,10,0.7,30.491455647269486,8.895929221978934,15-30m
yaw,1.0,scene-0103_024,bicycle_rack,other,32.52600342398916,19,1.0,23.892049498661528,10.663951258916274,>30m
yaw,1.0,scene-0103_024,Car,vehicle,8.955444633643932,99,0.8181818181818182,31.021155210925823,12.535645163163549,<15m
yaw,1.0,scene-0103_024,Car,vehicle,21.568179025197683,16,1.0,27.319623644064237,12.22387191329299,15-30m
yaw,2.0,scene-0103_024,Car,vehicle,31.110050101016352,11,0.45454545454545453,46.27111498795948,4.00336620741196,>30m
yaw,2.0,scene-0103_024,Car,vehicle,15.882910057965821,10,0.4,59.28733285184833,8.895929221978934,15-30m
yaw,2.0,scene-0103_024,bicycle_rack,other,32.52600342398916,19,0.8421052631578947,48.01421007294217,10.663951258916274,>30m
yaw,2.0,scene-0103_024,Car,vehicle,8.955444633643932,99,0.6868686868686869,62.08671504507393,12.535645163163549,<15m
yaw,2.0,scene-0103_024,Car,vehicle,21.568179025197683,16,1.0,55.09912973357409,12.22387191329299,15-30m
yaw,3.0,scene-0103_024,Car,vehicle,31.110050101016352,11,0.18181818181818182,69.19066783064675,4.00336620741196,>30m
yaw,3.0,scene-0103_024,Car,vehicle,15.882910057965821,10,0.4,89.84853905808774,8.895929221978934,15-30m
yaw,3.0,scene-0103_024,bicycle_rack,other,32.52600342398916,19,0.7368421052631579,72.38520442032244,10.663951258916274,>30m
yaw,3.0,scene-0103_024,Car,vehicle,8.955444633643932,99,0.5353535353535354,92.83433675552884,12.535645163163549,<15m
yaw,3.0,scene-0103_024,Car,vehicle,21.568179025197683,16,0.8125,83.36835347528233,12.22387191329299,15-30m
pitch,0.25,scene-0103_024,Car,vehicle,31.110050101016352,11,1.0,5.605538063145846,4.00336620741196,>30m
pitch,0.25,scene-0103_024,Car,vehicle,15.882910057965821,10,1.0,5.712251804428755,8.895929221978934,15-30m
pitch,0.25,scene-0103_024,bicycle_rack,other,32.52600342398916,19,1.0,5.577199608904957,10.663951258916274,>30m
pitch,0.25,scene-0103_024,Car,vehicle,8.955444633643932,99,0.98989898989899,6.032430960336825,12.535645163163549,<15m
pitch,0.25,scene-0103_024,Car,vehicle,21.568179025197683,16,1.0,5.682115988559389,12.22387191329299,15-30m
pitch,0.5,scene-0103_024,Car,vehicle,31.110050101016352,11,1.0,11.213839191308299,4.00336620741196,>30m
pitch,0.5,scene-0103_024,Car,vehicle,15.882910057965821,10,1.0,11.42934873154355,8.895929221978934,15-30m
pitch,0.5,scene-0103_024,bicycle_rack,other,32.52600342398916,19,1.0,11.157181920732585,10.663951258916274,>30m
pitch,0.5,scene-0103_024,Car,vehicle,8.955444633643932,99,0.98989898989899,12.075720432218507,12.535645163163549,<15m
pitch,0.5,scene-0103_024,Car,vehicle,21.568179025197683,16,1.0,11.370025826855478,12.22387191329299,15-30m
pitch,1.0,scene-0103_024,Car,vehicle,31.110050101016352,11,0.09090909090909091,22.439636259697693,4.00336620741196,>30m
pitch,1.0,scene-0103_024,Car,vehicle,15.882910057965821,10,1.0,22.8791578661062,8.895929221978934,15-30m
pitch,1.0,scene-0103_024,bicycle_rack,other,32.52600342398916,19,1.0,22.32639968794307,10.663951258916274,>30m
pitch,1.0,scene-0103_024,Car,vehicle,8.955444633643932,99,0.9696969696969697,24.196113503489638,12.535645163163549,<15m
pitch,1.0,scene-0103_024,Car,vehicle,21.568179025197683,16,1.0,22.764229223818894,12.22387191329299,15-30m
pitch,2.0,scene-0103_024,Car,vehicle,31.110050101016352,11,0.09090909090909091,44.9343784239015,4.00336620741196,>30m
pitch,2.0,scene-0103_024,Car,vehicle,15.882910057965821,10,1.0,45.84884769899136,8.895929221978934,15-30m
pitch,2.0,scene-0103_024,bicycle_rack,other,32.52600342398916,19,0.5789473684210527,44.708212478699394,10.663951258916274,>30m
pitch,2.0,scene-0103_024,Car,vehicle,8.955444633643932,99,0.9494949494949495,48.56214060342214,12.535645163163549,<15m
pitch,2.0,scene-0103_024,Car,vehicle,21.568179025197683,16,0.3125,45.63324460333157,12.22387191329299,15-30m
pitch,3.0,scene-0103_024,Car,vehicle,31.110050101016352,11,0.0,67.49887238994361,4.00336620741196,>30m
pitch,3.0,scene-0103_024,Car,vehicle,15.882910057965821,10,1.0,68.92661248777945,8.895929221978934,15-30m
pitch,3.0,scene-0103_024,bicycle_rack,other,32.52600342398916,19,0.10526315789473684,67.1600747890436,10.663951258916274,>30m
pitch,3.0,scene-0103_024,Car,vehicle,8.955444633643932,99,0.9393939393939394,73.1355517544861,12.535645163163549,<15m
pitch,3.0,scene-0103_024,Car,vehicle,21.568179025197683,16,0.3125,68.62338032821688,12.22387191329299,15-30m
roll,0.25,scene-0103_024,Car,vehicle,31.110050101016352,11,1.0,1.0802105834542537,4.00336620741196,>30m
roll,0.25,scene-0103_024,Car,vehicle,15.882910057965821,10,1.0,3.444324780228791,8.895929221978934,15-30m
roll,0.25,scene-0103_024,bicycle_rack,other,32.52600342398916,19,1.0,1.4513693453838192,10.663951258916274,>30m
roll,0.25,scene-0103_024,Car,vehicle,8.955444633643932,99,0.98989898989899,3.3173809611420824,12.535645163163549,<15m
roll,0.25,scene-0103_024,Car,vehicle,21.568179025197683,16,1.0,2.5347407514431994,12.22387191329299,15-30m
roll,0.5,scene-0103_024,Car,vehicle,31.110050101016352,11,1.0,2.160464277459652,4.00336620741196,>30m
roll,0.5,scene-0103_024,Car,vehicle,15.882910057965821,10,1.0,6.888105954597075,8.895929221978934,15-30m
roll,0.5,scene-0103_024,bicycle_rack,other,32.52600342398916,19,1.0,2.902636798971479,10.663951258916274,>30m
roll,0.5,scene-0103_024,Car,vehicle,8.955444633643932,99,0.98989898989899,6.634252110412803,12.535645163163549,<15m
roll,0.5,scene-0103_024,Car,vehicle,21.568179025197683,16,1.0,5.069182279317351,12.22387191329299,15-30m
roll,1.0,scene-0103_024,Car,vehicle,31.110050101016352,11,1.0,4.32108006181487,4.00336620741196,>30m
roll,1.0,scene-0103_024,Car,vehicle,15.882910057965821,10,1.0,13.773974532961947,8.895929221978934,15-30m
roll,1.0,scene-0103_024,bicycle_rack,other,32.52600342398916,19,0.8947368421052632,5.804838562264729,10.663951258916274,>30m
roll,1.0,scene-0103_024,Car,vehicle,8.955444633643932,99,0.9797979797979798,13.25888328165297,12.535645163163549,<15m
roll,1.0,scene-0103_024,Car,vehicle,21.568179025197683,16,1.0,10.137120342676827,12.22387191329299,15-30m
roll,2.0,scene-0103_024,Car,vehicle,31.110050101016352,11,1.0,8.64259854328178,4.00336620741196,>30m
roll,2.0,scene-0103_024,Car,vehicle,15.882910057965821,10,0.4,27.538497323193152,8.895929221978934,15-30m
roll,2.0,scene-0103_024,bicycle_rack,other,32.52600342398916,19,0.8947368421052632,11.607717491486902,10.663951258916274,>30m
roll,2.0,scene-0103_024,Car,vehicle,8.955444633643932,99,0.9494949494949495,26.266876054023673,12.535645163163549,<15m
roll,2.0,scene-0103_024,Car,vehicle,21.568179025197683,16,1.0,20.268886013842007,12.22387191329299,15-30m
roll,3.0,scene-0103_024,Car,vehicle,31.110050101016352,11,1.0,12.964219880178508,4.00336620741196,>30m
roll,3.0,scene-0103_024,Car,vehicle,15.882910057965821,10,0.2,41.29256786062783,8.895929221978934,15-30m
roll,3.0,scene-0103_024,bicycle_rack,other,32.52600342398916,19,0.8947368421052632,17.40819855331319,10.663951258916274,>30m
roll,3.0,scene-0103_024,Car,vehicle,8.955444633643932,99,0.9494949494949495,39.38626459266585,12.535645163163549,<15m
roll,3.0,scene-0103_024,Car,vehicle,21.568179025197683,16,1.0,30.394543599417986,12.22387191329299,15-30m
t_fwd,0.02,scene-0103_024,Car,vehicle,31.110050101016352,11,1.0,0.17140605282901614,4.00336620741196,>30m
t_fwd,0.02,scene-0103_024,Car,vehicle,15.882910057965821,10,1.0,1.160217420977632,8.895929221978934,15-30m
t_fwd,0.02,scene-0103_024,bicycle_rack,other,32.52600342398916,19,1.0,0.23050882054276478,10.663951258916274,>30m
t_fwd,0.02,scene-0103_024,Car,vehicle,8.955444633643932,99,1.0,1.9319647554490036,12.535645163163549,<15m
t_fwd,0.02,scene-0103_024,Car,vehicle,21.568179025197683,16,1.0,0.6451684476558053,12.22387191329299,15-30m
t_fwd,0.05,scene-0103_024,Car,vehicle,31.110050101016352,11,1.0,0.4280712109823885,4.00336620741196,>30m
t_fwd,0.05,scene-0103_024,Car,vehicle,15.882910057965821,10,1.0,2.894147516559566,8.895929221978934,15-30m
t_fwd,0.05,scene-0103_024,bicycle_rack,other,32.52600342398916,19,1.0,0.5756819724211619,10.663951258916274,>30m
t_fwd,0.05,scene-0103_024,Car,vehicle,8.955444633643932,99,1.0,4.8110957521716,12.535645163163549,<15m
t_fwd,0.05,scene-0103_024,Car,vehicle,21.568179025197683,16,1.0,1.610227589431688,12.22387191329299,15-30m
t_fwd,0.1,scene-0103_024,Car,vehicle,31.110050101016352,11,1.0,0.8546667657818987,4.00336620741196,>30m
t_fwd,0.1,scene-0103_024,Car,vehicle,15.882910057965821,10,1.0,5.76709982586239,8.895929221978934,15-30m
t_fwd,0.1,scene-0103_024,bicycle_rack,other,32.52600342398916,19,1.0,1.1494023767206407,10.663951258916274,>30m
t_fwd,0.1,scene-0103_024,Car,vehicle,8.955444633643932,99,1.0,9.560118428277127,12.535645163163549,<15m
t_fwd,0.1,scene-0103_024,Car,vehicle,21.568179025197683,16,1.0,3.2115166195040494,12.22387191329299,15-30m
t_fwd,0.2,scene-0103_024,Car,vehicle,31.110050101016352,11,1.0,1.7034613234583245,4.00336620741196,>30m
t_fwd,0.2,scene-0103_024,Car,vehicle,15.882910057965821,10,1.0,11.450343404990132,8.895929221978934,15-30m
t_fwd,0.2,scene-0103_024,bicycle_rack,other,32.52600342398916,19,1.0,2.290998447638935,10.663951258916274,>30m
t_fwd,0.2,scene-0103_024,Car,vehicle,8.955444633643932,99,1.0,18.8766885702888,12.535645163163549,<15m
t_fwd,0.2,scene-0103_024,Car,vehicle,21.568179025197683,16,1.0,6.38757507737046,12.22387191329299,15-30m
t_left,0.02,scene-0103_024,Car,vehicle,31.110050101016352,11,1.0,0.8688352940052718,4.00336620741196,>30m
t_left,0.02,scene-0103_024,Car,vehicle,15.882910057965821,10,1.0,1.8389178016855423,8.895929221978934,15-30m
t_left,0.02,scene-0103_024,bicycle_rack,other,32.52600342398916,19,1.0,0.8555773310767276,10.663951258916274,>30m
t_left,0.02,scene-0103_024,Car,vehicle,8.955444633643932,99,0.9797979797979798,3.2258855282870735,12.535645163163549,<15m
t_left,0.02,scene-0103_024,Car,vehicle,21.568179025197683,16,1.0,1.3911056471187138,12.22387191329299,15-30m
t_left,0.05,scene-0103_024,Car,vehicle,31.110050101016352,11,1.0,2.1720641258035838,4.00336620741196,>30m
t_left,0.05,scene-0103_024,Car,vehicle,15.882910057965821,10,0.9,4.576630506915325,8.895929221978934,15-30m
t_left,0.05,scene-0103_024,bicycle_rack,other,32.52600342398916,19,1.0,2.1389198332523662,10.663951258916274,>30m
t_left,0.05,scene-0103_024,Car,vehicle,8.955444633643932,99,0.9393939393939394,8.032864147659405,12.535645163163549,<15m
t_left,0.05,scene-0103_024,Car,vehicle,21.568179025197683,16,1.0,3.4777018793495693,12.22387191329299,15-30m
t_left,0.1,scene-0103_024,Car,vehicle,31.110050101016352,11,1.0,4.344047889954512,4.00336620741196,>30m
t_left,0.1,scene-0103_024,Car,vehicle,15.882910057965821,10,0.9,9.15290111352995,8.895929221978934,15-30m
t_left,0.1,scene-0103_024,bicycle_rack,other,32.52600342398916,19,1.0,4.277761354000276,10.663951258916274,>30m
t_left,0.1,scene-0103_024,Car,vehicle,8.955444633643932,99,0.8888888888888888,16.062619297273137,12.535645163163549,<15m
t_left,0.1,scene-0103_024,Car,vehicle,21.568179025197683,16,1.0,6.955196307108418,12.22387191329299,15-30m
t_left,0.2,scene-0103_024,Car,vehicle,31.110050101016352,11,1.0,8.68777435113836,4.00336620741196,>30m
t_left,0.2,scene-0103_024,Car,vehicle,15.882910057965821,10,0.8,17.86451432271988,8.895929221978934,15-30m
t_left,0.2,scene-0103_024,bicycle_rack,other,32.52600342398916,19,1.0,8.55520947518562,10.663951258916274,>30m
t_left,0.2,scene-0103_024,Car,vehicle,8.955444633643932,99,0.8181818181818182,32.06129874454149,12.535645163163549,<15m
t_left,0.2,scene-0103_024,Car,vehicle,21.568179025197683,16,1.0,13.909562882098545,12.22387191329299,15-30m
t_up,0.02,scene-0103_024,Car,vehicle,31.110050101016352,11,1.0,0.8678302162594114,4.00336620741196,>30m
t_up,0.02,scene-0103_024,Car,vehicle,15.882910057965821,10,1.0,1.8555319196965447,8.895929221978934,15-30m
t_up,0.02,scene-0103_024,bicycle_rack,other,32.52600342398916,19,1.0,0.8588495949607081,10.663951258916274,>30m
t_up,0.02,scene-0103_024,Car,vehicle,8.955444633643932,99,1.0,3.2665220903653647,12.535645163163549,<15m
t_up,0.02,scene-0103_024,Car,vehicle,21.568179025197683,16,1.0,1.4020819230591244,12.22387191329299,15-30m
t_up,0.05,scene-0103_024,Car,vehicle,31.110050101016352,11,1.0,2.169452951024177,4.00336620741196,>30m
t_up,0.05,scene-0103_024,Car,vehicle,15.882910057965821,10,1.0,4.638270177981207,8.895929221978934,15-30m
t_up,0.05,scene-0103_024,bicycle_rack,other,32.52600342398916,19,1.0,2.1470039278516992,10.663951258916274,>30m
t_up,0.05,scene-0103_024,Car,vehicle,8.955444633643932,99,1.0,8.164572314620193,12.535645163163549,<15m
t_up,0.05,scene-0103_024,Car,vehicle,21.568179025197683,16,1.0,3.5048854881370146,12.22387191329299,15-30m
t_up,0.1,scene-0103_024,Car,vehicle,31.110050101016352,11,1.0,4.338497331532922,4.00336620741196,>30m
t_up,0.1,scene-0103_024,Car,vehicle,15.882910057965821,10,1.0,9.27467555175867,8.895929221978934,15-30m
t_up,0.1,scene-0103_024,bicycle_rack,other,32.52600342398916,19,1.0,4.293607716871967,10.663951258916274,>30m
t_up,0.1,scene-0103_024,Car,vehicle,8.955444633643932,99,1.0,16.32337152580403,12.535645163163549,<15m
t_up,0.1,scene-0103_024,Car,vehicle,21.568179025197683,16,1.0,7.00870683643967,12.22387191329299,15-30m
t_up,0.2,scene-0103_024,Car,vehicle,31.110050101016352,11,1.0,8.675360842590427,4.00336620741196,>30m
t_up,0.2,scene-0103_024,Car,vehicle,15.882910057965821,10,1.0,18.541896383423357,8.895929221978934,15-30m
t_up,0.2,scene-0103_024,bicycle_rack,other,32.52600342398916,19,0.8947368421052632,8.585615325779962,10.663951258916274,>30m
t_up,0.2,scene-0103_024,Car,vehicle,8.955444633643932,99,1.0,32.62367511324593,12.535645163163549,<15m
t_up,0.2,scene-0103_024,Car,vehicle,21.568179025197683,16,1.0,14.013159051494085,12.22387191329299,15-30m
none,0.0,scene-0103_025,Car,vehicle,29.06124212569685,15,1.0,0.0,4.396130533121841,15-30m
none,0.0,scene-0103_025,Car,vehicle,14.189902928738128,13,1.0,0.0,4.009357935738401,<15m
none,0.0,scene-0103_025,bicycle_rack,other,30.51473004762226,12,1.0,0.0,12.082168959197963,>30m
none,0.0,scene-0103_025,Truck,vehicle,45.40104949673369,10,1.0,0.0,5.026197581293148,>30m
none,0.0,scene-0103_025,Car,vehicle,19.671774170255112,25,1.0,0.0,14.34774214277498,15-30m
yaw,0.25,scene-0103_025,Car,vehicle,29.06124212569685,15,1.0,5.8610148238296125,4.396130533121841,15-30m
yaw,0.25,scene-0103_025,Car,vehicle,14.189902928738128,13,0.9230769230769231,7.954171451075981,4.009357935738401,<15m
yaw,0.25,scene-0103_025,bicycle_rack,other,30.51473004762226,12,1.0,5.911412728947771,12.082168959197963,>30m
yaw,0.25,scene-0103_025,Truck,vehicle,45.40104949673369,10,1.0,5.655448506115191,5.026197581293148,>30m
yaw,0.25,scene-0103_025,Car,vehicle,19.671774170255112,25,1.0,7.193754238879988,14.34774214277498,15-30m
yaw,0.5,scene-0103_025,Car,vehicle,29.06124212569685,15,1.0,11.710697937140516,4.396130533121841,15-30m
yaw,0.5,scene-0103_025,Car,vehicle,14.189902928738128,13,0.8461538461538461,15.935274473895117,4.009357935738401,<15m
yaw,0.5,scene-0103_025,bicycle_rack,other,30.51473004762226,12,1.0,11.835832176235424,12.082168959197963,>30m
yaw,0.5,scene-0103_025,Truck,vehicle,45.40104949673369,10,1.0,11.318174594705454,5.026197581293148,>30m
yaw,0.5,scene-0103_025,Car,vehicle,19.671774170255112,25,1.0,14.42131458559598,14.34774214277498,15-30m
yaw,1.0,scene-0103_025,Car,vehicle,29.06124212569685,15,0.8666666666666667,23.377114112599624,4.396130533121841,15-30m
yaw,1.0,scene-0103_025,Car,vehicle,14.189902928738128,13,0.46153846153846156,31.839204499714604,4.009357935738401,<15m
yaw,1.0,scene-0103_025,bicycle_rack,other,30.51473004762226,12,1.0,23.724794741034177,12.082168959197963,>30m
yaw,1.0,scene-0103_025,Truck,vehicle,45.40104949673369,10,1.0,22.666396792989254,5.026197581293148,>30m
yaw,1.0,scene-0103_025,Car,vehicle,19.671774170255112,25,1.0,28.979972583456203,14.34774214277498,15-30m
yaw,2.0,scene-0103_025,Car,vehicle,29.06124212569685,15,0.5333333333333333,46.585360889096,4.396130533121841,15-30m
yaw,2.0,scene-0103_025,Car,vehicle,14.189902928738128,13,0.0,nan,4.009357935738401,<15m
yaw,2.0,scene-0103_025,bicycle_rack,other,30.51473004762226,12,1.0,47.67106938810265,12.082168959197963,>30m
yaw,2.0,scene-0103_025,Truck,vehicle,45.40104949673369,10,1.0,45.462093413483444,5.026197581293148,>30m
yaw,2.0,scene-0103_025,Car,vehicle,19.671774170255112,25,0.84,58.5267136395407,14.34774214277498,15-30m
yaw,3.0,scene-0103_025,Car,vehicle,29.06124212569685,15,0.26666666666666666,69.64098795791928,4.396130533121841,15-30m
yaw,3.0,scene-0103_025,Car,vehicle,14.189902928738128,13,0.0,nan,4.009357935738401,<15m
yaw,3.0,scene-0103_025,bicycle_rack,other,30.51473004762226,12,0.8333333333333334,71.85713274134217,12.082168959197963,>30m
yaw,3.0,scene-0103_025,Truck,vehicle,45.40104949673369,10,0.8,68.40335559820423,5.026197581293148,>30m
yaw,3.0,scene-0103_025,Car,vehicle,19.671774170255112,25,0.72,88.5092037455763,14.34774214277498,15-30m
pitch,0.25,scene-0103_025,Car,vehicle,29.06124212569685,15,1.0,5.610148191734567,4.396130533121841,15-30m
pitch,0.25,scene-0103_025,Car,vehicle,14.189902928738128,13,1.0,5.78227935979684,4.009357935738401,<15m
pitch,0.25,scene-0103_025,bicycle_rack,other,30.51473004762226,12,1.0,5.568268926029178,12.082168959197963,>30m
pitch,0.25,scene-0103_025,Truck,vehicle,45.40104949673369,10,1.0,5.530446896415758,5.026197581293148,>30m
pitch,0.25,scene-0103_025,Car,vehicle,19.671774170255112,25,1.0,5.700043318114932,14.34774214277498,15-30m
pitch,0.5,scene-0103_025,Car,vehicle,29.06124212569685,15,1.0,11.22305649772129,4.396130533121841,15-30m
pitch,0.5,scene-0103_025,Car,vehicle,14.189902928738128,13,1.0,11.572812343684946,4.009357935738401,<15m
pitch,0.5,scene-0103_025,bicycle_rack,other,30.51473004762226,12,1.0,11.139302952282936,12.082168959197963,>30m
pitch,0.5,scene-0103_025,Truck,vehicle,45.40104949673369,10,1.0,11.062479866563962,5.026197581293148,>30m
pitch,0.5,scene-0103_025,Car,vehicle,19.671774170255112,25,1.0,11.406285081345873,14.34774214277498,15-30m
pitch,1.0,scene-0103_025,Car,vehicle,29.06124212569685,15,1.0,22.458061411187423,4.396130533121841,15-30m
pitch,1.0,scene-0103_025,Car,vehicle,14.189902928738128,13,1.0,23.179760223367904,4.009357935738401,<15m
pitch,1.0,scene-0103_025,bicycle_rack,other,30.51473004762226,12,1.0,22.290565120062503,12.082168959197963,>30m
pitch,1.0,scene-0103_025,Truck,vehicle,45.40104949673369,10,0.8,22.132170695162024,5.026197581293148,>30m
pitch,1.0,scene-0103_025,Car,vehicle,19.671774170255112,25,0.72,22.838557246190103,14.34774214277498,15-30m
pitch,2.0,scene-0103_025,Car,vehicle,29.06124212569685,15,0.26666666666666666,44.97120970904863,4.396130533121841,15-30m
pitch,2.0,scene-0103_025,Car,vehicle,14.189902928738128,13,1.0,46.50511432333162,4.009357935738401,<15m
pitch,2.0,scene-0103_025,bicycle_rack,other,30.51473004762226,12,0.5833333333333334,44.636186752695195,12.082168959197963,>30m
pitch,2.0,scene-0103_025,Truck,vehicle,45.40104949673369,10,0.4,44.30013670666704,5.026197581293148,>30m
pitch,2.0,scene-0103_025,Car,vehicle,19.671774170255112,25,0.72,45.78865532509953,14.34774214277498,15-30m
pitch,3.0,scene-0103_025,Car,vehicle,29.06124212569685,15,0.0,67.55412876398245,4.396130533121841,15-30m
pitch,3.0,scene-0103_025,Car,vehicle,14.189902928738128,13,0.9230769230769231,69.71154352848075,4.009357935738401,<15m
pitch,3.0,scene-0103_025,bicycle_rack,other,30.51473004762226,12,0.5833333333333334,67.05140018651946,12.082168959197963,>30m
pitch,3.0,scene-0103_025,Truck,vehicle,45.40104949673369,10,0.4,66.51786476507226,5.026197581293148,>30m
pitch,3.0,scene-0103_025,Car,vehicle,19.671774170255112,25,0.12,68.86702609318625,14.34774214277498,15-30m
roll,0.25,scene-0103_025,Car,vehicle,29.06124212569685,15,1.0,1.1679081961961566,4.396130533121841,15-30m
roll,0.25,scene-0103_025,Car,vehicle,14.189902928738128,13,1.0,3.5627790260234433,4.009357935738401,<15m
roll,0.25,scene-0103_025,bicycle_rack,other,30.51473004762226,12,0.9166666666666666,1.402755497988763,12.082168959197963,>30m
roll,0.25,scene-0103_025,Truck,vehicle,45.40104949673369,10,1.0,0.8755842822439568,5.026197581293148,>30m
roll,0.25,scene-0103_025,Car,vehicle,19.671774170255112,25,1.0,2.9374014432743865,14.34774214277498,15-30m
roll,0.5,scene-0103_025,Car,vehicle,29.06124212569685,15,1.0,2.335867469294328,4.396130533121841,15-30m
roll,0.5,scene-0103_025,Car,vehicle,14.189902928738128,13,1.0,7.124974303812296,4.009357935738401,<15m
roll,0.5,scene-0103_025,bicycle_rack,other,30.51473004762226,12,0.9166666666666666,2.8054154065416395,12.082168959197963,>30m
roll,0.5,scene-0103_025,Truck,vehicle,45.40104949673369,10,1.0,1.7511299414304893,5.026197581293148,>30m
roll,0.5,scene-0103_025,Car,vehicle,19.671774170255112,25,1.0,5.874404204003509,14.34774214277498,15-30m
roll,1.0,scene-0103_025,Car,vehicle,29.06124212569685,15,1.0,4.67191658959366,4.396130533121841,15-30m
roll,1.0,scene-0103_025,Car,vehicle,14.189902928738128,13,1.0,14.247548050252792,4.009357935738401,<15m
roll,1.0,scene-0103_025,bicycle_rack,other,30.51473004762226,12,0.9166666666666666,5.610422120959406,12.082168959197963,>30m
roll,1.0,scene-0103_025,Truck,vehicle,45.40104949673369,10,1.0,3.502089034599146,5.026197581293148,>30m
roll,1.0,scene-0103_025,Car,vehicle,19.671774170255112,25,1.0,11.747159507842301,14.34774214277498,15-30m
roll,2.0,scene-0103_025,Car,vehicle,29.06124212569685,15,1.0,9.344378382622727,4.396130533121841,15-30m
roll,2.0,scene-0103_025,Car,vehicle,14.189902928738128,13,0.7692307692307693,28.484970850495145,4.009357935738401,<15m
roll,2.0,scene-0103_025,bicycle_rack,other,30.51473004762226,12,0.9166666666666666,11.218999038252303,12.082168959197963,>30m
roll,2.0,scene-0103_025,Truck,vehicle,45.40104949673369,10,1.0,7.003363921586483,5.026197581293148,>30m
roll,2.0,scene-0103_025,Car,vehicle,19.671774170255112,25,1.0,23.487291071796577,14.34774214277498,15-30m
roll,3.0,scene-0103_025,Car,vehicle,29.06124212569685,15,1.0,14.017022166764665,4.396130533121841,15-30m
roll,3.0,scene-0103_025,Car,vehicle,14.189902928738128,13,0.7692307692307693,42.71122664228501,4.009357935738401,<15m
roll,3.0,scene-0103_025,bicycle_rack,other,30.51473004762226,12,0.9166666666666666,16.82531057593421,12.082168959197963,>30m
roll,3.0,scene-0103_025,Truck,vehicle,45.40104949673369,10,1.0,10.503563425053327,5.026197581293148,>30m
roll,3.0,scene-0103_025,Car,vehicle,19.671774170255112,25,1.0,35.21953292183633,14.34774214277498,15-30m
t_fwd,0.02,scene-0103_025,Car,vehicle,29.06124212569685,15,1.0,0.1995864746316468,4.396130533121841,15-30m
t_fwd,0.02,scene-0103_025,Car,vehicle,14.189902928738128,13,1.0,1.2603930485578316,4.009357935738401,<15m
t_fwd,0.02,scene-0103_025,bicycle_rack,other,30.51473004762226,12,1.0,0.20811560766102494,12.082168959197963,>30m
t_fwd,0.02,scene-0103_025,Truck,vehicle,45.40104949673369,10,1.0,0.08901903101382189,5.026197581293148,>30m
t_fwd,0.02,scene-0103_025,Car,vehicle,19.671774170255112,25,1.0,0.8451237495745889,14.34774214277498,15-30m
t_fwd,0.05,scene-0103_025,Car,vehicle,29.06124212569685,15,1.0,0.4984094812169581,4.396130533121841,15-30m
t_fwd,0.05,scene-0103_025,Car,vehicle,14.189902928738128,13,1.0,3.1436206475069546,4.009357935738401,<15m
t_fwd,0.05,scene-0103_025,bicycle_rack,other,30.51473004762226,12,1.0,0.5197828599270632,12.082168959197963,>30m
t_fwd,0.05,scene-0103_025,Truck,vehicle,45.40104949673369,10,1.0,0.2224033886747614,5.026197581293148,>30m
t_fwd,0.05,scene-0103_025,Car,vehicle,19.671774170255112,25,1.0,2.1087972464779523,14.34774214277498,15-30m
t_fwd,0.1,scene-0103_025,Car,vehicle,29.06124212569685,15,1.0,0.9949687887662138,4.396130533121841,15-30m
t_fwd,0.1,scene-0103_025,Car,vehicle,14.189902928738128,13,1.0,6.262853682844883,4.009357935738401,<15m
t_fwd,0.1,scene-0103_025,bicycle_rack,other,30.51473004762226,12,1.0,1.0378829011784247,12.082168959197963,>30m
t_fwd,0.1,scene-0103_025,Truck,vehicle,45.40104949673369,10,1.0,0.4443269773229004,5.026197581293148,>30m
t_fwd,0.1,scene-0103_025,Car,vehicle,19.671774170255112,25,1.0,4.20428824416504,14.34774214277498,15-30m
t_fwd,0.2,scene-0103_025,Car,vehicle,29.06124212569685,15,1.0,1.9825779392523069,4.396130533121841,15-30m
t_fwd,0.2,scene-0103_025,Car,vehicle,14.189902928738128,13,1.0,12.429283345188175,4.009357935738401,<15m
t_fwd,0.2,scene-0103_025,bicycle_rack,other,30.51473004762226,12,1.0,2.069067176703579,12.082168959197963,>30m
t_fwd,0.2,scene-0103_025,Truck,vehicle,45.40104949673369,10,1.0,0.8867409517253568,5.026197581293148,>30m
t_fwd,0.2,scene-0103_025,Car,vehicle,19.671774170255112,25,1.0,8.355852099071512,14.34774214277498,15-30m
t_left,0.02,scene-0103_025,Car,vehicle,29.06124212569685,15,1.0,0.9339521938062433,4.396130533121841,15-30m
t_left,0.02,scene-0103_025,Car,vehicle,14.189902928738128,13,1.0,1.9384805249284518,4.009357935738401,<15m
t_left,0.02,scene-0103_025,bicycle_rack,other,30.51473004762226,12,1.0,0.809831641394799,12.082168959197963,>30m
t_left,0.02,scene-0103_025,Truck,vehicle,45.40104949673369,10,1.0,0.541667597497006,5.026197581293148,>30m
t_left,0.02,scene-0103_025,Car,vehicle,19.671774170255112,25,1.0,1.578031831576342,14.34774214277498,15-30m
t_left,0.05,scene-0103_025,Car,vehicle,29.06124212569685,15,1.0,2.334852189390525,4.396130533121841,15-30m
t_left,0.05,scene-0103_025,Car,vehicle,14.189902928738128,13,0.9230769230769231,4.824022380595756,4.009357935738401,<15m
t_left,0.05,scene-0103_025,bicycle_rack,other,30.51473004762226,12,1.0,2.024557680692391,12.082168959197963,>30m
t_left,0.05,scene-0103_025,Truck,vehicle,45.40104949673369,10,1.0,1.3541594398219132,5.026197581293148,>30m
t_left,0.05,scene-0103_025,Car,vehicle,19.671774170255112,25,1.0,3.944998118787805,14.34774214277498,15-30m
t_left,0.1,scene-0103_025,Car,vehicle,29.06124212569685,15,1.0,4.669610064744848,4.396130533121841,15-30m
t_left,0.1,scene-0103_025,Car,vehicle,14.189902928738128,13,0.8461538461538461,9.603530401770932,4.009357935738401,<15m
t_left,0.1,scene-0103_025,bicycle_rack,other,30.51473004762226,12,1.0,4.049043954088355,12.082168959197963,>30m
t_left,0.1,scene-0103_025,Truck,vehicle,45.40104949673369,10,1.0,2.7082870338413363,5.026197581293148,>30m
t_left,0.1,scene-0103_025,Car,vehicle,19.671774170255112,25,1.0,7.889724718682905,14.34774214277498,15-30m
t_left,0.2,scene-0103_025,Car,vehicle,29.06124212569685,15,1.0,9.33884289620313,4.396130533121841,15-30m
t_left,0.2,scene-0103_025,Car,vehicle,14.189902928738128,13,0.7692307692307693,19.183209697101105,4.009357935738401,<15m
t_left,0.2,scene-0103_025,bicycle_rack,other,30.51473004762226,12,1.0,8.09780229413273,12.082168959197963,>30m
t_left,0.2,scene-0103_025,Truck,vehicle,45.40104949673369,10,1.0,5.416446688965612,5.026197581293148,>30m
t_left,0.2,scene-0103_025,Car,vehicle,19.671774170255112,25,1.0,15.778363473912515,14.34774214277498,15-30m
t_up,0.02,scene-0103_025,Car,vehicle,29.06124212569685,15,1.0,0.9327692197205193,4.396130533121841,15-30m
t_up,0.02,scene-0103_025,Car,vehicle,14.189902928738128,13,1.0,1.9581394807736763,4.009357935738401,<15m
t_up,0.02,scene-0103_025,bicycle_rack,other,30.51473004762226,12,0.9166666666666666,0.8128625664306123,12.082168959197963,>30m
t_up,0.02,scene-0103_025,Truck,vehicle,45.40104949673369,10,1.0,0.5417540266155076,5.026197581293148,>30m
t_up,0.02,scene-0103_025,Car,vehicle,19.671774170255112,25,1.0,1.5962595864381428,14.34774214277498,15-30m
t_up,0.05,scene-0103_025,Car,vehicle,29.06124212569685,15,1.0,2.331781307851082,4.396130533121841,15-30m
t_up,0.05,scene-0103_025,Car,vehicle,14.189902928738128,13,1.0,4.894724983005536,4.009357935738401,<15m
t_up,0.05,scene-0103_025,bicycle_rack,other,30.51473004762226,12,0.9166666666666666,2.032048561076895,12.082168959197963,>30m
t_up,0.05,scene-0103_025,Truck,vehicle,45.40104949673369,10,1.0,1.3543371372115822,5.026197581293148,>30m
t_up,0.05,scene-0103_025,Car,vehicle,19.671774170255112,25,1.0,3.9902350946258394,14.34774214277498,15-30m
t_up,0.1,scene-0103_025,Car,vehicle,29.06124212569685,15,1.0,4.663090220775244,4.396130533121841,15-30m
t_up,0.1,scene-0103_025,Car,vehicle,14.189902928738128,13,1.0,9.787371609150382,4.009357935738401,<15m
t_up,0.1,scene-0103_025,bicycle_rack,other,30.51473004762226,12,0.9166666666666666,4.063737656470906,12.082168959197963,>30m
t_up,0.1,scene-0103_025,Truck,vehicle,45.40104949673369,10,1.0,2.70851452507537,5.026197581293148,>30m
t_up,0.1,scene-0103_025,Car,vehicle,19.671774170255112,25,1.0,7.979090999155193,14.34774214277498,15-30m
t_up,0.2,scene-0103_025,Car,vehicle,29.06124212569685,15,1.0,9.32429143594084,4.396130533121841,15-30m
t_up,0.2,scene-0103_025,Car,vehicle,14.189902928738128,13,0.7692307692307693,19.56643508357738,4.009357935738401,<15m
t_up,0.2,scene-0103_025,bicycle_rack,other,30.51473004762226,12,0.9166666666666666,8.126037832456237,12.082168959197963,>30m
t_up,0.2,scene-0103_025,Truck,vehicle,45.40104949673369,10,1.0,5.416390165804526,5.026197581293148,>30m
t_up,0.2,scene-0103_025,Car,vehicle,19.671774170255112,25,1.0,15.952668097167011,14.34774214277498,15-30m
none,0.0,scene-0103_026,Car,vehicle,26.740196402414604,10,1.0,0.0,4.936549531154488,15-30m
none,0.0,scene-0103_026,bicycle_rack,other,28.26673592299683,26,1.0,0.0,14.119716518447495,15-30m
none,0.0,scene-0103_026,Truck,vehicle,43.02660511204037,15,1.0,0.0,5.41182907136445,>30m
none,0.0,scene-0103_026,Car,vehicle,17.62471308563048,23,1.0,0.0,13.471561102082807,15-30m
yaw,0.25,scene-0103_026,Car,vehicle,26.740196402414604,10,1.0,5.8991084879106,4.936549531154488,15-30m
yaw,0.25,scene-0103_026,bicycle_rack,other,28.26673592299683,26,1.0,6.260675402723331,14.119716518447495,15-30m
yaw,0.25,scene-0103_026,Truck,vehicle,43.02660511204037,15,1.0,5.70141476454892,5.41182907136445,>30m
yaw,0.25,scene-0103_026,Car,vehicle,17.62471308563048,23,0.9565217391304348,7.525547749549405,13.471561102082807,15-30m
yaw,0.5,scene-0103_026,Car,vehicle,26.740196402414604,10,1.0,11.786100882057935,4.936549531154488,15-30m
yaw,0.5,scene-0103_026,bicycle_rack,other,28.26673592299683,26,1.0,12.540398470461852,14.119716518447495,15-30m
yaw,0.5,scene-0103_026,Truck,vehicle,43.02660511204037,15,1.0,11.411752312767861,5.41182907136445,>30m
yaw,0.5,scene-0103_026,Car,vehicle,17.62471308563048,23,0.9130434782608695,15.034644490460698,13.471561102082807,15-30m
yaw,1.0,scene-0103_026,Car,vehicle,26.740196402414604,10,0.9,23.524806717369824,4.936549531154488,15-30m
yaw,1.0,scene-0103_026,bicycle_rack,other,28.26673592299683,26,0.9615384615384616,25.158335165642264,14.119716518447495,15-30m
yaw,1.0,scene-0103_026,Truck,vehicle,43.02660511204037,15,1.0,22.85816951098462,5.41182907136445,>30m
yaw,1.0,scene-0103_026,Car,vehicle,17.62471308563048,23,0.8695652173913043,30.11542822793962,13.471561102082807,15-30m
yaw,2.0,scene-0103_026,Car,vehicle,26.740196402414604,10,0.7,46.86847877079024,4.936549531154488,15-30m
yaw,2.0,scene-0103_026,bicycle_rack,other,28.26673592299683,26,0.8461538461538461,50.637809694608755,14.119716518447495,15-30m
yaw,2.0,scene-0103_026,Truck,vehicle,43.02660511204037,15,0.9333333333333333,45.862804241384836,5.41182907136445,>30m
yaw,2.0,scene-0103_026,Car,vehicle,17.62471308563048,23,0.6956521739130435,60.42434708915718,13.471561102082807,15-30m
yaw,3.0,scene-0103_026,Car,vehicle,26.740196402414604,10,0.4,70.04761277486139,4.936549531154488,15-30m
yaw,3.0,scene-0103_026,bicycle_rack,other,28.26673592299683,26,0.7692307692307693,76.46101390268157,14.119716518447495,15-30m
yaw,3.0,scene-0103_026,Truck,vehicle,43.02660511204037,15,0.6,69.02976224675801,5.41182907136445,>30m
yaw,3.0,scene-0103_026,Car,vehicle,17.62471308563048,23,0.5652173913043478,90.57011739378743,13.471561102082807,15-30m
pitch,0.25,scene-0103_026,Car,vehicle,26.740196402414604,10,1.0,5.6206976500825085,4.936549531154488,15-30m
pitch,0.25,scene-0103_026,bicycle_rack,other,28.26673592299683,26,1.0,5.616775513615946,14.119716518447495,15-30m
pitch,0.25,scene-0103_026,Truck,vehicle,43.02660511204037,15,1.0,5.535573621022285,5.41182907136445,>30m
pitch,0.25,scene-0103_026,Car,vehicle,17.62471308563048,23,1.0,5.760956302062448,13.471561102082807,15-30m
pitch,0.5,scene-0103_026,Car,vehicle,26.740196402414604,10,1.0,11.24415102086173,4.936549531154488,15-30m
pitch,0.5,scene-0103_026,bicycle_rack,other,28.26673592299683,26,1.0,11.237688379741359,14.119716518447495,15-30m
pitch,0.5,scene-0103_026,Truck,vehicle,43.02660511204037,15,1.0,11.072715331100884,5.41182907136445,>30m
pitch,0.5,scene-0103_026,Car,vehicle,17.62471308563048,23,1.0,11.529831094892138,13.471561102082807,15-30m
pitch,1.0,scene-0103_026,Car,vehicle,26.740196402414604,10,1.0,22.500239768915037,4.936549531154488,15-30m
pitch,1.0,scene-0103_026,bicycle_rack,other,28.26673592299683,26,1.0,22.492870589716173,14.119716518447495,15-30m
pitch,1.0,scene-0103_026,Truck,vehicle,43.02660511204037,15,1.0,22.152576558025437,5.41182907136445,>30m
pitch,1.0,scene-0103_026,Car,vehicle,17.62471308563048,23,0.9565217391304348,23.08804281375151,13.471561102082807,15-30m
pitch,2.0,scene-0103_026,Car,vehicle,26.740196402414604,10,0.2,45.055578926526806,4.936549531154488,15-30m
pitch,2.0,scene-0103_026,bicycle_rack,other,28.26673592299683,26,0.5384615384615384,45.06331414558127,14.119716518447495,15-30m
pitch,2.0,scene-0103_026,Truck,vehicle,43.02660511204037,15,0.6,44.340743134132246,5.41182907136445,>30m
pitch,2.0,scene-0103_026,Car,vehicle,17.62471308563048,23,0.9565217391304348,46.31553950808524,13.471561102082807,15-30m
pitch,3.0,scene-0103_026,Car,vehicle,26.740196402414604,10,0.0,67.68081248252989,4.936549531154488,15-30m
pitch,3.0,scene-0103_026,bicycle_rack,other,28.26673592299683,26,0.07692307692307693,67.72666060201144,14.119716518447495,15-30m
pitch,3.0,scene-0103_026,Truck,vehicle,43.02660511204037,15,0.13333333333333333,66.5785764777708,5.41182907136445,>30m
pitch,3.0,scene-0103_026,Car,vehicle,17.62471308563048,23,0.30434782608695654,69.70029785324928,13.471561102082807,15-30m
roll,0.25,scene-0103_026,Car,vehicle,26.740196402414604,10,1.0,1.2480627169362335,4.936549531154488,15-30m
roll,0.25,scene-0103_026,bicycle_rack,other,28.26673592299683,26,1.0,1.9321418125010155,14.119716518447495,15-30m
roll,0.25,scene-0103_026,Truck,vehicle,43.02660511204037,15,1.0,0.9910398453058477,5.41182907136445,>30m
roll,0.25,scene-0103_026,Car,vehicle,17.62471308563048,23,1.0,3.2444056816908313,13.471561102082807,15-30m
roll,0.5,scene-0103_026,Car,vehicle,26.740196402414604,10,1.0,2.4961870450516894,4.936549531154488,15-30m
roll,0.5,scene-0103_026,bicycle_rack,other,28.26673592299683,26,1.0,3.864105370592524,14.119716518447495,15-30m
roll,0.5,scene-0103_026,Truck,vehicle,43.02660511204037,15,1.0,1.9820295710558904,5.41182907136445,>30m
roll,0.5,scene-0103_026,Car,vehicle,17.62471308563048,23,1.0,6.488320779431232,13.471561102082807,15-30m
roll,1.0,scene-0103_026,Car,vehicle,26.740196402414604,10,1.0,4.9925964848740385,4.936549531154488,15-30m
roll,1.0,scene-0103_026,bicycle_rack,other,28.26673592299683,26,1.0,7.727461312830657,14.119716518447495,15-30m
roll,1.0,scene-0103_026,Truck,vehicle,43.02660511204037,15,1.0,3.963839938652987,5.41182907136445,>30m
roll,1.0,scene-0103_026,Car,vehicle,17.62471308563048,23,1.0,12.97461862094899,13.471561102082807,15-30m
roll,2.0,scene-0103_026,Car,vehicle,26.740196402414604,10,1.0,9.985889972917592,4.936549531154488,15-30m
roll,2.0,scene-0103_026,bicycle_rack,other,28.26673592299683,26,1.0,15.451634081481842,14.119716518447495,15-30m
roll,2.0,scene-0103_026,Truck,vehicle,43.02660511204037,15,1.0,7.926653385606877,5.41182907136445,>30m
roll,2.0,scene-0103_026,Car,vehicle,17.62471308563048,23,0.9565217391304348,25.758328538422383,13.471561102082807,15-30m
roll,3.0,scene-0103_026,Car,vehicle,26.740196402414604,10,1.0,14.979494819496932,4.936549531154488,15-30m
roll,3.0,scene-0103_026,bicycle_rack,other,28.26673592299683,26,1.0,23.171937956765632,14.119716518447495,15-30m
roll,3.0,scene-0103_026,Truck,vehicle,43.02660511204037,15,1.0,11.888141346558452,5.41182907136445,>30m
roll,3.0,scene-0103_026,Car,vehicle,17.62471308563048,23,0.9130434782608695,38.62384134056647,13.471561102082807,15-30m
t_fwd,0.02,scene-0103_026,Car,vehicle,26.740196402414604,10,1.0,0.2299504047440733,4.936549531154488,15-30m
t_fwd,0.02,scene-0103_026,bicycle_rack,other,28.26673592299683,26,1.0,0.38639164468395676,14.119716518447495,15-30m
t_fwd,0.02,scene-0103_026,Truck,vehicle,43.02660511204037,15,1.0,0.1082892725670569,5.41182907136445,>30m
t_fwd,0.02,scene-0103_026,Car,vehicle,17.62471308563048,23,1.0,1.0647284955567518,13.471561102082807,15-30m
t_fwd,0.05,scene-0103_026,Car,vehicle,26.740196402414604,10,1.0,0.5741847895111334,4.936549531154488,15-30m
t_fwd,0.05,scene-0103_026,bicycle_rack,other,28.26673592299683,26,1.0,0.9647094563534904,14.119716518447495,15-30m
t_fwd,0.05,scene-0103_026,Truck,vehicle,43.02660511204037,15,1.0,0.2705228085875037,5.41182907136445,>30m
t_fwd,0.05,scene-0103_026,Car,vehicle,17.62471308563048,23,1.0,2.6560805041398683,13.471561102082807,15-30m
t_fwd,0.1,scene-0103_026,Car,vehicle,26.740196402414604,10,1.0,1.1460728787484329,4.936549531154488,15-30m
t_fwd,0.1,scene-0103_026,bicycle_rack,other,28.26673592299683,26,1.0,1.925201534812401,14.119716518447495,15-30m
t_fwd,0.1,scene-0103_026,Truck,vehicle,43.02660511204037,15,1.0,0.5403790243727161,5.41182907136445,>30m
t_fwd,0.1,scene-0103_026,Car,vehicle,17.62471308563048,23,1.0,5.293134885026086,13.471561102082807,15-30m
t_fwd,0.2,scene-0103_026,Car,vehicle,26.740196402414604,10,1.0,2.2830138663177086,4.936549531154488,15-30m
t_fwd,0.2,scene-0103_026,bicycle_rack,other,28.26673592299683,26,1.0,3.8336437370875833,14.119716518447495,15-30m
t_fwd,0.2,scene-0103_026,Truck,vehicle,43.02660511204037,15,1.0,1.0781015085831158,5.41182907136445,>30m
t_fwd,0.2,scene-0103_026,Car,vehicle,17.62471308563048,23,1.0,10.510977192410929,13.471561102082807,15-30m
t_left,0.02,scene-0103_026,Car,vehicle,26.740196402414604,10,1.0,1.0230960430575453,4.936549531154488,15-30m
t_left,0.02,scene-0103_026,bicycle_rack,other,28.26673592299683,26,1.0,1.0811331354138125,14.119716518447495,15-30m
t_left,0.02,scene-0103_026,Truck,vehicle,43.02660511204037,15,1.0,0.6008585075673982,5.41182907136445,>30m
t_left,0.02,scene-0103_026,Car,vehicle,17.62471308563048,23,0.9565217391304348,1.791719459783954,13.471561102082807,15-30m
t_left,0.05,scene-0103_026,Car,vehicle,26.740196402414604,10,1.0,2.557705545825235,4.936549531154488,15-30m
t_left,0.05,scene-0103_026,bicycle_rack,other,28.26673592299683,26,1.0,2.702793995694811,14.119716518447495,15-30m
t_left,0.05,scene-0103_026,Truck,vehicle,43.02660511204037,15,1.0,1.502134293994754,5.41182907136445,>30m
t_left,0.05,scene-0103_026,Car,vehicle,17.62471308563048,23,0.9565217391304348,4.47919167900948,13.471561102082807,15-30m
t_left,0.1,scene-0103_026,Car,vehicle,26.740196402414604,10,1.0,5.115295889739455,4.936549531154488,15-30m
t_left,0.1,scene-0103_026,bicycle_rack,other,28.26673592299683,26,1.0,5.405458520219131,14.119716518447495,15-30m
t_left,0.1,scene-0103_026,Truck,vehicle,43.02660511204037,15,1.0,3.0042286724258926,5.41182907136445,>30m
t_left,0.1,scene-0103_026,Car,vehicle,17.62471308563048,23,0.9565217391304348,8.958026812558012,13.471561102082807,15-30m
t_left,0.2,scene-0103_026,Car,vehicle,26.740196402414604,10,1.0,10.23013100296539,4.936549531154488,15-30m
t_left,0.2,scene-0103_026,bicycle_rack,other,28.26673592299683,26,1.0,10.810399192966464,14.119716518447495,15-30m
t_left,0.2,scene-0103_026,Truck,vehicle,43.02660511204037,15,1.0,6.008297688960544,5.41182907136445,>30m
t_left,0.2,scene-0103_026,Car,vehicle,17.62471308563048,23,0.9130434782608695,17.84221160874334,13.471561102082807,15-30m
t_up,0.02,scene-0103_026,Car,vehicle,26.740196402414604,10,1.0,1.0212162895987094,4.936549531154488,15-30m
t_up,0.02,scene-0103_026,bicycle_rack,other,28.26673592299683,26,1.0,1.088370443983933,14.119716518447495,15-30m
t_up,0.02,scene-0103_026,Truck,vehicle,43.02660511204037,15,1.0,0.6019881902875353,5.41182907136445,>30m
t_up,0.02,scene-0103_026,Car,vehicle,17.62471308563048,23,1.0,1.820240222799097,13.471561102082807,15-30m
t_up,0.05,scene-0103_026,Car,vehicle,26.740196402414604,10,1.0,2.5528695517474427,4.936549531154488,15-30m
t_up,0.05,scene-0103_026,bicycle_rack,other,28.26673592299683,26,1.0,2.7207320921070464,14.119716518447495,15-30m
t_up,0.05,scene-0103_026,Truck,vehicle,43.02660511204037,15,1.0,1.504910928891541,5.41182907136445,>30m
t_up,0.05,scene-0103_026,Car,vehicle,17.62471308563048,23,1.0,4.550059188254718,13.471561102082807,15-30m
t_up,0.1,scene-0103_026,Car,vehicle,26.740196402414604,10,1.0,5.105168631332394,4.936549531154488,15-30m
t_up,0.1,scene-0103_026,bicycle_rack,other,28.26673592299683,26,1.0,5.4408175809979875,14.119716518447495,15-30m
t_up,0.1,scene-0103_026,Truck,vehicle,43.02660511204037,15,1.0,3.009623389300576,5.41182907136445,>30m
t_up,0.1,scene-0103_026,Car,vehicle,17.62471308563048,23,1.0,9.098314386404645,13.471561102082807,15-30m
t_up,0.2,scene-0103_026,Car,vehicle,26.740196402414604,10,1.0,10.208056138721055,4.936549531154488,15-30m
t_up,0.2,scene-0103_026,bicycle_rack,other,28.26673592299683,26,1.0,10.879049670934348,14.119716518447495,15-30m
t_up,0.2,scene-0103_026,Truck,vehicle,43.02660511204037,15,1.0,6.018453061695646,5.41182907136445,>30m
t_up,0.2,scene-0103_026,Car,vehicle,17.62471308563048,23,1.0,18.189417102124438,13.471561102082807,15-30m
none,0.0,scene-0103_027,Car,vehicle,24.205288504096252,23,1.0,0.0,5.686420876240856,15-30m
none,0.0,scene-0103_027,bicycle_rack,other,25.80177410921208,44,1.0,0.0,17.16630325382653,15-30m
none,0.0,scene-0103_027,Truck,vehicle,40.503211255321446,18,1.0,0.0,5.8924231519651515,>30m
none,0.0,scene-0103_027,Car,vehicle,15.45490360323236,12,1.0,0.0,8.972001643357325,15-30m
yaw,0.25,scene-0103_027,Car,vehicle,24.205288504096252,23,1.0,5.995225244249451,5.686420876240856,15-30m
yaw,0.25,scene-0103_027,bicycle_rack,other,25.80177410921208,44,1.0,6.427402984221853,17.16630325382653,15-30m
yaw,0.25,scene-0103_027,Truck,vehicle,40.503211255321446,18,1.0,5.737996060686276,5.8924231519651515,>30m
yaw,0.25,scene-0103_027,Car,vehicle,15.45490360323236,12,1.0,7.491725719136309,8.972001643357325,15-30m
yaw,0.5,scene-0103_027,Car,vehicle,24.205288504096252,23,1.0,11.976702988369796,5.686420876240856,15-30m
yaw,0.5,scene-0103_027,bicycle_rack,other,25.80177410921208,44,1.0,12.876640984418673,17.16630325382653,15-30m
yaw,0.5,scene-0103_027,Truck,vehicle,40.503211255321446,18,1.0,11.485473952467558,5.8924231519651515,>30m
yaw,0.5,scene-0103_027,Car,vehicle,15.45490360323236,12,1.0,15.021736956630471,8.972001643357325,15-30m
yaw,1.0,scene-0103_027,Car,vehicle,24.205288504096252,23,0.9565217391304348,23.899544160189265,5.686420876240856,15-30m
yaw,1.0,scene-0103_027,bicycle_rack,other,25.80177410921208,44,0.9772727272727273,25.842096651219997,17.16630325382653,15-30m
yaw,1.0,scene-0103_027,Truck,vehicle,40.503211255321446,18,1.0,23.009866039416277,5.8924231519651515,>30m
yaw,1.0,scene-0103_027,Car,vehicle,15.45490360323236,12,1.0,30.199011209157426,8.972001643357325,15-30m
yaw,2.0,scene-0103_027,Car,vehicle,24.205288504096252,23,0.7391304347826086,47.59253956507352,5.686420876240856,15-30m
yaw,2.0,scene-0103_027,bicycle_rack,other,25.80177410921208,44,0.9090909090909091,52.05149386038589,17.16630325382653,15-30m
yaw,2.0,scene-0103_027,Truck,vehicle,40.503211255321446,18,0.9444444444444444,46.183422722281186,5.8924231519651515,>30m
yaw,2.0,scene-0103_027,Car,vehicle,15.45490360323236,12,0.8333333333333334,60.58359902112602,8.972001643357325,15-30m
yaw,3.0,scene-0103_027,Car,vehicle,24.205288504096252,23,0.4782608695652174,71.09643951185271,5.686420876240856,15-30m
yaw,3.0,scene-0103_027,bicycle_rack,other,25.80177410921208,44,0.8409090909090909,78.65300898482619,17.16630325382653,15-30m
yaw,3.0,scene-0103_027,Truck,vehicle,40.503211255321446,18,0.6111111111111112,69.53698423976182,5.8924231519651515,>30m
yaw,3.0,scene-0103_027,Car,vehicle,15.45490360323236,12,0.75,91.25452575672219,8.972001643357325,15-30m
pitch,0.25,scene-0103_027,Car,vehicle,24.205288504096252,23,1.0,5.641975138326135,5.686420876240856,15-30m
pitch,0.25,scene-0103_027,bicycle_rack,other,25.80177410921208,44,1.0,5.641034328258007,17.16630325382653,15-30m
pitch,0.25,scene-0103_027,Truck,vehicle,40.503211255321446,18,1.0,5.539560542357547,5.8924231519651515,>30m
pitch,0.25,scene-0103_027,Car,vehicle,15.45490360323236,12,1.0,5.747127571386249,8.972001643357325,15-30m
pitch,0.5,scene-0103_027,Car,vehicle,24.205288504096252,23,1.0,11.287942529311074,5.686420876240856,15-30m
pitch,0.5,scene-0103_027,bicycle_rack,other,25.80177410921208,44,1.0,11.287612178722142,17.16630325382653,15-30m
pitch,0.5,scene-0103_027,Truck,vehicle,40.503211255321446,18,1.0,11.0812898995352,5.8924231519651515,>30m
pitch,0.5,scene-0103_027,Car,vehicle,15.45490360323236,12,1.0,11.502086250077245,8.972001643357325,15-30m
pitch,1.0,scene-0103_027,Car,vehicle,24.205288504096252,23,0.4782608695652174,22.592782278941566,5.686420876240856,15-30m
pitch,1.0,scene-0103_027,bicycle_rack,other,25.80177410921208,44,0.8636363636363636,22.598361813846306,17.16630325382653,15-30m
pitch,1.0,scene-0103_027,Truck,vehicle,40.503211255321446,18,1.0,22.17213021480933,5.8924231519651515,>30m
pitch,1.0,scene-0103_027,Car,vehicle,15.45490360323236,12,1.0,23.036573642897928,8.972001643357325,15-30m
pitch,2.0,scene-0103_027,Car,vehicle,24.205288504096252,23,0.4782608695652174,45.260620235348796,5.686420876240856,15-30m
pitch,2.0,scene-0103_027,bicycle_rack,other,25.80177410921208,44,0.7954545454545454,45.297035665370444,17.16630325382653,15-30m
pitch,2.0,scene-0103_027,Truck,vehicle,40.503211255321446,18,0.5,44.38948673181293,5.8924231519651515,>30m
pitch,2.0,scene-0103_027,Car,vehicle,15.45490360323236,12,1.0,46.21144428325029,8.972001643357325,15-30m
pitch,3.0,scene-0103_027,Car,vehicle,24.205288504096252,23,0.0,68.01857853819465,5.686420876240856,15-30m
pitch,3.0,scene-0103_027,bicycle_rack,other,25.80177410921208,44,0.4318181818181818,68.11171837975928,17.16630325382653,15-30m
pitch,3.0,scene-0103_027,Truck,vehicle,40.503211255321446,18,0.0,66.66619787238741,5.8924231519651515,>30m
pitch,3.0,scene-0103_027,Car,vehicle,15.45490360323236,12,1.0,69.54223885770753,8.972001643357325,15-30m
roll,0.25,scene-0103_027,Car,vehicle,24.205288504096252,23,1.0,1.3944795473232572,5.686420876240856,15-30m
roll,0.25,scene-0103_027,bicycle_rack,other,25.80177410921208,44,1.0,2.1503003653663284,17.16630325382653,15-30m
roll,0.25,scene-0103_027,Truck,vehicle,40.503211255321446,18,1.0,1.0704520285471157,5.8924231519651515,>30m
roll,0.25,scene-0103_027,Car,vehicle,15.45490360323236,12,1.0,3.198258210299458,8.972001643357325,15-30m
roll,0.5,scene-0103_027,Car,vehicle,24.205288504096252,23,1.0,2.789029827969246,5.686420876240856,15-30m
roll,0.5,scene-0103_027,bicycle_rack,other,25.80177410921208,44,1.0,4.300385282962498,17.16630325382653,15-30m
roll,0.5,scene-0103_027,Truck,vehicle,40.503211255321446,18,1.0,2.1408475013415957,5.8924231519651515,>30m
roll,0.5,scene-0103_027,Car,vehicle,15.45490360323236,12,1.0,6.396052308415426,8.972001643357325,15-30m
roll,1.0,scene-0103_027,Car,vehicle,24.205288504096252,23,1.0,5.5783152857756315,5.686420876240856,15-30m
roll,1.0,scene-0103_027,bicycle_rack,other,25.80177410921208,44,1.0,8.599868412352006,17.16630325382653,15-30m
roll,1.0,scene-0103_027,Truck,vehicle,40.503211255321446,18,1.0,4.281448665213763,5.8924231519651515,>30m
roll,1.0,scene-0103_027,Car,vehicle,15.45490360323236,12,1.0,12.7901898214961,8.972001643357325,15-30m
roll,2.0,scene-0103_027,Car,vehicle,24.205288504096252,23,1.0,11.157434459715347,5.686420876240856,15-30m
roll,2.0,scene-0103_027,bicycle_rack,other,25.80177410921208,44,1.0,17.195805860642018,17.16630325382653,15-30m
roll,2.0,scene-0103_027,Truck,vehicle,40.503211255321446,18,1.0,8.561751204677698,5.8924231519651515,>30m
roll,2.0,scene-0103_027,Car,vehicle,15.45490360323236,12,1.0,25.57225486651466,8.972001643357325,15-30m
roll,3.0,scene-0103_027,Car,vehicle,24.205288504096252,23,0.8260869565217391,16.736919692023797,5.686420876240856,15-30m
roll,3.0,scene-0103_027,bicycle_rack,other,25.80177410921208,44,1.0,25.787169230154138,17.16630325382653,15-30m
roll,3.0,scene-0103_027,Truck,vehicle,40.503211255321446,18,1.0,12.840586473212841,5.8924231519651515,>30m
roll,3.0,scene-0103_027,Car,vehicle,15.45490360323236,12,0.8333333333333334,38.345267319156164,8.972001643357325,15-30m
t_fwd,0.02,scene-0103_027,Car,vehicle,24.205288504096252,23,1.0,0.29126925827573497,5.686420876240856,15-30m
t_fwd,0.02,scene-0103_027,bicycle_rack,other,25.80177410921208,44,1.0,0.4761908868468563,17.16630325382653,15-30m
t_fwd,0.02,scene-0103_027,Truck,vehicle,40.503211255321446,18,1.0,0.12834545458700897,5.8924231519651515,>30m
t_fwd,0.02,scene-0103_027,Car,vehicle,15.45490360323236,12,1.0,1.0190082717844464,8.972001643357325,15-30m
t_fwd,0.05,scene-0103_027,Car,vehicle,24.205288504096252,23,1.0,0.7271753448053674,5.686420876240856,15-30m
t_fwd,0.05,scene-0103_027,bicycle_rack,other,25.80177410921208,44,1.0,1.188745805286348,17.16630325382653,15-30m
t_fwd,0.05,scene-0103_027,Truck,vehicle,40.503211255321446,18,1.0,0.32061717275006274,5.8924231519651515,>30m
t_fwd,0.05,scene-0103_027,Car,vehicle,15.45490360323236,12,1.0,2.5422392564660266,8.972001643357325,15-30m
t_fwd,0.1,scene-0103_027,Car,vehicle,24.205288504096252,23,1.0,1.4510368124492332,5.686420876240856,15-30m
t_fwd,0.1,scene-0103_027,bicycle_rack,other,25.80177410921208,44,1.0,2.371742567379676,17.16630325382653,15-30m
t_fwd,0.1,scene-0103_027,Truck,vehicle,40.503211255321446,18,1.0,0.6404144804296187,5.8924231519651515,>30m
t_fwd,0.1,scene-0103_027,Car,vehicle,15.45490360323236,12,1.0,5.066970763056069,8.972001643357325,15-30m
t_fwd,0.2,scene-0103_027,Car,vehicle,24.205288504096252,23,1.0,2.888908317023315,5.686420876240856,15-30m
t_fwd,0.2,scene-0103_027,bicycle_rack,other,25.80177410921208,44,1.0,4.720654982923634,17.16630325382653,15-30m
t_fwd,0.2,scene-0103_027,Truck,vehicle,40.503211255321446,18,1.0,1.2775620476121552,5.8924231519651515,>30m
t_fwd,0.2,scene-0103_027,Car,vehicle,15.45490360323236,12,1.0,10.064629021145603,8.972001643357325,15-30m
t_left,0.02,scene-0103_027,Car,vehicle,24.205288504096252,23,1.0,1.1414640797012812,5.686420876240856,15-30m
t_left,0.02,scene-0103_027,bicycle_rack,other,25.80177410921208,44,1.0,1.2142654421423482,17.16630325382653,15-30m
t_left,0.02,scene-0103_027,Truck,vehicle,40.503211255321446,18,1.0,0.6410142573890881,5.8924231519651515,>30m
t_left,0.02,scene-0103_027,Car,vehicle,15.45490360323236,12,1.0,1.73972413917821,8.972001643357325,15-30m
t_left,0.05,scene-0103_027,Car,vehicle,24.205288504096252,23,1.0,2.8536167933707124,5.686420876240856,15-30m
t_left,0.05,scene-0103_027,bicycle_rack,other,25.80177410921208,44,1.0,3.0356141238170093,17.16630325382653,15-30m
t_left,0.05,scene-0103_027,Truck,vehicle,40.503211255321446,18,1.0,1.6025218846348588,5.8924231519651515,>30m
t_left,0.05,scene-0103_027,Car,vehicle,15.45490360323236,12,1.0,4.349208563765178,8.972001643357325,15-30m
t_left,0.1,scene-0103_027,Car,vehicle,24.205288504096252,23,1.0,5.707088906334358,5.686420876240856,15-30m
t_left,0.1,scene-0103_027,bicycle_rack,other,25.80177410921208,44,1.0,6.071063316339945,17.16630325382653,15-30m
t_left,0.1,scene-0103_027,Truck,vehicle,40.503211255321446,18,1.0,3.2049979075274093,5.8924231519651515,>30m
t_left,0.1,scene-0103_027,Car,vehicle,15.45490360323236,12,1.0,8.698077868101795,8.972001643357325,15-30m
t_left,0.2,scene-0103_027,Car,vehicle,24.205288504096252,23,1.0,11.413599135051637,5.686420876240856,15-30m
t_left,0.2,scene-0103_027,bicycle_rack,other,25.80177410921208,44,1.0,12.141466961267518,17.16630325382653,15-30m
t_left,0.2,scene-0103_027,Truck,vehicle,40.503211255321446,18,1.0,6.409812375960241,5.8924231519651515,>30m
t_left,0.2,scene-0103_027,Car,vehicle,15.45490360323236,12,1.0,17.39479885726034,8.972001643357325,15-30m
t_up,0.02,scene-0103_027,Car,vehicle,24.205288504096252,23,1.0,1.1390302774719168,5.686420876240856,15-30m
t_up,0.02,scene-0103_027,bicycle_rack,other,25.80177410921208,44,1.0,1.2231051945282387,17.16630325382653,15-30m
t_up,0.02,scene-0103_027,Truck,vehicle,40.503211255321446,18,1.0,0.6425022563157525,5.8924231519651515,>30m
t_up,0.02,scene-0103_027,Car,vehicle,15.45490360323236,12,1.0,1.7561643372553188,8.972001643357325,15-30m
t_up,0.05,scene-0103_027,Car,vehicle,24.205288504096252,23,1.0,2.8473668807159602,5.686420876240856,15-30m
t_up,0.05,scene-0103_027,bicycle_rack,other,25.80177410921208,44,1.0,3.057522724206515,17.16630325382653,15-30m
t_up,0.05,scene-0103_027,Truck,vehicle,40.503211255321446,18,1.0,1.6061891733183287,5.8924231519651515,>30m
t_up,0.05,scene-0103_027,Car,vehicle,15.45490360323236,12,1.0,4.389915577826738,8.972001643357325,15-30m
t_up,0.1,scene-0103_027,Car,vehicle,24.205288504096252,23,1.0,5.694037854310875,5.686420876240856,15-30m
t_up,0.1,scene-0103_027,bicycle_rack,other,25.80177410921208,44,1.0,6.114244742488328,17.16630325382653,15-30m
t_up,0.1,scene-0103_027,Truck,vehicle,40.503211255321446,18,1.0,3.2121568128462075,5.8924231519651515,>30m
t_up,0.1,scene-0103_027,Car,vehicle,15.45490360323236,12,1.0,8.778180767802652,8.972001643357325,15-30m
t_up,0.2,scene-0103_027,Car,vehicle,24.205288504096252,23,1.0,11.385293100381926,5.686420876240856,15-30m
t_up,0.2,scene-0103_027,bicycle_rack,other,25.80177410921208,44,1.0,12.225287919098744,17.16630325382653,15-30m
t_up,0.2,scene-0103_027,Truck,vehicle,40.503211255321446,18,1.0,6.423427673836221,5.8924231519651515,>30m
t_up,0.2,scene-0103_027,Car,vehicle,15.45490360323236,12,1.0,17.54976370559223,8.972001643357325,15-30m
none,0.0,scene-0103_028,Car,vehicle,21.74850387497984,27,1.0,0.0,6.65519850205307,15-30m
none,0.0,scene-0103_028,bicycle_rack,other,23.42887073951266,53,1.0,0.0,21.36772403361468,15-30m
none,0.0,scene-0103_028,Truck,vehicle,38.04819985884595,22,1.0,0.0,6.4446163741575955,>30m
none,0.0,scene-0103_028,Car,vehicle,26.588430738102712,14,1.0,0.0,7.362302803568363,15-30m
yaw,0.25,scene-0103_028,Car,vehicle,21.74850387497984,27,1.0,6.070085887717463,6.65519850205307,15-30m
yaw,0.25,scene-0103_028,bicycle_rack,other,23.42887073951266,53,1.0,6.71484911750499,21.36772403361468,15-30m
yaw,0.25,scene-0103_028,Truck,vehicle,38.04819985884595,22,1.0,5.776113863718951,6.4446163741575955,>30m
yaw,0.25,scene-0103_028,Car,vehicle,26.588430738102712,14,1.0,5.877117413266025,7.362302803568363,15-30m
yaw,0.5,scene-0103_028,Car,vehicle,21.74850387497984,27,0.9629629629629629,12.125156045852094,6.65519850205307,15-30m
yaw,0.5,scene-0103_028,bicycle_rack,other,23.42887073951266,53,1.0,13.45597934900123,21.36772403361468,15-30m
yaw,0.5,scene-0103_028,Truck,vehicle,38.04819985884595,22,1.0,11.562598740951842,6.4446163741575955,>30m
yaw,0.5,scene-0103_028,Car,vehicle,26.588430738102712,14,1.0,11.742617553307692,7.362302803568363,15-30m
yaw,1.0,scene-0103_028,Car,vehicle,21.74850387497984,27,0.9259259259259259,24.191425086877484,6.65519850205307,15-30m
yaw,1.0,scene-0103_028,bicycle_rack,other,23.42887073951266,53,0.9622641509433962,27.018784527423794,21.36772403361468,15-30m
yaw,1.0,scene-0103_028,Truck,vehicle,38.04819985884595,22,0.9545454545454546,23.167697260759844,6.4446163741575955,>30m
yaw,1.0,scene-0103_028,Car,vehicle,26.588430738102712,14,0.9285714285714286,23.439820868938753,7.362302803568363,15-30m
yaw,2.0,scene-0103_028,Car,vehicle,21.74850387497984,27,0.7407407407407407,48.15656815154953,6.65519850205307,15-30m
yaw,2.0,scene-0103_028,bicycle_rack,other,23.42887073951266,53,0.9245283018867925,54.47879636543003,21.36772403361468,15-30m
yaw,2.0,scene-0103_028,Truck,vehicle,38.04819985884595,22,0.8181818181818182,46.51362035022618,6.4446163741575955,>30m
yaw,2.0,scene-0103_028,Car,vehicle,26.588430738102712,14,0.8571428571428571,46.706319693866526,7.362302803568363,15-30m
yaw,3.0,scene-0103_028,Car,vehicle,21.74850387497984,27,0.5185185185185185,71.91357791189094,6.65519850205307,15-30m
yaw,3.0,scene-0103_028,bicycle_rack,other,23.42887073951266,53,0.8679245283018868,81.84913894662434,21.36772403361468,15-30m
yaw,3.0,scene-0103_028,Truck,vehicle,38.04819985884595,22,0.6363636363636364,70.05452805250997,6.4446163741575955,>30m
yaw,3.0,scene-0103_028,Car,vehicle,26.588430738102712,14,0.42857142857142855,69.815886192404,7.362302803568363,15-30m
pitch,0.25,scene-0103_028,Car,vehicle,21.74850387497984,27,1.0,5.668345239602352,6.65519850205307,15-30m
pitch,0.25,scene-0103_028,bicycle_rack,other,23.42887073951266,53,1.0,5.687209963419307,21.36772403361468,15-30m
pitch,0.25,scene-0103_028,Truck,vehicle,38.04819985884595,22,1.0,5.540676342277372,6.4446163741575955,>30m
pitch,0.25,scene-0103_028,Car,vehicle,26.588430738102712,14,1.0,5.617107767102464,7.362302803568363,15-30m
pitch,0.5,scene-0103_028,Car,vehicle,21.74850387497984,27,1.0,11.340791037157492,6.65519850205307,15-30m
pitch,0.5,scene-0103_028,bicycle_rack,other,23.42887073951266,53,1.0,11.380473936354125,21.36772403361468,15-30m
pitch,0.5,scene-0103_028,Truck,vehicle,38.04819985884595,22,1.0,11.08289874168234,6.4446163741575955,>30m
pitch,0.5,scene-0103_028,Car,vehicle,26.588430738102712,14,1.0,11.237571192405758,7.362302803568363,15-30m
pitch,1.0,scene-0103_028,Car,vehicle,21.74850387497984,27,0.6296296296296297,22.698937753509718,6.65519850205307,15-30m
pitch,1.0,scene-0103_028,bicycle_rack,other,23.42887073951266,53,0.9811320754716981,22.786196351298045,21.36772403361468,15-30m
pitch,1.0,scene-0103_028,Truck,vehicle,38.04819985884595,22,0.8636363636363636,22.172859544361927,6.4446163741575955,>30m
pitch,1.0,scene-0103_028,Car,vehicle,26.588430738102712,14,1.0,22.487730231134236,7.362302803568363,15-30m
pitch,2.0,scene-0103_028,Car,vehicle,21.74850387497984,27,0.5925925925925926,45.474968519669645,6.65519850205307,15-30m
pitch,2.0,scene-0103_028,bicycle_rack,other,23.42887073951266,53,0.8490566037735849,45.68170736153015,21.36772403361468,15-30m
pitch,2.0,scene-0103_028,Truck,vehicle,38.04819985884595,22,0.8636363636363636,44.381008062952475,6.4446163741575955,>30m
pitch,2.0,scene-0103_028,Car,vehicle,26.588430738102712,14,0.6428571428571429,45.03030657103727,7.362302803568363,15-30m
pitch,3.0,scene-0103_028,Car,vehicle,21.74850387497984,27,0.1111111111111111,68.34356903923768,6.65519850205307,15-30m
pitch,3.0,scene-0103_028,bicycle_rack,other,23.42887073951266,53,0.5283018867924528,68.70336527207913,21.36772403361468,15-30m
pitch,3.0,scene-0103_028,Truck,vehicle,38.04819985884595,22,0.5454545454545454,66.63859084061006,6.4446163741575955,>30m
pitch,3.0,scene-0103_028,Car,vehicle,26.588430738102712,14,0.42857142857142855,67.64249757353886,7.362302803568363,15-30m
roll,0.25,scene-0103_028,Car,vehicle,21.74850387497984,27,1.0,1.5053931766875115,6.65519850205307,15-30m
roll,0.25,scene-0103_028,bicycle_rack,other,23.42887073951266,53,1.0,2.487660644920477,21.36772403361468,15-30m
roll,0.25,scene-0103_028,Truck,vehicle,38.04819985884595,22,1.0,1.1588458174871947,6.4446163741575955,>30m
roll,0.25,scene-0103_028,Car,vehicle,26.588430738102712,14,1.0,1.1973389990024894,7.362302803568363,15-30m
roll,0.5,scene-0103_028,Car,vehicle,21.74850387497984,27,1.0,3.0108712603166055,6.65519850205307,15-30m
roll,0.5,scene-0103_028,bicycle_rack,other,23.42887073951266,53,1.0,4.975032129822654,21.36772403361468,15-30m
roll,0.5,scene-0103_028,Truck,vehicle,38.04819985884595,22,1.0,2.3176253771634476,6.4446163741575955,>30m
roll,0.5,scene-0103_028,Car,vehicle,26.588430738102712,14,1.0,2.3947305247695025,7.362302803568363,15-30m
roll,1.0,scene-0103_028,Car,vehicle,21.74850387497984,27,1.0,6.022052650391902,6.65519850205307,15-30m
roll,1.0,scene-0103_028,bicycle_rack,other,23.42887073951266,53,1.0,9.948860547515949,21.36772403361468,15-30m
roll,1.0,scene-0103_028,Truck,vehicle,38.04819985884595,22,1.0,4.634963980388672,6.4446163741575955,>30m
roll,1.0,scene-0103_028,Car,vehicle,26.588430738102712,14,1.0,4.789647845500588,7.362302803568363,15-30m
roll,2.0,scene-0103_028,Car,vehicle,21.74850387497984,27,1.0,12.045109592727957,6.65519850205307,15-30m
roll,2.0,scene-0103_028,bicycle_rack,other,23.42887073951266,53,0.9622641509433962,19.892530416424457,21.36772403361468,15-30m
roll,2.0,scene-0103_028,Truck,vehicle,38.04819985884595,22,1.0,9.268607087943142,6.4446163741575955,>30m
roll,2.0,scene-0103_028,Car,vehicle,26.588430738102712,14,1.0,9.579856233943268,7.362302803568363,15-30m
roll,3.0,scene-0103_028,Car,vehicle,21.74850387497984,27,0.6296296296296297,18.068697693761404,6.65519850205307,15-30m
roll,3.0,scene-0103_028,bicycle_rack,other,23.42887073951266,53,0.9622641509433962,29.8302600947988,21.36772403361468,15-30m
roll,3.0,scene-0103_028,Truck,vehicle,38.04819985884595,22,1.0,13.900582245980743,6.4446163741575955,>30m
roll,3.0,scene-0103_028,Car,vehicle,26.588430738102712,14,1.0,14.370251460493527,7.362302803568363,15-30m
t_fwd,0.02,scene-0103_028,Car,vehicle,21.74850387497984,27,1.0,0.3522333221187369,6.65519850205307,15-30m
t_fwd,0.02,scene-0103_028,bicycle_rack,other,23.42887073951266,53,1.0,0.6303752419848563,21.36772403361468,15-30m
t_fwd,0.02,scene-0103_028,Truck,vehicle,38.04819985884595,22,1.0,0.14987924467830072,6.4446163741575955,>30m
t_fwd,0.02,scene-0103_028,Car,vehicle,26.588430738102712,14,1.0,0.22722897232700665,7.362302803568363,15-30m
t_fwd,0.05,scene-0103_028,Car,vehicle,21.74850387497984,27,1.0,0.8792720544005146,6.65519850205307,15-30m
t_fwd,0.05,scene-0103_028,bicycle_rack,other,23.42887073951266,53,1.0,1.5733088259810615,21.36772403361468,15-30m
t_fwd,0.05,scene-0103_028,Truck,vehicle,38.04819985884595,22,1.0,0.3743829219184758,6.4446163741575955,>30m
t_fwd,0.05,scene-0103_028,Car,vehicle,26.588430738102712,14,1.0,0.567370206469958,7.362302803568363,15-30m
t_fwd,0.1,scene-0103_028,Car,vehicle,21.74850387497984,27,1.0,1.7541905854736082,6.65519850205307,15-30m
t_fwd,0.1,scene-0103_028,bicycle_rack,other,23.42887073951266,53,1.0,3.1378922731194883,21.36772403361468,15-30m
t_fwd,0.1,scene-0103_028,Truck,vehicle,38.04819985884595,22,1.0,0.7477175646779943,6.4446163741575955,>30m
t_fwd,0.1,scene-0103_028,Car,vehicle,26.588430738102712,14,1.0,1.1324073693631314,7.362302803568363,15-30m
t_fwd,0.2,scene-0103_028,Car,vehicle,21.74850387497984,27,1.0,3.4910957735405104,6.65519850205307,15-30m
t_fwd,0.2,scene-0103_028,bicycle_rack,other,23.42887073951266,53,1.0,6.241171768883218,21.36772403361468,15-30m
t_fwd,0.2,scene-0103_028,Truck,vehicle,38.04819985884595,22,1.0,1.4912595747537378,6.4446163741575955,>30m
t_fwd,0.2,scene-0103_028,Car,vehicle,26.588430738102712,14,1.0,2.255539919903992,7.362302803568363,15-30m
t_left,0.02,scene-0103_028,Car,vehicle,21.74850387497984,27,1.0,1.281860486766554,6.65519850205307,15-30m
t_left,0.02,scene-0103_028,bicycle_rack,other,23.42887073951266,53,1.0,1.3867782936921795,21.36772403361468,15-30m
t_left,0.02,scene-0103_028,Truck,vehicle,38.04819985884595,22,1.0,0.7022339596573264,6.4446163741575955,>30m
t_left,0.02,scene-0103_028,Car,vehicle,26.588430738102712,14,1.0,1.0282780012053825,7.362302803568363,15-30m
t_left,0.05,scene-0103_028,Car,vehicle,21.74850387497984,27,1.0,3.2045969222851016,6.65519850205307,15-30m
t_left,0.05,scene-0103_028,bicycle_rack,other,23.42887073951266,53,1.0,3.466881681489146,21.36772403361468,15-30m
t_left,0.05,scene-0103_028,Truck,vehicle,38.04819985884595,22,1.0,1.7555685125255476,6.4446163741575955,>30m
t_left,0.05,scene-0103_028,Car,vehicle,26.588430738102712,14,1.0,2.570660060580864,7.362302803568363,15-30m
t_left,0.1,scene-0103_028,Car,vehicle,21.74850387497984,27,1.0,6.40901287064253,6.65519850205307,15-30m
t_left,0.1,scene-0103_028,bicycle_rack,other,23.42887073951266,53,1.0,6.933549864358397,21.36772403361468,15-30m
t_left,0.1,scene-0103_028,Truck,vehicle,38.04819985884595,22,1.0,3.511082404351579,6.4446163741575955,>30m
t_left,0.1,scene-0103_028,Car,vehicle,26.588430738102712,14,1.0,5.1412036506081105,7.362302803568363,15-30m
t_left,0.2,scene-0103_028,Car,vehicle,21.74850387497984,27,0.9629629629629629,12.817301906890593,6.65519850205307,15-30m
t_left,0.2,scene-0103_028,bicycle_rack,other,23.42887073951266,53,1.0,13.86624581311939,21.36772403361468,15-30m
t_left,0.2,scene-0103_028,Truck,vehicle,38.04819985884595,22,1.0,7.021946336101143,6.4446163741575955,>30m
t_left,0.2,scene-0103_028,Car,vehicle,26.588430738102712,14,1.0,10.281941450661716,7.362302803568363,15-30m
t_up,0.02,scene-0103_028,Car,vehicle,21.74850387497984,27,1.0,1.282648752543685,6.65519850205307,15-30m
t_up,0.02,scene-0103_028,bicycle_rack,other,23.42887073951266,53,1.0,1.3990906686493647,21.36772403361468,15-30m
t_up,0.02,scene-0103_028,Truck,vehicle,38.04819985884595,22,1.0,0.7040404145256265,6.4446163741575955,>30m
t_up,0.02,scene-0103_028,Car,vehicle,26.588430738102712,14,1.0,1.0250413573788961,7.362302803568363,15-30m
t_up,0.05,scene-0103_028,Car,vehicle,21.74850387497984,27,1.0,3.2063547467756597,6.65519850205307,15-30m
t_up,0.05,scene-0103_028,bicycle_rack,other,23.42887073951266,53,1.0,3.497408926827644,21.36772403361468,15-30m
t_up,0.05,scene-0103_028,Truck,vehicle,38.04819985884595,22,1.0,1.7600202519458372,6.4446163741575955,>30m
t_up,0.05,scene-0103_028,Car,vehicle,26.588430738102712,14,1.0,2.562432116184593,7.362302803568363,15-30m
t_up,0.1,scene-0103_028,Car,vehicle,21.74850387497984,27,1.0,6.411819242727524,6.65519850205307,15-30m
t_up,0.1,scene-0103_028,bicycle_rack,other,23.42887073951266,53,1.0,6.993758960874559,21.36772403361468,15-30m
t_up,0.1,scene-0103_028,Truck,vehicle,38.04819985884595,22,1.0,3.51977125561971,6.4446163741575955,>30m
t_up,0.1,scene-0103_028,Car,vehicle,26.588430738102712,14,1.0,5.124293409906679,7.362302803568363,15-30m
t_up,0.2,scene-0103_028,Car,vehicle,21.74850387497984,27,1.0,12.820078964827546,6.65519850205307,15-30m
t_up,0.2,scene-0103_028,bicycle_rack,other,23.42887073951266,53,1.0,13.983284273617574,21.36772403361468,15-30m
t_up,0.2,scene-0103_028,Truck,vehicle,38.04819985884595,22,1.0,7.038465765251754,6.4446163741575955,>30m
t_up,0.2,scene-0103_028,Car,vehicle,26.588430738102712,14,1.0,10.246304292752448,7.362302803568363,15-30m
none,0.0,scene-0103_029,Car,vehicle,18.591942103970883,37,1.0,0.0,8.449373268241354,15-30m
none,0.0,scene-0103_029,bicycle_rack,other,20.423924735824524,70,1.0,0.0,21.211028155278207,15-30m
none,0.0,scene-0103_029,Truck,vehicle,34.86069757235258,26,1.0,0.0,7.330071215860835,>30m
none,0.0,scene-0103_029,Car,vehicle,23.37957006550575,12,1.0,0.0,8.824913363035371,15-30m
yaw,0.25,scene-0103_029,Car,vehicle,18.591942103970883,37,1.0,6.24994248156013,8.449373268241354,15-30m
yaw,0.25,scene-0103_029,bicycle_rack,other,20.423924735824524,70,0.9857142857142858,7.282939487814813,21.211028155278207,15-30m
yaw,0.25,scene-0103_029,Truck,vehicle,34.86069757235258,26,1.0,5.827148131261883,7.330071215860835,>30m
yaw,0.25,scene-0103_029,Car,vehicle,23.37957006550575,12,1.0,5.951607348308305,8.824913363035371,15-30m
yaw,0.5,scene-0103_029,Car,vehicle,18.591942103970883,37,1.0,12.481976518143696,8.449373268241354,15-30m
yaw,0.5,scene-0103_029,bicycle_rack,other,20.423924735824524,70,0.9571428571428572,14.57588560048874,21.211028155278207,15-30m
yaw,0.5,scene-0103_029,Truck,vehicle,34.86069757235258,26,1.0,11.665655479099357,7.330071215860835,>30m
yaw,0.5,scene-0103_029,Car,vehicle,23.37957006550575,12,1.0,11.890452210798298,8.824913363035371,15-30m
yaw,1.0,scene-0103_029,Car,vehicle,18.591942103970883,37,0.9459459459459459,24.893613987753856,8.449373268241354,15-30m
yaw,1.0,scene-0103_029,bicycle_rack,other,20.423924735824524,70,0.9,29.118256959325993,21.211028155278207,15-30m
yaw,1.0,scene-0103_029,Truck,vehicle,34.86069757235258,26,1.0,23.377795560683882,7.330071215860835,>30m
yaw,1.0,scene-0103_029,Car,vehicle,23.37957006550575,12,0.8333333333333334,23.730952594378458,8.824913363035371,15-30m
yaw,2.0,scene-0103_029,Car,vehicle,18.591942103970883,37,0.7567567567567568,49.51605377190321,8.449373268241354,15-30m
yaw,2.0,scene-0103_029,bicycle_rack,other,20.423924735824524,70,0.7857142857142857,58.01326723775981,21.211028155278207,15-30m
yaw,2.0,scene-0103_029,Truck,vehicle,34.86069757235258,26,0.8846153846153846,46.95002310233968,7.330071215860835,>30m
yaw,2.0,scene-0103_029,Car,vehicle,23.37957006550575,12,0.8333333333333334,47.270766394738395,8.824913363035371,15-30m
yaw,3.0,scene-0103_029,Car,vehicle,18.591942103970883,37,0.6216216216216216,73.887205086772,8.449373268241354,15-30m
yaw,3.0,scene-0103_029,bicycle_rack,other,20.423924735824524,70,0.6571428571428571,82.99307015717508,21.211028155278207,15-30m
yaw,3.0,scene-0103_029,Truck,vehicle,34.86069757235258,26,0.7692307692307693,70.7340069498446,7.330071215860835,>30m
yaw,3.0,scene-0103_029,Car,vehicle,23.37957006550575,12,0.4166666666666667,70.63646391124408,8.824913363035371,15-30m
pitch,0.25,scene-0103_029,Car,vehicle,18.591942103970883,37,1.0,5.695492451552954,8.449373268241354,15-30m
pitch,0.25,scene-0103_029,bicycle_rack,other,20.423924735824524,70,1.0,5.715906479793599,21.211028155278207,15-30m
pitch,0.25,scene-0103_029,Truck,vehicle,34.86069757235258,26,1.0,5.546326310147095,7.330071215860835,>30m
pitch,0.25,scene-0103_029,Car,vehicle,23.37957006550575,12,1.0,5.652532693437985,8.824913363035371,15-30m
pitch,0.5,scene-0103_029,Car,vehicle,18.591942103970883,37,1.0,11.395157523570614,8.449373268241354,15-30m
pitch,0.5,scene-0103_029,bicycle_rack,other,20.423924735824524,70,1.0,11.438788339152019,21.211028155278207,15-30m
pitch,0.5,scene-0103_029,Truck,vehicle,34.86069757235258,26,1.0,11.094795252592654,7.330071215860835,>30m
pitch,0.5,scene-0103_029,Car,vehicle,23.37957006550575,12,1.0,11.30907687881572,8.824913363035371,15-30m
pitch,1.0,scene-0103_029,Car,vehicle,18.591942103970883,37,1.0,22.80798443596901,8.449373268241354,15-30m
pitch,1.0,scene-0103_029,bicycle_rack,other,20.423924735824524,70,1.0,22.906539929456457,21.211028155278207,15-30m
pitch,1.0,scene-0103_029,Truck,vehicle,34.86069757235258,26,1.0,22.19904408636276,7.330071215860835,>30m
pitch,1.0,scene-0103_029,Car,vehicle,23.37957006550575,12,0.5833333333333334,22.635137540242592,8.824913363035371,15-30m
pitch,2.0,scene-0103_029,Car,vehicle,18.591942103970883,37,0.5135135135135135,45.694521751602124,8.449373268241354,15-30m
pitch,2.0,scene-0103_029,bicycle_rack,other,20.423924735824524,70,0.8857142857142857,45.93749696316774,21.211028155278207,15-30m
pitch,2.0,scene-0103_029,Truck,vehicle,34.86069757235258,26,0.7307692307692307,44.442990271647545,7.330071215860835,>30m
pitch,2.0,scene-0103_029,Car,vehicle,23.37957006550575,12,0.5833333333333334,45.34575432179044,8.824913363035371,15-30m
pitch,3.0,scene-0103_029,Car,vehicle,18.591942103970883,37,0.5135135135135135,68.67842399142975,8.449373268241354,15-30m
pitch,3.0,scene-0103_029,bicycle_rack,other,20.423924735824524,70,0.8857142857142857,69.0677469455599,21.211028155278207,15-30m
pitch,3.0,scene-0103_029,Truck,vehicle,34.86069757235258,26,0.5,66.74609320781096,7.330071215860835,>30m
pitch,3.0,scene-0103_029,Car,vehicle,23.37957006550575,12,0.25,68.14707118762846,8.824913363035371,15-30m
roll,0.25,scene-0103_029,Car,vehicle,18.591942103970883,37,1.0,1.7612476712926461,8.449373268241354,15-30m
roll,0.25,scene-0103_029,bicycle_rack,other,20.423924735824524,70,1.0,3.0525856615811833,21.211028155278207,15-30m
roll,0.25,scene-0103_029,Truck,vehicle,34.86069757235258,26,1.0,1.2520817859161857,7.330071215860835,>30m
roll,0.25,scene-0103_029,Car,vehicle,23.37957006550575,12,1.0,1.3132916876747567,8.824913363035371,15-30m
roll,0.5,scene-0103_029,Car,vehicle,18.591942103970883,37,1.0,3.5226122052112543,8.449373268241354,15-30m
roll,0.5,scene-0103_029,bicycle_rack,other,20.423924735824524,70,1.0,6.104735884868964,21.211028155278207,15-30m
roll,0.5,scene-0103_029,Truck,vehicle,34.86069757235258,26,1.0,2.50408589155611,7.330071215860835,>30m
roll,0.5,scene-0103_029,Car,vehicle,23.37957006550575,12,1.0,2.626645502108972,8.824913363035371,15-30m
roll,1.0,scene-0103_029,Car,vehicle,18.591942103970883,37,1.0,7.0456570345746234,8.449373268241354,15-30m
roll,1.0,scene-0103_029,bicycle_rack,other,20.423924735824524,70,0.9857142857142858,12.207673297711157,21.211028155278207,15-30m
roll,1.0,scene-0103_029,Truck,vehicle,34.86069757235258,26,1.0,5.007837395202882,7.330071215860835,>30m
roll,1.0,scene-0103_029,Car,vehicle,23.37957006550575,12,1.0,5.25351374504387,8.824913363035371,15-30m
roll,2.0,scene-0103_029,Car,vehicle,18.591942103970883,37,1.0,14.092765621542393,8.449373268241354,15-30m
roll,2.0,scene-0103_029,bicycle_rack,other,20.423924735824524,70,0.9857142857142858,24.40770007404634,21.211028155278207,15-30m
roll,2.0,scene-0103_029,Truck,vehicle,34.86069757235258,26,1.0,10.014148099214427,7.330071215860835,>30m
roll,2.0,scene-0103_029,Car,vehicle,23.37957006550575,12,1.0,10.507712144027032,8.824913363035371,15-30m
roll,3.0,scene-0103_029,Car,vehicle,18.591942103970883,37,1.0,21.140766939034936,8.449373268241354,15-30m
roll,3.0,scene-0103_029,bicycle_rack,other,20.423924735824524,70,0.9714285714285714,36.307251891233626,21.211028155278207,15-30m
roll,3.0,scene-0103_029,Truck,vehicle,34.86069757235258,26,1.0,15.018554398551117,7.330071215860835,>30m
roll,3.0,scene-0103_029,Car,vehicle,23.37957006550575,12,1.0,15.762182078473359,8.824913363035371,15-30m
t_fwd,0.02,scene-0103_029,Car,vehicle,18.591942103970883,37,1.0,0.4977277465537817,8.449373268241354,15-30m
t_fwd,0.02,scene-0103_029,bicycle_rack,other,20.423924735824524,70,1.0,0.9394006273430864,21.211028155278207,15-30m
t_fwd,0.02,scene-0103_029,Truck,vehicle,34.86069757235258,26,1.0,0.17222501521438938,7.330071215860835,>30m
t_fwd,0.02,scene-0103_029,Car,vehicle,23.37957006550575,12,1.0,0.28559836600327726,8.824913363035371,15-30m
t_fwd,0.05,scene-0103_029,Car,vehicle,18.591942103970883,37,1.0,1.2420056806223818,8.449373268241354,15-30m
t_fwd,0.05,scene-0103_029,bicycle_rack,other,20.423924735824524,70,1.0,2.3437463605034567,21.211028155278207,15-30m
t_fwd,0.05,scene-0103_029,Truck,vehicle,34.86069757235258,26,1.0,0.43017403811084565,7.330071215860835,>30m
t_fwd,0.05,scene-0103_029,Car,vehicle,23.37957006550575,12,1.0,0.7129735739958838,8.824913363035371,15-30m
t_fwd,0.1,scene-0103_029,Car,vehicle,18.591942103970883,37,1.0,2.476337197800482,8.449373268241354,15-30m
t_fwd,0.1,scene-0103_029,bicycle_rack,other,20.423924735824524,70,1.0,4.671727328141996,21.211028155278207,15-30m
t_fwd,0.1,scene-0103_029,Truck,vehicle,34.86069757235258,26,1.0,0.8590561877614507,7.330071215860835,>30m
t_fwd,0.1,scene-0103_029,Car,vehicle,23.37957006550575,12,1.0,1.4225523295891764,8.824913363035371,15-30m
t_fwd,0.2,scene-0103_029,Car,vehicle,18.591942103970883,37,1.0,4.922260499610595,8.449373268241354,15-30m
t_fwd,0.2,scene-0103_029,bicycle_rack,other,20.423924735824524,70,1.0,9.28102513987871,21.211028155278207,15-30m
t_fwd,0.2,scene-0103_029,Truck,vehicle,34.86069757235258,26,1.0,1.7129680305950215,7.330071215860835,>30m
t_fwd,0.2,scene-0103_029,Car,vehicle,23.37957006550575,12,1.0,2.8316219416361346,8.824913363035371,15-30m
t_left,0.02,scene-0103_029,Car,vehicle,18.591942103970883,37,1.0,1.5496809486482628,8.449373268241354,15-30m
t_left,0.02,scene-0103_029,bicycle_rack,other,20.423924735824524,70,1.0,1.689482991206926,21.211028155278207,15-30m
t_left,0.02,scene-0103_029,Truck,vehicle,34.86069757235258,26,1.0,0.7541157435491417,7.330071215860835,>30m
t_left,0.02,scene-0103_029,Car,vehicle,23.37957006550575,12,1.0,1.1981285123638945,8.824913363035371,15-30m
t_left,0.05,scene-0103_029,Car,vehicle,18.591942103970883,37,1.0,3.874124825139764,8.449373268241354,15-30m
t_left,0.05,scene-0103_029,bicycle_rack,other,20.423924735824524,70,1.0,4.223614425340346,21.211028155278207,15-30m
t_left,0.05,scene-0103_029,Truck,vehicle,34.86069757235258,26,1.0,1.8852708851027455,7.330071215860835,>30m
t_left,0.05,scene-0103_029,Car,vehicle,23.37957006550575,12,1.0,2.99527487830379,8.824913363035371,15-30m
t_left,0.1,scene-0103_029,Car,vehicle,18.591942103970883,37,1.0,7.74799117580635,8.449373268241354,15-30m
t_left,0.1,scene-0103_029,bicycle_rack,other,20.423924735824524,70,0.9714285714285714,8.270324985639917,21.211028155278207,15-30m
t_left,0.1,scene-0103_029,Truck,vehicle,34.86069757235258,26,1.0,3.77048019258147,7.330071215860835,>30m
t_left,0.1,scene-0103_029,Car,vehicle,23.37957006550575,12,1.0,5.990395087645403,8.824913363035371,15-30m
t_left,0.2,scene-0103_029,Car,vehicle,18.591942103970883,37,1.0,15.494948557183081,8.449373268241354,15-30m
t_left,0.2,scene-0103_029,bicycle_rack,other,20.423924735824524,70,0.9285714285714286,16.267026512267044,21.211028155278207,15-30m
t_left,0.2,scene-0103_029,Truck,vehicle,34.86069757235258,26,1.0,7.5407140867341855,7.330071215860835,>30m
t_left,0.2,scene-0103_029,Car,vehicle,23.37957006550575,12,1.0,11.980171547361184,8.824913363035371,15-30m
t_up,0.02,scene-0103_029,Car,vehicle,18.591942103970883,37,1.0,1.5471945041372746,8.449373268241354,15-30m
t_up,0.02,scene-0103_029,bicycle_rack,other,20.423924735824524,70,1.0,1.7069413120568517,21.211028155278207,15-30m
t_up,0.02,scene-0103_029,Truck,vehicle,34.86069757235258,26,1.0,0.757221754921697,7.330071215860835,>30m
t_up,0.02,scene-0103_029,Car,vehicle,23.37957006550575,12,1.0,1.1983880306355936,8.824913363035371,15-30m
t_up,0.05,scene-0103_029,Car,vehicle,18.591942103970883,37,1.0,3.867592798642979,8.449373268241354,15-30m
t_up,0.05,scene-0103_029,bicycle_rack,other,20.423924735824524,70,1.0,4.266875251506918,21.211028155278207,15-30m
t_up,0.05,scene-0103_029,Truck,vehicle,34.86069757235258,26,1.0,1.8929601096850088,7.330071215860835,>30m
t_up,0.05,scene-0103_029,Car,vehicle,23.37957006550575,12,1.0,2.99573419951332,8.824913363035371,15-30m
t_up,0.1,scene-0103_029,Car,vehicle,18.591942103970883,37,1.0,7.733874413993368,8.449373268241354,15-30m
t_up,0.1,scene-0103_029,bicycle_rack,other,20.423924735824524,70,0.9857142857142858,8.532157550151625,21.211028155278207,15-30m
t_up,0.1,scene-0103_029,Truck,vehicle,34.86069757235258,26,1.0,3.785606002370483,7.330071215860835,>30m
t_up,0.1,scene-0103_029,Car,vehicle,23.37957006550575,12,1.0,5.990682307166966,8.824913363035371,15-30m
t_up,0.2,scene-0103_029,Car,vehicle,18.591942103970883,37,1.0,15.462506761001315,8.449373268241354,15-30m
t_up,0.2,scene-0103_029,bicycle_rack,other,20.423924735824524,70,0.9857142857142858,17.05794685586602,21.211028155278207,15-30m
t_up,0.2,scene-0103_029,Truck,vehicle,34.86069757235258,26,1.0,7.569955449637195,7.330071215860835,>30m
t_up,0.2,scene-0103_029,Car,vehicle,23.37957006550575,12,1.0,11.978221484255492,8.824913363035371,15-30m
none,0.0,scene-0103_030,Car,vehicle,15.564692162494486,64,1.0,0.0,11.264668734325918,15-30m
none,0.0,scene-0103_030,bicycle_rack,other,17.62670411134273,49,1.0,0.0,18.46841620799917,15-30m
none,0.0,scene-0103_030,Car,vehicle,25.963940308918392,18,1.0,0.0,6.396902245980307,15-30m
none,0.0,scene-0103_030,Truck,vehicle,31.785277943414442,44,1.0,0.0,8.435253697273115,>30m
none,0.0,scene-0103_030,Car,vehicle,20.28107378998662,30,1.0,0.0,10.865232918823143,15-30m
yaw,0.25,scene-0103_030,Car,vehicle,15.564692162494486,64,1.0,6.602829626660002,11.264668734325918,15-30m
yaw,0.25,scene-0103_030,bicycle_rack,other,17.62670411134273,49,0.9591836734693877,7.056168974474215,18.46841620799917,15-30m
yaw,0.25,scene-0103_030,Car,vehicle,25.963940308918392,18,1.0,5.846206979745512,6.396902245980307,15-30m
yaw,0.25,scene-0103_030,Truck,vehicle,31.785277943414442,44,1.0,5.9191204679500835,8.435253697273115,>30m
yaw,0.25,scene-0103_030,Car,vehicle,20.28107378998662,30,1.0,6.1019815830146165,10.865232918823143,15-30m
yaw,0.5,scene-0103_030,Car,vehicle,15.564692162494486,64,1.0,13.182071348975377,11.264668734325918,15-30m
yaw,0.5,scene-0103_030,bicycle_rack,other,17.62670411134273,49,0.9387755102040817,14.074478618287861,18.46841620799917,15-30m
yaw,0.5,scene-0103_030,Car,vehicle,25.963940308918392,18,1.0,11.681387421693497,6.396902245980307,15-30m
yaw,0.5,scene-0103_030,Truck,vehicle,31.785277943414442,44,1.0,11.851735386034857,8.435253697273115,>30m
yaw,0.5,scene-0103_030,Car,vehicle,20.28107378998662,30,1.0,12.188490990245892,10.865232918823143,15-30m
yaw,1.0,scene-0103_030,Car,vehicle,15.564692162494486,64,0.984375,26.271341386807787,11.264668734325918,15-30m
yaw,1.0,scene-0103_030,bicycle_rack,other,17.62670411134273,49,0.8979591836734694,28.034637995521933,18.46841620799917,15-30m
yaw,1.0,scene-0103_030,Car,vehicle,25.963940308918392,18,0.9444444444444444,23.31970471859916,6.396902245980307,15-30m
yaw,1.0,scene-0103_030,Truck,vehicle,31.785277943414442,44,0.9772727272727273,23.758562388179612,8.435253697273115,>30m
yaw,1.0,scene-0103_030,Car,vehicle,20.28107378998662,30,0.9333333333333333,24.316288916961184,10.865232918823143,15-30m
yaw,2.0,scene-0103_030,Car,vehicle,15.564692162494486,64,0.90625,52.183629632740356,11.264668734325918,15-30m
yaw,2.0,scene-0103_030,bicycle_rack,other,17.62670411134273,49,0.7959183673469388,55.706724501837286,18.46841620799917,15-30m
yaw,2.0,scene-0103_030,Car,vehicle,25.963940308918392,18,0.6111111111111112,46.47531937730556,6.396902245980307,15-30m
yaw,2.0,scene-0103_030,Truck,vehicle,31.785277943414442,44,0.9090909090909091,47.74653704701359,8.435253697273115,>30m
yaw,2.0,scene-0103_030,Car,vehicle,20.28107378998662,30,0.9333333333333333,48.39922400373952,10.865232918823143,15-30m
yaw,3.0,scene-0103_030,Car,vehicle,15.564692162494486,64,0.796875,77.76048666709849,11.264668734325918,15-30m
yaw,3.0,scene-0103_030,bicycle_rack,other,17.62670411134273,49,0.6938775510204082,83.82947833156965,18.46841620799917,15-30m
yaw,3.0,scene-0103_030,Car,vehicle,25.963940308918392,18,0.2222222222222222,69.48296182799882,6.396902245980307,15-30m
yaw,3.0,scene-0103_030,Truck,vehicle,31.785277943414442,44,0.8409090909090909,71.9824225382113,8.435253697273115,>30m
yaw,3.0,scene-0103_030,Car,vehicle,20.28107378998662,30,0.8666666666666667,72.26724404717805,10.865232918823143,15-30m
pitch,0.25,scene-0103_030,Car,vehicle,15.564692162494486,64,1.0,5.761618105603239,11.264668734325918,15-30m
pitch,0.25,scene-0103_030,bicycle_rack,other,17.62670411134273,49,1.0,5.7031383826202635,18.46841620799917,15-30m
pitch,0.25,scene-0103_030,Car,vehicle,25.963940308918392,18,1.0,5.604295438288547,6.396902245980307,15-30m
pitch,0.25,scene-0103_030,Truck,vehicle,31.785277943414442,44,1.0,5.548115681215607,8.435253697273115,>30m
pitch,0.25,scene-0103_030,Car,vehicle,20.28107378998662,30,1.0,5.649082982971645,10.865232918823143,15-30m
pitch,0.5,scene-0103_030,Car,vehicle,15.564692162494486,64,1.0,11.528850756545095,11.264668734325918,15-30m
pitch,0.5,scene-0103_030,bicycle_rack,other,17.62670411134273,49,1.0,11.412691917924604,18.46841620799917,15-30m
pitch,0.5,scene-0103_030,Car,vehicle,25.963940308918392,18,1.0,11.210445013219815,6.396902245980307,15-30m
pitch,0.5,scene-0103_030,Truck,vehicle,31.785277943414442,44,1.0,11.097741990555237,8.435253697273115,>30m
pitch,0.5,scene-0103_030,Car,vehicle,20.28107378998662,30,1.0,11.299590328750313,10.865232918823143,15-30m
pitch,1.0,scene-0103_030,Car,vehicle,15.564692162494486,64,1.0,23.081175153056556,11.264668734325918,15-30m
pitch,1.0,scene-0103_030,bicycle_rack,other,17.62670411134273,49,1.0,22.85211760569785,18.46841620799917,15-30m
pitch,1.0,scene-0103_030,Car,vehicle,25.963940308918392,18,0.8333333333333334,22.430238137852342,6.396902245980307,15-30m
pitch,1.0,scene-0103_030,Truck,vehicle,31.785277943414442,44,1.0,22.202419671978504,8.435253697273115,>30m
pitch,1.0,scene-0103_030,Car,vehicle,20.28107378998662,30,1.0,22.605820460795016,10.865232918823143,15-30m
pitch,2.0,scene-0103_030,Car,vehicle,15.564692162494486,64,0.734375,46.26442730937578,11.264668734325918,15-30m
pitch,2.0,scene-0103_030,bicycle_rack,other,17.62670411134273,49,1.0,45.81982055504626,18.46841620799917,15-30m
pitch,2.0,scene-0103_030,Car,vehicle,25.963940308918392,18,0.8333333333333334,44.90513716345305,6.396902245980307,15-30m
pitch,2.0,scene-0103_030,Truck,vehicle,31.785277943414442,44,0.8409090909090909,44.43974558877663,8.435253697273115,>30m
pitch,2.0,scene-0103_030,Car,vehicle,20.28107378998662,30,0.7666666666666667,45.265881278568884,10.865232918823143,15-30m
pitch,3.0,scene-0103_030,Car,vehicle,15.564692162494486,64,0.40625,69.56630499601503,11.264668734325918,15-30m
pitch,3.0,scene-0103_030,bicycle_rack,other,17.62670411134273,49,0.9795918367346939,68.80727494018296,18.46841620799917,15-30m
pitch,3.0,scene-0103_030,Car,vehicle,25.963940308918392,18,0.4444444444444444,67.4513038910373,6.396902245980307,15-30m
pitch,3.0,scene-0103_030,Truck,vehicle,31.785277943414442,44,0.5909090909090909,66.72636876119992,8.435253697273115,>30m
pitch,3.0,scene-0103_030,Car,vehicle,20.28107378998662,30,0.5333333333333333,68.02631039867771,10.865232918823143,15-30m
roll,0.25,scene-0103_030,Car,vehicle,15.564692162494486,64,1.0,2.1872311468273646,11.264668734325918,15-30m
roll,0.25,scene-0103_030,bicycle_rack,other,17.62670411134273,49,1.0,2.896689139383669,18.46841620799917,15-30m
roll,0.25,scene-0103_030,Car,vehicle,25.963940308918392,18,1.0,1.1273348785001216,6.396902245980307,15-30m
roll,0.25,scene-0103_030,Truck,vehicle,31.785277943414442,44,1.0,1.4669839901447765,8.435253697273115,>30m
roll,0.25,scene-0103_030,Car,vehicle,20.28107378998662,30,1.0,1.5545032208598015,10.865232918823143,15-30m
roll,0.5,scene-0103_030,Car,vehicle,15.564692162494486,64,1.0,4.374644711692962,11.264668734325918,15-30m
roll,0.5,scene-0103_030,bicycle_rack,other,17.62670411134273,49,1.0,5.792986873148343,18.46841620799917,15-30m
roll,0.5,scene-0103_030,Car,vehicle,25.963940308918392,18,1.0,2.2547169424595355,6.396902245980307,15-30m
roll,0.5,scene-0103_030,Truck,vehicle,31.785277943414442,44,1.0,2.933865182485472,8.435253697273115,>30m
roll,0.5,scene-0103_030,Car,vehicle,20.28107378998662,30,1.0,3.10910219347995,10.865232918823143,15-30m
roll,1.0,scene-0103_030,Car,vehicle,15.564692162494486,64,1.0,8.749975491877393,11.264668734325918,15-30m
roll,1.0,scene-0103_030,bicycle_rack,other,17.62670411134273,49,0.9795918367346939,11.584353705564652,18.46841620799917,15-30m
roll,1.0,scene-0103_030,Car,vehicle,25.963940308918392,18,1.0,4.509600775425508,6.396902245980307,15-30m
roll,1.0,scene-0103_030,Truck,vehicle,31.785277943414442,44,1.0,5.867291911953135,8.435253697273115,>30m
roll,1.0,scene-0103_030,Car,vehicle,20.28107378998662,30,1.0,6.218557274439377,10.865232918823143,15-30m
roll,2.0,scene-0103_030,Car,vehicle,15.564692162494486,64,1.0,17.50234591030612,11.264668734325918,15-30m
roll,2.0,scene-0103_030,bicycle_rack,other,17.62670411134273,49,0.9795918367346939,23.161792912362294,18.46841620799917,15-30m
roll,2.0,scene-0103_030,Car,vehicle,25.963940308918392,18,1.0,9.019694165398954,6.396902245980307,15-30m
roll,2.0,scene-0103_030,Truck,vehicle,31.785277943414442,44,1.0,11.732612173910335,8.435253697273115,>30m
roll,2.0,scene-0103_030,Car,vehicle,20.28107378998662,30,1.0,12.43828487084486,10.865232918823143,15-30m
roll,3.0,scene-0103_030,Car,vehicle,15.564692162494486,64,1.0,26.256411105062732,11.264668734325918,15-30m
roll,3.0,scene-0103_030,bicycle_rack,other,17.62670411134273,49,0.9795918367346939,34.73145185067108,18.46841620799917,15-30m
roll,3.0,scene-0103_030,Car,vehicle,25.963940308918392,18,1.0,13.529929894578101,6.396902245980307,15-30m
roll,3.0,scene-0103_030,Truck,vehicle,31.785277943414442,44,1.0,17.595525851144252,8.435253697273115,>30m
roll,3.0,scene-0103_030,Car,vehicle,20.28107378998662,30,1.0,18.658699572020865,10.865232918823143,15-30m
t_fwd,0.02,scene-0103_030,Car,vehicle,15.564692162494486,64,1.0,0.7569251614564373,11.264668734325918,15-30m
t_fwd,0.02,scene-0103_030,bicycle_rack,other,17.62670411134273,49,1.0,0.8050230406133626,18.46841620799917,15-30m
t_fwd,0.02,scene-0103_030,Car,vehicle,25.963940308918392,18,1.0,0.21972782056467172,6.396902245980307,15-30m
t_fwd,0.02,scene-0103_030,Truck,vehicle,31.785277943414442,44,1.0,0.21970159593499103,8.435253697273115,>30m
t_fwd,0.02,scene-0103_030,Car,vehicle,20.28107378998662,30,1.0,0.40661562092428327,10.865232918823143,15-30m
t_fwd,0.05,scene-0103_030,Car,vehicle,15.564692162494486,64,1.0,1.8879789623778729,11.264668734325918,15-30m
t_fwd,0.05,scene-0103_030,bicycle_rack,other,17.62670411134273,49,1.0,2.0087901324728157,18.46841620799917,15-30m
t_fwd,0.05,scene-0103_030,Car,vehicle,25.963940308918392,18,1.0,0.5486166443720459,6.396902245980307,15-30m
t_fwd,0.05,scene-0103_030,Truck,vehicle,31.785277943414442,44,1.0,0.5487240915934943,8.435253697273115,>30m
t_fwd,0.05,scene-0103_030,Car,vehicle,20.28107378998662,30,1.0,1.014788991039207,10.865232918823143,15-30m
t_fwd,0.1,scene-0103_030,Car,vehicle,15.564692162494486,64,1.0,3.761599353353043,11.264668734325918,15-30m
t_fwd,0.1,scene-0103_030,bicycle_rack,other,17.62670411134273,49,1.0,4.005084529801189,18.46841620799917,15-30m
t_fwd,0.1,scene-0103_030,Car,vehicle,25.963940308918392,18,1.0,1.0948982432948364,6.396902245980307,15-30m
t_fwd,0.1,scene-0103_030,Truck,vehicle,31.785277943414442,44,1.0,1.095686398247111,8.435253697273115,>30m
t_fwd,0.1,scene-0103_030,Car,vehicle,20.28107378998662,30,1.0,2.0237711492636374,10.865232918823143,15-30m
t_fwd,0.2,scene-0103_030,Car,vehicle,15.564692162494486,64,1.0,7.4666004514626625,11.264668734325918,15-30m
t_fwd,0.2,scene-0103_030,bicycle_rack,other,17.62670411134273,49,1.0,7.960649616244654,18.46841620799917,15-30m
t_fwd,0.2,scene-0103_030,Car,vehicle,25.963940308918392,18,1.0,2.180515683445873,6.396902245980307,15-30m
t_fwd,0.2,scene-0103_030,Truck,vehicle,31.785277943414442,44,1.0,2.1843595290340185,8.435253697273115,>30m
t_fwd,0.2,scene-0103_030,Car,vehicle,20.28107378998662,30,1.0,4.02451320172692,10.865232918823143,15-30m
t_left,0.02,scene-0103_030,Car,vehicle,15.564692162494486,64,1.0,1.9223252795768615,11.264668734325918,15-30m
t_left,0.02,scene-0103_030,bicycle_rack,other,17.62670411134273,49,1.0,1.559710033584429,18.46841620799917,15-30m
t_left,0.02,scene-0103_030,Car,vehicle,25.963940308918392,18,1.0,1.0640355249466467,6.396902245980307,15-30m
t_left,0.02,scene-0103_030,Truck,vehicle,31.785277943414442,44,1.0,0.8339493160672857,8.435253697273115,>30m
t_left,0.02,scene-0103_030,Car,vehicle,20.28107378998662,30,1.0,1.4316419224059596,10.865232918823143,15-30m
t_left,0.05,scene-0103_030,Car,vehicle,15.564692162494486,64,1.0,4.805690771803389,11.264668734325918,15-30m
t_left,0.05,scene-0103_030,bicycle_rack,other,17.62670411134273,49,1.0,3.8991936243683765,18.46841620799917,15-30m
t_left,0.05,scene-0103_030,Car,vehicle,25.963940308918392,18,1.0,2.6600512132324745,6.396902245980307,15-30m
t_left,0.05,scene-0103_030,Truck,vehicle,31.785277943414442,44,1.0,2.0848500652629918,8.435253697273115,>30m
t_left,0.05,scene-0103_030,Car,vehicle,20.28107378998662,30,1.0,3.579036800251381,10.865232918823143,15-30m
t_left,0.1,scene-0103_030,Car,vehicle,15.564692162494486,64,1.0,9.610973480864853,11.264668734325918,15-30m
t_left,0.1,scene-0103_030,bicycle_rack,other,17.62670411134273,49,0.9591836734693877,7.786075398611791,18.46841620799917,15-30m
t_left,0.1,scene-0103_030,Car,vehicle,25.963940308918392,18,1.0,5.31997710074296,6.396902245980307,15-30m
t_left,0.1,scene-0103_030,Truck,vehicle,31.785277943414442,44,1.0,4.169622716474825,8.435253697273115,>30m
t_left,0.1,scene-0103_030,Car,vehicle,20.28107378998662,30,1.0,7.157846926110437,10.865232918823143,15-30m
t_left,0.2,scene-0103_030,Car,vehicle,15.564692162494486,64,0.984375,19.22031491864202,11.264668734325918,15-30m
t_left,0.2,scene-0103_030,bicycle_rack,other,17.62670411134273,49,0.9387755102040817,15.278262473166226,18.46841620799917,15-30m
t_left,0.2,scene-0103_030,Car,vehicle,25.963940308918392,18,1.0,10.6394529340234,6.396902245980307,15-30m
t_left,0.2,scene-0103_030,Truck,vehicle,31.785277943414442,44,1.0,8.338935793991435,8.435253697273115,>30m
t_left,0.2,scene-0103_030,Car,vehicle,20.28107378998662,30,1.0,14.314787240782803,10.865232918823143,15-30m
t_up,0.02,scene-0103_030,Car,vehicle,15.564692162494486,64,1.0,1.9168244864663309,11.264668734325918,15-30m
t_up,0.02,scene-0103_030,bicycle_rack,other,17.62670411134273,49,1.0,1.5748763089946782,18.46841620799917,15-30m
t_up,0.02,scene-0103_030,Car,vehicle,25.963940308918392,18,1.0,1.0623843789523557,6.396902245980307,15-30m
t_up,0.02,scene-0103_030,Truck,vehicle,31.785277943414442,44,1.0,0.8363238160220945,8.435253697273115,>30m
t_up,0.02,scene-0103_030,Car,vehicle,20.28107378998662,30,1.0,1.4263077358001641,10.865232918823143,15-30m
t_up,0.05,scene-0103_030,Car,vehicle,15.564692162494486,64,1.0,4.7914613081999775,11.264668734325918,15-30m
t_up,0.05,scene-0103_030,bicycle_rack,other,17.62670411134273,49,1.0,3.9367865604303964,18.46841620799917,15-30m
t_up,0.05,scene-0103_030,Car,vehicle,25.963940308918392,18,1.0,2.655776452204294,6.396902245980307,15-30m
t_up,0.05,scene-0103_030,Truck,vehicle,31.785277943414442,44,1.0,2.0906950729151337,8.435253697273115,>30m
t_up,0.05,scene-0103_030,Car,vehicle,20.28107378998662,30,1.0,3.5654362931391326,10.865232918823143,15-30m
t_up,0.1,scene-0103_030,Car,vehicle,15.564692162494486,64,1.0,9.58092359060731,11.264668734325918,15-30m
t_up,0.1,scene-0103_030,bicycle_rack,other,17.62670411134273,49,1.0,7.872226116151563,18.46841620799917,15-30m
t_up,0.1,scene-0103_030,Car,vehicle,25.963940308918392,18,1.0,5.310938034393628,6.396902245980307,15-30m
t_up,0.1,scene-0103_030,Truck,vehicle,31.785277943414442,44,1.0,4.1810086443966865,8.435253697273115,>30m
t_up,0.1,scene-0103_030,Car,vehicle,20.28107378998662,30,1.0,7.129762708202616,10.865232918823143,15-30m
t_up,0.2,scene-0103_030,Car,vehicle,15.564692162494486,64,1.0,19.153856079989474,11.264668734325918,15-30m
t_up,0.2,scene-0103_030,bicycle_rack,other,17.62670411134273,49,0.9795918367346939,15.739066977854225,18.46841620799917,15-30m
t_up,0.2,scene-0103_030,Car,vehicle,25.963940308918392,18,1.0,10.619417442672528,6.396902245980307,15-30m
t_up,0.2,scene-0103_030,Truck,vehicle,31.785277943414442,44,1.0,8.360491700671723,8.435253697273115,>30m
t_up,0.2,scene-0103_030,Car,vehicle,20.28107378998662,30,0.6,14.255087976409369,10.865232918823143,15-30m
none,0.0,scene-0103_031,Car,vehicle,25.625970753514945,10,1.0,0.0,8.45704704385602,15-30m
none,0.0,scene-0103_031,Car,vehicle,12.42050819183599,108,1.0,0.0,14.126036729906893,<15m
none,0.0,scene-0103_031,Car,vehicle,28.68008861876304,12,1.0,0.0,5.891740857296283,15-30m
none,0.0,scene-0103_031,bicycle_rack,other,14.807685515377747,28,1.0,0.0,14.718753334378277,<15m
none,0.0,scene-0103_031,Car,vehicle,22.643902835036904,16,1.0,0.0,7.784201225485963,15-30m
none,0.0,scene-0103_031,Truck,vehicle,28.51099771517023,46,1.0,0.0,10.03034589951124,15-30m
none,0.0,scene-0103_031,Car,vehicle,17.043610530814483,47,1.0,0.0,14.240790639619021,15-30m
yaw,0.25,scene-0103_031,Car,vehicle,25.625970753514945,10,1.0,7.509265079691438,8.45704704385602,15-30m
yaw,0.25,scene-0103_031,Car,vehicle,12.42050819183599,108,1.0,7.1582917282041025,14.126036729906893,<15m
yaw,0.25,scene-0103_031,Car,vehicle,28.68008861876304,12,1.0,5.80228370489758,5.891740857296283,15-30m
yaw,0.25,scene-0103_031,bicycle_rack,other,14.807685515377747,28,0.9642857142857143,7.067400447945912,14.718753334378277,<15m
yaw,0.25,scene-0103_031,Car,vehicle,22.643902835036904,16,1.0,5.917123193923157,7.784201225485963,15-30m
yaw,0.25,scene-0103_031,Truck,vehicle,28.51099771517023,46,1.0,6.072416962468608,10.03034589951124,15-30m
yaw,0.25,scene-0103_031,Car,vehicle,17.043610530814483,47,1.0,6.2891730034093065,14.240790639619021,15-30m
yaw,0.5,scene-0103_031,Car,vehicle,25.625970753514945,10,1.0,14.979876181995504,8.45704704385602,15-30m
yaw,0.5,scene-0103_031,Car,vehicle,12.42050819183599,108,1.0,14.284677055803233,14.126036729906893,<15m
yaw,0.5,scene-0103_031,Car,vehicle,28.68008861876304,12,1.0,11.594337898105444,5.891740857296283,15-30m
yaw,0.5,scene-0103_031,bicycle_rack,other,14.807685515377747,28,0.9285714285714286,14.154926049145047,14.718753334378277,<15m
yaw,0.5,scene-0103_031,Car,vehicle,22.643902835036904,16,1.0,11.822046823539278,7.784201225485963,15-30m
yaw,0.5,scene-0103_031,Truck,vehicle,28.51099771517023,46,1.0,12.161280876010432,10.03034589951124,15-30m
yaw,0.5,scene-0103_031,Car,vehicle,17.043610530814483,47,1.0,12.559989205903697,14.240790639619021,15-30m
yaw,1.0,scene-0103_031,Car,vehicle,25.625970753514945,10,1.0,29.807478476192607,8.45704704385602,15-30m
yaw,1.0,scene-0103_031,Car,vehicle,12.42050819183599,108,0.9907407407407407,28.443720177941216,14.126036729906893,<15m
yaw,1.0,scene-0103_031,Car,vehicle,28.68008861876304,12,1.0,23.149297052716683,5.891740857296283,15-30m
yaw,1.0,scene-0103_031,bicycle_rack,other,14.807685515377747,28,0.8928571428571429,28.41468120819418,14.718753334378277,<15m
yaw,1.0,scene-0103_031,Car,vehicle,22.643902835036904,16,0.875,23.59637273670498,7.784201225485963,15-30m
yaw,1.0,scene-0103_031,Truck,vehicle,28.51099771517023,46,1.0,24.38957240075748,10.03034589951124,15-30m
yaw,1.0,scene-0103_031,Car,vehicle,17.043610530814483,47,0.9787234042553191,25.047870265666436,14.240790639619021,15-30m
yaw,2.0,scene-0103_031,Car,vehicle,25.625970753514945,10,0.9,59.02410895095769,8.45704704385602,15-30m
yaw,2.0,scene-0103_031,Car,vehicle,12.42050819183599,108,0.9537037037037037,56.40046063536866,14.126036729906893,<15m
yaw,2.0,scene-0103_031,Car,vehicle,28.68008861876304,12,0.8333333333333334,46.14906156005116,5.891740857296283,15-30m
yaw,2.0,scene-0103_031,bicycle_rack,other,14.807685515377747,28,0.7857142857142857,57.01810706662462,14.718753334378277,<15m
yaw,2.0,scene-0103_031,Car,vehicle,22.643902835036904,16,0.5625,47.010370336623225,7.784201225485963,15-30m
yaw,2.0,scene-0103_031,Truck,vehicle,28.51099771517023,46,0.9565217391304348,49.05714078369938,10.03034589951124,15-30m
yaw,2.0,scene-0103_031,Car,vehicle,17.043610530814483,47,0.8723404255319149,49.817678662749564,14.240790639619021,15-30m
yaw,3.0,scene-0103_031,Car,vehicle,25.625970753514945,10,0.9,87.68505577703155,8.45704704385602,15-30m
yaw,3.0,scene-0103_031,Car,vehicle,12.42050819183599,108,0.8611111111111112,83.90030518434327,14.126036729906893,<15m
yaw,3.0,scene-0103_031,Car,vehicle,28.68008861876304,12,0.3333333333333333,69.0150215652927,5.891740857296283,15-30m
yaw,3.0,scene-0103_031,bicycle_rack,other,14.807685515377747,28,0.6428571428571429,85.20725189996767,14.718753334378277,<15m
yaw,3.0,scene-0103_031,Car,vehicle,22.643902835036904,16,0.25,70.25871224429268,7.784201225485963,15-30m
yaw,3.0,scene-0103_031,Truck,vehicle,28.51099771517023,46,0.8695652173913043,74.0231238339305,10.03034589951124,15-30m
yaw,3.0,scene-0103_031,Car,vehicle,17.043610530814483,47,0.7446808510638298,74.32967230953048,14.240790639619021,15-30m
pitch,0.25,scene-0103_031,Car,vehicle,25.625970753514945,10,1.0,5.653996473982974,8.45704704385602,15-30m
pitch,0.25,scene-0103_031,Car,vehicle,12.42050819183599,108,1.0,5.848302132365774,14.126036729906893,<15m
pitch,0.25,scene-0103_031,Car,vehicle,28.68008861876304,12,1.0,5.588682887311794,5.891740857296283,15-30m
pitch,0.25,scene-0103_031,bicycle_rack,other,14.807685515377747,28,1.0,5.707166409783364,14.718753334378277,<15m
pitch,0.25,scene-0103_031,Car,vehicle,22.643902835036904,16,1.0,5.634006201303723,7.784201225485963,15-30m
pitch,0.25,scene-0103_031,Truck,vehicle,28.51099771517023,46,1.0,5.5557985852554035,10.03034589951124,15-30m
pitch,0.25,scene-0103_031,Car,vehicle,17.043610530814483,47,1.0,5.717417599729801,14.240790639619021,15-30m
pitch,0.5,scene-0103_031,Car,vehicle,25.625970753514945,10,1.0,11.311167142811229,8.45704704385602,15-30m
pitch,0.5,scene-0103_031,Car,vehicle,12.42050819183599,108,0.9907407407407407,11.703011020182089,14.126036729906893,<15m
pitch,0.5,scene-0103_031,Car,vehicle,28.68008861876304,12,1.0,11.178884109771023,5.891740857296283,15-30m
pitch,0.5,scene-0103_031,bicycle_rack,other,14.807685515377747,28,1.0,11.42178176057633,14.718753334378277,<15m
pitch,0.5,scene-0103_031,Car,vehicle,22.643902835036904,16,1.0,11.27074357093238,7.784201225485963,15-30m
pitch,0.5,scene-0103_031,Truck,vehicle,28.51099771517023,46,0.9565217391304348,11.113074153390002,10.03034589951124,15-30m
pitch,0.5,scene-0103_031,Car,vehicle,17.043610530814483,47,1.0,11.4392706616913,14.240790639619021,15-30m
pitch,1.0,scene-0103_031,Car,vehicle,25.625970753514945,10,0.8,22.63605337783925,8.45704704385602,15-30m
pitch,1.0,scene-0103_031,Car,vehicle,12.42050819183599,108,0.9907407407407407,23.429916789456495,14.126036729906893,<15m
pitch,1.0,scene-0103_031,Car,vehicle,28.68008861876304,12,0.75,22.36473995811116,5.891740857296283,15-30m
pitch,1.0,scene-0103_031,bicycle_rack,other,14.807685515377747,28,1.0,22.87439824191552,14.718753334378277,<15m
pitch,1.0,scene-0103_031,Car,vehicle,22.643902835036904,16,1.0,22.553337025020838,7.784201225485963,15-30m
pitch,1.0,scene-0103_031,Truck,vehicle,28.51099771517023,46,0.9130434782608695,22.23295826022909,10.03034589951124,15-30m
pitch,1.0,scene-0103_031,Car,vehicle,17.043610530814483,47,1.0,22.89617994818543,14.240790639619021,15-30m
pitch,2.0,scene-0103_031,Car,vehicle,25.625970753514945,10,0.8,45.335196059878854,8.45704704385602,15-30m
pitch,2.0,scene-0103_031,Car,vehicle,12.42050819183599,108,0.9537037037037037,46.969414016295474,14.126036729906893,<15m
pitch,2.0,scene-0103_031,Car,vehicle,28.68008861876304,12,0.75,44.764572472480026,5.891740857296283,15-30m
pitch,2.0,scene-0103_031,bicycle_rack,other,14.807685515377747,28,0.9642857142857143,45.87450022204701,14.718753334378277,<15m
pitch,2.0,scene-0103_031,Car,vehicle,22.643902835036904,16,0.5,45.169202304483164,7.784201225485963,15-30m
pitch,2.0,scene-0103_031,Truck,vehicle,28.51099771517023,46,0.6956521739130435,44.50039048008945,10.03034589951124,15-30m
pitch,2.0,scene-0103_031,Car,vehicle,17.043610530814483,47,0.8297872340425532,45.87086463070656,14.240790639619021,15-30m
pitch,3.0,scene-0103_031,Car,vehicle,25.625970753514945,10,0.3,68.10365850754222,8.45704704385602,15-30m
pitch,3.0,scene-0103_031,Car,vehicle,12.42050819183599,108,0.7407407407407407,70.65029922944184,14.126036729906893,<15m
pitch,3.0,scene-0103_031,Car,vehicle,28.68008861876304,12,0.5833333333333334,67.21397399767021,5.891740857296283,15-30m
pitch,3.0,scene-0103_031,bicycle_rack,other,14.807685515377747,28,0.9642857142857143,69.02537964678922,14.718753334378277,<15m
pitch,3.0,scene-0103_031,Car,vehicle,22.643902835036904,16,0.5,67.85285884328384,7.784201225485963,15-30m
pitch,3.0,scene-0103_031,Truck,vehicle,28.51099771517023,46,0.6956521739130435,66.81682891964516,10.03034589951124,15-30m
pitch,3.0,scene-0103_031,Car,vehicle,17.043610530814483,47,0.425531914893617,68.96541831625959,14.240790639619021,15-30m
roll,0.25,scene-0103_031,Car,vehicle,25.625970753514945,10,1.0,3.1815527037307296,8.45704704385602,15-30m
roll,0.25,scene-0103_031,Car,vehicle,12.42050819183599,108,1.0,2.7371008790626963,14.126036729906893,<15m
roll,0.25,scene-0103_031,Car,vehicle,28.68008861876304,12,1.0,1.0672281365390897,5.891740857296283,15-30m
roll,0.25,scene-0103_031,bicycle_rack,other,14.807685515377747,28,0.9642857142857143,2.863320977644632,14.718753334378277,<15m
roll,0.25,scene-0103_031,Car,vehicle,22.643902835036904,16,1.0,1.2468103097133478,7.784201225485963,15-30m
roll,0.25,scene-0103_031,Truck,vehicle,28.51099771517023,46,1.0,1.7120125445696193,10.03034589951124,15-30m
roll,0.25,scene-0103_031,Car,vehicle,17.043610530814483,47,1.0,1.8072344828932674,14.240790639619021,15-30m
roll,0.5,scene-0103_031,Car,vehicle,25.625970753514945,10,1.0,6.363522339557155,8.45704704385602,15-30m
roll,0.5,scene-0103_031,Car,vehicle,12.42050819183599,108,1.0,5.474504697589506,14.126036729906893,<15m
roll,0.5,scene-0103_031,Car,vehicle,28.68008861876304,12,1.0,2.1344993660248743,5.891740857296283,15-30m
roll,0.5,scene-0103_031,bicycle_rack,other,14.807685515377747,28,0.9642857142857143,5.726259427418007,14.718753334378277,<15m
roll,0.5,scene-0103_031,Car,vehicle,22.643902835036904,16,1.0,2.4936783410113614,7.784201225485963,15-30m
roll,0.5,scene-0103_031,Truck,vehicle,28.51099771517023,46,1.0,3.4238854795086553,10.03034589951124,15-30m
roll,0.5,scene-0103_031,Car,vehicle,17.043610530814483,47,1.0,3.614595723279492,14.240790639619021,15-30m
roll,1.0,scene-0103_031,Car,vehicle,25.625970753514945,10,1.0,12.728649431209394,8.45704704385602,15-30m
roll,1.0,scene-0103_031,Car,vehicle,12.42050819183599,108,1.0,10.950167008378166,14.126036729906893,<15m
roll,1.0,scene-0103_031,Car,vehicle,28.68008861876304,12,1.0,4.269150494075253,5.891740857296283,15-30m
roll,1.0,scene-0103_031,bicycle_rack,other,14.807685515377747,28,0.9642857142857143,11.450935440874145,14.718753334378277,<15m
roll,1.0,scene-0103_031,Car,vehicle,22.643902835036904,16,1.0,4.987563287476835,7.784201225485963,15-30m
roll,1.0,scene-0103_031,Truck,vehicle,28.51099771517023,46,1.0,6.8471804328811885,10.03034589951124,15-30m
roll,1.0,scene-0103_031,Car,vehicle,17.043610530814483,47,1.0,7.229662988118268,14.240790639619021,15-30m
roll,2.0,scene-0103_031,Car,vehicle,25.625970753514945,10,0.8,25.463212893509656,8.45704704385602,15-30m
roll,2.0,scene-0103_031,Car,vehicle,12.42050819183599,108,1.0,21.904530461933664,14.126036729906893,<15m
roll,2.0,scene-0103_031,Car,vehicle,28.68008861876304,12,1.0,8.53874303304989,5.891740857296283,15-30m
roll,2.0,scene-0103_031,bicycle_rack,other,14.807685515377747,28,0.9642857142857143,22.89511178709329,14.718753334378277,<15m
roll,2.0,scene-0103_031,Car,vehicle,22.643902835036904,16,1.0,9.975758583080236,7.784201225485963,15-30m
roll,2.0,scene-0103_031,Truck,vehicle,28.51099771517023,46,1.0,13.691742413428173,10.03034589951124,15-30m
roll,2.0,scene-0103_031,Car,vehicle,17.043610530814483,47,1.0,14.460927875576116,14.240790639619021,15-30m
roll,3.0,scene-0103_031,Car,vehicle,25.625970753514945,10,0.8,38.202677130118104,8.45704704385602,15-30m
roll,3.0,scene-0103_031,Car,vehicle,12.42050819183599,108,1.0,32.862219944202195,14.126036729906893,<15m
roll,3.0,scene-0103_031,Car,vehicle,28.68008861876304,12,1.0,12.808447262721296,5.891740857296283,15-30m
roll,3.0,scene-0103_031,bicycle_rack,other,14.807685515377747,28,0.9285714285714286,34.08699043573513,14.718753334378277,<15m
roll,3.0,scene-0103_031,Car,vehicle,22.643902835036904,16,1.0,14.96419659550578,7.784201225485963,15-30m
roll,3.0,scene-0103_031,Truck,vehicle,28.51099771517023,46,1.0,20.533174265527556,10.03034589951124,15-30m
roll,3.0,scene-0103_031,Car,vehicle,17.043610530814483,47,1.0,21.693225119671833,14.240790639619021,15-30m
t_fwd,0.02,scene-0103_031,Car,vehicle,25.625970753514945,10,1.0,0.7143482991272818,8.45704704385602,15-30m
t_fwd,0.02,scene-0103_031,Car,vehicle,12.42050819183599,108,1.0,1.2424669631673064,14.126036729906893,<15m
t_fwd,0.02,scene-0103_031,Car,vehicle,28.68008861876304,12,1.0,0.18812958659809303,5.891740857296283,15-30m
t_fwd,0.02,scene-0103_031,bicycle_rack,other,14.807685515377747,28,1.0,0.8141650565727523,14.718753334378277,<15m
t_fwd,0.02,scene-0103_031,Car,vehicle,22.643902835036904,16,1.0,0.27743229274492187,7.784201225485963,15-30m
t_fwd,0.02,scene-0103_031,Truck,vehicle,28.51099771517023,46,1.0,0.29917119946580517,10.03034589951124,15-30m
t_fwd,0.02,scene-0103_031,Car,vehicle,17.043610530814483,47,1.0,0.5650564193499837,14.240790639619021,15-30m
t_fwd,0.05,scene-0103_031,Car,vehicle,25.625970753514945,10,1.0,1.7832497521949437,8.45704704385602,15-30m
t_fwd,0.05,scene-0103_031,Car,vehicle,12.42050819183599,108,1.0,3.0969999177224934,14.126036729906893,<15m
t_fwd,0.05,scene-0103_031,Car,vehicle,28.68008861876304,12,1.0,0.46978534052926824,5.891740857296283,15-30m
t_fwd,0.05,scene-0103_031,bicycle_rack,other,14.807685515377747,28,1.0,2.0316002072715307,14.718753334378277,<15m
t_fwd,0.05,scene-0103_031,Car,vehicle,22.643902835036904,16,1.0,0.6925714636994817,7.784201225485963,15-30m
t_fwd,0.05,scene-0103_031,Truck,vehicle,28.51099771517023,46,1.0,0.7470662088269409,10.03034589951124,15-30m
t_fwd,0.05,scene-0103_031,Car,vehicle,17.043610530814483,47,1.0,1.409735327292796,14.240790639619021,15-30m
t_fwd,0.1,scene-0103_031,Car,vehicle,25.625970753514945,10,1.0,3.557796961855437,8.45704704385602,15-30m
t_fwd,0.1,scene-0103_031,Car,vehicle,12.42050819183599,108,1.0,6.163681041242166,14.126036729906893,<15m
t_fwd,0.1,scene-0103_031,Car,vehicle,28.68008861876304,12,1.0,0.9377807340207069,5.891740857296283,15-30m
t_fwd,0.1,scene-0103_031,bicycle_rack,other,14.807685515377747,28,1.0,4.050555614988094,14.718753334378277,<15m
t_fwd,0.1,scene-0103_031,Car,vehicle,22.643902835036904,16,1.0,1.381791725082079,7.784201225485963,15-30m
t_fwd,0.1,scene-0103_031,Truck,vehicle,28.51099771517023,46,1.0,1.491268599028049,10.03034589951124,15-30m
t_fwd,0.1,scene-0103_031,Car,vehicle,17.043610530814483,47,1.0,2.8098378641373647,14.240790639619021,15-30m
t_fwd,0.2,scene-0103_031,Car,vehicle,25.625970753514945,10,1.0,7.081037338778051,8.45704704385602,15-30m
t_fwd,0.2,scene-0103_031,Car,vehicle,12.42050819183599,108,1.0,12.205447234063431,14.126036729906893,<15m
t_fwd,0.2,scene-0103_031,Car,vehicle,28.68008861876304,12,1.0,1.8684424457860267,5.891740857296283,15-30m
t_fwd,0.2,scene-0103_031,bicycle_rack,other,14.807685515377747,28,1.0,8.051001595855311,14.718753334378277,<15m
t_fwd,0.2,scene-0103_031,Car,vehicle,22.643902835036904,16,1.0,2.750275480611431,7.784201225485963,15-30m
t_fwd,0.2,scene-0103_031,Truck,vehicle,28.51099771517023,46,1.0,2.9711475749315275,10.03034589951124,15-30m
t_fwd,0.2,scene-0103_031,Car,vehicle,17.043610530814483,47,1.0,5.581536814204256,14.240790639619021,15-30m
t_left,0.02,scene-0103_031,Car,vehicle,25.625970753514945,10,1.0,1.238763090824178,8.45704704385602,15-30m
t_left,0.02,scene-0103_031,Car,vehicle,12.42050819183599,108,1.0,2.54226178722502,14.126036729906893,<15m
t_left,0.02,scene-0103_031,Car,vehicle,28.68008861876304,12,1.0,0.9560392879141522,5.891740857296283,15-30m
t_left,0.02,scene-0103_031,bicycle_rack,other,14.807685515377747,28,1.0,1.5646819828838252,14.718753334378277,<15m
t_left,0.02,scene-0103_031,Car,vehicle,22.643902835036904,16,1.0,1.222130679386183,7.784201225485963,15-30m
t_left,0.02,scene-0103_031,Truck,vehicle,28.51099771517023,46,1.0,0.9620435966344587,10.03034589951124,15-30m
t_left,0.02,scene-0103_031,Car,vehicle,17.043610530814483,47,1.0,1.7289029857834761,14.240790639619021,15-30m
t_left,0.05,scene-0103_031,Car,vehicle,25.625970753514945,10,1.0,3.096856411741486,8.45704704385602,15-30m
t_left,0.05,scene-0103_031,Car,vehicle,12.42050819183599,108,1.0,6.355438069430171,14.126036729906893,<15m
t_left,0.05,scene-0103_031,Car,vehicle,28.68008861876304,12,1.0,2.390067524714067,5.891740857296283,15-30m
t_left,0.05,scene-0103_031,bicycle_rack,other,14.807685515377747,28,0.9642857142857143,3.8318659360560496,14.718753334378277,<15m
t_left,0.05,scene-0103_031,Car,vehicle,22.643902835036904,16,1.0,3.0552765498126613,7.784201225485963,15-30m
t_left,0.05,scene-0103_031,Truck,vehicle,28.51099771517023,46,1.0,2.4050777189082604,10.03034589951124,15-30m
t_left,0.05,scene-0103_031,Car,vehicle,17.043610530814483,47,1.0,4.322157220325294,14.240790639619021,15-30m
t_left,0.1,scene-0103_031,Car,vehicle,25.625970753514945,10,1.0,6.193541779979485,8.45704704385602,15-30m
t_left,0.1,scene-0103_031,Car,vehicle,12.42050819183599,108,1.0,12.710154875575194,14.126036729906893,<15m
t_left,0.1,scene-0103_031,Car,vehicle,28.68008861876304,12,1.0,4.780032736028482,5.891740857296283,15-30m
t_left,0.1,scene-0103_031,bicycle_rack,other,14.807685515377747,28,0.9642857142857143,7.663466797754107,14.718753334378277,<15m
t_left,0.1,scene-0103_031,Car,vehicle,22.643902835036904,16,1.0,6.110385944766658,7.784201225485963,15-30m
t_left,0.1,scene-0103_031,Truck,vehicle,28.51099771517023,46,1.0,4.810051199171532,10.03034589951124,15-30m
t_left,0.1,scene-0103_031,Car,vehicle,17.043610530814483,47,1.0,8.643980314204333,14.240790639619021,15-30m
t_left,0.2,scene-0103_031,Car,vehicle,25.625970753514945,10,1.0,12.386399442623759,8.45704704385602,15-30m
t_left,0.2,scene-0103_031,Car,vehicle,12.42050819183599,108,1.0,25.41742518908078,14.126036729906893,<15m
t_left,0.2,scene-0103_031,Car,vehicle,28.68008861876304,12,1.0,9.559656244737283,5.891740857296283,15-30m
t_left,0.2,scene-0103_031,bicycle_rack,other,14.807685515377747,28,0.8928571428571429,15.324513413707255,14.718753334378277,<15m
t_left,0.2,scene-0103_031,Car,vehicle,22.643902835036904,16,1.0,12.220103324973545,7.784201225485963,15-30m
t_left,0.2,scene-0103_031,Truck,vehicle,28.51099771517023,46,1.0,9.619685470871921,10.03034589951124,15-30m
t_left,0.2,scene-0103_031,Car,vehicle,17.043610530814483,47,1.0,17.286624277590164,14.240790639619021,15-30m
t_up,0.02,scene-0103_031,Car,vehicle,25.625970753514945,10,1.0,1.2320821230294725,8.45704704385602,15-30m
t_up,0.02,scene-0103_031,Car,vehicle,12.42050819183599,108,1.0,2.538500275238599,14.126036729906893,<15m
t_up,0.02,scene-0103_031,Car,vehicle,28.68008861876304,12,1.0,0.9534093774839165,5.891740857296283,15-30m
t_up,0.02,scene-0103_031,bicycle_rack,other,14.807685515377747,28,0.9642857142857143,1.5809116755523749,14.718753334378277,<15m
t_up,0.02,scene-0103_031,Car,vehicle,22.643902835036904,16,1.0,1.2197828656216059,7.784201225485963,15-30m
t_up,0.02,scene-0103_031,Truck,vehicle,28.51099771517023,46,1.0,0.9664913463490062,10.03034589951124,15-30m
t_up,0.02,scene-0103_031,Car,vehicle,17.043610530814483,47,1.0,1.725742815890711,14.240790639619021,15-30m
t_up,0.05,scene-0103_031,Car,vehicle,25.625970753514945,10,0.8,3.079957177726379,8.45704704385602,15-30m
t_up,0.05,scene-0103_031,Car,vehicle,12.42050819183599,108,1.0,6.345200315215136,14.126036729906893,<15m
t_up,0.05,scene-0103_031,Car,vehicle,28.68008861876304,12,1.0,2.38337462299184,5.891740857296283,15-30m
t_up,0.05,scene-0103_031,bicycle_rack,other,14.807685515377747,28,0.9642857142857143,3.951871857760262,14.718753334378277,<15m
t_up,0.05,scene-0103_031,Car,vehicle,22.643902835036904,16,1.0,3.0492138288042,7.784201225485963,15-30m
t_up,0.05,scene-0103_031,Truck,vehicle,28.51099771517023,46,1.0,2.4160756252202162,10.03034589951124,15-30m
t_up,0.05,scene-0103_031,Car,vehicle,17.043610530814483,47,1.0,4.313870602776249,14.240790639619021,15-30m
t_up,0.1,scene-0103_031,Car,vehicle,25.625970753514945,10,0.8,6.159087433615006,8.45704704385602,15-30m
t_up,0.1,scene-0103_031,Car,vehicle,12.42050819183599,108,0.8981481481481481,12.686900932383153,14.126036729906893,<15m
t_up,0.1,scene-0103_031,Car,vehicle,28.68008861876304,12,1.0,4.766253259510481,5.891740857296283,15-30m
t_up,0.1,scene-0103_031,bicycle_rack,other,14.807685515377747,28,0.9642857142857143,7.902386318372396,14.718753334378277,<15m
t_up,0.1,scene-0103_031,Car,vehicle,22.643902835036904,16,1.0,6.097616712705639,7.784201225485963,15-30m
t_up,0.1,scene-0103_031,Truck,vehicle,28.51099771517023,46,1.0,4.831642200759361,10.03034589951124,15-30m
t_up,0.1,scene-0103_031,Car,vehicle,17.043610530814483,47,1.0,8.626120236469438,14.240790639619021,15-30m
t_up,0.2,scene-0103_031,Car,vehicle,25.625970753514945,10,0.8,12.314868511638707,8.45704704385602,15-30m
t_up,0.2,scene-0103_031,Car,vehicle,12.42050819183599,108,0.8703703703703703,25.359814647758988,14.126036729906893,<15m
t_up,0.2,scene-0103_031,Car,vehicle,28.68008861876304,12,1.0,9.530523192295997,5.891740857296283,15-30m
t_up,0.2,scene-0103_031,bicycle_rack,other,14.807685515377747,28,0.9642857142857143,15.799345845829901,14.718753334378277,<15m
t_up,0.2,scene-0103_031,Car,vehicle,22.643902835036904,16,1.0,12.191990939651339,7.784201225485963,15-30m
t_up,0.2,scene-0103_031,Truck,vehicle,28.51099771517023,46,1.0,9.661248846253368,10.03034589951124,15-30m
t_up,0.2,scene-0103_031,Car,vehicle,17.043610530814483,47,1.0,17.24576024978163,14.240790639619021,15-30m
none,0.0,scene-0103_032,Car,vehicle,9.384717508399977,27,1.0,0.0,6.6302289733403805,<15m
none,0.0,scene-0103_032,Car,vehicle,25.230661709151395,22,1.0,0.0,7.0594021771266515,15-30m
none,0.0,scene-0103_032,bicycle_rack,other,12.16244401234406,22,1.0,0.0,9.317207185959925,<15m
none,0.0,scene-0103_032,Car,vehicle,33.192740980496055,10,1.0,0.0,6.196377885061786,>30m
none,0.0,scene-0103_032,Bicycle,vru,17.23097356385579,16,1.0,0.0,5.203161732218591,15-30m
none,0.0,scene-0103_032,Car,vehicle,19.214604507263797,22,1.0,0.0,9.99850552598323,15-30m
none,0.0,scene-0103_032,Truck,vehicle,25.136675595484377,69,1.0,0.0,12.356342809084248,15-30m
none,0.0,scene-0103_032,Car,vehicle,13.75502672525245,111,1.0,0.0,18.168688928984533,<15m
yaw,0.25,scene-0103_032,Car,vehicle,9.384717508399977,27,1.0,7.615073310552198,6.6302289733403805,<15m
yaw,0.25,scene-0103_032,Car,vehicle,25.230661709151395,22,1.0,5.870239721873933,7.0594021771266515,15-30m
yaw,0.25,scene-0103_032,bicycle_rack,other,12.16244401234406,22,0.9090909090909091,7.5448464873412995,9.317207185959925,<15m
yaw,0.25,scene-0103_032,Car,vehicle,33.192740980496055,10,1.0,5.891945087352584,6.196377885061786,>30m
yaw,0.25,scene-0103_032,Bicycle,vru,17.23097356385579,16,1.0,6.376767390229762,5.203161732218591,15-30m
yaw,0.25,scene-0103_032,Car,vehicle,19.214604507263797,22,1.0,6.076889672058844,9.99850552598323,15-30m
yaw,0.25,scene-0103_032,Truck,vehicle,25.136675595484377,69,1.0,6.219101042216979,12.356342809084248,15-30m
yaw,0.25,scene-0103_032,Car,vehicle,13.75502672525245,111,1.0,6.789071359500798,18.168688928984533,<15m
yaw,0.5,scene-0103_032,Car,vehicle,9.384717508399977,27,1.0,15.19166416945325,6.6302289733403805,<15m
yaw,0.5,scene-0103_032,Car,vehicle,25.230661709151395,22,1.0,11.728874520532665,7.0594021771266515,15-30m
yaw,0.5,scene-0103_032,bicycle_rack,other,12.16244401234406,22,0.9090909090909091,15.12892225643841,9.317207185959925,<15m
yaw,0.5,scene-0103_032,Car,vehicle,33.192740980496055,10,1.0,11.796771680948748,6.196377885061786,>30m
yaw,0.5,scene-0103_032,Bicycle,vru,17.23097356385579,16,1.0,12.77429810033686,5.203161732218591,15-30m
yaw,0.5,scene-0103_032,Car,vehicle,19.214604507263797,22,1.0,12.138674225736679,9.99850552598323,15-30m
yaw,0.5,scene-0103_032,Truck,vehicle,25.136675595484377,69,1.0,12.456807889289575,12.356342809084248,15-30m
yaw,0.5,scene-0103_032,Car,vehicle,13.75502672525245,111,1.0,13.551967915434739,18.168688928984533,<15m
yaw,1.0,scene-0103_032,Car,vehicle,9.384717508399977,27,0.9629629629629629,30.231785393636745,6.6302289733403805,<15m
yaw,1.0,scene-0103_032,Car,vehicle,25.230661709151395,22,0.8636363636363636,23.412381281791067,7.0594021771266515,15-30m
yaw,1.0,scene-0103_032,bicycle_rack,other,12.16244401234406,22,0.7727272727272727,30.27298128622361,9.317207185959925,<15m
yaw,1.0,scene-0103_032,Car,vehicle,33.192740980496055,10,1.0,23.646163162627268,6.196377885061786,>30m
yaw,1.0,scene-0103_032,Bicycle,vru,17.23097356385579,16,1.0,25.633080371961235,5.203161732218591,15-30m
yaw,1.0,scene-0103_032,Car,vehicle,19.214604507263797,22,1.0,24.21810789560376,9.99850552598323,15-30m
yaw,1.0,scene-0103_032,Truck,vehicle,25.136675595484377,69,1.0,24.9893606964766,12.356342809084248,15-30m
yaw,1.0,scene-0103_032,Car,vehicle,13.75502672525245,111,0.9819819819819819,27.000924227924077,18.168688928984533,<15m
yaw,2.0,scene-0103_032,Car,vehicle,9.384717508399977,27,0.7037037037037037,59.87600128305031,6.6302289733403805,<15m
yaw,2.0,scene-0103_032,Car,vehicle,25.230661709151395,22,0.7272727272727273,46.6516033285243,7.0594021771266515,15-30m
yaw,2.0,scene-0103_032,bicycle_rack,other,12.16244401234406,22,0.6363636363636364,60.975911264044434,9.317207185959925,<15m
yaw,2.0,scene-0103_032,Car,vehicle,33.192740980496055,10,1.0,47.51168412385849,6.196377885061786,>30m
yaw,2.0,scene-0103_032,Bicycle,vru,17.23097356385579,16,0.8125,51.615774778210714,5.203161732218591,15-30m
yaw,2.0,scene-0103_032,Car,vehicle,19.214604507263797,22,0.7272727272727273,48.208550550680464,9.99850552598323,15-30m
yaw,2.0,scene-0103_032,Truck,vehicle,25.136675595484377,69,0.9565217391304348,50.2924740679006,12.356342809084248,15-30m
yaw,2.0,scene-0103_032,Car,vehicle,13.75502672525245,111,0.918918918918919,53.603014639977246,18.168688928984533,<15m
yaw,3.0,scene-0103_032,Car,vehicle,9.384717508399977,27,0.5925925925925926,88.96851133976719,6.6302289733403805,<15m
yaw,3.0,scene-0103_032,Car,vehicle,25.230661709151395,22,0.4090909090909091,69.7340103464567,7.0594021771266515,15-30m
yaw,3.0,scene-0103_032,bicycle_rack,other,12.16244401234406,22,0.5454545454545454,92.13075510624714,9.317207185959925,<15m
yaw,3.0,scene-0103_032,Car,vehicle,33.192740980496055,10,0.8,71.61470662395811,6.196377885061786,>30m
yaw,3.0,scene-0103_032,Bicycle,vru,17.23097356385579,16,0.25,77.97212786322186,5.203161732218591,15-30m
yaw,3.0,scene-0103_032,Car,vehicle,19.214604507263797,22,0.5454545454545454,71.98964283487214,9.99850552598323,15-30m
yaw,3.0,scene-0103_032,Truck,vehicle,25.136675595484377,69,0.8695652173913043,75.93148392199728,12.356342809084248,15-30m
yaw,3.0,scene-0103_032,Car,vehicle,13.75502672525245,111,0.8378378378378378,79.83191067603441,18.168688928984533,<15m
pitch,0.25,scene-0103_032,Car,vehicle,9.384717508399977,27,1.0,5.973181182635999,6.6302289733403805,<15m
pitch,0.25,scene-0103_032,Car,vehicle,25.230661709151395,22,1.0,5.60664587456819,7.0594021771266515,15-30m
pitch,0.25,scene-0103_032,bicycle_rack,other,12.16244401234406,22,1.0,5.724601267885071,9.317207185959925,<15m
pitch,0.25,scene-0103_032,Car,vehicle,33.192740980496055,10,1.0,5.552362652164135,6.196377885061786,>30m
pitch,0.25,scene-0103_032,Bicycle,vru,17.23097356385579,16,1.0,5.653318896932074,5.203161732218591,15-30m
pitch,0.25,scene-0103_032,Car,vehicle,19.214604507263797,22,1.0,5.6743833591920065,9.99850552598323,15-30m
pitch,0.25,scene-0103_032,Truck,vehicle,25.136675595484377,69,1.0,5.5682893982861605,12.356342809084248,15-30m
pitch,0.25,scene-0103_032,Car,vehicle,13.75502672525245,111,1.0,5.782399694091254,18.168688928984533,<15m
pitch,0.5,scene-0103_032,Car,vehicle,9.384717508399977,27,1.0,11.956201635673832,6.6302289733403805,<15m
pitch,0.5,scene-0103_032,Car,vehicle,25.230661709151395,22,1.0,11.216625643036643,7.0594021771266515,15-30m
pitch,0.5,scene-0103_032,bicycle_rack,other,12.16244401234406,22,1.0,11.457153386076133,9.317207185959925,<15m
pitch,0.5,scene-0103_032,Car,vehicle,33.192740980496055,10,1.0,11.107487897675934,6.196377885061786,>30m
pitch,0.5,scene-0103_032,Bicycle,vru,17.23097356385579,16,1.0,11.311451239962029,5.203161732218591,15-30m
pitch,0.5,scene-0103_032,Car,vehicle,19.214604507263797,22,1.0,11.352787203280144,9.99850552598323,15-30m
pitch,0.5,scene-0103_032,Truck,vehicle,25.136675595484377,69,1.0,11.138055832917551,12.356342809084248,15-30m
pitch,0.5,scene-0103_032,Car,vehicle,13.75502672525245,111,1.0,11.571387934130785,18.168688928984533,<15m
pitch,1.0,scene-0103_032,Car,vehicle,9.384717508399977,27,1.0,23.95295571478278,6.6302289733403805,<15m
pitch,1.0,scene-0103_032,Car,vehicle,25.230661709151395,22,1.0,22.44706315431093,7.0594021771266515,15-30m
pitch,1.0,scene-0103_032,bicycle_rack,other,12.16244401234406,22,1.0,22.94718918597418,9.317207185959925,<15m
pitch,1.0,scene-0103_032,Car,vehicle,33.192740980496055,10,0.8,22.226920065204105,6.196377885061786,>30m
pitch,1.0,scene-0103_032,Bicycle,vru,17.23097356385579,16,1.0,22.64312378386583,5.203161732218591,15-30m
pitch,1.0,scene-0103_032,Car,vehicle,19.214604507263797,22,1.0,22.72260831669731,9.99850552598323,15-30m
pitch,1.0,scene-0103_032,Truck,vehicle,25.136675595484377,69,1.0,22.283287846692257,12.356342809084248,15-30m
pitch,1.0,scene-0103_032,Car,vehicle,13.75502672525245,111,1.0,23.161641929312037,18.168688928984533,<15m
pitch,2.0,scene-0103_032,Car,vehicle,9.384717508399977,27,1.0,48.07778896011114,6.6302289733403805,<15m
pitch,2.0,scene-0103_032,Car,vehicle,25.230661709151395,22,0.6818181818181818,44.94842526792725,7.0594021771266515,15-30m
pitch,2.0,scene-0103_032,bicycle_rack,other,12.16244401234406,22,0.9545454545454546,46.010016948804605,9.317207185959925,<15m
pitch,2.0,scene-0103_032,Car,vehicle,33.192740980496055,10,0.8,44.50879735629036,6.196377885061786,>30m
pitch,2.0,scene-0103_032,Bicycle,vru,17.23097356385579,16,0.75,45.37492233681867,5.203161732218591,15-30m
pitch,2.0,scene-0103_032,Car,vehicle,19.214604507263797,22,0.7272727272727273,45.521010356675305,9.99850552598323,15-30m
pitch,2.0,scene-0103_032,Truck,vehicle,25.136675595484377,69,0.8840579710144928,44.621624255891284,12.356342809084248,15-30m
pitch,2.0,scene-0103_032,Car,vehicle,13.75502672525245,111,1.0,46.40929250147966,18.168688928984533,<15m
pitch,3.0,scene-0103_032,Car,vehicle,9.384717508399977,27,0.9259259259259259,72.24747351978641,6.6302289733403805,<15m
pitch,3.0,scene-0103_032,Car,vehicle,25.230661709151395,22,0.4090909090909091,67.51874890734913,7.0594021771266515,15-30m
pitch,3.0,scene-0103_032,bicycle_rack,other,12.16244401234406,22,0.9545454545454546,69.24588458003234,9.317207185959925,<15m
pitch,3.0,scene-0103_032,Car,vehicle,33.192740980496055,10,0.0,66.86006043091554,6.196377885061786,>30m
pitch,3.0,scene-0103_032,Bicycle,vru,17.23097356385579,16,0.5,68.21113035724798,5.203161732218591,15-30m
pitch,3.0,scene-0103_032,Car,vehicle,19.214604507263797,22,0.5,68.41065728245638,9.99850552598323,15-30m
pitch,3.0,scene-0103_032,Truck,vehicle,25.136675595484377,69,0.6521739130434783,67.02965916690572,12.356342809084248,15-30m
pitch,3.0,scene-0103_032,Car,vehicle,13.75502672525245,111,0.8738738738738738,69.77676813130698,18.168688928984533,<15m
roll,0.25,scene-0103_032,Car,vehicle,9.384717508399977,27,1.0,3.1279728331079255,6.6302289733403805,<15m
roll,0.25,scene-0103_032,Car,vehicle,25.230661709151395,22,1.0,1.1849865227118197,7.0594021771266515,15-30m
roll,0.25,scene-0103_032,bicycle_rack,other,12.16244401234406,22,1.0,3.2846461174745425,9.317207185959925,<15m
roll,0.25,scene-0103_032,Car,vehicle,33.192740980496055,10,1.0,1.396812962428065,6.196377885061786,>30m
roll,0.25,scene-0103_032,Bicycle,vru,17.23097356385579,16,1.0,2.0626589247925295,5.203161732218591,15-30m
roll,0.25,scene-0103_032,Car,vehicle,19.214604507263797,22,1.0,1.5092866205399378,9.99850552598323,15-30m
roll,0.25,scene-0103_032,Truck,vehicle,25.136675595484377,69,1.0,1.9227126071147171,12.356342809084248,15-30m
roll,0.25,scene-0103_032,Car,vehicle,13.75502672525245,111,1.0,2.3802500212322166,18.168688928984533,<15m
roll,0.5,scene-0103_032,Car,vehicle,9.384717508399977,27,1.0,6.256326384471133,6.6302289733403805,<15m
roll,0.5,scene-0103_032,Car,vehicle,25.230661709151395,22,1.0,2.3700257460816414,7.0594021771266515,15-30m
roll,0.5,scene-0103_032,bicycle_rack,other,12.16244401234406,22,1.0,6.568791747828671,9.317207185959925,<15m
roll,0.5,scene-0103_032,Car,vehicle,33.192740980496055,10,1.0,2.79353079181498,6.196377885061786,>30m
roll,0.5,scene-0103_032,Bicycle,vru,17.23097356385579,16,1.0,4.125117169458576,5.203161732218591,15-30m
roll,0.5,scene-0103_032,Car,vehicle,19.214604507263797,22,1.0,3.018660877443014,9.99850552598323,15-30m
roll,0.5,scene-0103_032,Truck,vehicle,25.136675595484377,69,1.0,3.845252034262599,12.356342809084248,15-30m
roll,0.5,scene-0103_032,Car,vehicle,13.75502672525245,111,1.0,4.760727465694177,18.168688928984533,<15m
roll,1.0,scene-0103_032,Car,vehicle,9.384717508399977,27,1.0,12.514112071661009,6.6302289733403805,<15m
roll,1.0,scene-0103_032,Car,vehicle,25.230661709151395,22,1.0,4.740239321369975,7.0594021771266515,15-30m
roll,1.0,scene-0103_032,bicycle_rack,other,12.16244401234406,22,1.0,13.135520495323572,9.317207185959925,<15m
roll,1.0,scene-0103_032,Car,vehicle,33.192740980496055,10,1.0,5.5866548288543125,6.196377885061786,>30m
roll,1.0,scene-0103_032,Bicycle,vru,17.23097356385579,16,1.0,8.249393227725353,5.203161732218591,15-30m
roll,1.0,scene-0103_032,Car,vehicle,19.214604507263797,22,1.0,6.037642862045879,9.99850552598323,15-30m
roll,1.0,scene-0103_032,Truck,vehicle,25.136675595484377,69,1.0,7.68977589999983,12.356342809084248,15-30m
roll,1.0,scene-0103_032,Car,vehicle,13.75502672525245,111,1.0,9.52231772300532,18.168688928984533,<15m
roll,2.0,scene-0103_032,Car,vehicle,9.384717508399977,27,1.0,25.033551709556903,6.6302289733403805,<15m
roll,2.0,scene-0103_032,Car,vehicle,25.230661709151395,22,1.0,9.48104601995546,7.0594021771266515,15-30m
roll,2.0,scene-0103_032,bicycle_rack,other,12.16244401234406,22,0.9545454545454546,26.15762072296795,9.317207185959925,<15m
roll,2.0,scene-0103_032,Car,vehicle,33.192740980496055,10,1.0,11.171473096432866,6.196377885061786,>30m
roll,2.0,scene-0103_032,Bicycle,vru,17.23097356385579,16,1.0,16.4951153941363,5.203161732218591,15-30m
roll,2.0,scene-0103_032,Car,vehicle,19.214604507263797,22,1.0,12.076334396454634,9.99850552598323,15-30m
roll,2.0,scene-0103_032,Truck,vehicle,25.136675595484377,69,1.0,15.37635597155475,12.356342809084248,15-30m
roll,2.0,scene-0103_032,Car,vehicle,13.75502672525245,111,1.0,19.047710762540056,18.168688928984533,<15m
roll,3.0,scene-0103_032,Car,vehicle,9.384717508399977,27,1.0,37.55729657169345,6.6302289733403805,<15m
roll,3.0,scene-0103_032,Car,vehicle,25.230661709151395,22,1.0,14.222051792756215,7.0594021771266515,15-30m
roll,3.0,scene-0103_032,bicycle_rack,other,12.16244401234406,22,0.8181818181818182,39.22247400294922,9.317207185959925,<15m
roll,3.0,scene-0103_032,Car,vehicle,33.192740980496055,10,1.0,16.754036409461165,6.196377885061786,>30m
roll,3.0,scene-0103_032,Bicycle,vru,17.23097356385579,16,1.0,24.736554731384736,5.203161732218591,15-30m
roll,3.0,scene-0103_032,Car,vehicle,19.214604507263797,22,1.0,18.115602391325176,9.99850552598323,15-30m
roll,3.0,scene-0103_032,Truck,vehicle,25.136675595484377,69,0.9420289855072463,23.059175157839068,12.356342809084248,15-30m
roll,3.0,scene-0103_032,Car,vehicle,13.75502672525245,111,1.0,28.575425615932666,18.168688928984533,<15m
t_fwd,0.02,scene-0103_032,Car,vehicle,9.384717508399977,27,1.0,1.731898238271786,6.6302289733403805,<15m
t_fwd,0.02,scene-0103_032,Car,vehicle,25.230661709151395,22,1.0,0.24110184308135627,7.0594021771266515,15-30m
t_fwd,0.02,scene-0103_032,bicycle_rack,other,12.16244401234406,22,1.0,1.0401028930893434,9.317207185959925,<15m
t_fwd,0.02,scene-0103_032,Car,vehicle,33.192740980496055,10,1.0,0.20612855984858214,6.196377885061786,>30m
t_fwd,0.02,scene-0103_032,Bicycle,vru,17.23097356385579,16,1.0,0.5739839085424847,5.203161732218591,15-30m
t_fwd,0.02,scene-0103_032,Car,vehicle,19.214604507263797,22,1.0,0.409418960475205,9.99850552598323,15-30m
t_fwd,0.02,scene-0103_032,Truck,vehicle,25.136675595484377,69,1.0,0.37576038054495525,12.356342809084248,15-30m
t_fwd,0.02,scene-0103_032,Car,vehicle,13.75502672525245,111,1.0,1.0027367751544878,18.168688928984533,<15m
t_fwd,0.05,scene-0103_032,Car,vehicle,9.384717508399977,27,1.0,4.313957760084664,6.6302289733403805,<15m
t_fwd,0.05,scene-0103_032,Car,vehicle,25.230661709151395,22,1.0,0.6019550060193548,7.0594021771266515,15-30m
t_fwd,0.05,scene-0103_032,bicycle_rack,other,12.16244401234406,22,1.0,2.594927965643234,9.317207185959925,<15m
t_fwd,0.05,scene-0103_032,Car,vehicle,33.192740980496055,10,1.0,0.5148236149999237,6.196377885061786,>30m
t_fwd,0.05,scene-0103_032,Bicycle,vru,17.23097356385579,16,1.0,1.4323452656798086,5.203161732218591,15-30m
t_fwd,0.05,scene-0103_032,Car,vehicle,19.214604507263797,22,1.0,1.0217331906719502,9.99850552598323,15-30m
t_fwd,0.05,scene-0103_032,Truck,vehicle,25.136675595484377,69,1.0,0.9381799239897293,12.356342809084248,15-30m
t_fwd,0.05,scene-0103_032,Car,vehicle,13.75502672525245,111,1.0,2.499944523185385,18.168688928984533,<15m
t_fwd,0.1,scene-0103_032,Car,vehicle,9.384717508399977,27,1.0,8.575798027981048,6.6302289733403805,<15m
t_fwd,0.1,scene-0103_032,Car,vehicle,25.230661709151395,22,1.0,1.2012540818526505,7.0594021771266515,15-30m
t_fwd,0.1,scene-0103_032,bicycle_rack,other,12.16244401234406,22,1.0,5.17218856230301,9.317207185959925,<15m
t_fwd,0.1,scene-0103_032,Car,vehicle,33.192740980496055,10,1.0,1.027992215393833,6.196377885061786,>30m
t_fwd,0.1,scene-0103_032,Bicycle,vru,17.23097356385579,16,1.0,2.8560177277655647,5.203161732218591,15-30m
t_fwd,0.1,scene-0103_032,Car,vehicle,19.214604507263797,22,1.0,2.0374475165154684,9.99850552598323,15-30m
t_fwd,0.1,scene-0103_032,Truck,vehicle,25.136675595484377,69,1.0,1.8723038336510147,12.356342809084248,15-30m
t_fwd,0.1,scene-0103_032,Car,vehicle,13.75502672525245,111,1.0,4.9770655854931345,18.168688928984533,<15m
t_fwd,0.2,scene-0103_032,Car,vehicle,9.384717508399977,27,1.0,16.946858821302346,6.6302289733403805,<15m
t_fwd,0.2,scene-0103_032,Car,vehicle,25.230661709151395,22,1.0,2.3919544505978165,7.0594021771266515,15-30m
t_fwd,0.2,scene-0103_032,bicycle_rack,other,12.16244401234406,22,1.0,10.274425198654992,9.317207185959925,<15m
t_fwd,0.2,scene-0103_032,Car,vehicle,33.192740980496055,10,1.0,2.0493961937314964,6.196377885061786,>30m
t_fwd,0.2,scene-0103_032,Bicycle,vru,17.23097356385579,16,1.0,5.677657426112727,5.203161732218591,15-30m
t_fwd,0.2,scene-0103_032,Car,vehicle,19.214604507263797,22,1.0,4.051031096237388,9.99850552598323,15-30m
t_fwd,0.2,scene-0103_032,Truck,vehicle,25.136675595484377,69,1.0,3.7284883687959263,12.356342809084248,15-30m
t_fwd,0.2,scene-0103_032,Car,vehicle,13.75502672525245,111,1.0,9.864076229435332,18.168688928984533,<15m
t_left,0.02,scene-0103_032,Car,vehicle,9.384717508399977,27,1.0,3.065469446785129,6.6302289733403805,<15m
t_left,0.02,scene-0103_032,Car,vehicle,25.230661709151395,22,1.0,1.1053633407892411,7.0594021771266515,15-30m
t_left,0.02,scene-0103_032,bicycle_rack,other,12.16244401234406,22,1.0,1.7643244358945425,9.317207185959925,<15m
t_left,0.02,scene-0103_032,Car,vehicle,33.192740980496055,10,1.0,0.8070371999102237,6.196377885061786,>30m
t_left,0.02,scene-0103_032,Bicycle,vru,17.23097356385579,16,1.0,1.5230305766157302,5.203161732218591,15-30m
t_left,0.02,scene-0103_032,Car,vehicle,19.214604507263797,22,1.0,1.486297860950105,9.99850552598323,15-30m
t_left,0.02,scene-0103_032,Truck,vehicle,25.136675595484377,69,1.0,1.0823382591549513,12.356342809084248,15-30m
t_left,0.02,scene-0103_032,Car,vehicle,13.75502672525245,111,1.0,2.3293445295563813,18.168688928984533,<15m
t_left,0.05,scene-0103_032,Car,vehicle,9.384717508399977,27,1.0,7.663367448098003,6.6302289733403805,<15m
t_left,0.05,scene-0103_032,Car,vehicle,25.230661709151395,22,1.0,2.7633683987645865,7.0594021771266515,15-30m
t_left,0.05,scene-0103_032,bicycle_rack,other,12.16244401234406,22,0.9545454545454546,4.409455913567683,9.317207185959925,<15m
t_left,0.05,scene-0103_032,Car,vehicle,33.192740980496055,10,1.0,2.017571587636785,6.196377885061786,>30m
t_left,0.05,scene-0103_032,Bicycle,vru,17.23097356385579,16,1.0,3.807500088927199,5.203161732218591,15-30m
t_left,0.05,scene-0103_032,Car,vehicle,19.214604507263797,22,1.0,3.7156724664388223,9.99850552598323,15-30m
t_left,0.05,scene-0103_032,Truck,vehicle,25.136675595484377,69,1.0,2.70580710250445,12.356342809084248,15-30m
t_left,0.05,scene-0103_032,Car,vehicle,13.75502672525245,111,1.0,5.823184285492857,18.168688928984533,<15m
t_left,0.1,scene-0103_032,Car,vehicle,9.384717508399977,27,1.0,15.325714442031424,6.6302289733403805,<15m
t_left,0.1,scene-0103_032,Car,vehicle,25.230661709151395,22,1.0,5.52660362530106,7.0594021771266515,15-30m
t_left,0.1,scene-0103_032,bicycle_rack,other,12.16244401234406,22,0.9090909090909091,8.801178182903907,9.317207185959925,<15m
t_left,0.1,scene-0103_032,Car,vehicle,33.192740980496055,10,1.0,4.035071803497748,6.196377885061786,>30m
t_left,0.1,scene-0103_032,Bicycle,vru,17.23097356385579,16,1.0,7.614745682757404,5.203161732218591,15-30m
t_left,0.1,scene-0103_032,Car,vehicle,19.214604507263797,22,1.0,7.431104325554425,9.99850552598323,15-30m
t_left,0.1,scene-0103_032,Truck,vehicle,25.136675595484377,69,1.0,5.411485725280444,12.356342809084248,15-30m
t_left,0.1,scene-0103_032,Car,vehicle,13.75502672525245,111,1.0,11.645778490830896,18.168688928984533,<15m
t_left,0.2,scene-0103_032,Car,vehicle,9.384717508399977,27,0.9629629629629629,30.64734788259712,6.6302289733403805,<15m
t_left,0.2,scene-0103_032,Car,vehicle,25.230661709151395,22,1.0,11.052674600196095,7.0594021771266515,15-30m
t_left,0.2,scene-0103_032,bicycle_rack,other,12.16244401234406,22,0.8181818181818182,17.563839385662586,9.317207185959925,<15m
t_left,0.2,scene-0103_032,Car,vehicle,33.192740980496055,10,1.0,8.069858135040647,6.196377885061786,>30m
t_left,0.2,scene-0103_032,Bicycle,vru,17.23097356385579,16,1.0,15.228473487182985,5.203161732218591,15-30m
t_left,0.2,scene-0103_032,Car,vehicle,19.214604507263797,22,1.0,14.861246315294068,9.99850552598323,15-30m
t_left,0.2,scene-0103_032,Truck,vehicle,25.136675595484377,69,1.0,10.822457568249153,12.356342809084248,15-30m
t_left,0.2,scene-0103_032,Car,vehicle,13.75502672525245,111,1.0,23.289197019773486,18.168688928984533,<15m
t_up,0.02,scene-0103_032,Car,vehicle,9.384717508399977,27,1.0,3.0701198623339385,6.6302289733403805,<15m
t_up,0.02,scene-0103_032,Car,vehicle,25.230661709151395,22,1.0,1.1019063788816252,7.0594021771266515,15-30m
t_up,0.02,scene-0103_032,bicycle_rack,other,12.16244401234406,22,1.0,1.7828060828377819,9.317207185959925,<15m
t_up,0.02,scene-0103_032,Car,vehicle,33.192740980496055,10,1.0,0.8100686181470849,6.196377885061786,>30m
t_up,0.02,scene-0103_032,Bicycle,vru,17.23097356385579,16,1.0,1.535507660630476,5.203161732218591,15-30m
t_up,0.02,scene-0103_032,Car,vehicle,19.214604507263797,22,1.0,1.4833212465305297,9.99850552598323,15-30m
t_up,0.02,scene-0103_032,Truck,vehicle,25.136675595484377,69,1.0,1.0857466297589493,12.356342809084248,15-30m
t_up,0.02,scene-0103_032,Car,vehicle,13.75502672525245,111,1.0,2.3234839675446164,18.168688928984533,<15m
t_up,0.05,scene-0103_032,Car,vehicle,9.384717508399977,27,1.0,7.6737684735118785,6.6302289733403805,<15m
t_up,0.05,scene-0103_032,Car,vehicle,25.230661709151395,22,1.0,2.754567029906754,7.0594021771266515,15-30m
t_up,0.05,scene-0103_032,bicycle_rack,other,12.16244401234406,22,1.0,4.456496800158559,9.317207185959925,<15m
t_up,0.05,scene-0103_032,Car,vehicle,33.192740980496055,10,1.0,2.0250642006314568,6.196377885061786,>30m
t_up,0.05,scene-0103_032,Bicycle,vru,17.23097356385579,16,1.0,3.838384708226229,5.203161732218591,15-30m
t_up,0.05,scene-0103_032,Car,vehicle,19.214604507263797,22,1.0,3.7079433232179984,9.99850552598323,15-30m
t_up,0.05,scene-0103_032,Truck,vehicle,25.136675595484377,69,1.0,2.7141734577553733,12.356342809084248,15-30m
t_up,0.05,scene-0103_032,Car,vehicle,13.75502672525245,111,1.0,5.80782634665295,18.168688928984533,<15m
t_up,0.1,scene-0103_032,Car,vehicle,9.384717508399977,27,1.0,15.342435720269817,6.6302289733403805,<15m
t_up,0.1,scene-0103_032,Car,vehicle,25.230661709151395,22,1.0,5.50847112981617,7.0594021771266515,15-30m
t_up,0.1,scene-0103_032,bicycle_rack,other,12.16244401234406,22,1.0,8.911266113069466,9.317207185959925,<15m
t_up,0.1,scene-0103_032,Car,vehicle,33.192740980496055,10,1.0,4.049770636049306,6.196377885061786,>30m
t_up,0.1,scene-0103_032,Bicycle,vru,17.23097356385579,16,1.0,7.675488280793504,5.203161732218591,15-30m
t_up,0.1,scene-0103_032,Car,vehicle,19.214604507263797,22,1.0,7.4146876463263,9.99850552598323,15-30m
t_up,0.1,scene-0103_032,Truck,vehicle,25.136675595484377,69,1.0,5.427703315485972,12.356342809084248,15-30m
t_up,0.1,scene-0103_032,Car,vehicle,13.75502672525245,111,1.0,11.612708646988077,18.168688928984533,<15m
t_up,0.2,scene-0103_032,Car,vehicle,9.384717508399977,27,1.0,30.66448686660617,6.6302289733403805,<15m
t_up,0.2,scene-0103_032,Car,vehicle,25.230661709151395,22,1.0,11.014291496680062,7.0594021771266515,15-30m
t_up,0.2,scene-0103_032,bicycle_rack,other,12.16244401234406,22,1.0,17.815626293384543,9.317207185959925,<15m
t_up,0.2,scene-0103_032,Car,vehicle,33.192740980496055,10,1.0,8.098110590426737,6.196377885061786,>30m
t_up,0.2,scene-0103_032,Bicycle,vru,17.23097356385579,16,1.0,15.345854583718857,5.203161732218591,15-30m
t_up,0.2,scene-0103_032,Car,vehicle,19.214604507263797,22,0.9545454545454546,14.824581617749455,9.99850552598323,15-30m
t_up,0.2,scene-0103_032,Truck,vehicle,25.136675595484377,69,1.0,10.852833146339961,12.356342809084248,15-30m
t_up,0.2,scene-0103_032,Car,vehicle,13.75502672525245,111,1.0,23.21365005837054,18.168688928984533,<15m
none,0.0,scene-0103_033,Car,vehicle,21.597069146016576,28,1.0,0.0,8.847608512781068,15-30m
none,0.0,scene-0103_033,Car,vehicle,29.604095399967374,20,1.0,0.0,7.410767048791461,15-30m
none,0.0,scene-0103_033,Bicycle,vru,11.463395486592082,31,1.0,0.0,6.551124051261072,<15m
none,0.0,scene-0103_033,Car,vehicle,15.632821947805585,56,1.0,0.0,13.973132740207738,15-30m
none,0.0,scene-0103_033,Truck,vehicle,21.64729734287323,118,1.0,0.0,16.184008822773297,15-30m
none,0.0,scene-0103_033,Car,vehicle,10.419544199284392,95,1.0,0.0,13.075977066065539,<15m
yaw,0.25,scene-0103_033,Car,vehicle,21.597069146016576,28,1.0,5.979441468620065,8.847608512781068,15-30m
yaw,0.25,scene-0103_033,Car,vehicle,29.604095399967374,20,1.0,6.004882496171566,7.410767048791461,15-30m
yaw,0.25,scene-0103_033,Bicycle,vru,11.463395486592082,31,0.9354838709677419,7.90786812289931,6.551124051261072,<15m
yaw,0.25,scene-0103_033,Car,vehicle,15.632821947805585,56,1.0,6.427585785787959,13.973132740207738,15-30m
yaw,0.25,scene-0103_033,Truck,vehicle,21.64729734287323,118,1.0,6.567997687646673,16.184008822773297,15-30m
yaw,0.25,scene-0103_033,Car,vehicle,10.419544199284392,95,1.0,7.2755633493353935,13.075977066065539,<15m
yaw,0.5,scene-0103_033,Car,vehicle,21.597069146016576,28,1.0,11.945421206439232,8.847608512781068,15-30m
yaw,0.5,scene-0103_033,Car,vehicle,29.604095399967374,20,1.0,12.024754732148693,7.410767048791461,15-30m
yaw,0.5,scene-0103_033,Bicycle,vru,11.463395486592082,31,0.8387096774193549,15.809919600100791,6.551124051261072,<15m
yaw,0.5,scene-0103_033,Car,vehicle,15.632821947805585,56,1.0,12.83433491866574,13.973132740207738,15-30m
yaw,0.5,scene-0103_033,Truck,vehicle,21.64729734287323,118,1.0,13.160427030090421,16.184008822773297,15-30m
yaw,0.5,scene-0103_033,Car,vehicle,10.419544199284392,95,1.0,14.517562350395776,13.075977066065539,<15m
yaw,1.0,scene-0103_033,Car,vehicle,21.597069146016576,28,0.9642857142857143,23.838113542581162,8.847608512781068,15-30m
yaw,1.0,scene-0103_033,Car,vehicle,29.604095399967374,20,1.0,24.11063924075116,7.410767048791461,15-30m
yaw,1.0,scene-0103_033,Bicycle,vru,11.463395486592082,31,0.6774193548387096,31.699590701128802,6.551124051261072,<15m
yaw,1.0,scene-0103_033,Car,vehicle,15.632821947805585,56,0.9642857142857143,25.586744301572075,13.973132740207738,15-30m
yaw,1.0,scene-0103_033,Truck,vehicle,21.64729734287323,118,1.0,26.420173760130794,16.184008822773297,15-30m
yaw,1.0,scene-0103_033,Car,vehicle,10.419544199284392,95,0.9894736842105263,28.902956266294012,13.075977066065539,<15m
yaw,2.0,scene-0103_033,Car,vehicle,21.597069146016576,28,0.8214285714285714,47.474132226479306,8.847608512781068,15-30m
yaw,2.0,scene-0103_033,Car,vehicle,29.604095399967374,20,1.0,48.47531730202152,7.410767048791461,15-30m
yaw,2.0,scene-0103_033,Bicycle,vru,11.463395486592082,31,0.25806451612903225,63.26607247753948,6.551124051261072,<15m
yaw,2.0,scene-0103_033,Car,vehicle,15.632821947805585,56,0.875,50.85533361670345,13.973132740207738,15-30m
yaw,2.0,scene-0103_033,Truck,vehicle,21.64729734287323,118,1.0,53.25065346622536,16.184008822773297,15-30m
yaw,2.0,scene-0103_033,Car,vehicle,10.419544199284392,95,0.9368421052631579,57.293544845725236,13.075977066065539,<15m
yaw,3.0,scene-0103_033,Car,vehicle,21.597069146016576,28,0.5357142857142857,70.92536229595274,8.847608512781068,15-30m
yaw,3.0,scene-0103_033,Car,vehicle,29.604095399967374,20,0.85,73.11353370847195,7.410767048791461,15-30m
yaw,3.0,scene-0103_033,Bicycle,vru,11.463395486592082,31,0.0,nan,6.551124051261072,<15m
yaw,3.0,scene-0103_033,Car,vehicle,15.632821947805585,56,0.7678571428571429,75.82661384927803,13.973132740207738,15-30m
yaw,3.0,scene-0103_033,Truck,vehicle,21.64729734287323,118,0.9491525423728814,80.51833962909554,16.184008822773297,15-30m
yaw,3.0,scene-0103_033,Car,vehicle,10.419544199284392,95,0.8631578947368421,85.20327283519924,13.075977066065539,<15m
pitch,0.25,scene-0103_033,Car,vehicle,21.597069146016576,28,1.0,5.632422480948019,8.847608512781068,15-30m
pitch,0.25,scene-0103_033,Car,vehicle,29.604095399967374,20,1.0,5.565554213114215,7.410767048791461,15-30m
pitch,0.25,scene-0103_033,Bicycle,vru,11.463395486592082,31,1.0,5.759838145034946,6.551124051261072,<15m
pitch,0.25,scene-0103_033,Car,vehicle,15.632821947805585,56,1.0,5.719709217088028,13.973132740207738,15-30m
pitch,0.25,scene-0103_033,Truck,vehicle,21.64729734287323,118,1.0,5.598304482965983,16.184008822773297,15-30m
pitch,0.25,scene-0103_033,Car,vehicle,10.419544199284392,95,1.0,5.891050875813187,13.075977066065539,<15m
pitch,0.5,scene-0103_033,Car,vehicle,21.597069146016576,28,1.0,11.267549611365016,8.847608512781068,15-30m
pitch,0.5,scene-0103_033,Car,vehicle,29.604095399967374,20,1.0,11.134502007861537,7.410767048791461,15-30m
pitch,0.5,scene-0103_033,Bicycle,vru,11.463395486592082,31,0.967741935483871,11.524893072231468,6.551124051261072,<15m
pitch,0.5,scene-0103_033,Car,vehicle,15.632821947805585,56,1.0,11.444191531437575,13.973132740207738,15-30m
pitch,0.5,scene-0103_033,Truck,vehicle,21.64729734287323,118,1.0,11.200065786941984,16.184008822773297,15-30m
pitch,0.5,scene-0103_033,Car,vehicle,10.419544199284392,95,1.0,11.788464455097067,13.075977066065539,<15m
pitch,1.0,scene-0103_033,Car,vehicle,21.597069146016576,28,1.0,22.546842872477242,8.847608512781068,15-30m
pitch,1.0,scene-0103_033,Car,vehicle,29.604095399967374,20,1.0,22.28348406515567,7.410767048791461,15-30m
pitch,1.0,scene-0103_033,Bicycle,vru,11.463395486592082,31,0.967741935483871,23.076807316914895,6.551124051261072,<15m
pitch,1.0,scene-0103_033,Car,vehicle,15.632821947805585,56,1.0,22.90846226675964,13.973132740207738,15-30m
pitch,1.0,scene-0103_033,Truck,vehicle,21.64729734287323,118,1.0,22.41490006915281,16.184008822773297,15-30m
pitch,1.0,scene-0103_033,Car,vehicle,10.419544199284392,95,0.9894736842105263,23.60352366894295,13.075977066065539,<15m
pitch,2.0,scene-0103_033,Car,vehicle,21.597069146016576,28,0.8928571428571429,45.148090547648366,8.847608512781068,15-30m
pitch,2.0,scene-0103_033,Car,vehicle,29.604095399967374,20,0.5,44.63216888639277,7.410767048791461,15-30m
pitch,2.0,scene-0103_033,Bicycle,vru,11.463395486592082,31,0.967741935483871,46.27061085211594,6.551124051261072,<15m
pitch,2.0,scene-0103_033,Car,vehicle,15.632821947805585,56,0.8392857142857143,45.896999789516016,13.973132740207738,15-30m
pitch,2.0,scene-0103_033,Truck,vehicle,21.64729734287323,118,0.9067796610169492,44.90478925344924,16.184008822773297,15-30m
pitch,2.0,scene-0103_033,Car,vehicle,10.419544199284392,95,0.9789473684210527,47.33349196962165,13.075977066065539,<15m
pitch,3.0,scene-0103_033,Car,vehicle,21.597069146016576,28,0.6071428571428571,67.82487151199558,8.847608512781068,15-30m
pitch,3.0,scene-0103_033,Car,vehicle,29.604095399967374,20,0.0,67.06072789757158,7.410767048791461,15-30m
pitch,3.0,scene-0103_033,Bicycle,vru,11.463395486592082,31,0.8387096774193549,69.5994440879428,6.551124051261072,<15m
pitch,3.0,scene-0103_033,Car,vehicle,15.632821947805585,56,0.8392857142857143,68.98849127844237,13.973132740207738,15-30m
pitch,3.0,scene-0103_033,Truck,vehicle,21.64729734287323,118,0.7966101694915254,67.48790921312704,16.184008822773297,15-30m
pitch,3.0,scene-0103_033,Car,vehicle,10.419544199284392,95,0.968421052631579,71.22264948150928,13.075977066065539,<15m
roll,0.25,scene-0103_033,Car,vehicle,21.597069146016576,28,1.0,1.3687823008754334,8.847608512781068,15-30m
roll,0.25,scene-0103_033,Car,vehicle,29.604095399967374,20,1.0,1.588206985482271,7.410767048791461,15-30m
roll,0.25,scene-0103_033,Bicycle,vru,11.463395486592082,31,1.0,3.502201361376838,6.551124051261072,<15m
roll,0.25,scene-0103_033,Car,vehicle,15.632821947805585,56,1.0,1.9835181150005288,13.973132740207738,15-30m
roll,0.25,scene-0103_033,Truck,vehicle,21.64729734287323,118,1.0,2.3384258990660145,16.184008822773297,15-30m
roll,0.25,scene-0103_033,Car,vehicle,10.419544199284392,95,1.0,2.8412859981406346,13.075977066065539,<15m
roll,0.5,scene-0103_033,Car,vehicle,21.597069146016576,28,1.0,2.7376349610845043,8.847608512781068,15-30m
roll,0.5,scene-0103_033,Car,vehicle,29.604095399967374,20,1.0,3.1762936162980995,7.410767048791461,15-30m
roll,0.5,scene-0103_033,Bicycle,vru,11.463395486592082,31,1.0,7.003839695643712,6.551124051261072,<15m
roll,0.5,scene-0103_033,Car,vehicle,15.632821947805585,56,1.0,3.967189481560152,13.973132740207738,15-30m
roll,0.5,scene-0103_033,Truck,vehicle,21.64729734287323,118,1.0,4.676597215320815,16.184008822773297,15-30m
roll,0.5,scene-0103_033,Car,vehicle,10.419544199284392,95,1.0,5.682902172517166,13.075977066065539,<15m
roll,1.0,scene-0103_033,Car,vehicle,21.597069146016576,28,1.0,5.475524707370164,8.847608512781068,15-30m
roll,1.0,scene-0103_033,Car,vehicle,29.604095399967374,20,1.0,6.352075938918034,7.410767048791461,15-30m
roll,1.0,scene-0103_033,Bicycle,vru,11.463395486592082,31,0.967741935483871,14.004950455079038,6.551124051261072,<15m
roll,1.0,scene-0103_033,Car,vehicle,15.632821947805585,56,1.0,7.934953035469425,13.973132740207738,15-30m
roll,1.0,scene-0103_033,Truck,vehicle,21.64729734287323,118,1.0,9.35213227692433,16.184008822773297,15-30m
roll,1.0,scene-0103_033,Car,vehicle,10.419544199284392,95,1.0,11.367069459763943,13.075977066065539,<15m
roll,2.0,scene-0103_033,Car,vehicle,21.597069146016576,28,1.0,10.951855136669222,8.847608512781068,15-30m
roll,2.0,scene-0103_033,Car,vehicle,29.604095399967374,20,1.0,12.70186800714135,7.410767048791461,15-30m
roll,2.0,scene-0103_033,Bicycle,vru,11.463395486592082,31,0.967741935483871,28.00018974696067,6.551124051261072,<15m
roll,2.0,scene-0103_033,Car,vehicle,15.632821947805585,56,1.0,15.871890456240164,13.973132740207738,15-30m
roll,2.0,scene-0103_033,Truck,vehicle,21.64729734287323,118,1.0,18.699666010584096,16.184008822773297,15-30m
roll,2.0,scene-0103_033,Car,vehicle,10.419544199284392,95,1.0,22.73875373624949,13.075977066065539,<15m
roll,3.0,scene-0103_033,Car,vehicle,21.597069146016576,28,1.0,16.42856388680014,8.847608512781068,15-30m
roll,3.0,scene-0103_033,Car,vehicle,29.604095399967374,20,1.0,19.048899691965232,7.410767048791461,15-30m
roll,3.0,scene-0103_033,Bicycle,vru,11.463395486592082,31,0.8709677419354839,41.98469286458575,6.551124051261072,<15m
roll,3.0,scene-0103_033,Car,vehicle,15.632821947805585,56,1.0,23.81018723709473,13.973132740207738,15-30m
roll,3.0,scene-0103_033,Truck,vehicle,21.64729734287323,118,0.9491525423728814,28.041903218688855,16.184008822773297,15-30m
roll,3.0,scene-0103_033,Car,vehicle,10.419544199284392,95,1.0,34.11415894164626,13.075977066065539,<15m
t_fwd,0.02,scene-0103_033,Car,vehicle,21.597069146016576,28,1.0,0.33428680577366504,8.847608512781068,15-30m
t_fwd,0.02,scene-0103_033,Car,vehicle,29.604095399967374,20,1.0,0.2651475716911882,7.410767048791461,15-30m
t_fwd,0.02,scene-0103_033,Bicycle,vru,11.463395486592082,31,1.0,1.6169377853462863,6.551124051261072,<15m
t_fwd,0.02,scene-0103_033,Car,vehicle,15.632821947805585,56,1.0,0.6828438226730633,13.973132740207738,15-30m
t_fwd,0.02,scene-0103_033,Truck,vehicle,21.64729734287323,118,1.0,0.5695194193107851,16.184008822773297,15-30m
t_fwd,0.02,scene-0103_033,Car,vehicle,10.419544199284392,95,1.0,1.467892350302227,13.075977066065539,<15m
t_fwd,0.05,scene-0103_033,Car,vehicle,21.597069146016576,28,1.0,0.8343814107552263,8.847608512781068,15-30m
t_fwd,0.05,scene-0103_033,Car,vehicle,29.604095399967374,20,1.0,0.6621434234738641,7.410767048791461,15-30m
t_fwd,0.05,scene-0103_033,Bicycle,vru,11.463395486592082,31,1.0,4.0301654629104835,6.551124051261072,<15m
t_fwd,0.05,scene-0103_033,Car,vehicle,15.632821947805585,56,1.0,1.703522447781777,13.973132740207738,15-30m
t_fwd,0.05,scene-0103_033,Truck,vehicle,21.64729734287323,118,1.0,1.4215573402010315,16.184008822773297,15-30m
t_fwd,0.05,scene-0103_033,Car,vehicle,10.419544199284392,95,1.0,3.657336810615409,13.075977066065539,<15m
t_fwd,0.1,scene-0103_033,Car,vehicle,21.597069146016576,28,1.0,1.664329732215034,8.847608512781068,15-30m
t_fwd,0.1,scene-0103_033,Car,vehicle,29.604095399967374,20,1.0,1.3218755399508455,7.410767048791461,15-30m
t_fwd,0.1,scene-0103_033,Bicycle,vru,11.463395486592082,31,1.0,8.020058793078764,6.551124051261072,<15m
t_fwd,0.1,scene-0103_033,Car,vehicle,15.632821947805585,56,1.0,3.3951546699968227,13.973132740207738,15-30m
t_fwd,0.1,scene-0103_033,Truck,vehicle,21.64729734287323,118,1.0,2.835675269383653,16.184008822773297,15-30m
t_fwd,0.1,scene-0103_033,Car,vehicle,10.419544199284392,95,1.0,7.273730071881454,13.075977066065539,<15m
t_fwd,0.2,scene-0103_033,Car,vehicle,21.597069146016576,28,1.0,3.3110676794081506,8.847608512781068,15-30m
t_fwd,0.2,scene-0103_033,Car,vehicle,29.604095399967374,20,1.0,2.634158348163219,7.410767048791461,15-30m
t_fwd,0.2,scene-0103_033,Bicycle,vru,11.463395486592082,31,1.0,15.881419723961505,6.551124051261072,<15m
t_fwd,0.2,scene-0103_033,Car,vehicle,15.632821947805585,56,1.0,6.743243210335819,13.973132740207738,15-30m
t_fwd,0.2,scene-0103_033,Truck,vehicle,21.64729734287323,118,0.9915254237288136,5.641825314595688,16.184008822773297,15-30m
t_fwd,0.2,scene-0103_033,Car,vehicle,10.419544199284392,95,1.0,14.386405655100567,13.075977066065539,<15m
t_left,0.02,scene-0103_033,Car,vehicle,21.597069146016576,28,1.0,1.3248443658570774,8.847608512781068,15-30m
t_left,0.02,scene-0103_033,Car,vehicle,29.604095399967374,20,1.0,0.9144312075935048,7.410767048791461,15-30m
t_left,0.02,scene-0103_033,Bicycle,vru,11.463395486592082,31,0.967741935483871,2.5158394517375626,6.551124051261072,<15m
t_left,0.02,scene-0103_033,Car,vehicle,15.632821947805585,56,1.0,1.8908296863172316,13.973132740207738,15-30m
t_left,0.02,scene-0103_033,Truck,vehicle,21.64729734287323,118,1.0,1.3170123402083562,16.184008822773297,15-30m
t_left,0.02,scene-0103_033,Car,vehicle,10.419544199284392,95,1.0,2.873286978692414,13.075977066065539,<15m
t_left,0.05,scene-0103_033,Car,vehicle,21.597069146016576,28,1.0,3.3120560164881034,8.847608512781068,15-30m
t_left,0.05,scene-0103_033,Car,vehicle,29.604095399967374,20,1.0,2.2860517035847856,7.410767048791461,15-30m
t_left,0.05,scene-0103_033,Bicycle,vru,11.463395486592082,31,0.9354838709677419,6.289852761058755,6.551124051261072,<15m
t_left,0.05,scene-0103_033,Car,vehicle,15.632821947805585,56,1.0,4.726962445961919,13.973132740207738,15-30m
t_left,0.05,scene-0103_033,Truck,vehicle,21.64729734287323,118,1.0,3.2924761704727272,16.184008822773297,15-30m
t_left,0.05,scene-0103_033,Car,vehicle,10.419544199284392,95,1.0,7.182959797748459,13.075977066065539,<15m
t_left,0.1,scene-0103_033,Car,vehicle,21.597069146016576,28,1.0,6.62392904721517,8.847608512781068,15-30m
t_left,0.1,scene-0103_033,Car,vehicle,29.604095399967374,20,1.0,4.572015691864998,7.410767048791461,15-30m
t_left,0.1,scene-0103_033,Bicycle,vru,11.463395486592082,31,0.8709677419354839,12.5739495403012,6.551124051261072,<15m
t_left,0.1,scene-0103_033,Car,vehicle,15.632821947805585,56,1.0,9.453552349311572,13.973132740207738,15-30m
t_left,0.1,scene-0103_033,Truck,vehicle,21.64729734287323,118,1.0,6.584770082189132,16.184008822773297,15-30m
t_left,0.1,scene-0103_033,Car,vehicle,10.419544199284392,95,1.0,14.365060847693414,13.075977066065539,<15m
t_left,0.2,scene-0103_033,Car,vehicle,21.597069146016576,28,1.0,13.247126212040559,8.847608512781068,15-30m
t_left,0.2,scene-0103_033,Car,vehicle,29.604095399967374,20,1.0,9.143680542705095,7.410767048791461,15-30m
t_left,0.2,scene-0103_033,Bicycle,vru,11.463395486592082,31,0.7741935483870968,25.127011061730634,6.551124051261072,<15m
t_left,0.2,scene-0103_033,Car,vehicle,15.632821947805585,56,1.0,18.905614704325174,13.973132740207738,15-30m
t_left,0.2,scene-0103_033,Truck,vehicle,21.64729734287323,118,1.0,13.168811189886114,16.184008822773297,15-30m
t_left,0.2,scene-0103_033,Car,vehicle,10.419544199284392,95,1.0,28.726687320097195,13.075977066065539,<15m
t_up,0.02,scene-0103_033,Car,vehicle,21.597069146016576,28,1.0,1.320003681982517,8.847608512781068,15-30m
t_up,0.02,scene-0103_033,Car,vehicle,29.604095399967374,20,1.0,0.9186663590438167,7.410767048791461,15-30m
t_up,0.02,scene-0103_033,Bicycle,vru,11.463395486592082,31,1.0,2.539465232974404,6.551124051261072,<15m
t_up,0.02,scene-0103_033,Car,vehicle,15.632821947805585,56,1.0,1.8872737943313824,13.973132740207738,15-30m
t_up,0.02,scene-0103_033,Truck,vehicle,21.64729734287323,118,1.0,1.32333539103382,16.184008822773297,15-30m
t_up,0.02,scene-0103_033,Car,vehicle,10.419544199284392,95,1.0,2.8750342425761124,13.075977066065539,<15m
t_up,0.05,scene-0103_033,Car,vehicle,21.597069146016576,28,1.0,3.29972677552195,8.847608512781068,15-30m
t_up,0.05,scene-0103_033,Car,vehicle,29.604095399967374,20,1.0,2.2965292265256165,7.410767048791461,15-30m
t_up,0.05,scene-0103_033,Bicycle,vru,11.463395486592082,31,1.0,6.347624018356649,6.551124051261072,<15m
t_up,0.05,scene-0103_033,Car,vehicle,15.632821947805585,56,1.0,4.717607811364121,13.973132740207738,15-30m
t_up,0.05,scene-0103_033,Truck,vehicle,21.64729734287323,118,1.0,3.3080544561695513,16.184008822773297,15-30m
t_up,0.05,scene-0103_033,Car,vehicle,10.419544199284392,95,1.0,7.186253068594045,13.075977066065539,<15m
t_up,0.1,scene-0103_033,Car,vehicle,21.597069146016576,28,1.0,6.598512334424228,8.847608512781068,15-30m
t_up,0.1,scene-0103_033,Car,vehicle,29.604095399967374,20,1.0,4.5926029550587755,7.410767048791461,15-30m
t_up,0.1,scene-0103_033,Bicycle,vru,11.463395486592082,31,1.0,12.691786001015068,6.551124051261072,<15m
t_up,0.1,scene-0103_033,Car,vehicle,15.632821947805585,56,1.0,9.433294000904564,13.973132740207738,15-30m
t_up,0.1,scene-0103_033,Truck,vehicle,21.64729734287323,118,1.0,6.61516239100224,16.184008822773297,15-30m
t_up,0.1,scene-0103_033,Car,vehicle,10.419544199284392,95,1.0,14.368066539644007,13.075977066065539,<15m
t_up,0.2,scene-0103_033,Car,vehicle,21.597069146016576,28,1.0,13.19326141275457,8.847608512781068,15-30m
t_up,0.2,scene-0103_033,Car,vehicle,29.604095399967374,20,1.0,9.183384460109739,7.410767048791461,15-30m
t_up,0.2,scene-0103_033,Bicycle,vru,11.463395486592082,31,1.0,25.369735182362696,6.551124051261072,<15m
t_up,0.2,scene-0103_033,Car,vehicle,15.632821947805585,56,0.9285714285714286,18.858906209005898,13.973132740207738,15-30m
t_up,0.2,scene-0103_033,Truck,vehicle,21.64729734287323,118,1.0,13.226540321166741,16.184008822773297,15-30m
t_up,0.2,scene-0103_033,Car,vehicle,10.419544199284392,95,1.0,28.71839113539376,13.075977066065539,<15m
none,0.0,scene-0103_034,Car,vehicle,17.863505783324808,50,1.0,0.0,11.854920867050458,15-30m
none,0.0,scene-0103_034,Car,vehicle,25.933824738622622,20,1.0,0.0,9.21278041827877,15-30m
none,0.0,scene-0103_034,Car,vehicle,12.022487999292233,109,0.9908256880733946,0.0,15.623669857561241,<15m
none,0.0,scene-0103_034,Truck,vehicle,18.21227728310366,161,1.0,0.0,16.318358059666604,15-30m
none,0.0,scene-0103_034,Car,vehicle,23.33831383070554,17,1.0,0.0,6.854834696456026,15-30m
yaw,0.25,scene-0103_034,Car,vehicle,17.863505783324808,50,1.0,6.171115218487946,11.854920867050458,15-30m
yaw,0.25,scene-0103_034,Car,vehicle,25.933824738622622,20,1.0,6.154612074049474,9.21278041827877,15-30m
yaw,0.25,scene-0103_034,Car,vehicle,12.022487999292233,109,1.0,7.043153227481271,15.623669857561241,<15m
yaw,0.25,scene-0103_034,Truck,vehicle,18.21227728310366,161,0.968944099378882,7.0542979409925275,16.318358059666604,15-30m
yaw,0.25,scene-0103_034,Car,vehicle,23.33831383070554,17,1.0,5.89800761829386,6.854834696456026,15-30m
yaw,0.5,scene-0103_034,Car,vehicle,17.863505783324808,50,1.0,12.325462605290308,11.854920867050458,15-30m
yaw,0.5,scene-0103_034,Car,vehicle,25.933824738622622,20,1.0,12.326815698134043,9.21278041827877,15-30m
yaw,0.5,scene-0103_034,Car,vehicle,12.022487999292233,109,1.0,14.056245130764674,15.623669857561241,<15m
yaw,0.5,scene-0103_034,Truck,vehicle,18.21227728310366,161,0.9503105590062112,14.092066408155631,16.318358059666604,15-30m
yaw,0.5,scene-0103_034,Car,vehicle,23.33831383070554,17,0.9411764705882353,11.783919833632488,6.854834696456026,15-30m
yaw,1.0,scene-0103_034,Car,vehicle,17.863505783324808,50,0.96,24.585097714458634,11.854920867050458,15-30m
yaw,1.0,scene-0103_034,Car,vehicle,25.933824738622622,20,1.0,24.725273798241865,9.21278041827877,15-30m
yaw,1.0,scene-0103_034,Car,vehicle,12.022487999292233,109,0.981651376146789,27.994137532937426,15.623669857561241,<15m
yaw,1.0,scene-0103_034,Truck,vehicle,18.21227728310366,161,0.9254658385093167,28.257466485464686,16.318358059666604,15-30m
yaw,1.0,scene-0103_034,Car,vehicle,23.33831383070554,17,0.8823529411764706,23.52052650891522,6.854834696456026,15-30m
yaw,2.0,scene-0103_034,Car,vehicle,17.863505783324808,50,0.82,48.91667437413864,11.854920867050458,15-30m
yaw,2.0,scene-0103_034,Car,vehicle,25.933824738622622,20,1.0,49.747512690922065,9.21278041827877,15-30m
yaw,2.0,scene-0103_034,Car,vehicle,12.022487999292233,109,0.944954128440367,55.52965678333579,15.623669857561241,<15m
yaw,2.0,scene-0103_034,Truck,vehicle,18.21227728310366,161,0.8385093167701864,56.66090999927453,16.318358059666604,15-30m
yaw,2.0,scene-0103_034,Car,vehicle,23.33831383070554,17,0.7647058823529411,46.86023913598253,6.854834696456026,15-30m
yaw,3.0,scene-0103_034,Car,vehicle,17.863505783324808,50,0.7,73.01386839527406,11.854920867050458,15-30m
yaw,3.0,scene-0103_034,Car,vehicle,25.933824738622622,20,0.85,75.08806504354922,9.21278041827877,15-30m
yaw,3.0,scene-0103_034,Car,vehicle,12.022487999292233,109,0.8807339449541285,82.63519485077536,15.623669857561241,<15m
yaw,3.0,scene-0103_034,Truck,vehicle,18.21227728310366,161,0.7701863354037267,85.21192641743292,16.318358059666604,15-30m
yaw,3.0,scene-0103_034,Car,vehicle,23.33831383070554,17,0.23529411764705882,70.03572157816679,6.854834696456026,15-30m
pitch,0.25,scene-0103_034,Car,vehicle,17.863505783324808,50,1.0,5.669545914790502,11.854920867050458,15-30m
pitch,0.25,scene-0103_034,Car,vehicle,25.933824738622622,20,1.0,5.5853669165993765,9.21278041827877,15-30m
pitch,0.25,scene-0103_034,Car,vehicle,12.022487999292233,109,0.9908256880733946,5.832960682083707,15.623669857561241,<15m
pitch,0.25,scene-0103_034,Truck,vehicle,18.21227728310366,161,1.0,5.622598320198669,16.318358059666604,15-30m
pitch,0.25,scene-0103_034,Car,vehicle,23.33831383070554,17,1.0,5.6140671010717025,6.854834696456026,15-30m
pitch,0.5,scene-0103_034,Car,vehicle,17.863505783324808,50,1.0,11.342451326182957,11.854920867050458,15-30m
pitch,0.5,scene-0103_034,Car,vehicle,25.933824738622622,20,1.0,11.1748095237491,9.21278041827877,15-30m
pitch,0.5,scene-0103_034,Car,vehicle,12.022487999292233,109,0.9908256880733946,11.672579516755988,15.623669857561241,<15m
pitch,0.5,scene-0103_034,Truck,vehicle,18.21227728310366,161,1.0,11.249369060760582,16.318358059666604,15-30m
pitch,0.5,scene-0103_034,Car,vehicle,23.33831383070554,17,1.0,11.230952161064273,6.854834696456026,15-30m
pitch,1.0,scene-0103_034,Car,vehicle,17.863505783324808,50,1.0,22.699296072798216,11.854920867050458,15-30m
pitch,1.0,scene-0103_034,Car,vehicle,25.933824738622622,20,0.85,22.36684607227894,9.21278041827877,15-30m
pitch,1.0,scene-0103_034,Car,vehicle,12.022487999292233,109,0.9908256880733946,23.372873108036444,15.623669857561241,<15m
pitch,1.0,scene-0103_034,Truck,vehicle,18.21227728310366,161,1.0,22.516829610254284,16.318358059666604,15-30m
pitch,1.0,scene-0103_034,Car,vehicle,23.33831383070554,17,1.0,22.47597306663797,6.854834696456026,15-30m
pitch,2.0,scene-0103_034,Car,vehicle,17.863505783324808,50,1.0,45.463845772686184,11.854920867050458,15-30m
pitch,2.0,scene-0103_034,Car,vehicle,25.933824738622622,20,0.25,44.81003557120742,9.21278041827877,15-30m
pitch,2.0,scene-0103_034,Car,vehicle,12.022487999292233,109,0.9908256880733946,46.85842446128728,15.623669857561241,<15m
pitch,2.0,scene-0103_034,Truck,vehicle,18.21227728310366,161,0.9503105590062112,45.097963493826185,16.318358059666604,15-30m
pitch,2.0,scene-0103_034,Car,vehicle,23.33831383070554,17,0.5882352941176471,45.006173114514304,6.854834696456026,15-30m
pitch,3.0,scene-0103_034,Car,vehicle,17.863505783324808,50,0.7,68.31822276747508,11.854920867050458,15-30m
pitch,3.0,scene-0103_034,Car,vehicle,25.933824738622622,20,0.25,67.34457036353606,9.21278041827877,15-30m
pitch,3.0,scene-0103_034,Car,vehicle,12.022487999292233,109,0.926605504587156,70.48457800843482,15.623669857561241,<15m
pitch,3.0,scene-0103_034,Truck,vehicle,18.21227728310366,161,0.9254658385093167,67.75147778235396,16.318358059666604,15-30m
pitch,3.0,scene-0103_034,Car,vehicle,23.33831383070554,17,0.35294117647058826,67.60538549518962,6.854834696456026,15-30m
roll,0.25,scene-0103_034,Car,vehicle,17.863505783324808,50,1.0,1.6655100921419925,11.854920867050458,15-30m
roll,0.25,scene-0103_034,Car,vehicle,25.933824738622622,20,1.0,1.8127685825079478,9.21278041827877,15-30m
roll,0.25,scene-0103_034,Car,vehicle,12.022487999292233,109,0.9908256880733946,2.636946523977635,15.623669857561241,<15m
roll,0.25,scene-0103_034,Truck,vehicle,18.21227728310366,161,1.0,2.8640801765609587,16.318358059666604,15-30m
roll,0.25,scene-0103_034,Car,vehicle,23.33831383070554,17,1.0,1.2481457084428462,6.854834696456026,15-30m
roll,0.5,scene-0103_034,Car,vehicle,17.863505783324808,50,1.0,3.331128703549915,11.854920867050458,15-30m
roll,0.5,scene-0103_034,Car,vehicle,25.933824738622622,20,1.0,3.625379347548249,9.21278041827877,15-30m
roll,0.5,scene-0103_034,Car,vehicle,12.022487999292233,109,1.0,5.274177385890836,15.623669857561241,<15m
roll,0.5,scene-0103_034,Truck,vehicle,18.21227728310366,161,1.0,5.727787283554944,16.318358059666604,15-30m
roll,0.5,scene-0103_034,Car,vehicle,23.33831383070554,17,1.0,2.49635333304283,6.854834696456026,15-30m
roll,1.0,scene-0103_034,Car,vehicle,17.863505783324808,50,1.0,6.662658994182481,11.854920867050458,15-30m
roll,1.0,scene-0103_034,Car,vehicle,25.933824738622622,20,1.0,7.25009330545338,9.21278041827877,15-30m
roll,1.0,scene-0103_034,Car,vehicle,12.022487999292233,109,1.0,10.549440166848504,15.623669857561241,<15m
roll,1.0,scene-0103_034,Truck,vehicle,18.21227728310366,161,1.0,11.454030859563865,16.318358059666604,15-30m
roll,1.0,scene-0103_034,Car,vehicle,23.33831383070554,17,1.0,4.992930315938303,6.854834696456026,15-30m
roll,2.0,scene-0103_034,Car,vehicle,17.863505783324808,50,1.0,13.32666410907979,11.854920867050458,15-30m
roll,2.0,scene-0103_034,Car,vehicle,25.933824738622622,20,1.0,14.497252495645858,9.21278041827877,15-30m
roll,2.0,scene-0103_034,Car,vehicle,12.022487999292233,109,1.0,21.10280546353328,15.623669857561241,<15m
roll,2.0,scene-0103_034,Truck,vehicle,18.21227728310366,161,0.9937888198757764,22.87486680074356,16.318358059666604,15-30m
roll,2.0,scene-0103_034,Car,vehicle,23.33831383070554,17,1.0,9.986562936039547,6.854834696456026,15-30m
roll,3.0,scene-0103_034,Car,vehicle,17.863505783324808,50,1.0,19.991494026337413,11.854920867050458,15-30m
roll,3.0,scene-0103_034,Car,vehicle,25.933824738622622,20,1.0,21.740933615942424,9.21278041827877,15-30m
roll,3.0,scene-0103_034,Car,vehicle,12.022487999292233,109,1.0,31.659260738541658,15.623669857561241,<15m
roll,3.0,scene-0103_034,Truck,vehicle,18.21227728310366,161,0.9937888198757764,34.301564398332886,16.318358059666604,15-30m
roll,3.0,scene-0103_034,Car,vehicle,23.33831383070554,17,1.0,14.980512774848194,6.854834696456026,15-30m
t_fwd,0.02,scene-0103_034,Car,vehicle,17.863505783324808,50,1.0,0.5039737302315423,11.854920867050458,15-30m
t_fwd,0.02,scene-0103_034,Car,vehicle,25.933824738622622,20,1.0,0.34754591721093997,9.21278041827877,15-30m
t_fwd,0.02,scene-0103_034,Car,vehicle,12.022487999292233,109,1.0,1.2681349725931155,15.623669857561241,<15m
t_fwd,0.02,scene-0103_034,Truck,vehicle,18.21227728310366,161,1.0,0.855181541222117,16.318358059666604,15-30m
t_fwd,0.02,scene-0103_034,Car,vehicle,23.33831383070554,17,1.0,0.2693956240312478,6.854834696456026,15-30m
t_fwd,0.05,scene-0103_034,Car,vehicle,17.863505783324808,50,1.0,1.257444572788181,11.854920867050458,15-30m
t_fwd,0.05,scene-0103_034,Car,vehicle,25.933824738622622,20,1.0,0.8677714609991778,9.21278041827877,15-30m
t_fwd,0.05,scene-0103_034,Car,vehicle,12.022487999292233,109,1.0,3.160305599789554,15.623669857561241,<15m
t_fwd,0.05,scene-0103_034,Truck,vehicle,18.21227728310366,161,1.0,2.13376796522335,16.318358059666604,15-30m
t_fwd,0.05,scene-0103_034,Car,vehicle,23.33831383070554,17,1.0,0.6725723961643909,6.854834696456026,15-30m
t_fwd,0.1,scene-0103_034,Car,vehicle,17.863505783324808,50,1.0,2.5066335628283802,11.854920867050458,15-30m
t_fwd,0.1,scene-0103_034,Car,vehicle,25.933824738622622,20,1.0,1.731910686914433,9.21278041827877,15-30m
t_fwd,0.1,scene-0103_034,Car,vehicle,12.022487999292233,109,1.0,6.287452444888907,15.623669857561241,<15m
t_fwd,0.1,scene-0103_034,Truck,vehicle,18.21227728310366,161,1.0,4.253655583184479,16.318358059666604,15-30m
t_fwd,0.1,scene-0103_034,Car,vehicle,23.33831383070554,17,1.0,1.342100310992966,6.854834696456026,15-30m
t_fwd,0.2,scene-0103_034,Car,vehicle,17.863505783324808,50,1.0,4.980567904633471,11.854920867050458,15-30m
t_fwd,0.2,scene-0103_034,Car,vehicle,25.933824738622622,20,1.0,3.4493832841265393,9.21278041827877,15-30m
t_fwd,0.2,scene-0103_034,Car,vehicle,12.022487999292233,109,1.0,12.444335658306793,15.623669857561241,<15m
t_fwd,0.2,scene-0103_034,Truck,vehicle,18.21227728310366,161,1.0,8.452328033156713,16.318358059666604,15-30m
t_fwd,0.2,scene-0103_034,Car,vehicle,23.33831383070554,17,1.0,2.672105011339883,6.854834696456026,15-30m
t_left,0.02,scene-0103_034,Car,vehicle,17.863505783324808,50,1.0,1.655759450559866,11.854920867050458,15-30m
t_left,0.02,scene-0103_034,Car,vehicle,25.933824738622622,20,1.0,1.0478335653558866,9.21278041827877,15-30m
t_left,0.02,scene-0103_034,Car,vehicle,12.022487999292233,109,1.0,2.665195186186097,15.623669857561241,<15m
t_left,0.02,scene-0103_034,Truck,vehicle,18.21227728310366,161,1.0,1.6192618395716558,16.318358059666604,15-30m
t_left,0.02,scene-0103_034,Car,vehicle,23.33831383070554,17,1.0,1.1543367218391232,6.854834696456026,15-30m
t_left,0.05,scene-0103_034,Car,vehicle,17.863505783324808,50,1.0,4.139313103765351,11.854920867050458,15-30m
t_left,0.05,scene-0103_034,Car,vehicle,25.933824738622622,20,1.0,2.6195494149728837,9.21278041827877,15-30m
t_left,0.05,scene-0103_034,Car,vehicle,12.022487999292233,109,1.0,6.662766723265751,15.623669857561241,<15m
t_left,0.05,scene-0103_034,Truck,vehicle,18.21227728310366,161,0.9875776397515528,4.04793861384773,16.318358059666604,15-30m
t_left,0.05,scene-0103_034,Car,vehicle,23.33831383070554,17,1.0,2.8858001759649277,6.854834696456026,15-30m
t_left,0.1,scene-0103_034,Car,vehicle,17.863505783324808,50,1.0,8.278341147788915,11.854920867050458,15-30m
t_left,0.1,scene-0103_034,Car,vehicle,25.933824738622622,20,1.0,5.238983839261605,9.21278041827877,15-30m
t_left,0.1,scene-0103_034,Car,vehicle,12.022487999292233,109,1.0,13.324796037831725,15.623669857561241,<15m
t_left,0.1,scene-0103_034,Truck,vehicle,18.21227728310366,161,0.968944099378882,8.093772028678154,16.318358059666604,15-30m
t_left,0.1,scene-0103_034,Car,vehicle,23.33831383070554,17,1.0,5.771461595159635,6.854834696456026,15-30m
t_left,0.2,scene-0103_034,Car,vehicle,17.863505783324808,50,1.0,16.555542174387995,11.854920867050458,15-30m
t_left,0.2,scene-0103_034,Car,vehicle,25.933824738622622,20,1.0,10.477507746073787,9.21278041827877,15-30m
t_left,0.2,scene-0103_034,Car,vehicle,12.022487999292233,109,0.9908256880733946,26.646642930489268,15.623669857561241,<15m
t_left,0.2,scene-0103_034,Truck,vehicle,18.21227728310366,161,0.9440993788819876,16.184504711950666,16.318358059666604,15-30m
t_left,0.2,scene-0103_034,Car,vehicle,23.33831383070554,17,1.0,11.542368203265811,6.854834696456026,15-30m
t_up,0.02,scene-0103_034,Car,vehicle,17.863505783324808,50,1.0,1.6481388450389836,11.854920867050458,15-30m
t_up,0.02,scene-0103_034,Car,vehicle,25.933824738622622,20,1.0,1.0531140799403529,9.21278041827877,15-30m
t_up,0.02,scene-0103_034,Car,vehicle,12.022487999292233,109,0.9908256880733946,2.651190385139866,15.623669857561241,<15m
t_up,0.02,scene-0103_034,Truck,vehicle,18.21227728310366,161,1.0,1.6332594287602762,16.318358059666604,15-30m
t_up,0.02,scene-0103_034,Car,vehicle,23.33831383070554,17,1.0,1.1541809175863698,6.854834696456026,15-30m
t_up,0.05,scene-0103_034,Car,vehicle,17.863505783324808,50,1.0,4.119898856953657,11.854920867050458,15-30m
t_up,0.05,scene-0103_034,Car,vehicle,25.933824738622622,20,1.0,2.632602620585393,9.21278041827877,15-30m
t_up,0.05,scene-0103_034,Car,vehicle,12.022487999292233,109,0.9908256880733946,6.626817214157437,15.623669857561241,<15m
t_up,0.05,scene-0103_034,Truck,vehicle,18.21227728310366,161,1.0,4.08271040108278,16.318358059666604,15-30m
t_up,0.05,scene-0103_034,Car,vehicle,23.33831383070554,17,1.0,2.8852331139773164,6.854834696456026,15-30m
t_up,0.1,scene-0103_034,Car,vehicle,17.863505783324808,50,1.0,8.23830396182559,11.854920867050458,15-30m
t_up,0.1,scene-0103_034,Car,vehicle,25.933824738622622,20,1.0,5.264596756160541,9.21278041827877,15-30m
t_up,0.1,scene-0103_034,Car,vehicle,12.022487999292233,109,1.0,13.249773732864574,15.623669857561241,<15m
t_up,0.1,scene-0103_034,Truck,vehicle,18.21227728310366,161,1.0,8.163960650662109,16.318358059666604,15-30m
t_up,0.1,scene-0103_034,Car,vehicle,23.33831383070554,17,1.0,5.769735775965295,6.854834696456026,15-30m
t_up,0.2,scene-0103_034,Car,vehicle,17.863505783324808,50,0.72,16.470636163685576,11.854920867050458,15-30m
t_up,0.2,scene-0103_034,Car,vehicle,25.933824738622622,20,1.0,10.526760415985025,9.21278041827877,15-30m
t_up,0.2,scene-0103_034,Car,vehicle,12.022487999292233,109,1.0,26.484118171209182,15.623669857561241,<15m
t_up,0.2,scene-0103_034,Truck,vehicle,18.21227728310366,161,1.0,16.322083827464112,16.318358059666604,15-30m
t_up,0.2,scene-0103_034,Car,vehicle,23.33831383070554,17,1.0,11.536550853259527,6.854834696456026,15-30m
none,0.0,scene-0103_035,Car,vehicle,33.839983218608175,13,1.0,0.0,5.069170204934934,>30m
none,0.0,scene-0103_035,Car,vehicle,29.94798013307449,13,1.0,0.0,5.415590228358665,15-30m
none,0.0,scene-0103_035,Car,vehicle,13.402370741345004,129,1.0,0.0,17.633512842549088,<15m
none,0.0,scene-0103_035,Car,vehicle,21.540818703260996,41,1.0,0.0,12.740955381536518,15-30m
none,0.0,scene-0103_035,Car,vehicle,8.012999145482532,25,0.96,0.0,4.6743596845316135,<15m
none,0.0,scene-0103_035,Truck,vehicle,14.285523459737234,97,1.0,0.0,9.328865364627742,<15m
none,0.0,scene-0103_035,Car,vehicle,18.74754242872299,25,1.0,0.0,9.545214671521675,15-30m
yaw,0.25,scene-0103_035,Car,vehicle,33.839983218608175,13,1.0,5.9806981146651035,5.069170204934934,>30m
yaw,0.25,scene-0103_035,Car,vehicle,29.94798013307449,13,1.0,5.798054928353302,5.415590228358665,15-30m
yaw,0.25,scene-0103_035,Car,vehicle,13.402370741345004,129,1.0,6.803209420615288,17.633512842549088,<15m
yaw,0.25,scene-0103_035,Car,vehicle,21.540818703260996,41,1.0,6.5795600585390615,12.740955381536518,15-30m
yaw,0.25,scene-0103_035,Car,vehicle,8.012999145482532,25,1.0,7.758662394532986,4.6743596845316135,<15m
yaw,0.25,scene-0103_035,Truck,vehicle,14.285523459737234,97,0.9484536082474226,7.604303714398886,9.328865364627742,<15m
yaw,0.25,scene-0103_035,Car,vehicle,18.74754242872299,25,1.0,6.12786354288731,9.545214671521675,15-30m
yaw,0.5,scene-0103_035,Car,vehicle,33.839983218608175,13,1.0,11.976208250774672,5.069170204934934,>30m
yaw,0.5,scene-0103_035,Car,vehicle,29.94798013307449,13,1.0,11.585718910914762,5.415590228358665,15-30m
yaw,0.5,scene-0103_035,Car,vehicle,13.402370741345004,129,1.0,13.57995785707301,17.633512842549088,<15m
yaw,0.5,scene-0103_035,Car,vehicle,21.540818703260996,41,1.0,13.183662333538377,12.740955381536518,15-30m
yaw,0.5,scene-0103_035,Car,vehicle,8.012999145482532,25,1.0,15.476584342734364,4.6743596845316135,<15m
yaw,0.5,scene-0103_035,Truck,vehicle,14.285523459737234,97,0.8969072164948454,15.200330614403596,9.328865364627742,<15m
yaw,0.5,scene-0103_035,Car,vehicle,18.74754242872299,25,0.96,12.239627739637285,9.545214671521675,15-30m
yaw,1.0,scene-0103_035,Car,vehicle,33.839983218608175,13,0.9230769230769231,24.012822643007325,5.069170204934934,>30m
yaw,1.0,scene-0103_035,Car,vehicle,29.94798013307449,13,1.0,23.130884120461754,5.415590228358665,15-30m
yaw,1.0,scene-0103_035,Car,vehicle,13.402370741345004,129,1.0,27.05577210625079,17.633512842549088,<15m
yaw,1.0,scene-0103_035,Car,vehicle,21.540818703260996,41,1.0,26.467093677420827,12.740955381536518,15-30m
yaw,1.0,scene-0103_035,Car,vehicle,8.012999145482532,25,1.0,30.792730134411652,4.6743596845316135,<15m
yaw,1.0,scene-0103_035,Truck,vehicle,14.285523459737234,97,0.7938144329896907,30.347013834392193,9.328865364627742,<15m
yaw,1.0,scene-0103_035,Car,vehicle,18.74754242872299,25,0.92,24.416073470300077,9.545214671521675,15-30m
yaw,2.0,scene-0103_035,Car,vehicle,33.839983218608175,13,0.5384615384615384,48.276684836175264,5.069170204934934,>30m
yaw,2.0,scene-0103_035,Car,vehicle,29.94798013307449,13,0.6923076923076923,46.10754311527849,5.415590228358665,15-30m
yaw,2.0,scene-0103_035,Car,vehicle,13.402370741345004,129,0.937984496124031,53.70828005101824,17.633512842549088,<15m
yaw,2.0,scene-0103_035,Car,vehicle,21.540818703260996,41,1.0,53.34634901318294,12.740955381536518,15-30m
yaw,2.0,scene-0103_035,Car,vehicle,8.012999145482532,25,0.72,60.963357176160585,4.6743596845316135,<15m
yaw,2.0,scene-0103_035,Truck,vehicle,14.285523459737234,97,0.6082474226804123,60.57596339008494,9.328865364627742,<15m
yaw,2.0,scene-0103_035,Car,vehicle,18.74754242872299,25,0.92,48.58898819574568,9.545214671521675,15-30m
yaw,3.0,scene-0103_035,Car,vehicle,33.839983218608175,13,0.23076923076923078,72.81086870876194,5.069170204934934,>30m
yaw,3.0,scene-0103_035,Car,vehicle,29.94798013307449,13,0.38461538461538464,68.94571204635437,5.415590228358665,15-30m
yaw,3.0,scene-0103_035,Car,vehicle,13.402370741345004,129,0.8527131782945736,79.98334750774362,17.633512842549088,<15m
yaw,3.0,scene-0103_035,Car,vehicle,21.540818703260996,41,0.8292682926829268,80.66478936060084,12.740955381536518,15-30m
yaw,3.0,scene-0103_035,Car,vehicle,8.012999145482532,25,0.2,90.54972831451013,4.6743596845316135,<15m
yaw,3.0,scene-0103_035,Truck,vehicle,14.285523459737234,97,0.4329896907216495,90.91441720899908,9.328865364627742,<15m
yaw,3.0,scene-0103_035,Car,vehicle,18.74754242872299,25,0.72,72.53746529366208,9.545214671521675,15-30m
pitch,0.25,scene-0103_035,Car,vehicle,33.839983218608175,13,1.0,5.543316609412981,5.069170204934934,>30m
pitch,0.25,scene-0103_035,Car,vehicle,29.94798013307449,13,1.0,5.5834776208900045,5.415590228358665,15-30m
pitch,0.25,scene-0103_035,Car,vehicle,13.402370741345004,129,1.0,5.7699937809994175,17.633512842549088,<15m
pitch,0.25,scene-0103_035,Car,vehicle,21.540818703260996,41,1.0,5.613636776020878,12.740955381536518,15-30m
pitch,0.25,scene-0103_035,Car,vehicle,8.012999145482532,25,0.96,5.9901590133808815,4.6743596845316135,<15m
pitch,0.25,scene-0103_035,Truck,vehicle,14.285523459737234,97,1.0,5.644992532280247,9.328865364627742,<15m
pitch,0.25,scene-0103_035,Car,vehicle,18.74754242872299,25,1.0,5.657828813209361,9.545214671521675,15-30m
pitch,0.5,scene-0103_035,Car,vehicle,33.839983218608175,13,1.0,11.089417622959473,5.069170204934934,>30m
pitch,0.5,scene-0103_035,Car,vehicle,29.94798013307449,13,1.0,11.169695419218174,5.415590228358665,15-30m
pitch,0.5,scene-0103_035,Car,vehicle,13.402370741345004,129,1.0,11.54434536768917,17.633512842549088,<15m
pitch,0.5,scene-0103_035,Car,vehicle,21.540818703260996,41,1.0,11.231601396635114,12.740955381536518,15-30m
pitch,0.5,scene-0103_035,Car,vehicle,8.012999145482532,25,0.92,11.99043974136698,4.6743596845316135,<15m
pitch,0.5,scene-0103_035,Truck,vehicle,14.285523459737234,97,1.0,11.292977711948195,9.328865364627742,<15m
pitch,0.5,scene-0103_035,Car,vehicle,18.74754242872299,25,1.0,11.31966589977029,9.545214671521675,15-30m
pitch,1.0,scene-0103_035,Car,vehicle,33.839983218608175,13,1.0,22.19087264608101,5.069170204934934,>30m
pitch,1.0,scene-0103_035,Car,vehicle,29.94798013307449,13,1.0,22.35124853956777,5.415590228358665,15-30m
pitch,1.0,scene-0103_035,Car,vehicle,13.402370741345004,129,1.0,23.107169240527195,17.633512842549088,<15m
pitch,1.0,scene-0103_035,Car,vehicle,21.540818703260996,41,1.0,22.481492869801812,12.740955381536518,15-30m
pitch,1.0,scene-0103_035,Car,vehicle,8.012999145482532,25,0.92,24.01029842719864,4.6743596845316135,<15m
pitch,1.0,scene-0103_035,Truck,vehicle,14.285523459737234,97,1.0,22.604799856173987,9.328865364627742,<15m
pitch,1.0,scene-0103_035,Car,vehicle,18.74754242872299,25,1.0,22.656308809330717,9.545214671521675,15-30m
pitch,2.0,scene-0103_035,Car,vehicle,33.839983218608175,13,0.46153846153846156,44.43712229825156,5.069170204934934,>30m
pitch,2.0,scene-0103_035,Car,vehicle,29.94798013307449,13,0.38461538461538464,44.757132935240094,5.415590228358665,15-30m
pitch,2.0,scene-0103_035,Car,vehicle,13.402370741345004,129,0.9844961240310077,46.30468047789374,17.633512842549088,<15m
pitch,2.0,scene-0103_035,Car,vehicle,21.540818703260996,41,0.8048780487804879,45.04337688114638,12.740955381536518,15-30m
pitch,2.0,scene-0103_035,Car,vehicle,8.012999145482532,25,0.84,48.1966348962318,4.6743596845316135,<15m
pitch,2.0,scene-0103_035,Truck,vehicle,14.285523459737234,97,0.9896907216494846,45.275021948827266,9.328865364627742,<15m
pitch,2.0,scene-0103_035,Car,vehicle,18.74754242872299,25,0.68,45.38811894858471,9.545214671521675,15-30m
pitch,3.0,scene-0103_035,Car,vehicle,33.839983218608175,13,0.46153846153846156,66.753299732956,5.069170204934934,>30m
pitch,3.0,scene-0103_035,Car,vehicle,29.94798013307449,13,0.0,67.23215923827375,5.415590228358665,15-30m
pitch,3.0,scene-0103_035,Car,vehicle,13.402370741345004,129,0.8992248062015504,69.60024722796265,17.633512842549088,<15m
pitch,3.0,scene-0103_035,Car,vehicle,21.540818703260996,41,0.5853658536585366,67.70300642423541,12.740955381536518,15-30m
pitch,3.0,scene-0103_035,Car,vehicle,8.012999145482532,25,0.8,72.5790161897364,4.6743596845316135,<15m
pitch,3.0,scene-0103_035,Truck,vehicle,14.285523459737234,97,0.9690721649484536,68.03971152846593,9.328865364627742,<15m
pitch,3.0,scene-0103_035,Car,vehicle,18.74754242872299,25,0.4,68.21075079730642,9.545214671521675,15-30m
roll,0.25,scene-0103_035,Car,vehicle,33.839983218608175,13,1.0,1.5765817186021034,5.069170204934934,>30m
roll,0.25,scene-0103_035,Car,vehicle,29.94798013307449,13,1.0,1.0906589031228813,5.415590228358665,15-30m
roll,0.25,scene-0103_035,Car,vehicle,13.402370741345004,129,1.0,2.40761002261558,17.633512842549088,<15m
roll,0.25,scene-0103_035,Car,vehicle,21.540818703260996,41,1.0,2.3474428253492725,12.740955381536518,15-30m
roll,0.25,scene-0103_035,Car,vehicle,8.012999145482532,25,1.0,3.2586187626972514,4.6743596845316135,<15m
roll,0.25,scene-0103_035,Truck,vehicle,14.285523459737234,97,1.0,3.3302850534893436,9.328865364627742,<15m
roll,0.25,scene-0103_035,Car,vehicle,18.74754242872299,25,1.0,1.6217098624080835,9.545214671521675,15-30m
roll,0.5,scene-0103_035,Car,vehicle,33.839983218608175,13,1.0,3.1530440827518573,5.069170204934934,>30m
roll,0.5,scene-0103_035,Car,vehicle,29.94798013307449,13,1.0,2.1813645089201485,5.415590228358665,15-30m
roll,0.5,scene-0103_035,Car,vehicle,13.402370741345004,129,1.0,4.815445396874457,17.633512842549088,<15m
roll,0.5,scene-0103_035,Car,vehicle,21.540818703260996,41,1.0,4.694625422525873,12.740955381536518,15-30m
roll,0.5,scene-0103_035,Car,vehicle,8.012999145482532,25,1.0,6.5176578878158065,4.6743596845316135,<15m
roll,0.5,scene-0103_035,Truck,vehicle,14.285523459737234,97,1.0,6.660068365531056,9.328865364627742,<15m
roll,0.5,scene-0103_035,Car,vehicle,18.74754242872299,25,1.0,3.243517703750621,9.545214671521675,15-30m
roll,1.0,scene-0103_035,Car,vehicle,33.839983218608175,13,1.0,6.305581467357801,5.069170204934934,>30m
roll,1.0,scene-0103_035,Car,vehicle,29.94798013307449,13,1.0,4.3628948513843175,5.415590228358665,15-30m
roll,1.0,scene-0103_035,Car,vehicle,13.402370741345004,129,1.0,9.63174402521305,17.633512842549088,<15m
roll,1.0,scene-0103_035,Car,vehicle,21.540818703260996,41,1.0,9.38816616838507,12.740955381536518,15-30m
roll,1.0,scene-0103_035,Car,vehicle,8.012999145482532,25,1.0,13.036931028098714,4.6743596845316135,<15m
roll,1.0,scene-0103_035,Truck,vehicle,14.285523459737234,97,1.0,13.318070582921985,9.328865364627742,<15m
roll,1.0,scene-0103_035,Car,vehicle,18.74754242872299,25,1.0,6.487395319824751,9.545214671521675,15-30m
roll,2.0,scene-0103_035,Car,vehicle,33.839983218608175,13,1.0,12.608902198267524,5.069170204934934,>30m
roll,2.0,scene-0103_035,Car,vehicle,29.94798013307449,13,1.0,8.72628508491084,5.415590228358665,15-30m
roll,2.0,scene-0103_035,Car,vehicle,13.402370741345004,129,1.0,19.26651493630061,17.633512842549088,<15m
roll,2.0,scene-0103_035,Car,vehicle,21.540818703260996,41,1.0,18.77164418220399,12.740955381536518,15-30m
roll,2.0,scene-0103_035,Car,vehicle,8.012999145482532,25,1.0,26.079792294861058,4.6743596845316135,<15m
roll,2.0,scene-0103_035,Truck,vehicle,14.285523459737234,97,0.9896907216494846,26.621120718976194,9.328865364627742,<15m
roll,2.0,scene-0103_035,Car,vehicle,18.74754242872299,25,1.0,12.975973981202866,9.545214671521675,15-30m
roll,3.0,scene-0103_035,Car,vehicle,33.839983218608175,13,1.0,18.90949516752787,5.069170204934934,>30m
roll,3.0,scene-0103_035,Car,vehicle,29.94798013307449,13,1.0,13.089834420862433,5.415590228358665,15-30m
roll,3.0,scene-0103_035,Car,vehicle,13.402370741345004,129,1.0,28.903538855240715,17.633512842549088,<15m
roll,3.0,scene-0103_035,Car,vehicle,21.540818703260996,41,1.0,28.149737054991295,12.740955381536518,15-30m
roll,3.0,scene-0103_035,Car,vehicle,8.012999145482532,25,1.0,39.127518888460656,4.6743596845316135,<15m
roll,3.0,scene-0103_035,Truck,vehicle,14.285523459737234,97,0.9896907216494846,39.91756705584787,9.328865364627742,<15m
roll,3.0,scene-0103_035,Car,vehicle,18.74754242872299,25,1.0,19.465222584882362,9.545214671521675,15-30m
t_fwd,0.02,scene-0103_035,Car,vehicle,33.839983218608175,13,1.0,0.22762778937165645,5.069170204934934,>30m
t_fwd,0.02,scene-0103_035,Car,vehicle,29.94798013307449,13,1.0,0.18264917726302748,5.415590228358665,15-30m
t_fwd,0.02,scene-0103_035,Car,vehicle,13.402370741345004,129,1.0,1.049200617205682,17.633512842549088,<15m
t_fwd,0.02,scene-0103_035,Car,vehicle,21.540818703260996,41,1.0,0.5813747977914901,12.740955381536518,15-30m
t_fwd,0.02,scene-0103_035,Car,vehicle,8.012999145482532,25,1.0,1.9538095614017903,4.6743596845316135,<15m
t_fwd,0.02,scene-0103_035,Truck,vehicle,14.285523459737234,97,1.0,1.176063033108287,9.328865364627742,<15m
t_fwd,0.02,scene-0103_035,Car,vehicle,18.74754242872299,25,1.0,0.4452407669443133,9.545214671521675,15-30m
t_fwd,0.05,scene-0103_035,Car,vehicle,33.839983218608175,13,1.0,0.5685448184467642,5.069170204934934,>30m
t_fwd,0.05,scene-0103_035,Car,vehicle,29.94798013307449,13,1.0,0.45612081098365426,5.415590228358665,15-30m
t_fwd,0.05,scene-0103_035,Car,vehicle,13.402370741345004,129,1.0,2.615405504933427,17.633512842549088,<15m
t_fwd,0.05,scene-0103_035,Car,vehicle,21.540818703260996,41,1.0,1.4510778214918072,12.740955381536518,15-30m
t_fwd,0.05,scene-0103_035,Car,vehicle,8.012999145482532,25,1.0,4.865113225218666,4.6743596845316135,<15m
t_fwd,0.05,scene-0103_035,Truck,vehicle,14.285523459737234,97,1.0,2.933385663795686,9.328865364627742,<15m
t_fwd,0.05,scene-0103_035,Car,vehicle,18.74754242872299,25,1.0,1.1110415825914055,9.545214671521675,15-30m
t_fwd,0.1,scene-0103_035,Car,vehicle,33.839983218608175,13,1.0,1.1353450799732003,5.069170204934934,>30m
t_fwd,0.1,scene-0103_035,Car,vehicle,29.94798013307449,13,1.0,0.9105727473171333,5.415590228358665,15-30m
t_fwd,0.1,scene-0103_035,Car,vehicle,13.402370741345004,129,1.0,5.205685478117664,17.633512842549088,<15m
t_fwd,0.1,scene-0103_035,Car,vehicle,21.540818703260996,41,1.0,2.894325679725651,12.740955381536518,15-30m
t_fwd,0.1,scene-0103_035,Car,vehicle,8.012999145482532,25,1.0,9.666205334731073,4.6743596845316135,<15m
t_fwd,0.1,scene-0103_035,Truck,vehicle,14.285523459737234,97,1.0,5.844336377933316,9.328865364627742,<15m
t_fwd,0.1,scene-0103_035,Car,vehicle,18.74754242872299,25,1.0,2.2152491774593117,9.545214671521675,15-30m
t_fwd,0.2,scene-0103_035,Car,vehicle,33.839983218608175,13,1.0,2.2637439526284773,5.069170204934934,>30m
t_fwd,0.2,scene-0103_035,Car,vehicle,29.94798013307449,13,1.0,1.8145064993796798,5.415590228358665,15-30m
t_fwd,0.2,scene-0103_035,Car,vehicle,13.402370741345004,129,1.0,10.312303296025744,17.633512842549088,<15m
t_fwd,0.2,scene-0103_035,Car,vehicle,21.540818703260996,41,1.0,5.757583647062748,12.740955381536518,15-30m
t_fwd,0.2,scene-0103_035,Car,vehicle,8.012999145482532,25,1.0,19.08131536250835,4.6743596845316135,<15m
t_fwd,0.2,scene-0103_035,Truck,vehicle,14.285523459737234,97,0.9896907216494846,11.599954657192933,9.328865364627742,<15m
t_fwd,0.2,scene-0103_035,Car,vehicle,18.74754242872299,25,1.0,4.4041787631115925,9.545214671521675,15-30m
t_left,0.02,scene-0103_035,Car,vehicle,33.839983218608175,13,1.0,0.8049218366685947,5.069170204934934,>30m
t_left,0.02,scene-0103_035,Car,vehicle,29.94798013307449,13,1.0,0.9219222668127052,5.415590228358665,15-30m
t_left,0.02,scene-0103_035,Car,vehicle,13.402370741345004,129,1.0,2.3898306042243846,17.633512842549088,<15m
t_left,0.02,scene-0103_035,Car,vehicle,21.540818703260996,41,1.0,1.340724083621071,12.740955381536518,15-30m
t_left,0.02,scene-0103_035,Car,vehicle,8.012999145482532,25,1.0,3.3520597082137047,4.6743596845316135,<15m
t_left,0.02,scene-0103_035,Truck,vehicle,14.285523459737234,97,0.9896907216494846,1.9183464260981653,9.328865364627742,<15m
t_left,0.02,scene-0103_035,Car,vehicle,18.74754242872299,25,1.0,1.5087339598845877,9.545214671521675,15-30m
t_left,0.05,scene-0103_035,Car,vehicle,33.839983218608175,13,1.0,2.0122840860121225,5.069170204934934,>30m
t_left,0.05,scene-0103_035,Car,vehicle,29.94798013307449,13,1.0,2.3047789204806017,5.415590228358665,15-30m
t_left,0.05,scene-0103_035,Car,vehicle,13.402370741345004,129,1.0,5.974397194193753,17.633512842549088,<15m
t_left,0.05,scene-0103_035,Car,vehicle,21.540818703260996,41,1.0,3.351753252961556,12.740955381536518,15-30m
t_left,0.05,scene-0103_035,Car,vehicle,8.012999145482532,25,1.0,8.379797008255363,4.6743596845316135,<15m
t_left,0.05,scene-0103_035,Truck,vehicle,14.285523459737234,97,0.9587628865979382,4.776120039752625,9.328865364627742,<15m
t_left,0.05,scene-0103_035,Car,vehicle,18.74754242872299,25,1.0,3.771763325457952,9.545214671521675,15-30m
t_left,0.1,scene-0103_035,Car,vehicle,33.839983218608175,13,1.0,4.024499821683901,5.069170204934934,>30m
t_left,0.1,scene-0103_035,Car,vehicle,29.94798013307449,13,1.0,4.609468688548763,5.415590228358665,15-30m
t_left,0.1,scene-0103_035,Car,vehicle,13.402370741345004,129,1.0,11.948196714999476,17.633512842549088,<15m
t_left,0.1,scene-0103_035,Car,vehicle,21.540818703260996,41,1.0,6.703316660888076,12.740955381536518,15-30m
t_left,0.1,scene-0103_035,Car,vehicle,8.012999145482532,25,1.0,16.758419940524202,4.6743596845316135,<15m
t_left,0.1,scene-0103_035,Truck,vehicle,14.285523459737234,97,0.9278350515463918,9.5093395170944,9.328865364627742,<15m
t_left,0.1,scene-0103_035,Car,vehicle,18.74754242872299,25,1.0,7.54328808214362,9.545214671521675,15-30m
t_left,0.2,scene-0103_035,Car,vehicle,33.839983218608175,13,1.0,8.048726255936057,5.069170204934934,>30m
t_left,0.2,scene-0103_035,Car,vehicle,29.94798013307449,13,1.0,9.218580788137926,5.415590228358665,15-30m
t_left,0.2,scene-0103_035,Car,vehicle,13.402370741345004,129,1.0,23.8940030951529,17.633512842549088,<15m
t_left,0.2,scene-0103_035,Car,vehicle,21.540818703260996,41,1.0,13.405874006150633,12.740955381536518,15-30m
t_left,0.2,scene-0103_035,Car,vehicle,8.012999145482532,25,1.0,33.51214456394893,4.6743596845316135,<15m
t_left,0.2,scene-0103_035,Truck,vehicle,14.285523459737234,97,0.865979381443299,18.923006906693736,9.328865364627742,<15m
t_left,0.2,scene-0103_035,Car,vehicle,18.74754242872299,25,0.96,15.085621979730364,9.545214671521675,15-30m
t_up,0.02,scene-0103_035,Car,vehicle,33.839983218608175,13,1.0,0.8081257736223108,5.069170204934934,>30m
t_up,0.02,scene-0103_035,Car,vehicle,29.94798013307449,13,1.0,0.9205089062921746,5.415590228358665,15-30m
t_up,0.02,scene-0103_035,Car,vehicle,13.402370741345004,129,1.0,2.3801456934321608,17.633512842549088,<15m
t_up,0.02,scene-0103_035,Car,vehicle,21.540818703260996,41,1.0,1.351566229127049,12.740955381536518,15-30m
t_up,0.02,scene-0103_035,Car,vehicle,8.012999145482532,25,0.96,3.361347281025413,4.6743596845316135,<15m
t_up,0.02,scene-0103_035,Truck,vehicle,14.285523459737234,97,1.0,1.9340164180388484,9.328865364627742,<15m
t_up,0.02,scene-0103_035,Car,vehicle,18.74754242872299,25,1.0,1.5089290433919536,9.545214671521675,15-30m
t_up,0.05,scene-0103_035,Car,vehicle,33.839983218608175,13,1.0,2.0202068268707314,5.069170204934934,>30m
t_up,0.05,scene-0103_035,Car,vehicle,29.94798013307449,13,1.0,2.301132638753576,5.415590228358665,15-30m
t_up,0.05,scene-0103_035,Car,vehicle,13.402370741345004,129,1.0,5.949428806313394,17.633512842549088,<15m
t_up,0.05,scene-0103_035,Car,vehicle,21.540818703260996,41,1.0,3.378615387492153,12.740955381536518,15-30m
t_up,0.05,scene-0103_035,Car,vehicle,8.012999145482532,25,1.0,8.401513395932101,4.6743596845316135,<15m
t_up,0.05,scene-0103_035,Truck,vehicle,14.285523459737234,97,1.0,4.8344264635943945,9.328865364627742,<15m
t_up,0.05,scene-0103_035,Car,vehicle,18.74754242872299,25,1.0,3.7719483615307423,9.545214671521675,15-30m
t_up,0.1,scene-0103_035,Car,vehicle,33.839983218608175,13,1.0,4.0400550140659695,5.069170204934934,>30m
t_up,0.1,scene-0103_035,Car,vehicle,29.94798013307449,13,1.0,4.60179992954729,5.415590228358665,15-30m
t_up,0.1,scene-0103_035,Car,vehicle,13.402370741345004,129,1.0,11.895740828540005,17.633512842549088,<15m
t_up,0.1,scene-0103_035,Car,vehicle,21.540818703260996,41,1.0,6.756230394251786,12.740955381536518,15-30m
t_up,0.1,scene-0103_035,Car,vehicle,8.012999145482532,25,1.0,16.796847740832742,4.6743596845316135,<15m
t_up,0.1,scene-0103_035,Truck,vehicle,14.285523459737234,97,1.0,9.66680501642684,9.328865364627742,<15m
t_up,0.1,scene-0103_035,Car,vehicle,18.74754242872299,25,1.0,7.542649563207184,9.545214671521675,15-30m
t_up,0.2,scene-0103_035,Car,vehicle,33.839983218608175,13,1.0,8.07867585136947,5.069170204934934,>30m
t_up,0.2,scene-0103_035,Car,vehicle,29.94798013307449,13,1.0,9.201739031772652,5.415590228358665,15-30m
t_up,0.2,scene-0103_035,Car,vehicle,13.402370741345004,129,0.8604651162790697,23.77902431252039,17.633512842549088,<15m
t_up,0.2,scene-0103_035,Car,vehicle,21.540818703260996,41,1.0,13.508461042274993,12.740955381536518,15-30m
t_up,0.2,scene-0103_035,Car,vehicle,8.012999145482532,25,1.0,33.56900652449592,4.6743596845316135,<15m
t_up,0.2,scene-0103_035,Truck,vehicle,14.285523459737234,97,1.0,19.325423592693163,9.328865364627742,<15m
t_up,0.2,scene-0103_035,Car,vehicle,18.74754242872299,25,0.68,15.080312960349733,9.545214671521675,15-30m
none,0.0,scene-0103_036,Car,vehicle,30.74579459530151,24,1.0,0.0,5.884793919712202,>30m
none,0.0,scene-0103_036,Car,vehicle,19.549912806422174,17,1.0,0.0,6.8745448663782,15-30m
none,0.0,scene-0103_036,Car,vehicle,10.484169156554858,99,1.0,0.0,12.965006708494816,<15m
none,0.0,scene-0103_036,Car,vehicle,18.632753414396273,71,1.0,0.0,15.596478647191784,15-30m
none,0.0,scene-0103_036,Car,vehicle,15.652442934777833,34,1.0,0.0,12.7922135132899,15-30m
yaw,0.25,scene-0103_036,Car,vehicle,30.74579459530151,24,1.0,6.099485989572636,5.884793919712202,>30m
yaw,0.25,scene-0103_036,Car,vehicle,19.549912806422174,17,1.0,5.772272594359753,6.8745448663782,15-30m
yaw,0.25,scene-0103_036,Car,vehicle,10.484169156554858,99,1.0,7.347109996600287,12.965006708494816,<15m
yaw,0.25,scene-0103_036,Car,vehicle,18.632753414396273,71,0.9859154929577465,7.116642951012063,15.596478647191784,15-30m
yaw,0.25,scene-0103_036,Car,vehicle,15.652442934777833,34,1.0,6.392335748842388,12.7922135132899,15-30m
yaw,0.5,scene-0103_036,Car,vehicle,30.74579459530151,24,1.0,12.215864957217214,5.884793919712202,>30m
yaw,0.5,scene-0103_036,Car,vehicle,19.549912806422174,17,1.0,11.552923511372379,6.8745448663782,15-30m
yaw,0.5,scene-0103_036,Car,vehicle,10.484169156554858,99,1.0,14.659565748367852,12.965006708494816,<15m
yaw,0.5,scene-0103_036,Car,vehicle,18.632753414396273,71,0.9577464788732394,14.228895565012529,15.596478647191784,15-30m
yaw,0.5,scene-0103_036,Car,vehicle,15.652442934777833,34,1.0,12.764288088365593,12.7922135132899,15-30m
yaw,1.0,scene-0103_036,Car,vehicle,30.74579459530151,24,0.9166666666666666,24.500542933846777,5.884793919712202,>30m
yaw,1.0,scene-0103_036,Car,vehicle,19.549912806422174,17,0.7647058823529411,23.14035386618517,6.8745448663782,15-30m
yaw,1.0,scene-0103_036,Car,vehicle,10.484169156554858,99,1.0,29.182666457015298,12.965006708494816,<15m
yaw,1.0,scene-0103_036,Car,vehicle,18.632753414396273,71,0.9295774647887324,28.527979611043918,15.596478647191784,15-30m
yaw,1.0,scene-0103_036,Car,vehicle,15.652442934777833,34,0.9411764705882353,25.44844054450923,12.7922135132899,15-30m
yaw,2.0,scene-0103_036,Car,vehicle,30.74579459530151,24,0.625,49.28644314356768,5.884793919712202,>30m
yaw,2.0,scene-0103_036,Car,vehicle,19.549912806422174,17,0.6470588235294118,46.42676547442064,6.8745448663782,15-30m
yaw,2.0,scene-0103_036,Car,vehicle,10.484169156554858,99,0.9393939393939394,57.83626410172109,12.965006708494816,<15m
yaw,2.0,scene-0103_036,Car,vehicle,18.632753414396273,71,0.9154929577464789,57.54602405210422,15.596478647191784,15-30m
yaw,2.0,scene-0103_036,Car,vehicle,15.652442934777833,34,0.8529411764705882,50.58731577582385,12.7922135132899,15-30m
yaw,3.0,scene-0103_036,Car,vehicle,30.74579459530151,24,0.2916666666666667,74.37843993570428,5.884793919712202,>30m
yaw,3.0,scene-0103_036,Car,vehicle,19.549912806422174,17,0.5294117647058824,69.87554565558928,6.8745448663782,15-30m
yaw,3.0,scene-0103_036,Car,vehicle,10.484169156554858,99,0.8888888888888888,85.9932202530437,12.965006708494816,<15m
yaw,3.0,scene-0103_036,Car,vehicle,18.632753414396273,71,0.8028169014084507,86.42162621923458,15.596478647191784,15-30m
yaw,3.0,scene-0103_036,Car,vehicle,15.652442934777833,34,0.7941176470588235,75.43801688208453,12.7922135132899,15-30m
pitch,0.25,scene-0103_036,Car,vehicle,30.74579459530151,24,1.0,5.551474163688052,5.884793919712202,>30m
pitch,0.25,scene-0103_036,Car,vehicle,19.549912806422174,17,1.0,5.6477868037915,6.8745448663782,15-30m
pitch,0.25,scene-0103_036,Car,vehicle,10.484169156554858,99,0.98989898989899,5.864490961137766,12.965006708494816,<15m
pitch,0.25,scene-0103_036,Car,vehicle,18.632753414396273,71,0.9859154929577465,5.646300074747296,15.596478647191784,15-30m
pitch,0.25,scene-0103_036,Car,vehicle,15.652442934777833,34,1.0,5.713704672926019,12.7922135132899,15-30m
pitch,0.5,scene-0103_036,Car,vehicle,30.74579459530151,24,1.0,11.105729333175265,5.884793919712202,>30m
pitch,0.5,scene-0103_036,Car,vehicle,19.549912806422174,17,1.0,11.30075124240585,6.8745448663782,15-30m
pitch,0.5,scene-0103_036,Car,vehicle,10.484169156554858,99,0.98989898989899,11.735170731810282,12.965006708494816,<15m
pitch,0.5,scene-0103_036,Car,vehicle,18.632753414396273,71,0.9859154929577465,11.298369136187478,15.596478647191784,15-30m
pitch,0.5,scene-0103_036,Car,vehicle,15.652442934777833,34,1.0,11.431623131390484,12.7922135132899,15-30m
pitch,1.0,scene-0103_036,Car,vehicle,30.74579459530151,24,0.5416666666666666,22.223485899543412,5.884793919712202,>30m
pitch,1.0,scene-0103_036,Car,vehicle,19.549912806422174,17,0.35294117647058826,22.62315087811823,6.8745448663782,15-30m
pitch,1.0,scene-0103_036,Car,vehicle,10.484169156554858,99,0.98989898989899,23.50185046655914,12.965006708494816,<15m
pitch,1.0,scene-0103_036,Car,vehicle,18.632753414396273,71,0.9859154929577465,22.620806064168956,15.596478647191784,15-30m
pitch,1.0,scene-0103_036,Car,vehicle,15.652442934777833,34,1.0,22.881101136503155,12.7922135132899,15-30m
pitch,2.0,scene-0103_036,Car,vehicle,30.74579459530151,24,0.5416666666666666,44.50233570539405,5.884793919712202,>30m
pitch,2.0,scene-0103_036,Car,vehicle,19.549912806422174,17,0.35294117647058826,45.34045049756484,6.8745448663782,15-30m
pitch,2.0,scene-0103_036,Car,vehicle,10.484169156554858,99,0.98989898989899,47.14444197544683,12.965006708494816,<15m
pitch,2.0,scene-0103_036,Car,vehicle,18.632753414396273,71,0.7464788732394366,45.34587591181436,15.596478647191784,15-30m
pitch,2.0,scene-0103_036,Car,vehicle,15.652442934777833,34,0.7941176470588235,45.841664920896505,12.7922135132899,15-30m
pitch,3.0,scene-0103_036,Car,vehicle,30.74579459530151,24,0.2916666666666667,66.85115585468924,5.884793919712202,>30m
pitch,3.0,scene-0103_036,Car,vehicle,19.549912806422174,17,0.11764705882352941,68.16717275384408,6.8745448663782,15-30m
pitch,3.0,scene-0103_036,Car,vehicle,10.484169156554858,99,0.9696969696969697,70.9159126433589,12.965006708494816,<15m
pitch,3.0,scene-0103_036,Car,vehicle,18.632753414396273,71,0.7464788732394366,68.1913750962332,15.596478647191784,15-30m
pitch,3.0,scene-0103_036,Car,vehicle,15.652442934777833,34,0.4117647058823529,68.90824629092864,12.7922135132899,15-30m
roll,0.25,scene-0103_036,Car,vehicle,30.74579459530151,24,1.0,1.771112678377181,5.884793919712202,>30m
roll,0.25,scene-0103_036,Car,vehicle,19.549912806422174,17,1.0,0.9733133479684862,6.8745448663782,15-30m
roll,0.25,scene-0103_036,Car,vehicle,10.484169156554858,99,1.0,2.90993935022443,12.965006708494816,<15m
roll,0.25,scene-0103_036,Car,vehicle,18.632753414396273,71,0.9859154929577465,2.8954321557807994,15.596478647191784,15-30m
roll,0.25,scene-0103_036,Car,vehicle,15.652442934777833,34,1.0,1.961477654044827,12.7922135132899,15-30m
roll,0.5,scene-0103_036,Car,vehicle,30.74579459530151,24,1.0,3.542077813804781,5.884793919712202,>30m
roll,0.5,scene-0103_036,Car,vehicle,19.549912806422174,17,1.0,1.9465799667547776,6.8745448663782,15-30m
roll,0.5,scene-0103_036,Car,vehicle,10.484169156554858,99,1.0,5.8202102851543165,12.965006708494816,<15m
roll,0.5,scene-0103_036,Car,vehicle,18.632753414396273,71,0.9859154929577465,5.790478018916362,15.596478647191784,15-30m
roll,0.5,scene-0103_036,Car,vehicle,15.652442934777833,34,1.0,3.9231069711553093,12.7922135132899,15-30m
roll,1.0,scene-0103_036,Car,vehicle,30.74579459530151,24,1.0,7.083532526496965,5.884793919712202,>30m
roll,1.0,scene-0103_036,Car,vehicle,19.549912806422174,17,1.0,3.8929543462444727,6.8745448663782,15-30m
roll,1.0,scene-0103_036,Car,vehicle,10.484169156554858,99,1.0,11.641688450391378,12.965006708494816,<15m
roll,1.0,scene-0103_036,Car,vehicle,18.632753414396273,71,0.9859154929577465,11.579357169173907,15.596478647191784,15-30m
roll,1.0,scene-0103_036,Car,vehicle,15.652442934777833,34,1.0,7.846782229364555,12.7922135132899,15-30m
roll,2.0,scene-0103_036,Car,vehicle,30.74579459530151,24,1.0,14.164309585440442,5.884793919712202,>30m
roll,2.0,scene-0103_036,Car,vehicle,19.549912806422174,17,1.0,7.78493709573768,6.8745448663782,15-30m
roll,2.0,scene-0103_036,Car,vehicle,10.484169156554858,99,1.0,23.287979813287347,12.965006708494816,<15m
roll,2.0,scene-0103_036,Car,vehicle,18.632753414396273,71,0.9859154929577465,23.15189026726475,15.596478647191784,15-30m
roll,2.0,scene-0103_036,Car,vehicle,15.652442934777833,34,1.0,15.69553025747951,12.7922135132899,15-30m
roll,3.0,scene-0103_036,Car,vehicle,30.74579459530151,24,1.0,21.241806121585313,5.884793919712202,>30m
roll,3.0,scene-0103_036,Car,vehicle,19.549912806422174,17,1.0,11.675650094393799,6.8745448663782,15-30m
roll,3.0,scene-0103_036,Car,vehicle,10.484169156554858,99,1.0,34.93793422725599,12.965006708494816,<15m
roll,3.0,scene-0103_036,Car,vehicle,18.632753414396273,71,0.9859154929577465,34.71674493768664,15.596478647191784,15-30m
roll,3.0,scene-0103_036,Car,vehicle,15.652442934777833,34,1.0,23.545628182443245,12.7922135132899,15-30m
t_fwd,0.02,scene-0103_036,Car,vehicle,30.74579459530151,24,1.0,0.2852749302852232,5.884793919712202,>30m
t_fwd,0.02,scene-0103_036,Car,vehicle,19.549912806422174,17,1.0,0.24778199536678144,6.8745448663782,15-30m
t_fwd,0.02,scene-0103_036,Car,vehicle,10.484169156554858,99,1.0,1.572671990645331,12.965006708494816,<15m
t_fwd,0.02,scene-0103_036,Car,vehicle,18.632753414396273,71,1.0,0.8797317315622565,15.596478647191784,15-30m
t_fwd,0.02,scene-0103_036,Car,vehicle,15.652442934777833,34,1.0,0.6807247072306968,12.7922135132899,15-30m
t_fwd,0.05,scene-0103_036,Car,vehicle,30.74579459530151,24,1.0,0.7124220763622259,5.884793919712202,>30m
t_fwd,0.05,scene-0103_036,Car,vehicle,19.549912806422174,17,1.0,0.6183964687726916,6.8745448663782,15-30m
t_fwd,0.05,scene-0103_036,Car,vehicle,10.484169156554858,99,1.0,3.917711817126762,12.965006708494816,<15m
t_fwd,0.05,scene-0103_036,Car,vehicle,18.632753414396273,71,1.0,2.194970068634756,15.596478647191784,15-30m
t_fwd,0.05,scene-0103_036,Car,vehicle,15.652442934777833,34,1.0,1.6979107111359089,12.7922135132899,15-30m
t_fwd,0.1,scene-0103_036,Car,vehicle,30.74579459530151,24,1.0,1.4223006073592668,5.884793919712202,>30m
t_fwd,0.1,scene-0103_036,Car,vehicle,19.549912806422174,17,1.0,1.233280571201827,6.8745448663782,15-30m
t_fwd,0.1,scene-0103_036,Car,vehicle,10.484169156554858,99,1.0,7.78930161689645,12.965006708494816,<15m
t_fwd,0.1,scene-0103_036,Car,vehicle,18.632753414396273,71,1.0,4.3754858206337515,15.596478647191784,15-30m
t_fwd,0.1,scene-0103_036,Car,vehicle,15.652442934777833,34,1.0,3.382897089078315,12.7922135132899,15-30m
t_fwd,0.2,scene-0103_036,Car,vehicle,30.74579459530151,24,1.0,2.8344813268691076,5.884793919712202,>30m
t_fwd,0.2,scene-0103_036,Car,vehicle,19.549912806422174,17,1.0,2.4526306981790085,6.8745448663782,15-30m
t_fwd,0.2,scene-0103_036,Car,vehicle,10.484169156554858,99,1.0,15.397335138623408,12.965006708494816,<15m
t_fwd,0.2,scene-0103_036,Car,vehicle,18.632753414396273,71,1.0,8.693721745857633,15.596478647191784,15-30m
t_fwd,0.2,scene-0103_036,Car,vehicle,15.652442934777833,34,1.0,6.714682692870193,12.7922135132899,15-30m
t_left,0.02,scene-0103_036,Car,vehicle,30.74579459530151,24,1.0,0.8941665861948946,5.884793919712202,>30m
t_left,0.02,scene-0103_036,Car,vehicle,19.549912806422174,17,1.0,1.4234034440744994,6.8745448663782,15-30m
t_left,0.02,scene-0103_036,Car,vehicle,10.484169156554858,99,1.0,2.9491216139335292,12.965006708494816,<15m
t_left,0.02,scene-0103_036,Car,vehicle,18.632753414396273,71,0.9859154929577465,1.644754171155007,15.596478647191784,15-30m
t_left,0.02,scene-0103_036,Car,vehicle,15.652442934777833,34,1.0,1.9154135819131817,12.7922135132899,15-30m
t_left,0.05,scene-0103_036,Car,vehicle,30.74579459530151,24,1.0,2.235390784637546,5.884793919712202,>30m
t_left,0.05,scene-0103_036,Car,vehicle,19.549912806422174,17,1.0,3.5584436563625825,6.8745448663782,15-30m
t_left,0.05,scene-0103_036,Car,vehicle,10.484169156554858,99,1.0,7.372527356163592,12.965006708494816,<15m
t_left,0.05,scene-0103_036,Car,vehicle,18.632753414396273,71,0.9859154929577465,4.111798355908643,15.596478647191784,15-30m
t_left,0.05,scene-0103_036,Car,vehicle,15.652442934777833,34,1.0,4.7884169642608345,12.7922135132899,15-30m
t_left,0.1,scene-0103_036,Car,vehicle,30.74579459530151,24,1.0,4.470695969065519,5.884793919712202,>30m
t_left,0.1,scene-0103_036,Car,vehicle,19.549912806422174,17,1.0,7.116670810518219,6.8745448663782,15-30m
t_left,0.1,scene-0103_036,Car,vehicle,10.484169156554858,99,1.0,14.744132542380814,12.965006708494816,<15m
t_left,0.1,scene-0103_036,Car,vehicle,18.632753414396273,71,0.9859154929577465,8.22330648827721,15.596478647191784,15-30m
t_left,0.1,scene-0103_036,Car,vehicle,15.652442934777833,34,1.0,9.576443985519564,12.7922135132899,15-30m
t_left,0.2,scene-0103_036,Car,vehicle,30.74579459530151,24,1.0,8.941049556960046,5.884793919712202,>30m
t_left,0.2,scene-0103_036,Car,vehicle,19.549912806422174,17,0.9411764705882353,14.23247569123824,6.8745448663782,15-30m
t_left,0.2,scene-0103_036,Car,vehicle,10.484169156554858,99,1.0,29.484577096969662,12.965006708494816,<15m
t_left,0.2,scene-0103_036,Car,vehicle,18.632753414396273,71,0.9577464788732394,16.364426924150486,15.596478647191784,15-30m
t_left,0.2,scene-0103_036,Car,vehicle,15.652442934777833,34,1.0,19.151328389544116,12.7922135132899,15-30m
t_up,0.02,scene-0103_036,Car,vehicle,30.74579459530151,24,1.0,0.8993924761361045,5.884793919712202,>30m
t_up,0.02,scene-0103_036,Car,vehicle,19.549912806422174,17,1.0,1.4301944998277594,6.8745448663782,15-30m
t_up,0.02,scene-0103_036,Car,vehicle,10.484169156554858,99,1.0,2.9478030060083857,12.965006708494816,<15m
t_up,0.02,scene-0103_036,Car,vehicle,18.632753414396273,71,1.0,1.6671209895348549,15.596478647191784,15-30m
t_up,0.02,scene-0103_036,Car,vehicle,15.652442934777833,34,1.0,1.9122691715737505,12.7922135132899,15-30m
t_up,0.05,scene-0103_036,Car,vehicle,30.74579459530151,24,1.0,2.2483502352374205,5.884793919712202,>30m
t_up,0.05,scene-0103_036,Car,vehicle,19.549912806422174,17,1.0,3.5751553972778973,6.8745448663782,15-30m
t_up,0.05,scene-0103_036,Car,vehicle,10.484169156554858,99,1.0,7.368106080120138,12.965006708494816,<15m
t_up,0.05,scene-0103_036,Car,vehicle,18.632753414396273,71,1.0,4.16735248682916,15.596478647191784,15-30m
t_up,0.05,scene-0103_036,Car,vehicle,15.652442934777833,34,1.0,4.780081082079257,12.7922135132899,15-30m
t_up,0.1,scene-0103_036,Car,vehicle,30.74579459530151,24,1.0,4.4962640212546665,5.884793919712202,>30m
t_up,0.1,scene-0103_036,Car,vehicle,19.549912806422174,17,1.0,7.149208225674007,6.8745448663782,15-30m
t_up,0.1,scene-0103_036,Car,vehicle,10.484169156554858,99,1.0,14.731543078764584,12.965006708494816,<15m
t_up,0.1,scene-0103_036,Car,vehicle,18.632753414396273,71,1.0,8.33320544874467,15.596478647191784,15-30m
t_up,0.1,scene-0103_036,Car,vehicle,15.652442934777833,34,1.0,9.558189992467993,12.7922135132899,15-30m
t_up,0.2,scene-0103_036,Car,vehicle,30.74579459530151,24,1.0,8.990782753870201,5.884793919712202,>30m
t_up,0.2,scene-0103_036,Car,vehicle,19.549912806422174,17,1.0,14.294008215368933,6.8745448663782,15-30m
t_up,0.2,scene-0103_036,Car,vehicle,10.484169156554858,99,0.9696969696969697,29.444427572833135,12.965006708494816,<15m
t_up,0.2,scene-0103_036,Car,vehicle,18.632753414396273,71,1.0,16.66041603408501,15.596478647191784,15-30m
t_up,0.2,scene-0103_036,Car,vehicle,15.652442934777833,34,1.0,19.10849617824761,12.7922135132899,15-30m
none,0.0,scene-0103_037,Car,vehicle,26.891440957860134,28,1.0,0.0,7.298226351112553,15-30m
none,0.0,scene-0103_037,Car,vehicle,22.781799707959205,21,1.0,0.0,8.03840403629452,15-30m
none,0.0,scene-0103_037,Car,vehicle,12.364035710646965,79,1.0,0.0,13.939730365530972,<15m
none,0.0,scene-0103_037,Car,vehicle,15.143679964279906,44,1.0,0.0,9.487138634318365,15-30m
none,0.0,scene-0103_037,Car,vehicle,11.887508673045495,101,0.9900990099009901,0.0,14.359753628010408,<15m
yaw,0.25,scene-0103_037,Car,vehicle,26.891440957860134,28,1.0,6.311523788584635,7.298226351112553,15-30m
yaw,0.25,scene-0103_037,Car,vehicle,22.781799707959205,21,0.9523809523809523,6.031275923148066,8.03840403629452,15-30m
yaw,0.25,scene-0103_037,Car,vehicle,12.364035710646965,79,1.0,6.091112877661798,13.939730365530972,<15m
yaw,0.25,scene-0103_037,Car,vehicle,15.143679964279906,44,0.9318181818181818,7.57330292590322,9.487138634318365,15-30m
yaw,0.25,scene-0103_037,Car,vehicle,11.887508673045495,101,1.0,7.214739460814221,14.359753628010408,<15m
yaw,0.5,scene-0103_037,Car,vehicle,26.891440957860134,28,0.9642857142857143,12.643668180608472,7.298226351112553,15-30m
yaw,0.5,scene-0103_037,Car,vehicle,22.781799707959205,21,0.9523809523809523,12.047867457829536,8.03840403629452,15-30m
yaw,0.5,scene-0103_037,Car,vehicle,12.364035710646965,79,1.0,12.196193428666785,13.939730365530972,<15m
yaw,0.5,scene-0103_037,Car,vehicle,15.143679964279906,44,0.9090909090909091,15.16857410125451,9.487138634318365,15-30m
yaw,0.5,scene-0103_037,Car,vehicle,11.887508673045495,101,1.0,14.396749794643723,14.359753628010408,<15m
yaw,1.0,scene-0103_037,Car,vehicle,26.891440957860134,28,0.9285714285714286,25.371218912467917,7.298226351112553,15-30m
yaw,1.0,scene-0103_037,Car,vehicle,22.781799707959205,21,0.8571428571428571,24.038152825899797,8.03840403629452,15-30m
yaw,1.0,scene-0103_037,Car,vehicle,12.364035710646965,79,1.0,24.449449204724562,13.939730365530972,<15m
yaw,1.0,scene-0103_037,Car,vehicle,15.143679964279906,44,0.7954545454545454,30.302800527711923,9.487138634318365,15-30m
yaw,1.0,scene-0103_037,Car,vehicle,11.887508673045495,101,0.9900990099009901,28.664622159008616,14.359753628010408,<15m
yaw,2.0,scene-0103_037,Car,vehicle,26.891440957860134,28,0.75,51.08939485684917,7.298226351112553,15-30m
yaw,2.0,scene-0103_037,Car,vehicle,22.781799707959205,21,0.7619047619047619,47.85508399047658,8.03840403629452,15-30m
yaw,2.0,scene-0103_037,Car,vehicle,12.364035710646965,79,0.9367088607594937,49.13820793653569,13.939730365530972,<15m
yaw,2.0,scene-0103_037,Car,vehicle,15.143679964279906,44,0.6590909090909091,60.925965656107266,9.487138634318365,15-30m
yaw,2.0,scene-0103_037,Car,vehicle,11.887508673045495,101,0.9207920792079208,56.82965603206612,14.359753628010408,<15m
yaw,3.0,scene-0103_037,Car,vehicle,26.891440957860134,28,0.42857142857142855,77.17805766290759,7.298226351112553,15-30m
yaw,3.0,scene-0103_037,Car,vehicle,22.781799707959205,21,0.6666666666666666,71.46863531546167,8.03840403629452,15-30m
yaw,3.0,scene-0103_037,Car,vehicle,12.364035710646965,79,0.8734177215189873,74.09047617985459,13.939730365530972,<15m
yaw,3.0,scene-0103_037,Car,vehicle,15.143679964279906,44,0.4772727272727273,90.98206298653166,9.487138634318365,15-30m
yaw,3.0,scene-0103_037,Car,vehicle,11.887508673045495,101,0.8811881188118812,84.5258786506216,14.359753628010408,<15m
pitch,0.25,scene-0103_037,Car,vehicle,26.891440957860134,28,1.0,5.558942518043369,7.298226351112553,15-30m
pitch,0.25,scene-0103_037,Car,vehicle,22.781799707959205,21,1.0,5.63555496562074,8.03840403629452,15-30m
pitch,0.25,scene-0103_037,Car,vehicle,12.364035710646965,79,1.0,5.732807495358128,13.939730365530972,<15m
pitch,0.25,scene-0103_037,Car,vehicle,15.143679964279906,44,1.0,5.6915444872401695,9.487138634318365,15-30m
pitch,0.25,scene-0103_037,Car,vehicle,11.887508673045495,101,0.9900990099009901,5.836867740237625,14.359753628010408,<15m
pitch,0.5,scene-0103_037,Car,vehicle,26.891440957860134,28,1.0,11.120705379260095,7.298226351112553,15-30m
pitch,0.5,scene-0103_037,Car,vehicle,22.781799707959205,21,1.0,11.27510011025416,8.03840403629452,15-30m
pitch,0.5,scene-0103_037,Car,vehicle,12.364035710646965,79,1.0,11.470832737668749,13.939730365530972,<15m
pitch,0.5,scene-0103_037,Car,vehicle,15.143679964279906,44,1.0,11.389439633057684,9.487138634318365,15-30m
pitch,0.5,scene-0103_037,Car,vehicle,11.887508673045495,101,0.9900990099009901,11.680774077626864,14.359753628010408,<15m
pitch,1.0,scene-0103_037,Car,vehicle,26.891440957860134,28,1.0,22.253612349992217,7.298226351112553,15-30m
pitch,1.0,scene-0103_037,Car,vehicle,22.781799707959205,21,1.0,22.567091172647057,8.03840403629452,15-30m
pitch,1.0,scene-0103_037,Car,vehicle,12.364035710646965,79,1.0,22.96364390992803,13.939730365530972,<15m
pitch,1.0,scene-0103_037,Car,vehicle,15.143679964279906,44,1.0,22.805345742645542,9.487138634318365,15-30m
pitch,1.0,scene-0103_037,Car,vehicle,11.887508673045495,101,0.9801980198019802,23.396067214777865,14.359753628010408,<15m
pitch,2.0,scene-0103_037,Car,vehicle,26.891440957860134,28,0.6071428571428571,44.56342272205326,7.298226351112553,15-30m
pitch,2.0,scene-0103_037,Car,vehicle,22.781799707959205,21,0.23809523809523808,45.209229292795754,8.03840403629452,15-30m
pitch,2.0,scene-0103_037,Car,vehicle,12.364035710646965,79,1.0,46.02614014561644,13.939730365530972,<15m
pitch,2.0,scene-0103_037,Car,vehicle,15.143679964279906,44,1.0,45.72513254481541,9.487138634318365,15-30m
pitch,2.0,scene-0103_037,Car,vehicle,11.887508673045495,101,0.9702970297029703,46.906018123585696,14.359753628010408,<15m
pitch,3.0,scene-0103_037,Car,vehicle,26.891440957860134,28,0.6071428571428571,66.94431297094647,7.298226351112553,15-30m
pitch,3.0,scene-0103_037,Car,vehicle,22.781799707959205,21,0.19047619047619047,67.94151211953023,8.03840403629452,15-30m
pitch,3.0,scene-0103_037,Car,vehicle,12.364035710646965,79,0.7721518987341772,69.19984923803607,13.939730365530972,<15m
pitch,3.0,scene-0103_037,Car,vehicle,15.143679964279906,44,0.9545454545454546,68.7767111780625,9.487138634318365,15-30m
pitch,3.0,scene-0103_037,Car,vehicle,11.887508673045495,101,0.900990099009901,70.56972434204653,14.359753628010408,<15m
roll,0.25,scene-0103_037,Car,vehicle,26.891440957860134,28,1.0,2.055311419133775,7.298226351112553,15-30m
roll,0.25,scene-0103_037,Car,vehicle,22.781799707959205,21,1.0,1.4874315797484297,8.03840403629452,15-30m
roll,0.25,scene-0103_037,Car,vehicle,12.364035710646965,79,1.0,1.521500918286067,13.939730365530972,<15m
roll,0.25,scene-0103_037,Car,vehicle,15.143679964279906,44,1.0,3.302801497708918,9.487138634318365,15-30m
roll,0.25,scene-0103_037,Car,vehicle,11.887508673045495,101,1.0,2.8020537909209753,14.359753628010408,<15m
roll,0.5,scene-0103_037,Car,vehicle,26.891440957860134,28,1.0,4.110427090634749,7.298226351112553,15-30m
roll,0.5,scene-0103_037,Car,vehicle,22.781799707959205,21,1.0,2.9749446179725463,8.03840403629452,15-30m
roll,0.5,scene-0103_037,Car,vehicle,12.364035710646965,79,1.0,3.0428931594407813,13.939730365530972,<15m
roll,0.5,scene-0103_037,Car,vehicle,15.143679964279906,44,1.0,6.605107208855722,9.487138634318365,15-30m
roll,0.5,scene-0103_037,Car,vehicle,11.887508673045495,101,1.0,5.60440976609959,14.359753628010408,<15m
roll,1.0,scene-0103_037,Car,vehicle,26.891440957860134,28,1.0,8.220032817503421,7.298226351112553,15-30m
roll,1.0,scene-0103_037,Car,vehicle,22.781799707959205,21,1.0,5.950185949839419,8.03840403629452,15-30m
roll,1.0,scene-0103_037,Car,vehicle,12.364035710646965,79,1.0,6.085323220859123,13.939730365530972,<15m
roll,1.0,scene-0103_037,Car,vehicle,15.143679964279906,44,1.0,13.208169847328849,9.487138634318365,15-30m
roll,1.0,scene-0103_037,Car,vehicle,11.887508673045495,101,1.0,11.209972031482923,14.359753628010408,<15m
roll,2.0,scene-0103_037,Car,vehicle,26.891440957860134,28,1.0,16.43647369111203,7.298226351112553,15-30m
roll,2.0,scene-0103_037,Car,vehicle,22.781799707959205,21,1.0,11.901325561764466,8.03840403629452,15-30m
roll,2.0,scene-0103_037,Car,vehicle,12.364035710646965,79,1.0,12.168567205892868,13.939730365530972,<15m
roll,2.0,scene-0103_037,Car,vehicle,15.143679964279906,44,1.0,26.407671295191964,9.487138634318365,15-30m
roll,2.0,scene-0103_037,Car,vehicle,11.887508673045495,101,1.0,22.42410330279441,14.359753628010408,<15m
roll,3.0,scene-0103_037,Car,vehicle,26.891440957860134,28,0.6428571428571429,24.64871107495422,7.298226351112553,15-30m
roll,3.0,scene-0103_037,Car,vehicle,22.781799707959205,21,1.0,17.852951796917402,8.03840403629452,15-30m
roll,3.0,scene-0103_037,Car,vehicle,12.364035710646965,79,0.8481012658227848,18.24927905451264,13.939730365530972,<15m
roll,3.0,scene-0103_037,Car,vehicle,15.143679964279906,44,0.9545454545454546,39.59752776517679,9.487138634318365,15-30m
roll,3.0,scene-0103_037,Car,vehicle,11.887508673045495,101,1.0,33.641489888238716,14.359753628010408,<15m
t_fwd,0.02,scene-0103_037,Car,vehicle,26.891440957860134,28,1.0,0.377125687707348,7.298226351112553,15-30m
t_fwd,0.02,scene-0103_037,Car,vehicle,22.781799707959205,21,1.0,0.3426668589907019,8.03840403629452,15-30m
t_fwd,0.02,scene-0103_037,Car,vehicle,12.364035710646965,79,1.0,0.6114135423732305,13.939730365530972,<15m
t_fwd,0.02,scene-0103_037,Car,vehicle,15.143679964279906,44,1.0,1.149798041528621,9.487138634318365,15-30m
t_fwd,0.02,scene-0103_037,Car,vehicle,11.887508673045495,101,1.0,1.3953567196866161,14.359753628010408,<15m
t_fwd,0.05,scene-0103_037,Car,vehicle,26.891440957860134,28,1.0,0.9416986366908069,7.298226351112553,15-30m
t_fwd,0.05,scene-0103_037,Car,vehicle,22.781799707959205,21,1.0,0.8553727312667236,8.03840403629452,15-30m
t_fwd,0.05,scene-0103_037,Car,vehicle,12.364035710646965,79,1.0,1.5247946609204914,13.939730365530972,<15m
t_fwd,0.05,scene-0103_037,Car,vehicle,15.143679964279906,44,1.0,2.8679369803059664,9.487138634318365,15-30m
t_fwd,0.05,scene-0103_037,Car,vehicle,11.887508673045495,101,1.0,3.4769083658896816,14.359753628010408,<15m
t_fwd,0.1,scene-0103_037,Car,vehicle,26.891440957860134,28,1.0,1.879690379178359,7.298226351112553,15-30m
t_fwd,0.1,scene-0103_037,Car,vehicle,22.781799707959205,21,1.0,1.7064480835027496,8.03840403629452,15-30m
t_fwd,0.1,scene-0103_037,Car,vehicle,12.364035710646965,79,1.0,3.0372063154468822,13.939730365530972,<15m
t_fwd,0.1,scene-0103_037,Car,vehicle,15.143679964279906,44,1.0,5.714146048493124,9.487138634318365,15-30m
t_fwd,0.1,scene-0103_037,Car,vehicle,11.887508673045495,101,1.0,6.915872807637749,14.359753628010408,<15m
t_fwd,0.2,scene-0103_037,Car,vehicle,26.891440957860134,28,1.0,3.744640418952941,7.298226351112553,15-30m
t_fwd,0.2,scene-0103_037,Car,vehicle,22.781799707959205,21,1.0,3.395835543116809,8.03840403629452,15-30m
t_fwd,0.2,scene-0103_037,Car,vehicle,12.364035710646965,79,1.0,6.025479126297582,13.939730365530972,<15m
t_fwd,0.2,scene-0103_037,Car,vehicle,15.143679964279906,44,1.0,11.342360744526797,9.487138634318365,15-30m
t_fwd,0.2,scene-0103_037,Car,vehicle,11.887508673045495,101,1.0,13.682427617515662,14.359753628010408,<15m
t_left,0.02,scene-0103_037,Car,vehicle,26.891440957860134,28,1.0,1.0050879786260531,7.298226351112553,15-30m
t_left,0.02,scene-0103_037,Car,vehicle,22.781799707959205,21,1.0,1.2618252227554994,8.03840403629452,15-30m
t_left,0.02,scene-0103_037,Car,vehicle,12.364035710646965,79,1.0,2.3142810409536163,13.939730365530972,<15m
t_left,0.02,scene-0103_037,Car,vehicle,15.143679964279906,44,1.0,1.9028321646496735,9.487138634318365,15-30m
t_left,0.02,scene-0103_037,Car,vehicle,11.887508673045495,101,1.0,2.715232886121421,14.359753628010408,<15m
t_left,0.05,scene-0103_037,Car,vehicle,26.891440957860134,28,1.0,2.5126877826716094,7.298226351112553,15-30m
t_left,0.05,scene-0103_037,Car,vehicle,22.781799707959205,21,1.0,3.154512694710483,8.03840403629452,15-30m
t_left,0.05,scene-0103_037,Car,vehicle,12.364035710646965,79,1.0,5.785532087526101,13.939730365530972,<15m
t_left,0.05,scene-0103_037,Car,vehicle,15.143679964279906,44,0.9772727272727273,4.728397748753233,9.487138634318365,15-30m
t_left,0.05,scene-0103_037,Car,vehicle,11.887508673045495,101,1.0,6.787849851749527,14.359753628010408,<15m
t_left,0.1,scene-0103_037,Car,vehicle,26.891440957860134,28,1.0,5.025268356024293,7.298226351112553,15-30m
t_left,0.1,scene-0103_037,Car,vehicle,22.781799707959205,21,0.9523809523809523,6.308857522640362,8.03840403629452,15-30m
t_left,0.1,scene-0103_037,Car,vehicle,12.364035710646965,79,1.0,11.570495836859807,13.939730365530972,<15m
t_left,0.1,scene-0103_037,Car,vehicle,15.143679964279906,44,0.9090909090909091,9.453200781583217,9.487138634318365,15-30m
t_left,0.1,scene-0103_037,Car,vehicle,11.887508673045495,101,1.0,13.57492522901949,14.359753628010408,<15m
t_left,0.2,scene-0103_037,Car,vehicle,26.891440957860134,28,1.0,10.050107902217459,7.298226351112553,15-30m
t_left,0.2,scene-0103_037,Car,vehicle,22.781799707959205,21,0.9523809523809523,12.6170436317529,8.03840403629452,15-30m
t_left,0.2,scene-0103_037,Car,vehicle,12.364035710646965,79,1.0,23.1387186558999,13.939730365530972,<15m
t_left,0.2,scene-0103_037,Car,vehicle,15.143679964279906,44,0.8409090909090909,18.67114977285051,9.487138634318365,15-30m
t_left,0.2,scene-0103_037,Car,vehicle,11.887508673045495,101,1.0,27.1467530902517,14.359753628010408,<15m
t_up,0.02,scene-0103_037,Car,vehicle,26.891440957860134,28,1.0,1.0100282504487827,7.298226351112553,15-30m
t_up,0.02,scene-0103_037,Car,vehicle,22.781799707959205,21,1.0,1.2610664318621045,8.03840403629452,15-30m
t_up,0.02,scene-0103_037,Car,vehicle,12.364035710646965,79,1.0,2.329984598802585,13.939730365530972,<15m
t_up,0.02,scene-0103_037,Car,vehicle,15.143679964279906,44,1.0,1.9220194388193845,9.487138634318365,15-30m
t_up,0.02,scene-0103_037,Car,vehicle,11.887508673045495,101,1.0,2.7015609715999997,14.359753628010408,<15m
t_up,0.05,scene-0103_037,Car,vehicle,26.891440957860134,28,1.0,2.524907076347289,7.298226351112553,15-30m
t_up,0.05,scene-0103_037,Car,vehicle,22.781799707959205,21,1.0,3.1524114049159326,8.03840403629452,15-30m
t_up,0.05,scene-0103_037,Car,vehicle,12.364035710646965,79,1.0,5.824092932471411,13.939730365530972,<15m
t_up,0.05,scene-0103_037,Car,vehicle,15.143679964279906,44,1.0,4.804457991186732,9.487138634318365,15-30m
t_up,0.05,scene-0103_037,Car,vehicle,11.887508673045495,101,1.0,6.752731488100752,14.359753628010408,<15m
t_up,0.1,scene-0103_037,Car,vehicle,26.891440957860134,28,1.0,5.049269080930793,7.298226351112553,15-30m
t_up,0.1,scene-0103_037,Car,vehicle,22.781799707959205,21,1.0,6.303974076878989,8.03840403629452,15-30m
t_up,0.1,scene-0103_037,Car,vehicle,12.364035710646965,79,1.0,11.64529180076054,13.939730365530972,<15m
t_up,0.1,scene-0103_037,Car,vehicle,15.143679964279906,44,1.0,9.606947941334965,9.487138634318365,15-30m
t_up,0.1,scene-0103_037,Car,vehicle,11.887508673045495,101,1.0,13.501561643872707,14.359753628010408,<15m
t_up,0.2,scene-0103_037,Car,vehicle,26.891440957860134,28,1.0,10.096358580667737,7.298226351112553,15-30m
t_up,0.2,scene-0103_037,Car,vehicle,22.781799707959205,21,1.0,12.604554592618591,8.03840403629452,15-30m
t_up,0.2,scene-0103_037,Car,vehicle,12.364035710646965,79,0.8354430379746836,23.27901596908562,13.939730365530972,<15m
t_up,0.2,scene-0103_037,Car,vehicle,15.143679964279906,44,1.0,19.206028553703312,9.487138634318365,15-30m
t_up,0.2,scene-0103_037,Car,vehicle,11.887508673045495,101,0.8415841584158416,26.98753147438853,14.359753628010408,<15m
none,0.0,scene-0103_038,Bicycle,vru,16.07720309642088,10,1.0,0.0,5.321139132977098,15-30m
none,0.0,scene-0103_038,Car,vehicle,23.095564351365592,48,1.0,0.0,9.538386693584549,15-30m
none,0.0,scene-0103_038,Car,vehicle,18.808923404225588,55,1.0,0.0,10.797190972835578,15-30m
none,0.0,scene-0103_038,Car,vehicle,5.651548694600662,200,0.995,0.0,17.57494787443746,<15m
none,0.0,scene-0103_038,Car,vehicle,27.36449717611583,11,1.0,0.0,7.657523960289375,15-30m
none,0.0,scene-0103_038,Car,vehicle,24.553023228197738,13,1.0,0.0,6.008954357419829,15-30m
none,0.0,scene-0103_038,Car,vehicle,8.384253721097297,20,1.0,0.0,5.090583102112644,<15m
yaw,0.25,scene-0103_038,Bicycle,vru,16.07720309642088,10,1.0,7.012649263951873,5.321139132977098,15-30m
yaw,0.25,scene-0103_038,Car,vehicle,23.095564351365592,48,1.0,6.536321319216956,9.538386693584549,15-30m
yaw,0.25,scene-0103_038,Car,vehicle,18.808923404225588,55,1.0,6.281759091129512,10.797190972835578,15-30m
yaw,0.25,scene-0103_038,Car,vehicle,5.651548694600662,200,0.975,7.641842937262077,17.57494787443746,<15m
yaw,0.25,scene-0103_038,Car,vehicle,27.36449717611583,11,1.0,6.188734982009138,7.657523960289375,15-30m
yaw,0.25,scene-0103_038,Car,vehicle,24.553023228197738,13,1.0,5.872156796616041,6.008954357419829,15-30m
yaw,0.25,scene-0103_038,Car,vehicle,8.384253721097297,20,1.0,7.696674232231145,5.090583102112644,<15m
yaw,0.5,scene-0103_038,Bicycle,vru,16.07720309642088,10,1.0,13.994661296941857,5.321139132977098,15-30m
yaw,0.5,scene-0103_038,Car,vehicle,23.095564351365592,48,1.0,13.096841569497244,9.538386693584549,15-30m
yaw,0.5,scene-0103_038,Car,vehicle,18.808923404225588,55,1.0,12.544563467651127,10.797190972835578,15-30m
yaw,0.5,scene-0103_038,Car,vehicle,5.651548694600662,200,0.95,15.289522955269986,17.57494787443746,<15m
yaw,0.5,scene-0103_038,Car,vehicle,27.36449717611583,11,1.0,12.3961058729976,7.657523960289375,15-30m
yaw,0.5,scene-0103_038,Car,vehicle,24.553023228197738,13,1.0,11.732523331402561,6.008954357419829,15-30m
yaw,0.5,scene-0103_038,Car,vehicle,8.384253721097297,20,1.0,15.353372877722727,5.090583102112644,<15m
yaw,1.0,scene-0103_038,Bicycle,vru,16.07720309642088,10,0.9,27.86866683981777,5.321139132977098,15-30m
yaw,1.0,scene-0103_038,Car,vehicle,23.095564351365592,48,0.9791666666666666,26.29205277779875,9.538386693584549,15-30m
yaw,1.0,scene-0103_038,Car,vehicle,18.808923404225588,55,0.9636363636363636,25.01463352974585,10.797190972835578,15-30m
yaw,1.0,scene-0103_038,Car,vehicle,5.651548694600662,200,0.87,30.46293262571205,17.57494787443746,<15m
yaw,1.0,scene-0103_038,Car,vehicle,27.36449717611583,11,1.0,24.868065358480436,7.657523960289375,15-30m
yaw,1.0,scene-0103_038,Car,vehicle,24.553023228197738,13,1.0,23.418940232955638,6.008954357419829,15-30m
yaw,1.0,scene-0103_038,Car,vehicle,8.384253721097297,20,1.0,30.549313111464997,5.090583102112644,<15m
yaw,2.0,scene-0103_038,Bicycle,vru,16.07720309642088,10,0.5,55.26950256428961,5.321139132977098,15-30m
yaw,2.0,scene-0103_038,Car,vehicle,23.095564351365592,48,0.9166666666666666,52.989211566500686,9.538386693584549,15-30m
yaw,2.0,scene-0103_038,Car,vehicle,18.808923404225588,55,0.9272727272727272,49.74170928751305,10.797190972835578,15-30m
yaw,2.0,scene-0103_038,Car,vehicle,5.651548694600662,200,0.77,60.60485462407151,17.57494787443746,<15m
yaw,2.0,scene-0103_038,Car,vehicle,27.36449717611583,11,1.0,50.05022351951292,7.657523960289375,15-30m
yaw,2.0,scene-0103_038,Car,vehicle,24.553023228197738,13,0.6923076923076923,46.661786247427486,6.008954357419829,15-30m
yaw,2.0,scene-0103_038,Car,vehicle,8.384253721097297,20,0.7,60.48813400878966,5.090583102112644,<15m
yaw,3.0,scene-0103_038,Bicycle,vru,16.07720309642088,10,0.1,82.2311273105631,5.321139132977098,15-30m
yaw,3.0,scene-0103_038,Car,vehicle,23.095564351365592,48,0.8125,80.11726626661267,9.538386693584549,15-30m
yaw,3.0,scene-0103_038,Car,vehicle,18.808923404225588,55,0.8727272727272727,74.20154781197085,10.797190972835578,15-30m
yaw,3.0,scene-0103_038,Car,vehicle,5.651548694600662,200,0.655,90.94123219217711,17.57494787443746,<15m
yaw,3.0,scene-0103_038,Car,vehicle,27.36449717611583,11,0.8181818181818182,75.5684261778243,7.657523960289375,15-30m
yaw,3.0,scene-0103_038,Car,vehicle,24.553023228197738,13,0.46153846153846156,69.7449166832799,6.008954357419829,15-30m
yaw,3.0,scene-0103_038,Car,vehicle,8.384253721097297,20,0.35,89.85352625909567,5.090583102112644,<15m
pitch,0.25,scene-0103_038,Bicycle,vru,16.07720309642088,10,1.0,5.70002345801366,5.321139132977098,15-30m
pitch,0.25,scene-0103_038,Car,vehicle,23.095564351365592,48,1.0,5.583526035239631,9.538386693584549,15-30m
pitch,0.25,scene-0103_038,Car,vehicle,18.808923404225588,55,1.0,5.666475442267857,10.797190972835578,15-30m
pitch,0.25,scene-0103_038,Car,vehicle,5.651548694600662,200,0.975,6.182159308448595,17.57494787443746,<15m
pitch,0.25,scene-0103_038,Car,vehicle,27.36449717611583,11,1.0,5.556973786729938,7.657523960289375,15-30m
pitch,0.25,scene-0103_038,Car,vehicle,24.553023228197738,13,1.0,5.600234862913709,6.008954357419829,15-30m
pitch,0.25,scene-0103_038,Car,vehicle,8.384253721097297,20,1.0,5.915147285147704,5.090583102112644,<15m
pitch,0.5,scene-0103_038,Bicycle,vru,16.07720309642088,10,1.0,11.404484813056207,5.321139132977098,15-30m
pitch,0.5,scene-0103_038,Car,vehicle,23.095564351365592,48,1.0,11.171228078402237,9.538386693584549,15-30m
pitch,0.5,scene-0103_038,Car,vehicle,18.808923404225588,55,1.0,11.33699895010936,10.797190972835578,15-30m
pitch,0.5,scene-0103_038,Car,vehicle,5.651548694600662,200,0.975,12.377912177906564,17.57494787443746,<15m
pitch,0.5,scene-0103_038,Car,vehicle,27.36449717611583,11,1.0,11.116758960569328,7.657523960289375,15-30m
pitch,0.5,scene-0103_038,Car,vehicle,24.553023228197738,13,1.0,11.203158791488942,6.008954357419829,15-30m
pitch,0.5,scene-0103_038,Car,vehicle,8.384253721097297,20,1.0,11.838434993601755,5.090583102112644,<15m
pitch,1.0,scene-0103_038,Bicycle,vru,16.07720309642088,10,0.9,22.82774536299395,5.321139132977098,15-30m
pitch,1.0,scene-0103_038,Car,vehicle,23.095564351365592,48,1.0,22.36009548449162,9.538386693584549,15-30m
pitch,1.0,scene-0103_038,Car,vehicle,18.808923404225588,55,0.6909090909090909,22.69114902136761,10.797190972835578,15-30m
pitch,1.0,scene-0103_038,Car,vehicle,5.651548694600662,200,0.975,24.81152990956461,17.57494787443746,<15m
pitch,1.0,scene-0103_038,Car,vehicle,27.36449717611583,11,1.0,22.245675024597606,7.657523960289375,15-30m
pitch,1.0,scene-0103_038,Car,vehicle,24.553023228197738,13,0.7692307692307693,22.417980722405233,6.008954357419829,15-30m
pitch,1.0,scene-0103_038,Car,vehicle,8.384253721097297,20,0.95,23.710602541688637,5.090583102112644,<15m
pitch,2.0,scene-0103_038,Bicycle,vru,16.07720309642088,10,0.6,45.73883390434528,5.321139132977098,15-30m
pitch,2.0,scene-0103_038,Car,vehicle,23.095564351365592,48,0.8958333333333334,44.798272893603496,9.538386693584549,15-30m
pitch,2.0,scene-0103_038,Car,vehicle,18.808923404225588,55,0.6909090909090909,45.45861604123524,10.797190972835578,15-30m
pitch,2.0,scene-0103_038,Car,vehicle,5.651548694600662,200,0.915,49.65315398850579,17.57494787443746,<15m
pitch,2.0,scene-0103_038,Car,vehicle,27.36449717611583,11,0.5454545454545454,44.54730067795688,7.657523960289375,15-30m
pitch,2.0,scene-0103_038,Car,vehicle,24.553023228197738,13,0.23076923076923078,44.889898108488836,6.008954357419829,15-30m
pitch,2.0,scene-0103_038,Car,vehicle,8.384253721097297,20,0.95,47.58750037881464,5.090583102112644,<15m
pitch,3.0,scene-0103_038,Bicycle,vru,16.07720309642088,10,0.2,68.74989590649838,5.321139132977098,15-30m
pitch,3.0,scene-0103_038,Car,vehicle,23.095564351365592,48,0.4791666666666667,67.32971577466466,9.538386693584549,15-30m
pitch,3.0,scene-0103_038,Car,vehicle,18.808923404225588,55,0.34545454545454546,68.31796411869,10.797190972835578,15-30m
pitch,3.0,scene-0103_038,Car,vehicle,5.651548694600662,200,0.9,74.80609034268458,17.57494787443746,<15m
pitch,3.0,scene-0103_038,Car,vehicle,27.36449717611583,11,0.18181818181818182,66.9196194112387,7.657523960289375,15-30m
pitch,3.0,scene-0103_038,Car,vehicle,24.553023228197738,13,0.23076923076923078,67.4304164342943,6.008954357419829,15-30m
pitch,3.0,scene-0103_038,Car,vehicle,8.384253721097297,20,0.9,71.58413953080796,5.090583102112644,<15m
roll,0.25,scene-0103_038,Bicycle,vru,16.07720309642088,10,1.0,2.698457339448817,5.321139132977098,15-30m
roll,0.25,scene-0103_038,Car,vehicle,23.095564351365592,48,1.0,2.331266765498871,9.538386693584549,15-30m
roll,0.25,scene-0103_038,Car,vehicle,18.808923404225588,55,1.0,1.8449431242227474,10.797190972835578,15-30m
roll,0.25,scene-0103_038,Car,vehicle,5.651548694600662,200,0.995,3.2116584541944437,17.57494787443746,<15m
roll,0.25,scene-0103_038,Car,vehicle,27.36449717611583,11,1.0,1.9117125716567125,7.657523960289375,15-30m
roll,0.25,scene-0103_038,Car,vehicle,24.553023228197738,13,1.0,1.2151873119119456,6.008954357419829,15-30m
roll,0.25,scene-0103_038,Car,vehicle,8.384253721097297,20,1.0,3.2050504469341083,5.090583102112644,<15m
roll,0.5,scene-0103_038,Bicycle,vru,16.07720309642088,10,1.0,5.397197732438892,5.321139132977098,15-30m
roll,0.5,scene-0103_038,Car,vehicle,23.095564351365592,48,1.0,4.6622836537359955,9.538386693584549,15-30m
roll,0.5,scene-0103_038,Car,vehicle,18.808923404225588,55,1.0,3.6900164168771483,10.797190972835578,15-30m
roll,0.5,scene-0103_038,Car,vehicle,5.651548694600662,200,0.995,6.422842076402828,17.57494787443746,<15m
roll,0.5,scene-0103_038,Car,vehicle,27.36449717611583,11,1.0,3.8232562341343734,7.657523960289375,15-30m
roll,0.5,scene-0103_038,Car,vehicle,24.553023228197738,13,1.0,2.4304295681020514,6.008954357419829,15-30m
roll,0.5,scene-0103_038,Car,vehicle,8.384253721097297,20,1.0,6.410506784306593,5.090583102112644,<15m
roll,1.0,scene-0103_038,Bicycle,vru,16.07720309642088,10,1.0,10.795473830014803,5.321139132977098,15-30m
roll,1.0,scene-0103_038,Car,vehicle,23.095564351365592,48,1.0,9.323524490713584,9.538386693584549,15-30m
roll,1.0,scene-0103_038,Car,vehicle,18.808923404225588,55,1.0,7.380517287293303,10.797190972835578,15-30m
roll,1.0,scene-0103_038,Car,vehicle,5.651548694600662,200,0.995,12.843722040877633,17.57494787443746,<15m
roll,1.0,scene-0103_038,Car,vehicle,27.36449717611583,11,1.0,7.645801522827857,7.657523960289375,15-30m
roll,1.0,scene-0103_038,Car,vehicle,24.553023228197738,13,1.0,4.861055352438425,6.008954357419829,15-30m
roll,1.0,scene-0103_038,Car,vehicle,8.384253721097297,20,1.0,12.822572890005812,5.090583102112644,<15m
roll,2.0,scene-0103_038,Bicycle,vru,16.07720309642088,10,1.0,21.594829529023052,5.321139132977098,15-30m
roll,2.0,scene-0103_038,Car,vehicle,23.095564351365592,48,0.8333333333333334,18.642531887950785,9.538386693584549,15-30m
roll,2.0,scene-0103_038,Car,vehicle,18.808923404225588,55,1.0,14.76268225809545,10.797190972835578,15-30m
roll,2.0,scene-0103_038,Car,vehicle,5.651548694600662,200,0.945,25.53283403859375,17.57494787443746,<15m
roll,2.0,scene-0103_038,Car,vehicle,27.36449717611583,11,1.0,15.288477218452504,7.657523960289375,15-30m
roll,2.0,scene-0103_038,Car,vehicle,24.553023228197738,13,1.0,9.72270692423939,6.008954357419829,15-30m
roll,2.0,scene-0103_038,Car,vehicle,8.384253721097297,20,1.0,25.6508679983837,5.090583102112644,<15m
roll,3.0,scene-0103_038,Bicycle,vru,16.07720309642088,10,0.6,32.397201660393875,5.321139132977098,15-30m
roll,3.0,scene-0103_038,Car,vehicle,23.095564351365592,48,0.7916666666666666,27.95633236570488,9.538386693584549,15-30m
roll,3.0,scene-0103_038,Car,vehicle,18.808923404225588,55,0.7818181818181819,22.145913615263648,10.797190972835578,15-30m
roll,3.0,scene-0103_038,Car,vehicle,5.651548694600662,200,0.88,38.26493462572984,17.57494787443746,<15m
roll,3.0,scene-0103_038,Car,vehicle,27.36449717611583,11,1.0,22.92746421792174,7.657523960289375,15-30m
roll,3.0,scene-0103_038,Car,vehicle,24.553023228197738,13,0.7692307692307693,14.584576982638206,6.008954357419829,15-30m
roll,3.0,scene-0103_038,Car,vehicle,8.384253721097297,20,1.0,38.483851957337706,5.090583102112644,<15m
t_fwd,0.02,scene-0103_038,Bicycle,vru,16.07720309642088,10,1.0,0.8544119640728514,5.321139132977098,15-30m
t_fwd,0.02,scene-0103_038,Car,vehicle,23.095564351365592,48,1.0,0.5121710217632007,9.538386693584549,15-30m
t_fwd,0.02,scene-0103_038,Car,vehicle,18.808923404225588,55,1.0,0.5334322422851553,10.797190972835578,15-30m
t_fwd,0.02,scene-0103_038,Car,vehicle,5.651548694600662,200,1.0,2.9172025471355636,17.57494787443746,<15m
t_fwd,0.02,scene-0103_038,Car,vehicle,27.36449717611583,11,1.0,0.34586693733376844,7.657523960289375,15-30m
t_fwd,0.02,scene-0103_038,Car,vehicle,24.553023228197738,13,1.0,0.25194152564112354,6.008954357419829,15-30m
t_fwd,0.02,scene-0103_038,Car,vehicle,8.384253721097297,20,1.0,1.8691546928899512,5.090583102112644,<15m
t_fwd,0.05,scene-0103_038,Bicycle,vru,16.07720309642088,10,1.0,2.1315983848714115,5.321139132977098,15-30m
t_fwd,0.05,scene-0103_038,Car,vehicle,23.095564351365592,48,1.0,1.2786060047437786,9.538386693584549,15-30m
t_fwd,0.05,scene-0103_038,Car,vehicle,18.808923404225588,55,1.0,1.3310688387187004,10.797190972835578,15-30m
t_fwd,0.05,scene-0103_038,Car,vehicle,5.651548694600662,200,1.0,7.248781689778729,17.57494787443746,<15m
t_fwd,0.05,scene-0103_038,Car,vehicle,27.36449717611583,11,1.0,0.8636249948968138,7.657523960289375,15-30m
t_fwd,0.05,scene-0103_038,Car,vehicle,24.553023228197738,13,1.0,0.6290030091691082,6.008954357419829,15-30m
t_fwd,0.05,scene-0103_038,Car,vehicle,8.384253721097297,20,1.0,4.655048535517094,5.090583102112644,<15m
t_fwd,0.1,scene-0103_038,Bicycle,vru,16.07720309642088,10,1.0,4.248506463414313,5.321139132977098,15-30m
t_fwd,0.1,scene-0103_038,Car,vehicle,23.095564351365592,48,1.0,2.5511631707682962,9.538386693584549,15-30m
t_fwd,0.1,scene-0103_038,Car,vehicle,18.808923404225588,55,1.0,2.653807041220607,10.797190972835578,15-30m
t_fwd,0.1,scene-0103_038,Car,vehicle,5.651548694600662,200,1.0,14.35250776970987,17.57494787443746,<15m
t_fwd,0.1,scene-0103_038,Car,vehicle,27.36449717611583,11,1.0,1.72378664186309,7.657523960289375,15-30m
t_fwd,0.1,scene-0103_038,Car,vehicle,24.553023228197738,13,1.0,1.2551801946338248,6.008954357419829,15-30m
t_fwd,0.1,scene-0103_038,Car,vehicle,8.384253721097297,20,1.0,9.251237884959263,5.090583102112644,<15m
t_fwd,0.2,scene-0103_038,Bicycle,vru,16.07720309642088,10,1.0,8.438855010725252,5.321139132977098,15-30m
t_fwd,0.2,scene-0103_038,Car,vehicle,23.095564351365592,48,1.0,5.078301974546292,9.538386693584549,15-30m
t_fwd,0.2,scene-0103_038,Car,vehicle,18.808923404225588,55,1.0,5.27460242092556,10.797190972835578,15-30m
t_fwd,0.2,scene-0103_038,Car,vehicle,5.651548694600662,200,1.0,28.141867921405645,17.57494787443746,<15m
t_fwd,0.2,scene-0103_038,Car,vehicle,27.36449717611583,11,1.0,3.433802892397178,7.657523960289375,15-30m
t_fwd,0.2,scene-0103_038,Car,vehicle,24.553023228197738,13,1.0,2.499132924603226,6.008954357419829,15-30m
t_fwd,0.2,scene-0103_038,Car,vehicle,8.384253721097297,20,1.0,18.27144865932713,5.090583102112644,<15m
t_left,0.02,scene-0103_038,Bicycle,vru,16.07720309642088,10,1.0,1.7505120734169224,5.321139132977098,15-30m
t_left,0.02,scene-0103_038,Car,vehicle,23.095564351365592,48,1.0,1.1983011543753697,9.538386693584549,15-30m
t_left,0.02,scene-0103_038,Car,vehicle,18.808923404225588,55,1.0,1.584366595994301,10.797190972835578,15-30m
t_left,0.02,scene-0103_038,Car,vehicle,5.651548694600662,200,0.985,5.065242888536671,17.57494787443746,<15m
t_left,0.02,scene-0103_038,Car,vehicle,27.36449717611583,11,1.0,1.004310752111868,7.657523960289375,15-30m
t_left,0.02,scene-0103_038,Car,vehicle,24.553023228197738,13,1.0,1.1312928817800572,6.008954357419829,15-30m
t_left,0.02,scene-0103_038,Car,vehicle,8.384253721097297,20,1.0,3.233789066968507,5.090583102112644,<15m
t_left,0.05,scene-0103_038,Bicycle,vru,16.07720309642088,10,1.0,4.3761822676842055,5.321139132977098,15-30m
t_left,0.05,scene-0103_038,Car,vehicle,23.095564351365592,48,1.0,2.995706527071653,9.538386693584549,15-30m
t_left,0.05,scene-0103_038,Car,vehicle,18.808923404225588,55,1.0,3.9608361668583933,10.797190972835578,15-30m
t_left,0.05,scene-0103_038,Car,vehicle,5.651548694600662,200,0.955,12.595044502283722,17.57494787443746,<15m
t_left,0.05,scene-0103_038,Car,vehicle,27.36449717611583,11,1.0,2.51074436612782,7.657523960289375,15-30m
t_left,0.05,scene-0103_038,Car,vehicle,24.553023228197738,13,1.0,2.8281912038821777,6.008954357419829,15-30m
t_left,0.05,scene-0103_038,Car,vehicle,8.384253721097297,20,1.0,8.084138856624467,5.090583102112644,<15m
t_left,0.1,scene-0103_038,Bicycle,vru,16.07720309642088,10,1.0,8.752038168648214,5.321139132977098,15-30m
t_left,0.1,scene-0103_038,Car,vehicle,23.095564351365592,48,1.0,5.991258530964736,9.538386693584549,15-30m
t_left,0.1,scene-0103_038,Car,vehicle,18.808923404225588,55,1.0,7.9214046044360344,10.797190972835578,15-30m
t_left,0.1,scene-0103_038,Car,vehicle,5.651548694600662,200,0.905,24.914518985847643,17.57494787443746,<15m
t_left,0.1,scene-0103_038,Car,vehicle,27.36449717611583,11,1.0,5.021380355492127,7.657523960289375,15-30m
t_left,0.1,scene-0103_038,Car,vehicle,24.553023228197738,13,1.0,5.656245744488649,6.008954357419829,15-30m
t_left,0.1,scene-0103_038,Car,vehicle,8.384253721097297,20,1.0,16.167165133102422,5.090583102112644,<15m
t_left,0.2,scene-0103_038,Bicycle,vru,16.07720309642088,10,1.0,17.502771016450204,5.321139132977098,15-30m
t_left,0.2,scene-0103_038,Car,vehicle,23.095564351365592,48,1.0,11.981899017036191,9.538386693584549,15-30m
t_left,0.2,scene-0103_038,Car,vehicle,18.808923404225588,55,1.0,15.841738400323967,10.797190972835578,15-30m
t_left,0.2,scene-0103_038,Car,vehicle,5.651548694600662,200,0.81,48.73185218650998,17.57494787443746,<15m
t_left,0.2,scene-0103_038,Car,vehicle,27.36449717611583,11,1.0,10.042327231997414,7.657523960289375,15-30m
t_left,0.2,scene-0103_038,Car,vehicle,24.553023228197738,13,1.0,11.311944875495147,6.008954357419829,15-30m
t_left,0.2,scene-0103_038,Car,vehicle,8.384253721097297,20,1.0,32.32988086421445,5.090583102112644,<15m
t_up,0.02,scene-0103_038,Bicycle,vru,16.07720309642088,10,1.0,1.7473889786784547,5.321139132977098,15-30m
t_up,0.02,scene-0103_038,Car,vehicle,23.095564351365592,48,1.0,1.2055482724853155,9.538386693584549,15-30m
t_up,0.02,scene-0103_038,Car,vehicle,18.808923404225588,55,1.0,1.5821525080424494,10.797190972835578,15-30m
t_up,0.02,scene-0103_038,Car,vehicle,5.651548694600662,200,1.0,5.137909361041386,17.57494787443746,<15m
t_up,0.02,scene-0103_038,Car,vehicle,27.36449717611583,11,1.0,1.0101645899288445,7.657523960289375,15-30m
t_up,0.02,scene-0103_038,Car,vehicle,24.553023228197738,13,1.0,1.127610537933297,6.008954357419829,15-30m
t_up,0.02,scene-0103_038,Car,vehicle,8.384253721097297,20,1.0,3.225117658905016,5.090583102112644,<15m
t_up,0.05,scene-0103_038,Bicycle,vru,16.07720309642088,10,1.0,4.367982434933395,5.321139132977098,15-30m
t_up,0.05,scene-0103_038,Car,vehicle,23.095564351365592,48,1.0,3.013636851041751,9.538386693584549,15-30m
t_up,0.05,scene-0103_038,Car,vehicle,18.808923404225588,55,1.0,3.9549783705622836,10.797190972835578,15-30m
t_up,0.05,scene-0103_038,Car,vehicle,5.651548694600662,200,1.0,12.84055815313444,17.57494787443746,<15m
t_up,0.05,scene-0103_038,Car,vehicle,27.36449717611583,11,1.0,2.5252475091516415,7.657523960289375,15-30m
t_up,0.05,scene-0103_038,Car,vehicle,24.553023228197738,13,1.0,2.8188214524008064,6.008954357419829,15-30m
t_up,0.05,scene-0103_038,Car,vehicle,8.384253721097297,20,1.0,8.061125327402708,5.090583102112644,<15m
t_up,0.1,scene-0103_038,Bicycle,vru,16.07720309642088,10,1.0,8.734331985825621,5.321139132977098,15-30m
t_up,0.1,scene-0103_038,Car,vehicle,23.095564351365592,48,1.0,6.026494429416928,9.538386693584549,15-30m
t_up,0.1,scene-0103_038,Car,vehicle,18.808923404225588,55,1.0,7.908614107381472,10.797190972835578,15-30m
t_up,0.1,scene-0103_038,Car,vehicle,5.651548694600662,200,0.985,25.66707776408897,17.57494787443746,<15m
t_up,0.1,scene-0103_038,Car,vehicle,27.36449717611583,11,1.0,5.049948560685942,7.657523960289375,15-30m
t_up,0.1,scene-0103_038,Car,vehicle,24.553023228197738,13,1.0,5.636960062384424,6.008954357419829,15-30m
t_up,0.1,scene-0103_038,Car,vehicle,8.384253721097297,20,1.0,16.116690991209055,5.090583102112644,<15m
t_up,0.2,scene-0103_038,Bicycle,vru,16.07720309642088,10,0.8,17.46213609677752,5.321139132977098,15-30m
t_up,0.2,scene-0103_038,Car,vehicle,23.095564351365592,48,1.0,12.049872976891642,9.538386693584549,15-30m
t_up,0.2,scene-0103_038,Car,vehicle,18.808923404225588,55,1.0,15.81186041364182,10.797190972835578,15-30m
t_up,0.2,scene-0103_038,Car,vehicle,5.651548694600662,200,0.885,51.278093348653734,17.57494787443746,<15m
t_up,0.2,scene-0103_038,Car,vehicle,27.36449717611583,11,1.0,10.097712000262439,7.657523960289375,15-30m
t_up,0.2,scene-0103_038,Car,vehicle,24.553023228197738,13,1.0,11.271189747346185,6.008954357419829,15-30m
t_up,0.2,scene-0103_038,Car,vehicle,8.384253721097297,20,1.0,32.211166318998664,5.090583102112644,<15m
none,0.0,scene-0103_039,Car,vehicle,19.370353141129005,73,1.0,0.0,13.230070380701173,15-30m
none,0.0,scene-0103_039,Car,vehicle,14.869988766697828,91,1.0,0.0,16.2081355203455,<15m
none,0.0,scene-0103_039,Car,vehicle,23.481043823899753,19,1.0,0.0,9.9391511220757,15-30m
none,0.0,scene-0103_039,Car,vehicle,20.509707786616655,40,1.0,0.0,7.834870871215359,15-30m
yaw,0.25,scene-0103_039,Car,vehicle,19.370353141129005,73,1.0,7.228522232642283,13.230070380701173,15-30m
yaw,0.25,scene-0103_039,Car,vehicle,14.869988766697828,91,0.989010989010989,6.6874678824422755,16.2081355203455,<15m
yaw,0.25,scene-0103_039,Car,vehicle,23.481043823899753,19,1.0,6.489051454021641,9.9391511220757,15-30m
yaw,0.25,scene-0103_039,Car,vehicle,20.509707786616655,40,1.0,6.078037912774752,7.834870871215359,15-30m
yaw,0.5,scene-0103_039,Car,vehicle,19.370353141129005,73,1.0,14.491566093486124,13.230070380701173,15-30m
yaw,0.5,scene-0103_039,Car,vehicle,14.869988766697828,91,0.989010989010989,13.349778388362624,16.2081355203455,<15m
yaw,0.5,scene-0103_039,Car,vehicle,23.481043823899753,19,1.0,13.001594836931627,9.9391511220757,15-30m
yaw,0.5,scene-0103_039,Car,vehicle,20.509707786616655,40,1.0,12.14059104996947,7.834870871215359,15-30m
yaw,1.0,scene-0103_039,Car,vehicle,19.370353141129005,73,0.9726027397260274,29.05667578827142,13.230070380701173,15-30m
yaw,1.0,scene-0103_039,Car,vehicle,14.869988766697828,91,0.967032967032967,26.600547727487584,16.2081355203455,<15m
yaw,1.0,scene-0103_039,Car,vehicle,23.481043823899753,19,1.0,26.09869480056591,9.9391511220757,15-30m
yaw,1.0,scene-0103_039,Car,vehicle,20.509707786616655,40,1.0,24.220428977857782,7.834870871215359,15-30m
yaw,2.0,scene-0103_039,Car,vehicle,19.370353141129005,73,0.9315068493150684,58.449529376909744,13.230070380701173,15-30m
yaw,2.0,scene-0103_039,Car,vehicle,14.869988766697828,91,0.9120879120879121,52.8177509557362,16.2081355203455,<15m
yaw,2.0,scene-0103_039,Car,vehicle,23.481043823899753,19,1.0,52.5919766633852,9.9391511220757,15-30m
yaw,2.0,scene-0103_039,Car,vehicle,20.509707786616655,40,0.875,48.20718712735582,7.834870871215359,15-30m
yaw,3.0,scene-0103_039,Car,vehicle,19.370353141129005,73,0.8082191780821918,87.87253749747275,13.230070380701173,15-30m
yaw,3.0,scene-0103_039,Car,vehicle,14.869988766697828,91,0.8241758241758241,78.67625167836647,16.2081355203455,<15m
yaw,3.0,scene-0103_039,Car,vehicle,23.481043823899753,19,0.9473684210526315,79.50577915168901,9.9391511220757,15-30m
yaw,3.0,scene-0103_039,Car,vehicle,20.509707786616655,40,0.675,71.97856094406032,7.834870871215359,15-30m
pitch,0.25,scene-0103_039,Car,vehicle,19.370353141129005,73,1.0,5.641362855964146,13.230070380701173,15-30m
pitch,0.25,scene-0103_039,Car,vehicle,14.869988766697828,91,1.0,5.7351450889746145,16.2081355203455,<15m
pitch,0.25,scene-0103_039,Car,vehicle,23.481043823899753,19,1.0,5.596473549162052,9.9391511220757,15-30m
pitch,0.25,scene-0103_039,Car,vehicle,20.509707786616655,40,1.0,5.634352707316081,7.834870871215359,15-30m
pitch,0.5,scene-0103_039,Car,vehicle,19.370353141129005,73,1.0,11.288577463150837,13.230070380701173,15-30m
pitch,0.5,scene-0103_039,Car,vehicle,14.869988766697828,91,1.0,11.47586789297103,16.2081355203455,<15m
pitch,0.5,scene-0103_039,Car,vehicle,23.481043823899753,19,1.0,11.197165233413946,9.9391511220757,15-30m
pitch,0.5,scene-0103_039,Car,vehicle,20.509707786616655,40,1.0,11.27145753382625,7.834870871215359,15-30m
pitch,1.0,scene-0103_039,Car,vehicle,19.370353141129005,73,1.0,22.60156071189011,13.230070380701173,15-30m
pitch,1.0,scene-0103_039,Car,vehicle,14.869988766697828,91,1.0,22.975051752490447,16.2081355203455,<15m
pitch,1.0,scene-0103_039,Car,vehicle,23.481043823899753,19,1.0,22.412157006576535,9.9391511220757,15-30m
pitch,1.0,scene-0103_039,Car,vehicle,20.509707786616655,40,0.8,22.554861257022516,7.834870871215359,15-30m
pitch,2.0,scene-0103_039,Car,vehicle,19.370353141129005,73,0.9178082191780822,45.30879328440727,13.230070380701173,15-30m
pitch,2.0,scene-0103_039,Car,vehicle,14.869988766697828,91,1.0,46.05146630216774,16.2081355203455,<15m
pitch,2.0,scene-0103_039,Car,vehicle,23.481043823899753,19,0.5789473684210527,44.90329515173185,9.9391511220757,15-30m
pitch,2.0,scene-0103_039,Car,vehicle,20.509707786616655,40,0.8,45.16503934710077,7.834870871215359,15-30m
pitch,3.0,scene-0103_039,Car,vehicle,19.370353141129005,73,0.7534246575342466,68.13797734460624,13.230070380701173,15-30m
pitch,3.0,scene-0103_039,Car,vehicle,14.869988766697828,91,0.7032967032967034,69.24562291918866,16.2081355203455,<15m
pitch,3.0,scene-0103_039,Car,vehicle,23.481043823899753,19,0.2631578947368421,67.48882393795374,9.9391511220757,15-30m
pitch,3.0,scene-0103_039,Car,vehicle,20.509707786616655,40,0.575,67.84569875402178,7.834870871215359,15-30m
roll,0.25,scene-0103_039,Car,vehicle,19.370353141129005,73,1.0,3.0087378635690825,13.230070380701173,15-30m
roll,0.25,scene-0103_039,Car,vehicle,14.869988766697828,91,1.0,2.306803437053442,16.2081355203455,<15m
roll,0.25,scene-0103_039,Car,vehicle,23.481043823899753,19,1.0,2.2654346208160976,9.9391511220757,15-30m
roll,0.25,scene-0103_039,Car,vehicle,20.509707786616655,40,1.0,1.5547987214463714,7.834870871215359,15-30m
roll,0.5,scene-0103_039,Car,vehicle,19.370353141129005,73,1.0,6.017064601088415,13.230070380701173,15-30m
roll,0.5,scene-0103_039,Car,vehicle,14.869988766697828,91,1.0,4.6138051912806715,16.2081355203455,<15m
roll,0.5,scene-0103_039,Car,vehicle,23.481043823899753,19,1.0,4.530632461768493,9.9391511220757,15-30m
roll,0.5,scene-0103_039,Car,vehicle,20.509707786616655,40,1.0,3.1096897407384594,7.834870871215359,15-30m
roll,1.0,scene-0103_039,Car,vehicle,19.370353141129005,73,1.0,12.032429252704855,13.230070380701173,15-30m
roll,1.0,scene-0103_039,Car,vehicle,14.869988766697828,91,1.0,9.228357498852931,16.2081355203455,<15m
roll,1.0,scene-0103_039,Car,vehicle,23.481043823899753,19,1.0,9.060275510082127,9.9391511220757,15-30m
roll,1.0,scene-0103_039,Car,vehicle,20.509707786616655,40,1.0,6.2197184423214775,7.834870871215359,15-30m
roll,2.0,scene-0103_039,Car,vehicle,19.370353141129005,73,1.0,24.057616193431198,13.230070380701173,15-30m
roll,2.0,scene-0103_039,Car,vehicle,14.869988766697828,91,1.0,18.459333679853852,16.2081355203455,<15m
roll,2.0,scene-0103_039,Car,vehicle,23.481043823899753,19,1.0,18.116255617711943,9.9391511220757,15-30m
roll,2.0,scene-0103_039,Car,vehicle,20.509707786616655,40,1.0,12.440550621182386,7.834870871215359,15-30m
roll,3.0,scene-0103_039,Car,vehicle,19.370353141129005,73,0.9452054794520548,36.07467880039287,13.230070380701173,15-30m
roll,3.0,scene-0103_039,Car,vehicle,14.869988766697828,91,1.0,27.69218739312733,16.2081355203455,<15m
roll,3.0,scene-0103_039,Car,vehicle,23.481043823899753,19,1.0,27.167266562045043,9.9391511220757,15-30m
roll,3.0,scene-0103_039,Car,vehicle,20.509707786616655,40,1.0,18.6620115875857,7.834870871215359,15-30m
t_fwd,0.02,scene-0103_039,Car,vehicle,19.370353141129005,73,1.0,0.8322636984926236,13.230070380701173,15-30m
t_fwd,0.02,scene-0103_039,Car,vehicle,14.869988766697828,91,1.0,0.8989613296100634,16.2081355203455,<15m
t_fwd,0.02,scene-0103_039,Car,vehicle,23.481043823899753,19,1.0,0.48873506492381186,9.9391511220757,15-30m
t_fwd,0.02,scene-0103_039,Car,vehicle,20.509707786616655,40,1.0,0.39466427661331593,7.834870871215359,15-30m
t_fwd,0.05,scene-0103_039,Car,vehicle,19.370353141129005,73,1.0,2.0769781191347927,13.230070380701173,15-30m
t_fwd,0.05,scene-0103_039,Car,vehicle,14.869988766697828,91,1.0,2.241628775420467,16.2081355203455,<15m
t_fwd,0.05,scene-0103_039,Car,vehicle,23.481043823899753,19,1.0,1.2200604832532502,9.9391511220757,15-30m
t_fwd,0.05,scene-0103_039,Car,vehicle,20.509707786616655,40,1.0,0.9850204948579283,7.834870871215359,15-30m
t_fwd,0.1,scene-0103_039,Car,vehicle,19.370353141129005,73,1.0,4.141743535028065,13.230070380701173,15-30m
t_fwd,0.1,scene-0103_039,Car,vehicle,14.869988766697828,91,1.0,4.4641403802752295,16.2081355203455,<15m
t_fwd,0.1,scene-0103_039,Car,vehicle,23.481043823899753,19,1.0,2.434219957912395,9.9391511220757,15-30m
t_fwd,0.1,scene-0103_039,Car,vehicle,20.509707786616655,40,1.0,1.9645978370908042,7.834870871215359,15-30m
t_fwd,0.2,scene-0103_039,Car,vehicle,19.370353141129005,73,1.0,8.235064605095301,13.230070380701173,15-30m
t_fwd,0.2,scene-0103_039,Car,vehicle,14.869988766697828,91,1.0,8.85278202241758,16.2081355203455,<15m
t_fwd,0.2,scene-0103_039,Car,vehicle,23.481043823899753,19,1.0,4.845006303941146,9.9391511220757,15-30m
t_fwd,0.2,scene-0103_039,Car,vehicle,20.509707786616655,40,1.0,3.9076025427227217,7.834870871215359,15-30m
t_left,0.02,scene-0103_039,Car,vehicle,19.370353141129005,73,1.0,1.5152171807873454,13.230070380701173,15-30m
t_left,0.02,scene-0103_039,Car,vehicle,14.869988766697828,91,1.0,2.1091686890931847,16.2081355203455,<15m
t_left,0.02,scene-0103_039,Car,vehicle,23.481043823899753,19,1.0,1.2144175274683664,9.9391511220757,15-30m
t_left,0.02,scene-0103_039,Car,vehicle,20.509707786616655,40,1.0,1.3901377819030598,7.834870871215359,15-30m
t_left,0.05,scene-0103_039,Car,vehicle,19.370353141129005,73,1.0,3.7879687507247053,13.230070380701173,15-30m
t_left,0.05,scene-0103_039,Car,vehicle,14.869988766697828,91,1.0,5.2727793698743515,16.2081355203455,<15m
t_left,0.05,scene-0103_039,Car,vehicle,23.481043823899753,19,1.0,3.0359962182697933,9.9391511220757,15-30m
t_left,0.05,scene-0103_039,Car,vehicle,20.509707786616655,40,1.0,3.475282523717804,7.834870871215359,15-30m
t_left,0.1,scene-0103_039,Car,vehicle,19.370353141129005,73,1.0,7.575690176889784,13.230070380701173,15-30m
t_left,0.1,scene-0103_039,Car,vehicle,14.869988766697828,91,0.989010989010989,10.545084264381003,16.2081355203455,<15m
t_left,0.1,scene-0103_039,Car,vehicle,23.481043823899753,19,1.0,6.071833775170049,9.9391511220757,15-30m
t_left,0.1,scene-0103_039,Car,vehicle,20.509707786616655,40,1.0,6.950358620446609,7.834870871215359,15-30m
t_left,0.2,scene-0103_039,Car,vehicle,19.370353141129005,73,1.0,15.15039115242503,13.230070380701173,15-30m
t_left,0.2,scene-0103_039,Car,vehicle,14.869988766697828,91,0.978021978021978,21.08827088344323,16.2081355203455,<15m
t_left,0.2,scene-0103_039,Car,vehicle,23.481043823899753,19,1.0,12.143032954609335,9.9391511220757,15-30m
t_left,0.2,scene-0103_039,Car,vehicle,20.509707786616655,40,1.0,13.899891606502036,7.834870871215359,15-30m
t_up,0.02,scene-0103_039,Car,vehicle,19.370353141129005,73,1.0,1.5271586117239333,13.230070380701173,15-30m
t_up,0.02,scene-0103_039,Car,vehicle,14.869988766697828,91,1.0,2.1026505237220907,16.2081355203455,<15m
t_up,0.02,scene-0103_039,Car,vehicle,23.481043823899753,19,1.0,1.2240154381998483,9.9391511220757,15-30m
t_up,0.02,scene-0103_039,Car,vehicle,20.509707786616655,40,1.0,1.3870789007160957,7.834870871215359,15-30m
t_up,0.05,scene-0103_039,Car,vehicle,19.370353141129005,73,1.0,3.8175233368257553,13.230070380701173,15-30m
t_up,0.05,scene-0103_039,Car,vehicle,14.869988766697828,91,1.0,5.255918655173199,16.2081355203455,<15m
t_up,0.05,scene-0103_039,Car,vehicle,23.481043823899753,19,1.0,3.059799179474025,9.9391511220757,15-30m
t_up,0.05,scene-0103_039,Car,vehicle,20.509707786616655,40,1.0,3.4673888838537277,7.834870871215359,15-30m
t_up,0.1,scene-0103_039,Car,vehicle,19.370353141129005,73,1.0,7.633803022908571,13.230070380701173,15-30m
t_up,0.1,scene-0103_039,Car,vehicle,14.869988766697828,91,1.0,10.509479309853,16.2081355203455,<15m
t_up,0.1,scene-0103_039,Car,vehicle,23.481043823899753,19,1.0,6.118800472012485,9.9391511220757,15-30m
t_up,0.1,scene-0103_039,Car,vehicle,20.509707786616655,40,1.0,6.933750118300905,7.834870871215359,15-30m
t_up,0.2,scene-0103_039,Car,vehicle,19.370353141129005,73,1.0,15.262633872949792,13.230070380701173,15-30m
t_up,0.2,scene-0103_039,Car,vehicle,14.869988766697828,91,1.0,21.009532962206396,16.2081355203455,<15m
t_up,0.2,scene-0103_039,Car,vehicle,23.481043823899753,19,1.0,12.234410644321034,9.9391511220757,15-30m
t_up,0.2,scene-0103_039,Car,vehicle,20.509707786616655,40,1.0,13.863391465860833,7.834870871215359,15-30m
none,0.0,scene-1094_000,Car,vehicle,24.921616466250036,33,1.0,0.0,11.510809280311074,15-30m
none,0.0,scene-1094_000,Car,vehicle,7.372609102768565,440,0.9886363636363636,0.0,20.470650868455625,<15m
none,0.0,scene-1094_000,Car,vehicle,30.62223539960789,61,1.0,0.0,14.081037327416993,>30m
none,0.0,scene-1094_000,Pedestrian,vru,13.98238919161485,11,1.0,0.0,5.480609351236865,<15m
yaw,0.25,scene-1094_000,Car,vehicle,24.921616466250036,33,1.0,7.012192880464159,11.510809280311074,15-30m
yaw,0.25,scene-1094_000,Car,vehicle,7.372609102768565,440,0.9886363636363636,6.338790371068977,20.470650868455625,<15m
yaw,0.25,scene-1094_000,Car,vehicle,30.62223539960789,61,1.0,6.271333629669039,14.081037327416993,>30m
yaw,0.25,scene-1094_000,Pedestrian,vru,13.98238919161485,11,1.0,6.185479068201164,5.480609351236865,<15m
yaw,0.5,scene-1094_000,Car,vehicle,24.921616466250036,33,0.9696969696969697,14.054617981324139,11.510809280311074,15-30m
yaw,0.5,scene-1094_000,Car,vehicle,7.372609102768565,440,0.9840909090909091,12.67772619069824,20.470650868455625,<15m
yaw,0.5,scene-1094_000,Car,vehicle,30.62223539960789,61,1.0,12.56100183690405,14.081037327416993,>30m
yaw,0.5,scene-1094_000,Pedestrian,vru,13.98238919161485,11,1.0,12.384800593720236,5.480609351236865,<15m
yaw,1.0,scene-1094_000,Car,vehicle,24.921616466250036,33,0.8484848484848485,28.232081161931283,11.510809280311074,15-30m
yaw,1.0,scene-1094_000,Car,vehicle,7.372609102768565,440,0.9772727272727273,25.35722359883288,20.470650868455625,<15m
yaw,1.0,scene-1094_000,Car,vehicle,30.62223539960789,61,1.0,25.196665176031676,14.081037327416993,>30m
yaw,1.0,scene-1094_000,Pedestrian,vru,13.98238919161485,11,1.0,24.826186779196618,5.480609351236865,<15m
yaw,2.0,scene-1094_000,Car,vehicle,24.921616466250036,33,0.6060606060606061,56.97125130430909,11.510809280311074,15-30m
yaw,2.0,scene-1094_000,Car,vehicle,7.372609102768565,440,0.9181818181818182,50.71262540105994,20.470650868455625,<15m
yaw,2.0,scene-1094_000,Car,vehicle,30.62223539960789,61,0.9672131147540983,50.70275807927318,14.081037327416993,>30m
yaw,2.0,scene-1094_000,Pedestrian,vru,13.98238919161485,11,1.0,49.888587296715784,5.480609351236865,<15m
yaw,3.0,scene-1094_000,Car,vehicle,24.921616466250036,33,0.5151515151515151,86.2500588763576,11.510809280311074,15-30m
yaw,3.0,scene-1094_000,Car,vehicle,7.372609102768565,440,0.8818181818181818,76.0845352024202,20.470650868455625,<15m
yaw,3.0,scene-1094_000,Car,vehicle,30.62223539960789,61,0.9180327868852459,76.54043046450849,14.081037327416993,>30m
yaw,3.0,scene-1094_000,Pedestrian,vru,13.98238919161485,11,0.2727272727272727,75.2073823625029,5.480609351236865,<15m
pitch,0.25,scene-1094_000,Car,vehicle,24.921616466250036,33,1.0,5.7365363795001825,11.510809280311074,15-30m
pitch,0.25,scene-1094_000,Car,vehicle,7.372609102768565,440,0.9886363636363636,6.476987219289041,20.470650868455625,<15m
pitch,0.25,scene-1094_000,Car,vehicle,30.62223539960789,61,1.0,5.676516555334936,14.081037327416993,>30m
pitch,0.25,scene-1094_000,Pedestrian,vru,13.98238919161485,11,1.0,5.893214413147053,5.480609351236865,<15m
pitch,0.5,scene-1094_000,Car,vehicle,24.921616466250036,33,1.0,11.476823281243812,11.510809280311074,15-30m
pitch,0.5,scene-1094_000,Car,vehicle,7.372609102768565,440,0.9886363636363636,12.965211868726204,20.470650868455625,<15m
pitch,0.5,scene-1094_000,Car,vehicle,30.62223539960789,61,1.0,11.355353984214767,14.081037327416993,>30m
pitch,0.5,scene-1094_000,Pedestrian,vru,13.98238919161485,11,1.0,11.792597189306576,5.480609351236865,<15m
pitch,1.0,scene-1094_000,Car,vehicle,24.921616466250036,33,1.0,22.969635300569976,11.510809280311074,15-30m
pitch,1.0,scene-1094_000,Car,vehicle,7.372609102768565,440,0.9886363636363636,25.97670295409656,20.470650868455625,<15m
pitch,1.0,scene-1094_000,Car,vehicle,30.62223539960789,61,0.9016393442622951,22.720940521750535,14.081037327416993,>30m
pitch,1.0,scene-1094_000,Pedestrian,vru,13.98238919161485,11,1.0,23.610900379248037,5.480609351236865,<15m
pitch,2.0,scene-1094_000,Car,vehicle,24.921616466250036,33,0.696969696969697,46.011158264873266,11.510809280311074,15-30m
pitch,2.0,scene-1094_000,Car,vehicle,7.372609102768565,440,0.865909090909091,51.71401355361142,20.470650868455625,<15m
pitch,2.0,scene-1094_000,Car,vehicle,30.62223539960789,61,0.9016393442622951,45.49042953012805,14.081037327416993,>30m
pitch,2.0,scene-1094_000,Pedestrian,vru,13.98238919161485,11,0.8181818181818182,47.33294988179797,5.480609351236865,<15m
pitch,3.0,scene-1094_000,Car,vehicle,24.921616466250036,33,0.21212121212121213,69.14056179001669,11.510809280311074,15-30m
pitch,3.0,scene-1094_000,Car,vehicle,7.372609102768565,440,0.8181818181818182,77.81329491807818,20.470650868455625,<15m
pitch,3.0,scene-1094_000,Car,vehicle,30.62223539960789,61,0.6721311475409836,68.32379087615739,14.081037327416993,>30m
pitch,3.0,scene-1094_000,Pedestrian,vru,13.98238919161485,11,0.8181818181818182,71.18299997604048,5.480609351236865,<15m
roll,0.25,scene-1094_000,Car,vehicle,24.921616466250036,33,1.0,2.682394554870338,11.510809280311074,15-30m
roll,0.25,scene-1094_000,Car,vehicle,7.372609102768565,440,0.9886363636363636,1.1803131953607078,20.470650868455625,<15m
roll,0.25,scene-1094_000,Car,vehicle,30.62223539960789,61,1.0,1.8210625339086337,14.081037327416993,>30m
roll,0.25,scene-1094_000,Pedestrian,vru,13.98238919161485,11,1.0,1.4664448212924228,5.480609351236865,<15m
roll,0.5,scene-1094_000,Car,vehicle,24.921616466250036,33,1.0,5.364669128860557,11.510809280311074,15-30m
roll,0.5,scene-1094_000,Car,vehicle,7.372609102768565,440,0.9863636363636363,2.3606328727594006,20.470650868455625,<15m
roll,0.5,scene-1094_000,Car,vehicle,30.62223539960789,61,1.0,3.642067372653906,14.081037327416993,>30m
roll,0.5,scene-1094_000,Pedestrian,vru,13.98238919161485,11,1.0,2.9328498199806914,5.480609351236865,<15m
roll,1.0,scene-1094_000,Car,vehicle,24.921616466250036,33,1.0,10.728807745948647,11.510809280311074,15-30m
roll,1.0,scene-1094_000,Car,vehicle,7.372609102768565,440,0.9886363636363636,4.721268648238921,20.470650868455625,<15m
roll,1.0,scene-1094_000,Car,vehicle,30.62223539960789,61,1.0,7.283869577183949,14.081037327416993,>30m
roll,1.0,scene-1094_000,Pedestrian,vru,13.98238919161485,11,1.0,5.865512488020273,5.480609351236865,<15m
roll,2.0,scene-1094_000,Car,vehicle,24.921616466250036,33,1.0,21.455089032527784,11.510809280311074,15-30m
roll,2.0,scene-1094_000,Car,vehicle,7.372609102768565,440,0.9863636363636363,9.442364676438284,20.470650868455625,<15m
roll,2.0,scene-1094_000,Car,vehicle,30.62223539960789,61,1.0,14.566403518703105,14.081037327416993,>30m
roll,2.0,scene-1094_000,Pedestrian,vru,13.98238919161485,11,1.0,11.730053569017246,5.480609351236865,<15m
roll,3.0,scene-1094_000,Car,vehicle,24.921616466250036,33,0.7878787878787878,32.17803589329066,11.510809280311074,15-30m
roll,3.0,scene-1094_000,Car,vehicle,7.372609102768565,440,0.9818181818181818,14.162919556074375,20.470650868455625,<15m
roll,3.0,scene-1094_000,Car,vehicle,30.62223539960789,61,0.9344262295081968,21.847052301626324,14.081037327416993,>30m
roll,3.0,scene-1094_000,Pedestrian,vru,13.98238919161485,11,1.0,17.59317792133605,5.480609351236865,<15m
t_fwd,0.02,scene-1094_000,Car,vehicle,24.921616466250036,33,1.0,0.5611012395145307,11.510809280311074,15-30m
t_fwd,0.02,scene-1094_000,Car,vehicle,7.372609102768565,440,0.9886363636363636,0.7553593857347383,20.470650868455625,<15m
t_fwd,0.02,scene-1094_000,Car,vehicle,30.62223539960789,61,1.0,0.29922834274442495,14.081037327416993,>30m
t_fwd,0.02,scene-1094_000,Pedestrian,vru,13.98238919161485,11,1.0,0.49005732675157626,5.480609351236865,<15m
t_fwd,0.05,scene-1094_000,Car,vehicle,24.921616466250036,33,1.0,1.4008308469203816,11.510809280311074,15-30m
t_fwd,0.05,scene-1094_000,Car,vehicle,7.372609102768565,440,0.990909090909091,1.8781228510538361,20.470650868455625,<15m
t_fwd,0.05,scene-1094_000,Car,vehicle,30.62223539960789,61,1.0,0.7472665978950049,14.081037327416993,>30m
t_fwd,0.05,scene-1094_000,Pedestrian,vru,13.98238919161485,11,1.0,1.2224245706377599,5.480609351236865,<15m
t_fwd,0.1,scene-1094_000,Car,vehicle,24.921616466250036,33,1.0,2.7952775488706982,11.510809280311074,15-30m
t_fwd,0.1,scene-1094_000,Car,vehicle,7.372609102768565,440,0.9931818181818182,3.7224864453105,20.470650868455625,<15m
t_fwd,0.1,scene-1094_000,Car,vehicle,30.62223539960789,61,1.0,1.4918600047554273,14.081037327416993,>30m
t_fwd,0.1,scene-1094_000,Pedestrian,vru,13.98238919161485,11,1.0,2.435787990155728,5.480609351236865,<15m
t_fwd,0.2,scene-1094_000,Car,vehicle,24.921616466250036,33,1.0,5.565192296455114,11.510809280311074,15-30m
t_fwd,0.2,scene-1094_000,Car,vehicle,7.372609102768565,440,0.9954545454545455,7.313514187961401,20.470650868455625,<15m
t_fwd,0.2,scene-1094_000,Car,vehicle,30.62223539960789,61,1.0,2.9730844175649658,14.081037327416993,>30m
t_fwd,0.2,scene-1094_000,Pedestrian,vru,13.98238919161485,11,1.0,4.835731402197853,5.480609351236865,<15m
t_left,0.02,scene-1094_000,Car,vehicle,24.921616466250036,33,1.0,1.1527916341155866,11.510809280311074,15-30m
t_left,0.02,scene-1094_000,Car,vehicle,7.372609102768565,440,0.9863636363636363,4.658474743886646,20.470650868455625,<15m
t_left,0.02,scene-1094_000,Car,vehicle,30.62223539960789,61,1.0,0.9060342141898833,14.081037327416993,>30m
t_left,0.02,scene-1094_000,Pedestrian,vru,13.98238919161485,11,1.0,1.878355966698916,5.480609351236865,<15m
t_left,0.05,scene-1094_000,Car,vehicle,24.921616466250036,33,1.0,2.8819647403336988,11.510809280311074,15-30m
t_left,0.05,scene-1094_000,Car,vehicle,7.372609102768565,440,0.9840909090909091,11.645952962629089,20.470650868455625,<15m
t_left,0.05,scene-1094_000,Car,vehicle,30.62223539960789,61,1.0,2.265076675569107,14.081037327416993,>30m
t_left,0.05,scene-1094_000,Pedestrian,vru,13.98238919161485,11,1.0,4.695851849458885,5.480609351236865,<15m
t_left,0.1,scene-1094_000,Car,vehicle,24.921616466250036,33,1.0,5.763881664784211,11.510809280311074,15-30m
t_left,0.1,scene-1094_000,Car,vehicle,7.372609102768565,440,0.9840909090909091,23.29112631005365,20.470650868455625,<15m
t_left,0.1,scene-1094_000,Car,vehicle,30.62223539960789,61,1.0,4.5301238184278665,14.081037327416993,>30m
t_left,0.1,scene-1094_000,Pedestrian,vru,13.98238919161485,11,1.0,9.391576810699746,5.480609351236865,<15m
t_left,0.2,scene-1094_000,Car,vehicle,24.921616466250036,33,0.9696969696969697,11.527572070795687,11.510809280311074,15-30m
t_left,0.2,scene-1094_000,Car,vehicle,7.372609102768565,440,0.9409090909090909,46.57913447240735,20.470650868455625,<15m
t_left,0.2,scene-1094_000,Car,vehicle,30.62223539960789,61,1.0,9.060129508324,14.081037327416993,>30m
t_left,0.2,scene-1094_000,Pedestrian,vru,13.98238919161485,11,1.0,18.78264608909912,5.480609351236865,<15m
t_up,0.02,scene-1094_000,Car,vehicle,24.921616466250036,33,1.0,1.1554209128569704,11.510809280311074,15-30m
t_up,0.02,scene-1094_000,Car,vehicle,7.372609102768565,440,0.9886363636363636,4.671100579821179,20.470650868455625,<15m
t_up,0.02,scene-1094_000,Car,vehicle,30.62223539960789,61,1.0,0.9075843126082418,14.081037327416993,>30m
t_up,0.02,scene-1094_000,Pedestrian,vru,13.98238919161485,11,1.0,1.881392596016737,5.480609351236865,<15m
t_up,0.05,scene-1094_000,Car,vehicle,24.921616466250036,33,1.0,2.8884787471928557,11.510809280311074,15-30m
t_up,0.05,scene-1094_000,Car,vehicle,7.372609102768565,440,0.9886363636363636,11.676552071018513,20.470650868455625,<15m
t_up,0.05,scene-1094_000,Car,vehicle,30.62223539960789,61,1.0,2.2689153894661716,14.081037327416993,>30m
t_up,0.05,scene-1094_000,Pedestrian,vru,13.98238919161485,11,1.0,4.703286483426828,5.480609351236865,<15m
t_up,0.1,scene-1094_000,Car,vehicle,24.921616466250036,33,1.0,5.776712394526711,11.510809280311074,15-30m
t_up,0.1,scene-1094_000,Car,vehicle,7.372609102768565,440,0.9227272727272727,23.349107308368456,20.470650868455625,<15m
t_up,0.1,scene-1094_000,Car,vehicle,30.62223539960789,61,1.0,4.537679480155716,14.081037327416993,>30m
t_up,0.1,scene-1094_000,Pedestrian,vru,13.98238919161485,11,1.0,9.405923016664731,5.480609351236865,<15m
t_up,0.2,scene-1094_000,Car,vehicle,24.921616466250036,33,1.0,11.552444514393173,11.510809280311074,15-30m
t_up,0.2,scene-1094_000,Car,vehicle,7.372609102768565,440,0.9227272727272727,46.682235487848686,20.470650868455625,<15m
t_up,0.2,scene-1094_000,Car,vehicle,30.62223539960789,61,1.0,9.074753825735616,14.081037327416993,>30m
t_up,0.2,scene-1094_000,Pedestrian,vru,13.98238919161485,11,1.0,18.80924677140099,5.480609351236865,<15m
none,0.0,scene-1094_001,personal_mobility,other,10.191999437508565,34,1.0,0.0,7.959844131222105,<15m
none,0.0,scene-1094_001,Car,vehicle,24.84788146373929,25,1.0,0.0,11.550819017854453,15-30m
none,0.0,scene-1094_001,Car,vehicle,7.722006996649147,399,1.0,0.0,20.167590204614683,<15m
none,0.0,scene-1094_001,Pedestrian,vru,37.70774905364706,11,0.36363636363636365,0.0,1.807036245975631,>30m
none,0.0,scene-1094_001,Car,vehicle,30.54931665144298,63,1.0,0.0,14.123452544322532,>30m
yaw,0.25,scene-1094_001,personal_mobility,other,10.191999437508565,34,1.0,7.927492221822619,7.959844131222105,<15m
yaw,0.25,scene-1094_001,Car,vehicle,24.84788146373929,25,1.0,6.764106129767194,11.550819017854453,15-30m
yaw,0.25,scene-1094_001,Car,vehicle,7.722006996649147,399,1.0,6.293379291742545,20.167590204614683,<15m
yaw,0.25,scene-1094_001,Pedestrian,vru,37.70774905364706,11,0.36363636363636365,6.1199265973584165,1.807036245975631,>30m
yaw,0.25,scene-1094_001,Car,vehicle,30.54931665144298,63,1.0,6.241330557104724,14.123452544322532,>30m
yaw,0.5,scene-1094_001,personal_mobility,other,10.191999437508565,34,1.0,15.897376895564726,7.959844131222105,<15m
yaw,0.5,scene-1094_001,Car,vehicle,24.84788146373929,25,1.0,13.554310677608017,11.550819017854453,15-30m
yaw,0.5,scene-1094_001,Car,vehicle,7.722006996649147,399,0.9974937343358395,12.585948452921633,20.167590204614683,<15m
yaw,0.5,scene-1094_001,Pedestrian,vru,37.70774905364706,11,0.2727272727272727,12.224197974748881,1.807036245975631,>30m
yaw,0.5,scene-1094_001,Car,vehicle,30.54931665144298,63,1.0,12.500390886996955,14.123452544322532,>30m
yaw,1.0,scene-1094_001,personal_mobility,other,10.191999437508565,34,0.9117647058823529,31.93613358191748,7.959844131222105,<15m
yaw,1.0,scene-1094_001,Car,vehicle,24.84788146373929,25,1.0,27.21471602585344,11.550819017854453,15-30m
yaw,1.0,scene-1094_001,Car,vehicle,7.722006996649147,399,0.9924812030075187,25.17171409745944,20.167590204614683,<15m
yaw,1.0,scene-1094_001,Pedestrian,vru,37.70774905364706,11,0.09090909090909091,24.38696596625461,1.807036245975631,>30m
yaw,1.0,scene-1094_001,Car,vehicle,30.54931665144298,63,1.0,25.073000583196716,14.123452544322532,>30m
yaw,2.0,scene-1094_001,personal_mobility,other,10.191999437508565,34,0.5882352941176471,63.993377259168156,7.959844131222105,<15m
yaw,2.0,scene-1094_001,Car,vehicle,24.84788146373929,25,1.0,54.86772861368735,11.550819017854453,15-30m
yaw,2.0,scene-1094_001,Car,vehicle,7.722006996649147,399,0.9523809523809523,50.34084155357448,20.167590204614683,<15m
yaw,2.0,scene-1094_001,Pedestrian,vru,37.70774905364706,11,0.0,48.537591862451166,1.807036245975631,>30m
yaw,2.0,scene-1094_001,Car,vehicle,30.54931665144298,63,0.9523809523809523,50.44546259739573,14.123452544322532,>30m
yaw,3.0,scene-1094_001,personal_mobility,other,10.191999437508565,34,0.2647058823529412,94.94979348932858,7.959844131222105,<15m
yaw,3.0,scene-1094_001,Car,vehicle,24.84788146373929,25,0.84,82.98780214857015,11.550819017854453,15-30m
yaw,3.0,scene-1094_001,Car,vehicle,7.722006996649147,399,0.8847117794486216,75.51770602051786,20.167590204614683,<15m
yaw,3.0,scene-1094_001,Pedestrian,vru,37.70774905364706,11,0.0,72.47023741703079,1.807036245975631,>30m
yaw,3.0,scene-1094_001,Car,vehicle,30.54931665144298,63,0.8888888888888888,76.13912373577175,14.123452544322532,>30m
pitch,0.25,scene-1094_001,personal_mobility,other,10.191999437508565,34,1.0,6.02123887107205,7.959844131222105,<15m
pitch,0.25,scene-1094_001,Car,vehicle,24.84788146373929,25,1.0,5.738685543968141,11.550819017854453,15-30m
pitch,0.25,scene-1094_001,Car,vehicle,7.722006996649147,399,1.0,6.3893852367599155,20.167590204614683,<15m
pitch,0.25,scene-1094_001,Pedestrian,vru,37.70774905364706,11,0.7272727272727273,5.650571351045657,1.807036245975631,>30m
pitch,0.25,scene-1094_001,Car,vehicle,30.54931665144298,63,1.0,5.677524912561122,14.123452544322532,>30m
pitch,0.5,scene-1094_001,personal_mobility,other,10.191999437508565,34,1.0,12.046695151137847,7.959844131222105,<15m
pitch,0.5,scene-1094_001,Car,vehicle,24.84788146373929,25,1.0,11.481146260579086,11.550819017854453,15-30m
pitch,0.5,scene-1094_001,Car,vehicle,7.722006996649147,399,1.0,12.788232575331435,20.167590204614683,<15m
pitch,0.5,scene-1094_001,Pedestrian,vru,37.70774905364706,11,0.7272727272727273,11.3021389504546,1.807036245975631,>30m
pitch,0.5,scene-1094_001,Car,vehicle,30.54931665144298,63,1.0,11.357357956322124,14.123452544322532,>30m
pitch,1.0,scene-1094_001,personal_mobility,other,10.191999437508565,34,1.0,24.111435308533782,7.959844131222105,<15m
pitch,1.0,scene-1094_001,Car,vehicle,24.84788146373929,25,1.0,22.978383610254053,11.550819017854453,15-30m
pitch,1.0,scene-1094_001,Car,vehicle,7.722006996649147,399,1.0,25.615582410224544,20.167590204614683,<15m
pitch,1.0,scene-1094_001,Pedestrian,vru,37.70774905364706,11,0.7272727272727273,22.6091855209322,1.807036245975631,>30m
pitch,1.0,scene-1094_001,Car,vehicle,30.54931665144298,63,0.8095238095238095,22.724895513858456,14.123452544322532,>30m
pitch,2.0,scene-1094_001,personal_mobility,other,10.191999437508565,34,1.0,48.30450340446707,7.959844131222105,<15m
pitch,2.0,scene-1094_001,Car,vehicle,24.84788146373929,25,0.72,46.029094556732375,11.550819017854453,15-30m
pitch,2.0,scene-1094_001,Car,vehicle,7.722006996649147,399,0.9974937343358395,51.39789684549311,20.167590204614683,<15m
pitch,2.0,scene-1094_001,Pedestrian,vru,37.70774905364706,11,0.36363636363636365,45.24539616835154,1.807036245975631,>30m
pitch,2.0,scene-1094_001,Car,vehicle,30.54931665144298,63,0.8095238095238095,45.49811173287087,14.123452544322532,>30m
pitch,3.0,scene-1094_001,personal_mobility,other,10.191999437508565,34,0.9705882352941176,72.59827074526802,7.959844131222105,<15m
pitch,3.0,scene-1094_001,Car,vehicle,24.84788146373929,25,0.2,69.16818712496617,11.550819017854453,15-30m
pitch,3.0,scene-1094_001,Car,vehicle,7.722006996649147,399,0.87468671679198,77.256661323164,20.167590204614683,<15m
pitch,3.0,scene-1094_001,Pedestrian,vru,37.70774905364706,11,0.0,67.92347313869537,1.807036245975631,>30m
pitch,3.0,scene-1094_001,Car,vehicle,30.54931665144298,63,0.6507936507936508,68.33494021202665,14.123452544322532,>30m
roll,0.25,scene-1094_001,personal_mobility,other,10.191999437508565,34,1.0,3.2847178144748312,7.959844131222105,<15m
roll,0.25,scene-1094_001,Car,vehicle,24.84788146373929,25,1.0,2.4300730198579763,11.550819017854453,15-30m
roll,0.25,scene-1094_001,Car,vehicle,7.722006996649147,399,1.0,1.0693562599545021,20.167590204614683,<15m
roll,0.25,scene-1094_001,Pedestrian,vru,37.70774905364706,11,0.36363636363636365,1.6176390725766665,1.807036245975631,>30m
roll,0.25,scene-1094_001,Car,vehicle,30.54931665144298,63,1.0,1.7742375088389994,14.123452544322532,>30m
roll,0.5,scene-1094_001,personal_mobility,other,10.191999437508565,34,1.0,6.569259388879317,7.959844131222105,<15m
roll,0.5,scene-1094_001,Car,vehicle,24.84788146373929,25,1.0,4.860045537450801,11.550819017854453,15-30m
roll,0.5,scene-1094_001,Car,vehicle,7.722006996649147,399,1.0,2.138710093535927,20.167590204614683,<15m
roll,0.5,scene-1094_001,Pedestrian,vru,37.70774905364706,11,0.7272727272727273,3.2353076352019796,1.807036245975631,>30m
roll,0.5,scene-1094_001,Car,vehicle,30.54931665144298,63,1.0,3.548419507015332,14.123452544322532,>30m
roll,1.0,scene-1094_001,personal_mobility,other,10.191999437508565,34,0.9411764705882353,13.137752081554002,7.959844131222105,<15m
roll,1.0,scene-1094_001,Car,vehicle,24.84788146373929,25,1.0,9.719642909482996,11.550819017854453,15-30m
roll,1.0,scene-1094_001,Car,vehicle,7.722006996649147,399,1.0,4.2773895801237005,20.167590204614683,<15m
roll,1.0,scene-1094_001,Pedestrian,vru,37.70774905364706,11,0.7272727272727273,6.470702145695794,1.807036245975631,>30m
roll,1.0,scene-1094_001,Car,vehicle,30.54931665144298,63,1.0,7.096583365998483,14.123452544322532,>30m
roll,2.0,scene-1094_001,personal_mobility,other,10.191999437508565,34,0.9411764705882353,26.271943927194002,7.959844131222105,<15m
roll,2.0,scene-1094_001,Car,vehicle,24.84788146373929,25,1.0,19.43712415224779,11.550819017854453,15-30m
roll,2.0,scene-1094_001,Car,vehicle,7.722006996649147,399,0.9974937343358395,8.554489518409014,20.167590204614683,<15m
roll,2.0,scene-1094_001,Pedestrian,vru,37.70774905364706,11,0.7272727272727273,12.941503020191849,1.807036245975631,>30m
roll,2.0,scene-1094_001,Car,vehicle,30.54931665144298,63,1.0,14.191875428399412,14.123452544322532,>30m
roll,3.0,scene-1094_001,personal_mobility,other,10.191999437508565,34,0.9411764705882353,39.401589903238275,7.959844131222105,<15m
roll,3.0,scene-1094_001,Car,vehicle,24.84788146373929,25,0.8,29.151706439071937,11.550819017854453,15-30m
roll,3.0,scene-1094_001,Car,vehicle,7.722006996649147,399,0.9974937343358395,12.830965390754908,20.167590204614683,<15m
roll,3.0,scene-1094_001,Pedestrian,vru,37.70774905364706,11,0.8181818181818182,19.41190482672914,1.807036245975631,>30m
roll,3.0,scene-1094_001,Car,vehicle,30.54931665144298,63,0.9206349206349206,21.285339153451687,14.123452544322532,>30m
t_fwd,0.02,scene-1094_001,personal_mobility,other,10.191999437508565,34,1.0,1.7076146937464745,7.959844131222105,<15m
t_fwd,0.02,scene-1094_001,Car,vehicle,24.84788146373929,25,1.0,0.5286138526568089,11.550819017854453,15-30m
t_fwd,0.02,scene-1094_001,Car,vehicle,7.722006996649147,399,1.0,0.6439492245892205,20.167590204614683,<15m
t_fwd,0.02,scene-1094_001,Pedestrian,vru,37.70774905364706,11,0.36363636363636365,0.2068710472813054,1.807036245975631,>30m
t_fwd,0.02,scene-1094_001,Car,vehicle,30.54931665144298,63,1.0,0.29325569144814784,14.123452544322532,>30m
t_fwd,0.05,scene-1094_001,personal_mobility,other,10.191999437508565,34,1.0,4.254488671317516,7.959844131222105,<15m
t_fwd,0.05,scene-1094_001,Car,vehicle,24.84788146373929,25,1.0,1.3196430282677112,11.550819017854453,15-30m
t_fwd,0.05,scene-1094_001,Car,vehicle,7.722006996649147,399,1.0,1.6019127946725333,20.167590204614683,<15m
t_fwd,0.05,scene-1094_001,Pedestrian,vru,37.70774905364706,11,0.36363636363636365,0.5167446751929168,1.807036245975631,>30m
t_fwd,0.05,scene-1094_001,Car,vehicle,30.54931665144298,63,1.0,0.7323441978468452,14.123452544322532,>30m
t_fwd,0.1,scene-1094_001,personal_mobility,other,10.191999437508565,34,1.0,8.460921995252464,7.959844131222105,<15m
t_fwd,0.1,scene-1094_001,Car,vehicle,24.84788146373929,25,1.0,2.633004722070979,11.550819017854453,15-30m
t_fwd,0.1,scene-1094_001,Car,vehicle,7.722006996649147,399,1.0,3.1763373190497726,20.167590204614683,<15m
t_fwd,0.1,scene-1094_001,Pedestrian,vru,37.70774905364706,11,0.36363636363636365,1.0320494241125413,1.807036245975631,>30m
t_fwd,0.1,scene-1094_001,Car,vehicle,30.54931665144298,63,1.0,1.4620459428203592,14.123452544322532,>30m
t_fwd,0.2,scene-1094_001,personal_mobility,other,10.191999437508565,34,1.0,16.732842999551977,7.959844131222105,<15m
t_fwd,0.2,scene-1094_001,Car,vehicle,24.84788146373929,25,1.0,5.241062646615898,11.550819017854453,15-30m
t_fwd,0.2,scene-1094_001,Car,vehicle,7.722006996649147,399,1.0,6.247391099983968,20.167590204614683,<15m
t_fwd,0.2,scene-1094_001,Pedestrian,vru,37.70774905364706,11,0.36363636363636365,2.0583631506504187,1.807036245975631,>30m
t_fwd,0.2,scene-1094_001,Car,vehicle,30.54931665144298,63,1.0,2.9135790756498605,14.123452544322532,>30m
t_left,0.02,scene-1094_001,personal_mobility,other,10.191999437508565,34,1.0,2.893617397628377,7.959844131222105,<15m
t_left,0.02,scene-1094_001,Car,vehicle,24.84788146373929,25,1.0,1.1727036147243661,11.550819017854453,15-30m
t_left,0.02,scene-1094_001,Car,vehicle,7.722006996649147,399,1.0,4.376458580432108,20.167590204614683,<15m
t_left,0.02,scene-1094_001,Pedestrian,vru,37.70774905364706,11,0.36363636363636365,0.7065884361941658,1.807036245975631,>30m
t_left,0.02,scene-1094_001,Car,vehicle,30.54931665144298,63,1.0,0.9084903182322465,14.123452544322532,>30m
t_left,0.05,scene-1094_001,personal_mobility,other,10.191999437508565,34,1.0,7.23395288740179,7.959844131222105,<15m
t_left,0.05,scene-1094_001,Car,vehicle,24.84788146373929,25,1.0,2.931744165367,11.550819017854453,15-30m
t_left,0.05,scene-1094_001,Car,vehicle,7.722006996649147,399,1.0,10.940939737059402,20.167590204614683,<15m
t_left,0.05,scene-1094_001,Pedestrian,vru,37.70774905364706,11,0.36363636363636365,1.7664657050797445,1.807036245975631,>30m
t_left,0.05,scene-1094_001,Car,vehicle,30.54931665144298,63,1.0,2.2712168725027055,14.123452544322532,>30m
t_left,0.1,scene-1094_001,personal_mobility,other,10.191999437508565,34,1.0,14.467603762659007,7.959844131222105,<15m
t_left,0.1,scene-1094_001,Car,vehicle,24.84788146373929,25,1.0,5.863438759923864,11.550819017854453,15-30m
t_left,0.1,scene-1094_001,Car,vehicle,7.722006996649147,399,0.9974937343358395,21.881190462096612,20.167590204614683,<15m
t_left,0.1,scene-1094_001,Pedestrian,vru,37.70774905364706,11,0.36363636363636365,3.532913458951872,1.807036245975631,>30m
t_left,0.1,scene-1094_001,Car,vehicle,30.54931665144298,63,1.0,4.542404001723259,14.123452544322532,>30m
t_left,0.2,scene-1094_001,personal_mobility,other,10.191999437508565,34,0.9411764705882353,28.893946494425087,7.959844131222105,<15m
t_left,0.2,scene-1094_001,Car,vehicle,24.84788146373929,25,1.0,11.726679241636578,11.550819017854453,15-30m
t_left,0.2,scene-1094_001,Car,vehicle,7.722006996649147,399,0.9824561403508771,43.759625136432916,20.167590204614683,<15m
t_left,0.2,scene-1094_001,Pedestrian,vru,37.70774905364706,11,0.36363636363636365,7.06575511417015,1.807036245975631,>30m
t_left,0.2,scene-1094_001,Car,vehicle,30.54931665144298,63,1.0,9.08468903265497,14.123452544322532,>30m
t_up,0.02,scene-1094_001,personal_mobility,other,10.191999437508565,34,1.0,2.901335134061953,7.959844131222105,<15m
t_up,0.02,scene-1094_001,Car,vehicle,24.84788146373929,25,1.0,1.17602539365054,11.550819017854453,15-30m
t_up,0.02,scene-1094_001,Car,vehicle,7.722006996649147,399,1.0,4.385057831331698,20.167590204614683,<15m
t_up,0.02,scene-1094_001,Pedestrian,vru,37.70774905364706,11,0.36363636363636365,0.7061841748640986,1.807036245975631,>30m
t_up,0.02,scene-1094_001,Car,vehicle,30.54931665144298,63,1.0,0.9095840650837121,14.123452544322532,>30m
t_up,0.05,scene-1094_001,personal_mobility,other,10.191999437508565,34,1.0,7.252874894104833,7.959844131222105,<15m
t_up,0.05,scene-1094_001,Car,vehicle,24.84788146373929,25,1.0,2.9399874969283752,11.550819017854453,15-30m
t_up,0.05,scene-1094_001,Car,vehicle,7.722006996649147,399,0.9273182957393483,10.961588465259009,20.167590204614683,<15m
t_up,0.05,scene-1094_001,Pedestrian,vru,37.70774905364706,11,0.36363636363636365,1.76543301291111,1.807036245975631,>30m
t_up,0.05,scene-1094_001,Car,vehicle,30.54931665144298,63,1.0,2.2739146430003045,14.123452544322532,>30m
t_up,0.1,scene-1094_001,personal_mobility,other,10.191999437508565,34,0.9411764705882353,14.504206913988945,7.959844131222105,<15m
t_up,0.1,scene-1094_001,Car,vehicle,24.84788146373929,25,1.0,5.879721720652699,11.550819017854453,15-30m
t_up,0.1,scene-1094_001,Car,vehicle,7.722006996649147,399,0.9223057644110275,21.919657457856726,20.167590204614683,<15m
t_up,0.1,scene-1094_001,Pedestrian,vru,37.70774905364706,11,0.36363636363636365,3.530774615444546,1.807036245975631,>30m
t_up,0.1,scene-1094_001,Car,vehicle,30.54931665144298,63,1.0,4.54767756173669,14.123452544322532,>30m
t_up,0.2,scene-1094_001,personal_mobility,other,10.191999437508565,34,0.9411764705882353,29.00224429993559,7.959844131222105,<15m
t_up,0.2,scene-1094_001,Car,vehicle,24.84788146373929,25,1.0,11.758430479391334,11.550819017854453,15-30m
t_up,0.2,scene-1094_001,Car,vehicle,7.722006996649147,399,0.8947368421052632,43.82524380294296,20.167590204614683,<15m
t_up,0.2,scene-1094_001,Pedestrian,vru,37.70774905364706,11,0.36363636363636365,7.06118361777535,1.807036245975631,>30m
t_up,0.2,scene-1094_001,Car,vehicle,30.54931665144298,63,1.0,9.094748287155564,14.123452544322532,>30m
none,0.0,scene-1094_002,personal_mobility,other,9.805218512642234,39,1.0,0.0,10.639868639414342,<15m
none,0.0,scene-1094_002,Car,vehicle,24.773599724278988,20,1.0,0.0,11.597439511783781,15-30m
none,0.0,scene-1094_002,Car,vehicle,8.070332818714226,413,0.927360774818402,0.0,19.881012800761663,<15m
none,0.0,scene-1094_002,Pedestrian,vru,13.30611820659993,11,1.0,0.0,4.803474423026204,<15m
none,0.0,scene-1094_002,Car,vehicle,30.4746784348304,64,1.0,0.0,14.172348082744664,>30m
none,0.0,scene-1094_002,Pedestrian,vru,14.40565325404457,15,1.0,0.0,5.215484084089699,<15m
yaw,0.25,scene-1094_002,personal_mobility,other,9.805218512642234,39,1.0,7.657776265608879,10.639868639414342,<15m
yaw,0.25,scene-1094_002,Car,vehicle,24.773599724278988,20,1.0,6.704932094935654,11.597439511783781,15-30m
yaw,0.25,scene-1094_002,Car,vehicle,8.070332818714226,413,0.9297820823244553,6.24292858354941,19.881012800761663,<15m
yaw,0.25,scene-1094_002,Pedestrian,vru,13.30611820659993,11,1.0,7.8956137808749896,4.803474423026204,<15m
yaw,0.25,scene-1094_002,Car,vehicle,30.4746784348304,64,1.0,6.283181723403085,14.172348082744664,>30m
yaw,0.25,scene-1094_002,Pedestrian,vru,14.40565325404457,15,1.0,6.036927881495428,5.215484084089699,<15m
yaw,0.5,scene-1094_002,personal_mobility,other,9.805218512642234,39,1.0,15.353417945270067,10.639868639414342,<15m
yaw,0.5,scene-1094_002,Car,vehicle,24.773599724278988,20,1.0,13.435025289477197,11.597439511783781,15-30m
yaw,0.5,scene-1094_002,Car,vehicle,8.070332818714226,413,0.9322033898305084,12.485797174254941,19.881012800761663,<15m
yaw,0.5,scene-1094_002,Pedestrian,vru,13.30611820659993,11,1.0,15.833957897560301,4.803474423026204,<15m
yaw,0.5,scene-1094_002,Car,vehicle,30.4746784348304,64,1.0,12.584888185027971,14.172348082744664,>30m
yaw,0.5,scene-1094_002,Pedestrian,vru,14.40565325404457,15,1.0,12.084479814834532,5.215484084089699,<15m
yaw,1.0,scene-1094_002,personal_mobility,other,9.805218512642234,39,1.0,30.860738591176318,10.639868639414342,<15m
yaw,1.0,scene-1094_002,Car,vehicle,24.773599724278988,20,0.95,26.97234753657171,11.597439511783781,15-30m
yaw,1.0,scene-1094_002,Car,vehicle,8.070332818714226,413,0.9297820823244553,24.971624893267514,19.881012800761663,<15m
yaw,1.0,scene-1094_002,Pedestrian,vru,13.30611820659993,11,0.8181818181818182,31.792392229384326,4.803474423026204,<15m
yaw,1.0,scene-1094_002,Car,vehicle,30.4746784348304,64,0.984375,25.24520702155337,14.172348082744664,>30m
yaw,1.0,scene-1094_002,Pedestrian,vru,14.40565325404457,15,0.9333333333333333,24.212567506625266,5.215484084089699,<15m
yaw,2.0,scene-1094_002,personal_mobility,other,9.805218512642234,39,0.9230769230769231,62.278193417431076,10.639868639414342,<15m
yaw,2.0,scene-1094_002,Car,vehicle,24.773599724278988,20,0.95,54.36739856539633,11.597439511783781,15-30m
yaw,2.0,scene-1094_002,Car,vehicle,8.070332818714226,413,0.8910411622276029,49.942512053021105,19.881012800761663,<15m
yaw,2.0,scene-1094_002,Pedestrian,vru,13.30611820659993,11,0.36363636363636365,63.65619790168178,4.803474423026204,<15m
yaw,2.0,scene-1094_002,Car,vehicle,30.4746784348304,64,0.9375,50.802988975250585,14.172348082744664,>30m
yaw,2.0,scene-1094_002,Pedestrian,vru,14.40565325404457,15,0.6666666666666666,48.60856828340386,5.215484084089699,<15m
yaw,3.0,scene-1094_002,personal_mobility,other,9.805218512642234,39,0.7948717948717948,94.18350677927936,10.639868639414342,<15m
yaw,3.0,scene-1094_002,Car,vehicle,24.773599724278988,20,0.95,82.21306893000815,11.597439511783781,15-30m
yaw,3.0,scene-1094_002,Car,vehicle,8.070332818714226,413,0.8305084745762712,74.92223336152318,19.881012800761663,<15m
yaw,3.0,scene-1094_002,Pedestrian,vru,13.30611820659993,11,0.0,nan,4.803474423026204,<15m
yaw,3.0,scene-1094_002,Car,vehicle,30.4746784348304,64,0.890625,76.6956464541772,14.172348082744664,>30m
yaw,3.0,scene-1094_002,Pedestrian,vru,14.40565325404457,15,0.26666666666666666,73.20633488414074,5.215484084089699,<15m
pitch,0.25,scene-1094_002,personal_mobility,other,9.805218512642234,39,1.0,6.055952217950605,10.639868639414342,<15m
pitch,0.25,scene-1094_002,Car,vehicle,24.773599724278988,20,1.0,5.742942625587596,11.597439511783781,15-30m
pitch,0.25,scene-1094_002,Car,vehicle,8.070332818714226,413,0.9685230024213075,6.373994619140689,19.881012800761663,<15m
pitch,0.25,scene-1094_002,Pedestrian,vru,13.30611820659993,11,1.0,5.905275291016049,4.803474423026204,<15m
pitch,0.25,scene-1094_002,Car,vehicle,30.4746784348304,64,1.0,5.678167330443619,14.172348082744664,>30m
pitch,0.25,scene-1094_002,Pedestrian,vru,14.40565325404457,15,1.0,5.84036404170569,5.215484084089699,<15m
pitch,0.5,scene-1094_002,personal_mobility,other,9.805218512642234,39,1.0,12.117753779252222,10.639868639414342,<15m
pitch,0.5,scene-1094_002,Car,vehicle,24.773599724278988,20,1.0,11.489758956711768,11.597439511783781,15-30m
pitch,0.5,scene-1094_002,Car,vehicle,8.070332818714226,413,0.9927360774818402,12.759096467972297,19.881012800761663,<15m
pitch,0.5,scene-1094_002,Pedestrian,vru,13.30611820659993,11,1.0,11.814939217661506,4.803474423026204,<15m
pitch,0.5,scene-1094_002,Car,vehicle,30.4746784348304,64,1.0,11.358628570804708,14.172348082744664,>30m
pitch,0.5,scene-1094_002,Pedestrian,vru,14.40565325404457,15,1.0,11.684075952420951,5.215484084089699,<15m
pitch,1.0,scene-1094_002,personal_mobility,other,9.805218512642234,39,1.0,24.260087782968434,10.639868639414342,<15m
pitch,1.0,scene-1094_002,Car,vehicle,24.773599724278988,20,1.0,22.99601594484968,11.597439511783781,15-30m
pitch,1.0,scene-1094_002,Car,vehicle,8.070332818714226,413,0.9927360774818402,25.56867224679319,19.881012800761663,<15m
pitch,1.0,scene-1094_002,Pedestrian,vru,13.30611820659993,11,1.0,23.648570002163083,4.803474423026204,<15m
pitch,1.0,scene-1094_002,Car,vehicle,30.4746784348304,64,1.0,22.727376968885988,14.172348082744664,>30m
pitch,1.0,scene-1094_002,Pedestrian,vru,14.40565325404457,15,1.0,23.38253101874187,5.215484084089699,<15m
pitch,2.0,scene-1094_002,personal_mobility,other,9.805218512642234,39,0.7948717948717948,48.6280253506973,10.639868639414342,<15m
pitch,2.0,scene-1094_002,Car,vehicle,24.773599724278988,20,0.6,46.06609049270324,11.597439511783781,15-30m
pitch,2.0,scene-1094_002,Car,vehicle,8.070332818714226,413,0.9927360774818402,51.34906983707502,19.881012800761663,<15m
pitch,2.0,scene-1094_002,Pedestrian,vru,13.30611820659993,11,1.0,47.381051376210124,4.803474423026204,<15m
pitch,2.0,scene-1094_002,Car,vehicle,30.4746784348304,64,0.828125,45.502812306744936,14.172348082744664,>30m
pitch,2.0,scene-1094_002,Pedestrian,vru,14.40565325404457,15,1.0,46.830517098554125,5.215484084089699,<15m
pitch,3.0,scene-1094_002,personal_mobility,other,9.805218512642234,39,0.7948717948717948,73.12307853155444,10.639868639414342,<15m
pitch,3.0,scene-1094_002,Car,vehicle,24.773599724278988,20,0.6,69.22648805072818,11.597439511783781,15-30m
pitch,3.0,scene-1094_002,Car,vehicle,8.070332818714226,413,0.8813559322033898,76.76326812951736,19.881012800761663,<15m
pitch,3.0,scene-1094_002,Pedestrian,vru,13.30611820659993,11,1.0,71.21589170584653,4.803474423026204,<15m
pitch,3.0,scene-1094_002,Car,vehicle,30.4746784348304,64,0.703125,68.34145782440609,14.172348082744664,>30m
pitch,3.0,scene-1094_002,Pedestrian,vru,14.40565325404457,15,1.0,70.3599573769504,5.215484084089699,<15m
roll,0.25,scene-1094_002,personal_mobility,other,9.805218512642234,39,1.0,3.0574737905458997,10.639868639414342,<15m
roll,0.25,scene-1094_002,Car,vehicle,24.773599724278988,20,1.0,2.356524164568823,11.597439511783781,15-30m
roll,0.25,scene-1094_002,Car,vehicle,8.070332818714226,413,0.9249394673123487,1.103368431361876,19.881012800761663,<15m
roll,0.25,scene-1094_002,Pedestrian,vru,13.30611820659993,11,1.0,3.3583642742923896,4.803474423026204,<15m
roll,0.25,scene-1094_002,Car,vehicle,30.4746784348304,64,1.0,1.8393336269195033,14.172348082744664,>30m
roll,0.25,scene-1094_002,Pedestrian,vru,14.40565325404457,15,1.0,1.1594027467574652,5.215484084089699,<15m
roll,0.5,scene-1094_002,personal_mobility,other,9.805218512642234,39,1.0,6.114795273671244,10.639868639414342,<15m
roll,0.5,scene-1094_002,Car,vehicle,24.773599724278988,20,1.0,4.712954937043184,11.597439511783781,15-30m
roll,0.5,scene-1094_002,Car,vehicle,8.070332818714226,413,0.927360774818402,2.2067133146474966,19.881012800761663,<15m
roll,0.5,scene-1094_002,Pedestrian,vru,13.30611820659993,11,1.0,6.716545683293635,4.803474423026204,<15m
roll,0.5,scene-1094_002,Car,vehicle,30.4746784348304,64,1.0,3.6786091033372346,14.172348082744664,>30m
roll,0.5,scene-1094_002,Pedestrian,vru,14.40565325404457,15,1.0,2.3187796216726912,5.215484084089699,<15m
roll,1.0,scene-1094_002,personal_mobility,other,9.805218512642234,39,1.0,12.228923725522774,10.639868639414342,<15m
roll,1.0,scene-1094_002,Car,vehicle,24.773599724278988,20,1.0,9.425491610792783,11.597439511783781,15-30m
roll,1.0,scene-1094_002,Car,vehicle,8.070332818714226,413,0.927360774818402,4.413311228591179,19.881012800761663,<15m
roll,1.0,scene-1094_002,Pedestrian,vru,13.30611820659993,11,1.0,13.432296455641328,4.803474423026204,<15m
roll,1.0,scene-1094_002,Car,vehicle,30.4746784348304,64,1.0,7.356950830702278,14.172348082744664,>30m
roll,1.0,scene-1094_002,Pedestrian,vru,14.40565325404457,15,1.0,4.6374336298255745,5.215484084089699,<15m
roll,2.0,scene-1094_002,personal_mobility,other,9.805218512642234,39,1.0,24.454719802360607,10.639868639414342,<15m
roll,2.0,scene-1094_002,Car,vehicle,24.773599724278988,20,1.0,18.848952836370245,11.597439511783781,15-30m
roll,2.0,scene-1094_002,Car,vehicle,8.070332818714226,413,0.9322033898305084,8.825991240694144,19.881012800761663,<15m
roll,2.0,scene-1094_002,Pedestrian,vru,13.30611820659993,11,1.0,26.86090612420999,4.803474423026204,<15m
roll,2.0,scene-1094_002,Car,vehicle,30.4746784348304,64,1.0,14.712554103576494,14.172348082744664,>30m
roll,2.0,scene-1094_002,Pedestrian,vru,14.40565325404457,15,1.0,9.274187855171506,5.215484084089699,<15m
roll,3.0,scene-1094_002,personal_mobility,other,9.805218512642234,39,0.9230769230769231,36.67646860217049,10.639868639414342,<15m
roll,3.0,scene-1094_002,Car,vehicle,24.773599724278988,20,0.9,28.269669679733568,11.597439511783781,15-30m
roll,3.0,scene-1094_002,Car,vehicle,8.070332818714226,413,0.9346246973365617,13.237700971466738,19.881012800761663,<15m
roll,3.0,scene-1094_002,Pedestrian,vru,13.30611820659993,11,0.7272727272727273,40.284816042800294,4.803474423026204,<15m
roll,3.0,scene-1094_002,Car,vehicle,30.4746784348304,64,0.765625,22.066254117860403,14.172348082744664,>30m
roll,3.0,scene-1094_002,Pedestrian,vru,14.40565325404457,15,1.0,13.90990895266712,5.215484084089699,<15m
t_fwd,0.02,scene-1094_002,personal_mobility,other,9.805218512642234,39,0.9743589743589743,1.6383236310075135,10.639868639414342,<15m
t_fwd,0.02,scene-1094_002,Car,vehicle,24.773599724278988,20,1.0,0.5084954019652214,11.597439511783781,15-30m
t_fwd,0.02,scene-1094_002,Car,vehicle,8.070332818714226,413,0.927360774818402,0.6229549596047503,19.881012800761663,<15m
t_fwd,0.02,scene-1094_002,Pedestrian,vru,13.30611820659993,11,1.0,1.3326637282999987,4.803474423026204,<15m
t_fwd,0.02,scene-1094_002,Car,vehicle,30.4746784348304,64,1.0,0.3041898240343598,14.172348082744664,>30m
t_fwd,0.02,scene-1094_002,Pedestrian,vru,14.40565325404457,15,1.0,0.35783289704293314,5.215484084089699,<15m
t_fwd,0.05,scene-1094_002,personal_mobility,other,9.805218512642234,39,0.9743589743589743,4.081624479489772,10.639868639414342,<15m
t_fwd,0.05,scene-1094_002,Car,vehicle,24.773599724278988,20,1.0,1.2694347477659695,11.597439511783781,15-30m
t_fwd,0.05,scene-1094_002,Car,vehicle,8.070332818714226,413,0.927360774818402,1.5499370260234044,19.881012800761663,<15m
t_fwd,0.05,scene-1094_002,Pedestrian,vru,13.30611820659993,11,1.0,3.323014596670121,4.803474423026204,<15m
t_fwd,0.05,scene-1094_002,Car,vehicle,30.4746784348304,64,1.0,0.7596505603353597,14.172348082744664,>30m
t_fwd,0.05,scene-1094_002,Pedestrian,vru,14.40565325404457,15,1.0,0.8926579578486147,5.215484084089699,<15m
t_fwd,0.1,scene-1094_002,personal_mobility,other,9.805218512642234,39,0.9743589743589743,8.116401118042807,10.639868639414342,<15m
t_fwd,0.1,scene-1094_002,Car,vehicle,24.773599724278988,20,1.0,2.5328796679148065,11.597439511783781,15-30m
t_fwd,0.1,scene-1094_002,Car,vehicle,8.070332818714226,413,0.9297820823244553,3.0752211960449323,19.881012800761663,<15m
t_fwd,0.1,scene-1094_002,Pedestrian,vru,13.30611820659993,11,1.0,6.6174119713561295,4.803474423026204,<15m
t_fwd,0.1,scene-1094_002,Car,vehicle,30.4746784348304,64,1.0,1.516562376857531,14.172348082744664,>30m
t_fwd,0.1,scene-1094_002,Pedestrian,vru,14.40565325404457,15,1.0,1.7789382947921593,5.215484084089699,<15m
t_fwd,0.2,scene-1094_002,personal_mobility,other,9.805218512642234,39,0.9487179487179487,16.04860050767537,10.639868639414342,<15m
t_fwd,0.2,scene-1094_002,Car,vehicle,24.773599724278988,20,1.0,5.04196880793811,11.597439511783781,15-30m
t_fwd,0.2,scene-1094_002,Car,vehicle,8.070332818714226,413,0.9297820823244553,6.051315189205833,19.881012800761663,<15m
t_fwd,0.2,scene-1094_002,Pedestrian,vru,13.30611820659993,11,1.0,13.121821108515833,4.803474423026204,<15m
t_fwd,0.2,scene-1094_002,Car,vehicle,30.4746784348304,64,1.0,3.0222288094325647,14.172348082744664,>30m
t_fwd,0.2,scene-1094_002,Pedestrian,vru,14.40565325404457,15,1.0,3.5326375571671456,5.215484084089699,<15m
t_left,0.02,scene-1094_002,personal_mobility,other,9.805218512642234,39,1.0,2.9622278294654434,10.639868639414342,<15m
t_left,0.02,scene-1094_002,Car,vehicle,24.773599724278988,20,1.0,1.1951640310706144,11.597439511783781,15-30m
t_left,0.02,scene-1094_002,Car,vehicle,8.070332818714226,413,0.9297820823244553,4.106698179576144,19.881012800761663,<15m
t_left,0.02,scene-1094_002,Pedestrian,vru,13.30611820659993,11,1.0,2.2182047982246043,4.803474423026204,<15m
t_left,0.02,scene-1094_002,Car,vehicle,30.4746784348304,64,1.0,0.9123131890911479,14.172348082744664,>30m
t_left,0.02,scene-1094_002,Pedestrian,vru,14.40565325404457,15,1.0,1.7990998467814827,5.215484084089699,<15m
t_left,0.05,scene-1094_002,personal_mobility,other,9.805218512642234,39,1.0,7.405472751414964,10.639868639414342,<15m
t_left,0.05,scene-1094_002,Car,vehicle,24.773599724278988,20,1.0,2.9878943254062786,11.597439511783781,15-30m
t_left,0.05,scene-1094_002,Car,vehicle,8.070332818714226,413,0.9297820823244553,10.266559799965203,19.881012800761663,<15m
t_left,0.05,scene-1094_002,Pedestrian,vru,13.30611820659993,11,1.0,5.545457694271042,4.803474423026204,<15m
t_left,0.05,scene-1094_002,Car,vehicle,30.4746784348304,64,1.0,2.2807737979063925,14.172348082744664,>30m
t_left,0.05,scene-1094_002,Pedestrian,vru,14.40565325404457,15,1.0,4.497713956530915,5.215484084089699,<15m
t_left,0.1,scene-1094_002,personal_mobility,other,9.805218512642234,39,1.0,14.810622773252344,10.639868639414342,<15m
t_left,0.1,scene-1094_002,Car,vehicle,24.773599724278988,20,1.0,5.9757361439836325,11.597439511783781,15-30m
t_left,0.1,scene-1094_002,Car,vehicle,8.070332818714226,413,0.9322033898305084,20.532500799853075,19.881012800761663,<15m
t_left,0.1,scene-1094_002,Pedestrian,vru,13.30611820659993,11,1.0,11.0907343889659,4.803474423026204,<15m
t_left,0.1,scene-1094_002,Car,vehicle,30.4746784348304,64,1.0,4.561517013402417,14.172348082744664,>30m
t_left,0.1,scene-1094_002,Pedestrian,vru,14.40565325404457,15,1.0,8.995309047499083,5.215484084089699,<15m
t_left,0.2,scene-1094_002,personal_mobility,other,9.805218512642234,39,1.0,29.619954712578856,10.639868639414342,<15m
t_left,0.2,scene-1094_002,Car,vehicle,24.773599724278988,20,1.0,11.951262266187115,11.597439511783781,15-30m
t_left,0.2,scene-1094_002,Car,vehicle,8.070332818714226,413,0.9225181598062954,41.06252662316658,19.881012800761663,<15m
t_left,0.2,scene-1094_002,Pedestrian,vru,13.30611820659993,11,1.0,22.180744815072796,4.803474423026204,<15m
t_left,0.2,scene-1094_002,Car,vehicle,30.4746784348304,64,1.0,9.122911699624144,14.172348082744664,>30m
t_left,0.2,scene-1094_002,Pedestrian,vru,14.40565325404457,15,1.0,17.990142651594514,5.215484084089699,<15m
t_up,0.02,scene-1094_002,personal_mobility,other,9.805218512642234,39,1.0,2.976538589867571,10.639868639414342,<15m
t_up,0.02,scene-1094_002,Car,vehicle,24.773599724278988,20,1.0,1.1983392700937268,11.597439511783781,15-30m
t_up,0.02,scene-1094_002,Car,vehicle,8.070332818714226,413,0.9249394673123487,4.119009002875062,19.881012800761663,<15m
t_up,0.02,scene-1094_002,Pedestrian,vru,13.30611820659993,11,1.0,2.2237996319025326,4.803474423026204,<15m
t_up,0.02,scene-1094_002,Car,vehicle,30.4746784348304,64,1.0,0.9137398233304078,14.172348082744664,>30m
t_up,0.02,scene-1094_002,Pedestrian,vru,14.40565325404457,15,1.0,1.8013709624755043,5.215484084089699,<15m
t_up,0.05,scene-1094_002,personal_mobility,other,9.805218512642234,39,1.0,7.440868701397247,10.639868639414342,<15m
t_up,0.05,scene-1094_002,Car,vehicle,24.773599724278988,20,1.0,2.995770609294965,11.597439511783781,15-30m
t_up,0.05,scene-1094_002,Car,vehicle,8.070332818714226,413,0.9225181598062954,10.296606641211831,19.881012800761663,<15m
t_up,0.05,scene-1094_002,Pedestrian,vru,13.30611820659993,11,1.0,5.559231737824008,4.803474423026204,<15m
t_up,0.05,scene-1094_002,Car,vehicle,30.4746784348304,64,1.0,2.2843044293479178,14.172348082744664,>30m
t_up,0.05,scene-1094_002,Pedestrian,vru,14.40565325404457,15,1.0,4.503252057480541,5.215484084089699,<15m
t_up,0.1,scene-1094_002,personal_mobility,other,9.805218512642234,39,1.0,14.880145097864494,10.639868639414342,<15m
t_up,0.1,scene-1094_002,Car,vehicle,24.773599724278988,20,1.0,5.991282683309496,11.597439511783781,15-30m
t_up,0.1,scene-1094_002,Car,vehicle,8.070332818714226,413,0.9225181598062954,20.59016111979626,19.881012800761663,<15m
t_up,0.1,scene-1094_002,Pedestrian,vru,13.30611820659993,11,1.0,11.1175724501376,4.803474423026204,<15m
t_up,0.1,scene-1094_002,Car,vehicle,30.4746784348304,64,1.0,4.568458436693545,14.172348082744664,>30m
t_up,0.1,scene-1094_002,Pedestrian,vru,14.40565325404457,15,1.0,9.005919679951786,5.215484084089699,<15m
t_up,0.2,scene-1094_002,personal_mobility,other,9.805218512642234,39,1.0,29.753923020038542,10.639868639414342,<15m
t_up,0.2,scene-1094_002,Car,vehicle,24.773599724278988,20,1.0,11.981531359355376,11.597439511783781,15-30m
t_up,0.2,scene-1094_002,Car,vehicle,8.070332818714226,413,0.8765133171912833,41.168119015882894,19.881012800761663,<15m
t_up,0.2,scene-1094_002,Pedestrian,vru,13.30611820659993,11,1.0,22.231581654970217,4.803474423026204,<15m
t_up,0.2,scene-1094_002,Car,vehicle,30.4746784348304,64,1.0,9.136315244805449,14.172348082744664,>30m
t_up,0.2,scene-1094_002,Pedestrian,vru,14.40565325404457,15,1.0,18.00950207489734,5.215484084089699,<15m
none,0.0,scene-1094_003,personal_mobility,other,9.417841818495994,22,1.0,0.0,11.96593533998885,<15m
none,0.0,scene-1094_003,Car,vehicle,24.593226753200245,28,1.0,0.0,11.710753285002086,15-30m
none,0.0,scene-1094_003,Car,vehicle,8.296261678962637,408,0.9338235294117647,0.0,19.8973026238338,<15m
none,0.0,scene-1094_003,Car,vehicle,30.289997513208274,67,1.0,0.0,14.291140803709329,>30m
none,0.0,scene-1094_003,Pedestrian,vru,14.528136527465763,11,1.0,0.0,5.153065659280303,<15m
yaw,0.25,scene-1094_003,personal_mobility,other,9.417841818495994,22,1.0,7.472717443526594,11.96593533998885,<15m
yaw,0.25,scene-1094_003,Car,vehicle,24.593226753200245,28,0.9642857142857143,7.080702467180432,11.710753285002086,15-30m
yaw,0.25,scene-1094_003,Car,vehicle,8.296261678962637,408,0.9338235294117647,6.197735819825358,19.8973026238338,<15m
yaw,0.25,scene-1094_003,Car,vehicle,30.289997513208274,67,1.0,6.31392420741067,14.291140803709329,>30m
yaw,0.25,scene-1094_003,Pedestrian,vru,14.528136527465763,11,1.0,5.9900619758953955,5.153065659280303,<15m
yaw,0.5,scene-1094_003,personal_mobility,other,9.417841818495994,22,1.0,14.980063193474614,11.96593533998885,<15m
yaw,0.5,scene-1094_003,Car,vehicle,24.593226753200245,28,0.9642857142857143,14.192681081332765,11.710753285002086,15-30m
yaw,0.5,scene-1094_003,Car,vehicle,8.296261678962637,408,0.9338235294117647,12.395207589014255,19.8973026238338,<15m
yaw,0.5,scene-1094_003,Car,vehicle,30.289997513208274,67,1.0,12.646967699741715,14.291140803709329,>30m
yaw,0.5,scene-1094_003,Pedestrian,vru,14.528136527465763,11,1.0,11.989619781943512,5.153065659280303,<15m
yaw,1.0,scene-1094_003,personal_mobility,other,9.417841818495994,22,1.0,30.100894411406642,11.96593533998885,<15m
yaw,1.0,scene-1094_003,Car,vehicle,24.593226753200245,28,0.75,28.512446964536238,11.710753285002086,15-30m
yaw,1.0,scene-1094_003,Car,vehicle,8.296261678962637,408,0.9313725490196079,24.791933670721534,19.8973026238338,<15m
yaw,1.0,scene-1094_003,Car,vehicle,30.289997513208274,67,0.9701492537313433,25.371768252379116,14.291140803709329,>30m
yaw,1.0,scene-1094_003,Pedestrian,vru,14.528136527465763,11,1.0,24.018303974084947,5.153065659280303,<15m
yaw,2.0,scene-1094_003,personal_mobility,other,9.417841818495994,22,0.9090909090909091,60.600021253047586,11.96593533998885,<15m
yaw,2.0,scene-1094_003,Car,vehicle,24.593226753200245,28,0.5,57.54947256334291,11.710753285002086,15-30m
yaw,2.0,scene-1094_003,Car,vehicle,8.296261678962637,408,0.8995098039215687,49.592986430167954,19.8973026238338,<15m
yaw,2.0,scene-1094_003,Car,vehicle,30.289997513208274,67,0.9253731343283582,51.065920133055954,14.291140803709329,>30m
yaw,2.0,scene-1094_003,Pedestrian,vru,14.528136527465763,11,0.6363636363636364,48.20161047942589,5.153065659280303,<15m
yaw,3.0,scene-1094_003,personal_mobility,other,9.417841818495994,22,0.8181818181818182,91.54189367325208,11.96593533998885,<15m
yaw,3.0,scene-1094_003,Car,vehicle,24.593226753200245,28,0.5,87.14474831704092,11.710753285002086,15-30m
yaw,3.0,scene-1094_003,Car,vehicle,8.296261678962637,408,0.8431372549019608,74.44643030231009,19.8973026238338,<15m
yaw,3.0,scene-1094_003,Car,vehicle,30.289997513208274,67,0.8805970149253731,77.10517917472616,14.291140803709329,>30m
yaw,3.0,scene-1094_003,Pedestrian,vru,14.528136527465763,11,0.2727272727272727,72.56770229747987,5.153065659280303,<15m
pitch,0.25,scene-1094_003,personal_mobility,other,9.417841818495994,22,1.0,6.083731020647523,11.96593533998885,<15m
pitch,0.25,scene-1094_003,Car,vehicle,24.593226753200245,28,1.0,5.737419197893252,11.710753285002086,15-30m
pitch,0.25,scene-1094_003,Car,vehicle,8.296261678962637,408,0.9534313725490197,6.305623388768373,19.8973026238338,<15m
pitch,0.25,scene-1094_003,Car,vehicle,30.289997513208274,67,1.0,5.676795534415184,14.291140803709329,>30m
pitch,0.25,scene-1094_003,Pedestrian,vru,14.528136527465763,11,1.0,5.830654580192841,5.153065659280303,<15m
pitch,0.5,scene-1094_003,personal_mobility,other,9.417841818495994,22,1.0,12.174647138013707,11.96593533998885,<15m
pitch,0.5,scene-1094_003,Car,vehicle,24.593226753200245,28,1.0,11.4786382398998,11.710753285002086,15-30m
pitch,0.5,scene-1094_003,Car,vehicle,8.296261678962637,408,1.0,12.620561685443228,19.8973026238338,<15m
pitch,0.5,scene-1094_003,Car,vehicle,30.289997513208274,67,1.0,11.355880175048826,14.291140803709329,>30m
pitch,0.5,scene-1094_003,Pedestrian,vru,14.528136527465763,11,1.0,11.664623068918013,5.153065659280303,<15m
pitch,1.0,scene-1094_003,personal_mobility,other,9.417841818495994,22,1.0,24.379211985872303,11.96593533998885,<15m
pitch,1.0,scene-1094_003,Car,vehicle,24.593226753200245,28,1.0,22.973469340289803,11.710753285002086,15-30m
pitch,1.0,scene-1094_003,Car,vehicle,8.296261678962637,408,1.0,25.279612059598602,19.8973026238338,<15m
pitch,1.0,scene-1094_003,Car,vehicle,30.289997513208274,67,1.0,22.72186099030208,14.291140803709329,>30m
pitch,1.0,scene-1094_003,Pedestrian,vru,14.528136527465763,11,1.0,23.34348223319965,5.153065659280303,<15m
pitch,2.0,scene-1094_003,personal_mobility,other,9.417841818495994,22,0.9545454545454546,48.88759306911659,11.96593533998885,<15m
pitch,2.0,scene-1094_003,Car,vehicle,24.593226753200245,28,0.6785714285714286,46.019698030233215,11.710753285002086,15-30m
pitch,2.0,scene-1094_003,Car,vehicle,8.296261678962637,408,1.0,50.723119143416845,19.8973026238338,<15m
pitch,2.0,scene-1094_003,Car,vehicle,30.289997513208274,67,0.8507462686567164,45.49170378140196,14.291140803709329,>30m
pitch,2.0,scene-1094_003,Pedestrian,vru,14.528136527465763,11,0.8181818181818182,46.75188509393804,5.153065659280303,<15m
pitch,3.0,scene-1094_003,personal_mobility,other,9.417841818495994,22,0.6818181818181818,73.54438704469345,11.96593533998885,<15m
pitch,3.0,scene-1094_003,Car,vehicle,24.593226753200245,28,0.6785714285714286,69.15479095980993,11.710753285002086,15-30m
pitch,3.0,scene-1094_003,Car,vehicle,8.296261678962637,408,0.9142156862745098,76.2202256209968,19.8973026238338,<15m
pitch,3.0,scene-1094_003,Car,vehicle,30.289997513208274,67,0.6865671641791045,68.32477326641221,14.291140803709329,>30m
pitch,3.0,scene-1094_003,Pedestrian,vru,14.528136527465763,11,0.8181818181818182,70.24128637569636,5.153065659280303,<15m
roll,0.25,scene-1094_003,personal_mobility,other,9.417841818495994,22,1.0,2.909198378371313,11.96593533998885,<15m
roll,0.25,scene-1094_003,Car,vehicle,24.593226753200245,28,1.0,2.7481335821985775,11.710753285002086,15-30m
roll,0.25,scene-1094_003,Car,vehicle,8.296261678962637,408,0.9338235294117647,1.0907377961331917,19.8973026238338,<15m
roll,0.25,scene-1094_003,Car,vehicle,30.289997513208274,67,1.0,1.887214715401784,14.291140803709329,>30m
roll,0.25,scene-1094_003,Pedestrian,vru,14.528136527465763,11,1.0,1.0764082389549876,5.153065659280303,<15m
roll,0.5,scene-1094_003,personal_mobility,other,9.417841818495994,22,1.0,5.818253628141919,11.96593533998885,<15m
roll,0.5,scene-1094_003,Car,vehicle,24.593226753200245,28,1.0,5.496140310035688,11.710753285002086,15-30m
roll,0.5,scene-1094_003,Car,vehicle,8.296261678962637,408,0.9338235294117647,2.181451588155789,19.8973026238338,<15m
roll,0.5,scene-1094_003,Car,vehicle,30.289997513208274,67,1.0,3.7743677204737027,14.291140803709329,>30m
roll,0.5,scene-1094_003,Pedestrian,vru,14.528136527465763,11,1.0,2.1527933974547255,5.153065659280303,<15m
roll,1.0,scene-1094_003,personal_mobility,other,9.417841818495994,22,1.0,11.63587944982557,11.96593533998885,<15m
roll,1.0,scene-1094_003,Car,vehicle,24.593226753200245,28,1.0,10.991721343690926,11.710753285002086,15-30m
roll,1.0,scene-1094_003,Car,vehicle,8.296261678962637,408,0.9313725490196079,4.362786231159046,19.8973026238338,<15m
roll,1.0,scene-1094_003,Car,vehicle,30.289997513208274,67,1.0,7.548452984574321,14.291140803709329,>30m
roll,1.0,scene-1094_003,Pedestrian,vru,14.528136527465763,11,1.0,4.305473986940329,5.153065659280303,<15m
roll,2.0,scene-1094_003,personal_mobility,other,9.417841818495994,22,1.0,23.26880569261033,11.96593533998885,<15m
roll,2.0,scene-1094_003,Car,vehicle,24.593226753200245,28,0.9285714285714286,21.980791021866974,11.710753285002086,15-30m
roll,2.0,scene-1094_003,Car,vehicle,8.296261678962637,408,0.9313725490196079,8.724937306775349,19.8973026238338,<15m
roll,2.0,scene-1094_003,Car,vehicle,30.289997513208274,67,1.0,15.095491369793505,14.291140803709329,>30m
roll,2.0,scene-1094_003,Pedestrian,vru,14.528136527465763,11,1.0,8.610332904757978,5.153065659280303,<15m
roll,3.0,scene-1094_003,personal_mobility,other,9.417841818495994,22,0.9545454545454546,34.89789580303231,11.96593533998885,<15m
roll,3.0,scene-1094_003,Car,vehicle,24.593226753200245,28,0.8214285714285714,32.96638082390799,11.710753285002086,15-30m
roll,3.0,scene-1094_003,Car,vehicle,8.296261678962637,408,0.9313725490196079,13.086118642737699,19.8973026238338,<15m
roll,3.0,scene-1094_003,Car,vehicle,30.289997513208274,67,0.746268656716418,22.640546040213017,14.291140803709329,>30m
roll,3.0,scene-1094_003,Pedestrian,vru,14.528136527465763,11,1.0,12.914249235855731,5.153065659280303,<15m
t_fwd,0.02,scene-1094_003,personal_mobility,other,9.417841818495994,22,1.0,1.5862639229134772,11.96593533998885,<15m
t_fwd,0.02,scene-1094_003,Car,vehicle,24.593226753200245,28,1.0,0.5879833944335484,11.710753285002086,15-30m
t_fwd,0.02,scene-1094_003,Car,vehicle,8.296261678962637,408,0.9338235294117647,0.5920680653264621,19.8973026238338,<15m
t_fwd,0.02,scene-1094_003,Car,vehicle,30.289997513208274,67,1.0,0.31491998899019635,14.291140803709329,>30m
t_fwd,0.02,scene-1094_003,Pedestrian,vru,14.528136527465763,11,1.0,0.3387248263362002,5.153065659280303,<15m
t_fwd,0.05,scene-1094_003,personal_mobility,other,9.417841818495994,22,1.0,3.9513905394651294,11.96593533998885,<15m
t_fwd,0.05,scene-1094_003,Car,vehicle,24.593226753200245,28,1.0,1.4678932778601483,11.710753285002086,15-30m
t_fwd,0.05,scene-1094_003,Car,vehicle,8.296261678962637,408,0.9338235294117647,1.4744346458124902,19.8973026238338,<15m
t_fwd,0.05,scene-1094_003,Car,vehicle,30.289997513208274,67,1.0,0.7864403892465415,14.291140803709329,>30m
t_fwd,0.05,scene-1094_003,Pedestrian,vru,14.528136527465763,11,1.0,0.8450232518883305,5.153065659280303,<15m
t_fwd,0.1,scene-1094_003,personal_mobility,other,9.417841818495994,22,1.0,7.855670661764332,11.96593533998885,<15m
t_fwd,0.1,scene-1094_003,Car,vehicle,24.593226753200245,28,1.0,2.928928298086513,11.710753285002086,15-30m
t_fwd,0.1,scene-1094_003,Car,vehicle,8.296261678962637,408,0.9338235294117647,2.9285748842301302,19.8973026238338,<15m
t_fwd,0.1,scene-1094_003,Car,vehicle,30.289997513208274,67,1.0,1.5700238281585928,14.291140803709329,>30m
t_fwd,0.1,scene-1094_003,Pedestrian,vru,14.528136527465763,11,1.0,1.6841172612762951,5.153065659280303,<15m
t_fwd,0.2,scene-1094_003,personal_mobility,other,9.417841818495994,22,1.0,15.526230995928518,11.96593533998885,<15m
t_fwd,0.2,scene-1094_003,Car,vehicle,24.593226753200245,28,1.0,5.830615216258362,11.710753285002086,15-30m
t_fwd,0.2,scene-1094_003,Car,vehicle,8.296261678962637,408,0.9362745098039216,5.780351575244788,19.8973026238338,<15m
t_fwd,0.2,scene-1094_003,Car,vehicle,30.289997513208274,67,1.0,3.128681901293827,14.291140803709329,>30m
t_fwd,0.2,scene-1094_003,Pedestrian,vru,14.528136527465763,11,1.0,3.3447654341914905,5.153065659280303,<15m
t_left,0.02,scene-1094_003,personal_mobility,other,9.417841818495994,22,1.0,3.066825945957593,11.96593533998885,<15m
t_left,0.02,scene-1094_003,Car,vehicle,24.593226753200245,28,1.0,1.1599043280494028,11.710753285002086,15-30m
t_left,0.02,scene-1094_003,Car,vehicle,8.296261678962637,408,0.9338235294117647,3.9224435159690945,19.8973026238338,<15m
t_left,0.02,scene-1094_003,Car,vehicle,30.289997513208274,67,1.0,0.921829997323283,14.291140803709329,>30m
t_left,0.02,scene-1094_003,Pedestrian,vru,14.528136527465763,11,1.0,1.7795443698247135,5.153065659280303,<15m
t_left,0.05,scene-1094_003,personal_mobility,other,9.417841818495994,22,1.0,7.666959466634032,11.96593533998885,<15m
t_left,0.05,scene-1094_003,Car,vehicle,24.593226753200245,28,1.0,2.8997457453770377,11.710753285002086,15-30m
t_left,0.05,scene-1094_003,Car,vehicle,8.296261678962637,408,0.9338235294117647,9.80593675213349,19.8973026238338,<15m
t_left,0.05,scene-1094_003,Car,vehicle,30.289997513208274,67,1.0,2.3045654770949215,14.291140803709329,>30m
t_left,0.05,scene-1094_003,Pedestrian,vru,14.528136527465763,11,1.0,4.448825488778789,5.153065659280303,<15m
t_left,0.1,scene-1094_003,personal_mobility,other,9.417841818495994,22,1.0,15.333567618613333,11.96593533998885,<15m
t_left,0.1,scene-1094_003,Car,vehicle,24.593226753200245,28,1.0,5.799441242295297,11.710753285002086,15-30m
t_left,0.1,scene-1094_003,Car,vehicle,8.296261678962637,408,0.9338235294117647,19.611300071798052,19.8973026238338,<15m
t_left,0.1,scene-1094_003,Car,vehicle,30.289997513208274,67,1.0,4.609099233827557,14.291140803709329,>30m
t_left,0.1,scene-1094_003,Pedestrian,vru,14.528136527465763,11,1.0,8.897532860789147,5.153065659280303,<15m
t_left,0.2,scene-1094_003,personal_mobility,other,9.417841818495994,22,1.0,30.66573007519078,11.96593533998885,<15m
t_left,0.2,scene-1094_003,Car,vehicle,24.593226753200245,28,0.9642857142857143,11.598681495980319,11.710753285002086,15-30m
t_left,0.2,scene-1094_003,Car,vehicle,8.296261678962637,408,0.9313725490196079,39.22030661490818,19.8973026238338,<15m
t_left,0.2,scene-1094_003,Car,vehicle,30.289997513208274,67,1.0,9.218071588825715,14.291140803709329,>30m
t_left,0.2,scene-1094_003,Pedestrian,vru,14.528136527465763,11,1.0,17.79459327332088,5.153065659280303,<15m
t_up,0.02,scene-1094_003,personal_mobility,other,9.417841818495994,22,1.0,3.079627919086853,11.96593533998885,<15m
t_up,0.02,scene-1094_003,Car,vehicle,24.593226753200245,28,1.0,1.1633227274301854,11.710753285002086,15-30m
t_up,0.02,scene-1094_003,Car,vehicle,8.296261678962637,408,0.9313725490196079,3.933372159600982,19.8973026238338,<15m
t_up,0.02,scene-1094_003,Car,vehicle,30.289997513208274,67,1.0,0.9234686402544422,14.291140803709329,>30m
t_up,0.02,scene-1094_003,Pedestrian,vru,14.528136527465763,11,1.0,1.7817387042238362,5.153065659280303,<15m
t_up,0.05,scene-1094_003,personal_mobility,other,9.417841818495994,22,1.0,7.698547316326109,11.96593533998885,<15m
t_up,0.05,scene-1094_003,Car,vehicle,24.593226753200245,28,1.0,2.908232177452719,11.710753285002086,15-30m
t_up,0.05,scene-1094_003,Car,vehicle,8.296261678962637,408,0.9313725490196079,9.832578334897654,19.8973026238338,<15m
t_up,0.05,scene-1094_003,Car,vehicle,30.289997513208274,67,1.0,2.308624536363022,14.291140803709329,>30m
t_up,0.05,scene-1094_003,Pedestrian,vru,14.528136527465763,11,1.0,4.454171605711398,5.153065659280303,<15m
t_up,0.1,scene-1094_003,personal_mobility,other,9.417841818495994,22,1.0,15.39535334315421,11.96593533998885,<15m
t_up,0.1,scene-1094_003,Car,vehicle,24.593226753200245,28,1.0,5.816215568191881,11.710753285002086,15-30m
t_up,0.1,scene-1094_003,Car,vehicle,8.296261678962637,408,0.9313725490196079,19.662317112295568,19.8973026238338,<15m
t_up,0.1,scene-1094_003,Car,vehicle,30.289997513208274,67,1.0,4.617092200343391,14.291140803709329,>30m
t_up,0.1,scene-1094_003,Pedestrian,vru,14.528136527465763,11,1.0,8.907759423146608,5.153065659280303,<15m
t_up,0.2,scene-1094_003,personal_mobility,other,9.417841818495994,22,0.9545454545454546,30.78374389089536,11.96593533998885,<15m
t_up,0.2,scene-1094_003,Car,vehicle,24.593226753200245,28,1.0,11.631436117229617,11.710753285002086,15-30m
t_up,0.2,scene-1094_003,Car,vehicle,8.296261678962637,408,0.8676470588235294,39.31328091340742,19.8973026238338,<15m
t_up,0.2,scene-1094_003,Car,vehicle,30.289997513208274,67,1.0,9.233556975109622,14.291140803709329,>30m
t_up,0.2,scene-1094_003,Pedestrian,vru,14.528136527465763,11,1.0,17.81318415221583,5.153065659280303,<15m
none,0.0,scene-1094_004,personal_mobility,other,8.957667057116737,31,1.0,0.0,11.036188082193528,<15m
none,0.0,scene-1094_004,Car,vehicle,24.192064557666622,29,1.0,0.0,11.958370518358704,15-30m
none,0.0,scene-1094_004,Car,vehicle,8.483969803243285,363,0.953168044077135,0.0,19.81628305726659,<15m
none,0.0,scene-1094_004,Car,vehicle,29.873768841590323,70,1.0,0.0,14.552037591862398,15-30m
yaw,0.25,scene-1094_004,personal_mobility,other,8.957667057116737,31,0.967741935483871,7.688629520730913,11.036188082193528,<15m
yaw,0.25,scene-1094_004,Car,vehicle,24.192064557666622,29,0.9310344827586207,6.903394218430261,11.958370518358704,15-30m
yaw,0.25,scene-1094_004,Car,vehicle,8.483969803243285,363,0.953168044077135,6.1759801247077935,19.81628305726659,<15m
yaw,0.25,scene-1094_004,Car,vehicle,29.873768841590323,70,1.0,6.336351112275033,14.552037591862398,15-30m
yaw,0.5,scene-1094_004,personal_mobility,other,8.957667057116737,31,0.967741935483871,15.415357831615761,11.036188082193528,<15m
yaw,0.5,scene-1094_004,Car,vehicle,24.192064557666622,29,0.9310344827586207,13.835178481112132,11.958370518358704,15-30m
yaw,0.5,scene-1094_004,Car,vehicle,8.483969803243285,363,0.953168044077135,12.355481981730597,19.81628305726659,<15m
yaw,0.5,scene-1094_004,Car,vehicle,29.873768841590323,70,1.0,12.692205805394341,14.552037591862398,15-30m
yaw,1.0,scene-1094_004,personal_mobility,other,8.957667057116737,31,0.967741935483871,30.985573966296272,11.036188082193528,<15m
yaw,1.0,scene-1094_004,Car,vehicle,24.192064557666622,29,0.7586206896551724,27.785736510502495,11.958370518358704,15-30m
yaw,1.0,scene-1094_004,Car,vehicle,8.483969803243285,363,0.9449035812672176,24.72604453031732,19.81628305726659,<15m
yaw,1.0,scene-1094_004,Car,vehicle,29.873768841590323,70,0.9714285714285714,25.463798458656072,14.552037591862398,15-30m
yaw,2.0,scene-1094_004,personal_mobility,other,8.957667057116737,31,0.967741935483871,62.61082239801806,11.036188082193528,<15m
yaw,2.0,scene-1094_004,Car,vehicle,24.192064557666622,29,0.7241379310344828,56.04789310188437,11.958370518358704,15-30m
yaw,2.0,scene-1094_004,Car,vehicle,8.483969803243285,363,0.9090909090909091,49.53562503790316,19.81628305726659,<15m
yaw,2.0,scene-1094_004,Car,vehicle,29.873768841590323,70,0.9285714285714286,51.256336205248445,14.552037591862398,15-30m
yaw,3.0,scene-1094_004,personal_mobility,other,8.957667057116737,31,0.967741935483871,94.91783880683968,11.036188082193528,<15m
yaw,3.0,scene-1094_004,Car,vehicle,24.192064557666622,29,0.7241379310344828,84.13940841141599,11.958370518358704,15-30m
yaw,3.0,scene-1094_004,Car,vehicle,8.483969803243285,363,0.8484848484848485,74.47526005852639,19.81628305726659,<15m
yaw,3.0,scene-1094_004,Car,vehicle,29.873768841590323,70,0.8857142857142857,77.40063161614736,14.552037591862398,15-30m
pitch,0.25,scene-1094_004,personal_mobility,other,8.957667057116737,31,1.0,6.0998400337894925,11.036188082193528,<15m
pitch,0.25,scene-1094_004,Car,vehicle,24.192064557666622,29,1.0,5.74145324980261,11.958370518358704,15-30m
pitch,0.25,scene-1094_004,Car,vehicle,8.483969803243285,363,1.0,6.253846952286351,19.81628305726659,<15m
pitch,0.25,scene-1094_004,Car,vehicle,29.873768841590323,70,1.0,5.676431195922017,14.552037591862398,15-30m
pitch,0.5,scene-1094_004,personal_mobility,other,8.957667057116737,31,1.0,12.207146922450741,11.036188082193528,<15m
pitch,0.5,scene-1094_004,Car,vehicle,24.192064557666622,29,1.0,11.486863350643517,11.958370518358704,15-30m
pitch,0.5,scene-1094_004,Car,vehicle,8.483969803243285,363,1.0,12.516842175985527,19.81628305726659,<15m
pitch,0.5,scene-1094_004,Car,vehicle,29.873768841590323,70,1.0,11.355114926147412,14.552037591862398,15-30m
pitch,1.0,scene-1094_004,personal_mobility,other,8.957667057116737,31,1.0,24.445364241627942,11.036188082193528,<15m
pitch,1.0,scene-1094_004,Car,vehicle,24.192064557666622,29,1.0,22.99056740677061,11.958370518358704,15-30m
pitch,1.0,scene-1094_004,Car,vehicle,8.483969803243285,363,1.0,25.071478290603878,19.81628305726659,<15m
pitch,1.0,scene-1094_004,Car,vehicle,29.873768841590323,70,1.0,22.720177291149973,14.552037591862398,15-30m
pitch,2.0,scene-1094_004,personal_mobility,other,8.957667057116737,31,0.8387096774193549,49.01169331473017,11.036188082193528,<15m
pitch,2.0,scene-1094_004,Car,vehicle,24.192064557666622,29,0.9310344827586207,46.056645655983004,11.958370518358704,15-30m
pitch,2.0,scene-1094_004,Car,vehicle,8.483969803243285,363,0.9421487603305785,50.30384356068419,19.81628305726659,<15m
pitch,2.0,scene-1094_004,Car,vehicle,29.873768841590323,70,0.8285714285714286,45.48766791626733,14.552037591862398,15-30m
pitch,3.0,scene-1094_004,personal_mobility,other,8.957667057116737,31,0.8387096774193549,73.7375348844844,11.036188082193528,<15m
pitch,3.0,scene-1094_004,Car,vehicle,24.192064557666622,29,0.6206896551724138,69.21466472112326,11.958370518358704,15-30m
pitch,3.0,scene-1094_004,Car,vehicle,8.483969803243285,363,0.9421487603305785,75.538264363087,19.81628305726659,<15m
pitch,3.0,scene-1094_004,Car,vehicle,29.873768841590323,70,0.6428571428571429,68.31889470261652,14.552037591862398,15-30m
roll,0.25,scene-1094_004,personal_mobility,other,8.957667057116737,31,1.0,3.072054582995243,11.036188082193528,<15m
roll,0.25,scene-1094_004,Car,vehicle,24.192064557666622,29,1.0,2.5691084830482724,11.958370518358704,15-30m
roll,0.25,scene-1094_004,Car,vehicle,8.483969803243285,363,0.9504132231404959,1.0745084389248065,19.81628305726659,<15m
roll,0.25,scene-1094_004,Car,vehicle,29.873768841590323,70,1.0,1.9205258637908424,14.552037591862398,15-30m
roll,0.5,scene-1094_004,personal_mobility,other,8.957667057116737,31,1.0,6.143956922495231,11.036188082193528,<15m
roll,0.5,scene-1094_004,Car,vehicle,24.192064557666622,29,1.0,5.138105876662033,11.958370518358704,15-30m
roll,0.5,scene-1094_004,Car,vehicle,8.483969803243285,363,0.9504132231404959,2.1490006838716424,19.81628305726659,<15m
roll,0.5,scene-1094_004,Car,vehicle,29.873768841590323,70,1.0,3.840987906993555,14.552037591862398,15-30m
roll,1.0,scene-1094_004,personal_mobility,other,8.957667057116737,31,1.0,12.287247393651548,11.036188082193528,<15m
roll,1.0,scene-1094_004,Car,vehicle,24.192064557666622,29,1.0,10.275718791697038,11.958370518358704,15-30m
roll,1.0,scene-1094_004,Car,vehicle,8.483969803243285,363,0.9449035812672176,4.297915682695251,19.81628305726659,<15m
roll,1.0,scene-1094_004,Car,vehicle,29.873768841590323,70,1.0,7.681684239215892,14.552037591862398,15-30m
roll,2.0,scene-1094_004,personal_mobility,other,8.957667057116737,31,0.9354838709677419,24.498026644124167,11.036188082193528,<15m
roll,2.0,scene-1094_004,Car,vehicle,24.192064557666622,29,0.896551724137931,20.54907717766112,11.958370518358704,15-30m
roll,2.0,scene-1094_004,Car,vehicle,8.483969803243285,363,0.9393939393939394,8.59532138671168,19.81628305726659,<15m
roll,2.0,scene-1094_004,Car,vehicle,29.873768841590323,70,1.0,15.361911992042337,14.552037591862398,15-30m
roll,3.0,scene-1094_004,personal_mobility,other,8.957667057116737,31,0.9354838709677419,36.74141103654419,11.036188082193528,<15m
roll,3.0,scene-1094_004,Car,vehicle,24.192064557666622,29,0.8620689655172413,30.819298834988683,11.958370518358704,15-30m
roll,3.0,scene-1094_004,Car,vehicle,8.483969803243285,363,0.9393939393939394,12.89188274439671,19.81628305726659,<15m
roll,3.0,scene-1094_004,Car,vehicle,29.873768841590323,70,0.7714285714285715,23.040103332232484,14.552037591862398,15-30m
t_fwd,0.02,scene-1094_004,personal_mobility,other,8.957667057116737,31,1.0,1.7548149190086846,11.036188082193528,<15m
t_fwd,0.02,scene-1094_004,Car,vehicle,24.192064557666622,29,1.0,0.584004960767305,11.958370518358704,15-30m
t_fwd,0.02,scene-1094_004,Car,vehicle,8.483969803243285,363,0.953168044077135,0.5862621609961888,19.81628305726659,<15m
t_fwd,0.02,scene-1094_004,Car,vehicle,29.873768841590323,70,1.0,0.3270401997099486,14.552037591862398,15-30m
t_fwd,0.05,scene-1094_004,personal_mobility,other,8.957667057116737,31,1.0,4.3705484662611624,11.036188082193528,<15m
t_fwd,0.05,scene-1094_004,Car,vehicle,24.192064557666622,29,1.0,1.4578335784957555,11.958370518358704,15-30m
t_fwd,0.05,scene-1094_004,Car,vehicle,8.483969803243285,363,0.953168044077135,1.4592192453505235,19.81628305726659,<15m
t_fwd,0.05,scene-1094_004,Car,vehicle,29.873768841590323,70,1.0,0.8166884539833967,14.552037591862398,15-30m
t_fwd,0.1,scene-1094_004,personal_mobility,other,8.957667057116737,31,1.0,8.686681610903893,11.036188082193528,<15m
t_fwd,0.1,scene-1094_004,Car,vehicle,24.192064557666622,29,1.0,2.908433243013347,11.958370518358704,15-30m
t_fwd,0.1,scene-1094_004,Car,vehicle,8.483969803243285,363,0.953168044077135,2.8972340367080194,19.81628305726659,<15m
t_fwd,0.1,scene-1094_004,Car,vehicle,29.873768841590323,70,1.0,1.6303457837933504,14.552037591862398,15-30m
t_fwd,0.2,scene-1094_004,personal_mobility,other,8.957667057116737,31,1.0,17.15971692036367,11.036188082193528,<15m
t_fwd,0.2,scene-1094_004,Car,vehicle,24.192064557666622,29,1.0,5.788145139059184,11.958370518358704,15-30m
t_fwd,0.2,scene-1094_004,Car,vehicle,8.483969803243285,363,0.9614325068870524,5.711472555490005,19.81628305726659,<15m
t_fwd,0.2,scene-1094_004,Car,vehicle,29.873768841590323,70,1.0,3.2486343212667848,14.552037591862398,15-30m
t_left,0.02,scene-1094_004,personal_mobility,other,8.957667057116737,31,1.0,3.18725133375734,11.036188082193528,<15m
t_left,0.02,scene-1094_004,Car,vehicle,24.192064557666622,29,1.0,1.2302613208149362,11.958370518358704,15-30m
t_left,0.02,scene-1094_004,Car,vehicle,8.483969803243285,363,0.953168044077135,3.811270546293305,19.81628305726659,<15m
t_left,0.02,scene-1094_004,Car,vehicle,29.873768841590323,70,1.0,0.938656895405106,14.552037591862398,15-30m
t_left,0.05,scene-1094_004,personal_mobility,other,8.957667057116737,31,0.967741935483871,7.959206118016205,11.036188082193528,<15m
t_left,0.05,scene-1094_004,Car,vehicle,24.192064557666622,29,1.0,3.0756364934451175,11.958370518358704,15-30m
t_left,0.05,scene-1094_004,Car,vehicle,8.483969803243285,363,0.953168044077135,9.528015331853691,19.81628305726659,<15m
t_left,0.05,scene-1094_004,Car,vehicle,29.873768841590323,70,1.0,2.3466324561638094,14.552037591862398,15-30m
t_left,0.1,scene-1094_004,personal_mobility,other,8.957667057116737,31,0.967741935483871,15.918036880622516,11.036188082193528,<15m
t_left,0.1,scene-1094_004,Car,vehicle,24.192064557666622,29,1.0,6.151216959066215,11.958370518358704,15-30m
t_left,0.1,scene-1094_004,Car,vehicle,8.483969803243285,363,0.953168044077135,19.055493908300303,19.81628305726659,<15m
t_left,0.1,scene-1094_004,Car,vehicle,29.873768841590323,70,1.0,4.693232304860393,14.552037591862398,15-30m
t_left,0.2,scene-1094_004,personal_mobility,other,8.957667057116737,31,0.967741935483871,31.83457244581127,11.036188082193528,<15m
t_left,0.2,scene-1094_004,Car,vehicle,24.192064557666622,29,0.9310344827586207,12.302209812959457,11.958370518358704,15-30m
t_left,0.2,scene-1094_004,Car,vehicle,8.483969803243285,363,0.9449035812672176,38.10884097638877,19.81628305726659,<15m
t_left,0.2,scene-1094_004,Car,vehicle,29.873768841590323,70,1.0,9.38633418257071,14.552037591862398,15-30m
t_up,0.02,scene-1094_004,personal_mobility,other,8.957667057116737,31,1.0,3.194335720176459,11.036188082193528,<15m
t_up,0.02,scene-1094_004,Car,vehicle,24.192064557666622,29,1.0,1.233900177061233,11.958370518358704,15-30m
t_up,0.02,scene-1094_004,Car,vehicle,8.483969803243285,363,0.9449035812672176,3.8173168161734843,19.81628305726659,<15m
t_up,0.02,scene-1094_004,Car,vehicle,29.873768841590323,70,1.0,0.9401100156765372,14.552037591862398,15-30m
t_up,0.05,scene-1094_004,personal_mobility,other,8.957667057116737,31,1.0,7.985280279981098,11.036188082193528,<15m
t_up,0.05,scene-1094_004,Car,vehicle,24.192064557666622,29,1.0,3.0846669152227606,11.958370518358704,15-30m
t_up,0.05,scene-1094_004,Car,vehicle,8.483969803243285,363,0.9393939393939394,9.542492155341913,19.81628305726659,<15m
t_up,0.05,scene-1094_004,Car,vehicle,29.873768841590323,70,1.0,2.3502264953911043,14.552037591862398,15-30m
t_up,0.1,scene-1094_004,personal_mobility,other,8.957667057116737,31,1.0,15.96869750623026,11.036188082193528,<15m
t_up,0.1,scene-1094_004,Car,vehicle,24.192064557666622,29,1.0,6.169055425781006,11.958370518358704,15-30m
t_up,0.1,scene-1094_004,Car,vehicle,8.483969803243285,363,0.9393939393939394,19.082318622903674,19.81628305726659,<15m
t_up,0.1,scene-1094_004,Car,vehicle,29.873768841590323,70,1.0,4.700291187026963,14.552037591862398,15-30m
t_up,0.2,scene-1094_004,personal_mobility,other,8.957667057116737,31,0.967741935483871,31.929945404949713,11.036188082193528,<15m
t_up,0.2,scene-1094_004,Car,vehicle,24.192064557666622,29,1.0,12.336997383653573,11.958370518358704,15-30m
t_up,0.2,scene-1094_004,Car,vehicle,8.483969803243285,363,0.8622589531680441,38.15397896138586,19.81628305726659,<15m
t_up,0.2,scene-1094_004,Car,vehicle,29.873768841590323,70,1.0,9.399935225865665,14.552037591862398,15-30m
none,0.0,scene-1094_005,personal_mobility,other,8.444334380993293,44,1.0,0.0,7.017807531750757,<15m
none,0.0,scene-1094_005,Car,vehicle,23.52169373966934,32,1.0,0.0,12.387859018371513,15-30m
none,0.0,scene-1094_005,Car,vehicle,8.481843736522283,370,1.0,0.0,20.033186769172154,<15m
none,0.0,scene-1094_005,Car,vehicle,29.172267073299786,70,1.0,0.0,15.004075084424388,15-30m
yaw,0.25,scene-1094_005,personal_mobility,other,8.444334380993293,44,0.9545454545454546,8.103497341150877,7.017807531750757,<15m
yaw,0.25,scene-1094_005,Car,vehicle,23.52169373966934,32,1.0,7.047416736369387,12.387859018371513,15-30m
yaw,0.25,scene-1094_005,Car,vehicle,8.481843736522283,370,0.9972972972972973,6.192534711791399,20.033186769172154,<15m
yaw,0.25,scene-1094_005,Car,vehicle,29.172267073299786,70,1.0,6.42472268906857,15.004075084424388,15-30m
yaw,0.5,scene-1094_005,personal_mobility,other,8.444334380993293,44,0.9090909090909091,16.2403273547255,7.017807531750757,<15m
yaw,0.5,scene-1094_005,Car,vehicle,23.52169373966934,32,1.0,14.125480953154,12.387859018371513,15-30m
yaw,0.5,scene-1094_005,Car,vehicle,8.481843736522283,370,0.9918918918918919,12.390235605300562,20.033186769172154,<15m
yaw,0.5,scene-1094_005,Car,vehicle,29.172267073299786,70,1.0,12.870484644728572,15.004075084424388,15-30m
yaw,1.0,scene-1094_005,personal_mobility,other,8.444334380993293,44,0.7727272727272727,32.426689329613616,7.017807531750757,<15m
yaw,1.0,scene-1094_005,Car,vehicle,23.52169373966934,32,1.0,28.375496282225576,12.387859018371513,15-30m
yaw,1.0,scene-1094_005,Car,vehicle,8.481843736522283,370,0.9783783783783784,24.802905405042758,20.033186769172154,<15m
yaw,1.0,scene-1094_005,Car,vehicle,29.172267073299786,70,0.9857142857142858,25.826567011784388,15.004075084424388,15-30m
yaw,2.0,scene-1094_005,personal_mobility,other,8.444334380993293,44,0.36363636363636365,64.3049876833937,7.017807531750757,<15m
yaw,2.0,scene-1094_005,Car,vehicle,23.52169373966934,32,1.0,57.265070779817776,12.387859018371513,15-30m
yaw,2.0,scene-1094_005,Car,vehicle,8.481843736522283,370,0.9405405405405406,49.71932741256606,20.033186769172154,<15m
yaw,2.0,scene-1094_005,Car,vehicle,29.172267073299786,70,0.9428571428571428,52.00728297821371,15.004075084424388,15-30m
yaw,3.0,scene-1094_005,personal_mobility,other,8.444334380993293,44,0.18181818181818182,96.32946007202679,7.017807531750757,<15m
yaw,3.0,scene-1094_005,Car,vehicle,23.52169373966934,32,1.0,86.70175942261379,12.387859018371513,15-30m
yaw,3.0,scene-1094_005,Car,vehicle,8.481843736522283,370,0.8891891891891892,74.76364349459391,20.033186769172154,<15m
yaw,3.0,scene-1094_005,Car,vehicle,29.172267073299786,70,0.8714285714285714,78.5663616621332,15.004075084424388,15-30m
pitch,0.25,scene-1094_005,personal_mobility,other,8.444334380993293,44,0.9772727272727273,6.140891269011115,7.017807531750757,<15m
pitch,0.25,scene-1094_005,Car,vehicle,23.52169373966934,32,1.0,5.762524369557116,12.387859018371513,15-30m
pitch,0.25,scene-1094_005,Car,vehicle,8.481843736522283,370,1.0,6.262234370517146,20.033186769172154,<15m
pitch,0.25,scene-1094_005,Car,vehicle,29.172267073299786,70,1.0,5.675098520517581,15.004075084424388,15-30m
pitch,0.5,scene-1094_005,personal_mobility,other,8.444334380993293,44,0.9772727272727273,12.289749204794758,7.017807531750757,<15m
pitch,0.5,scene-1094_005,Car,vehicle,23.52169373966934,32,1.0,11.530380670398056,12.387859018371513,15-30m
pitch,0.5,scene-1094_005,Car,vehicle,8.481843736522283,370,0.9972972972972973,12.533806913800985,20.033186769172154,<15m
pitch,0.5,scene-1094_005,Car,vehicle,29.172267073299786,70,1.0,11.352498511845818,15.004075084424388,15-30m
pitch,1.0,scene-1094_005,personal_mobility,other,8.444334380993293,44,0.9772727272727273,24.61261816769627,7.017807531750757,<15m
pitch,1.0,scene-1094_005,Car,vehicle,23.52169373966934,32,1.0,23.0831059236874,12.387859018371513,15-30m
pitch,1.0,scene-1094_005,Car,vehicle,8.481843736522283,370,0.9972972972972973,25.108479459358115,20.033186769172154,<15m
pitch,1.0,scene-1094_005,Car,vehicle,29.172267073299786,70,1.0,22.715149109302857,15.004075084424388,15-30m
pitch,2.0,scene-1094_005,personal_mobility,other,8.444334380993293,44,0.8863636363636364,49.353005686573155,7.017807531750757,<15m
pitch,2.0,scene-1094_005,Car,vehicle,23.52169373966934,32,0.78125,46.2637793732171,12.387859018371513,15-30m
pitch,2.0,scene-1094_005,Car,vehicle,8.481843736522283,370,0.9972972972972973,50.382673651450745,20.033186769172154,<15m
pitch,2.0,scene-1094_005,Car,vehicle,29.172267073299786,70,0.8,45.478501849460656,15.004075084424388,15-30m
pitch,3.0,scene-1094_005,personal_mobility,other,8.444334380993293,44,0.8636363636363636,74.26169307282765,7.017807531750757,<15m
pitch,3.0,scene-1094_005,Car,vehicle,23.52169373966934,32,0.40625,69.55856939776476,12.387859018371513,15-30m
pitch,3.0,scene-1094_005,Car,vehicle,8.481843736522283,370,0.8864864864864865,75.5905366003851,20.033186769172154,<15m
pitch,3.0,scene-1094_005,Car,vehicle,29.172267073299786,70,0.6142857142857143,68.30533567720073,15.004075084424388,15-30m
roll,0.25,scene-1094_005,personal_mobility,other,8.444334380993293,44,0.9772727272727273,3.383645331289111,7.017807531750757,<15m
roll,0.25,scene-1094_005,Car,vehicle,23.52169373966934,32,1.0,2.741272330184165,12.387859018371513,15-30m
roll,0.25,scene-1094_005,Car,vehicle,8.481843736522283,370,0.9972972972972973,1.2776222253108744,20.033186769172154,<15m
roll,0.25,scene-1094_005,Car,vehicle,29.172267073299786,70,1.0,2.0509707621422724,15.004075084424388,15-30m
roll,0.5,scene-1094_005,personal_mobility,other,8.444334380993293,44,0.9772727272727273,6.7671043334507965,7.017807531750757,<15m
roll,0.5,scene-1094_005,Car,vehicle,23.52169373966934,32,1.0,5.482419714211983,12.387859018371513,15-30m
roll,0.5,scene-1094_005,Car,vehicle,8.481843736522283,370,0.9972972972972973,2.555214492043306,20.033186769172154,<15m
roll,0.5,scene-1094_005,Car,vehicle,29.172267073299786,70,1.0,4.1018695164047525,15.004075084424388,15-30m
roll,1.0,scene-1094_005,personal_mobility,other,8.444334380993293,44,0.9772727272727273,13.53339978916093,7.017807531750757,<15m
roll,1.0,scene-1094_005,Car,vehicle,23.52169373966934,32,1.0,10.964287771027738,12.387859018371513,15-30m
roll,1.0,scene-1094_005,Car,vehicle,8.481843736522283,370,0.9972972972972973,5.110284645277986,20.033186769172154,<15m
roll,1.0,scene-1094_005,Car,vehicle,29.172267073299786,70,1.0,8.203412227160236,15.004075084424388,15-30m
roll,2.0,scene-1094_005,personal_mobility,other,8.444334380993293,44,0.8863636363636364,26.997107808879104,7.017807531750757,<15m
roll,2.0,scene-1094_005,Car,vehicle,23.52169373966934,32,0.75,21.925954237500974,12.387859018371513,15-30m
roll,2.0,scene-1094_005,Car,vehicle,8.481843736522283,370,0.9972972972972973,10.219795968368647,20.033186769172154,<15m
roll,2.0,scene-1094_005,Car,vehicle,29.172267073299786,70,0.9714285714285714,16.405207211339594,15.004075084424388,15-30m
roll,3.0,scene-1094_005,personal_mobility,other,8.444334380993293,44,0.8863636363636364,40.4890849778243,7.017807531750757,<15m
roll,3.0,scene-1094_005,Car,vehicle,23.52169373966934,32,0.75,32.88417094718024,12.387859018371513,15-30m
roll,3.0,scene-1094_005,Car,vehicle,8.481843736522283,370,0.9918918918918919,15.328142243401045,20.033186769172154,<15m
roll,3.0,scene-1094_005,Car,vehicle,29.172267073299786,70,0.7142857142857143,24.60476542003084,15.004075084424388,15-30m
t_fwd,0.02,scene-1094_005,personal_mobility,other,8.444334380993293,44,1.0,2.145206645182581,7.017807531750757,<15m
t_fwd,0.02,scene-1094_005,Car,vehicle,23.52169373966934,32,1.0,0.6380551967273298,12.387859018371513,15-30m
t_fwd,0.02,scene-1094_005,Car,vehicle,8.481843736522283,370,1.0,0.7254015436702101,20.033186769172154,<15m
t_fwd,0.02,scene-1094_005,Car,vehicle,29.172267073299786,70,1.0,0.3586474382007025,15.004075084424388,15-30m
t_fwd,0.05,scene-1094_005,personal_mobility,other,8.444334380993293,44,1.0,5.340564491866882,7.017807531750757,<15m
t_fwd,0.05,scene-1094_005,Car,vehicle,23.52169373966934,32,1.0,1.5927050799081908,12.387859018371513,15-30m
t_fwd,0.05,scene-1094_005,Car,vehicle,8.481843736522283,370,1.0,1.8052691257612445,20.033186769172154,<15m
t_fwd,0.05,scene-1094_005,Car,vehicle,29.172267073299786,70,1.0,0.8955903527747247,15.004075084424388,15-30m
t_fwd,0.1,scene-1094_005,personal_mobility,other,8.444334380993293,44,1.0,10.607118414428431,7.017807531750757,<15m
t_fwd,0.1,scene-1094_005,Car,vehicle,23.52169373966934,32,1.0,3.1773333558802213,12.387859018371513,15-30m
t_fwd,0.1,scene-1094_005,Car,vehicle,8.481843736522283,370,1.0,3.58341913048087,20.033186769172154,<15m
t_fwd,0.1,scene-1094_005,Car,vehicle,29.172267073299786,70,1.0,1.78776369170132,15.004075084424388,15-30m
t_fwd,0.2,scene-1094_005,personal_mobility,other,8.444334380993293,44,1.0,20.924265140787636,7.017807531750757,<15m
t_fwd,0.2,scene-1094_005,Car,vehicle,23.52169373966934,32,1.0,6.322604022812756,12.387859018371513,15-30m
t_fwd,0.2,scene-1094_005,Car,vehicle,8.481843736522283,370,1.0,7.060770728762087,20.033186769172154,<15m
t_fwd,0.2,scene-1094_005,Car,vehicle,29.172267073299786,70,1.0,3.56193725548059,15.004075084424388,15-30m
t_left,0.02,scene-1094_005,personal_mobility,other,8.444334380993293,44,0.9545454545454546,3.525247852807959,7.017807531750757,<15m
t_left,0.02,scene-1094_005,Car,vehicle,23.52169373966934,32,1.0,1.2821225036157577,12.387859018371513,15-30m
t_left,0.02,scene-1094_005,Car,vehicle,8.481843736522283,370,0.9972972972972973,3.818320602125353,20.033186769172154,<15m
t_left,0.02,scene-1094_005,Car,vehicle,29.172267073299786,70,1.0,0.9630536589185629,15.004075084424388,15-30m
t_left,0.05,scene-1094_005,personal_mobility,other,8.444334380993293,44,0.9545454545454546,8.812974628838848,7.017807531750757,<15m
t_left,0.05,scene-1094_005,Car,vehicle,23.52169373966934,32,1.0,3.2052870838552865,12.387859018371513,15-30m
t_left,0.05,scene-1094_005,Car,vehicle,8.481843736522283,370,0.9972972972972973,9.545631722216267,20.033186769172154,<15m
t_left,0.05,scene-1094_005,Car,vehicle,29.172267073299786,70,1.0,2.4076233349154847,15.004075084424388,15-30m
t_left,0.1,scene-1094_005,personal_mobility,other,8.444334380993293,44,0.8863636363636364,17.600342128007057,7.017807531750757,<15m
t_left,0.1,scene-1094_005,Car,vehicle,23.52169373966934,32,1.0,6.410510251449927,12.387859018371513,15-30m
t_left,0.1,scene-1094_005,Car,vehicle,8.481843736522283,370,0.9918918918918919,19.090697527617024,20.033186769172154,<15m
t_left,0.1,scene-1094_005,Car,vehicle,29.172267073299786,70,1.0,4.815210628992748,15.004075084424388,15-30m
t_left,0.2,scene-1094_005,personal_mobility,other,8.444334380993293,44,0.7272727272727273,35.050902244484234,7.017807531750757,<15m
t_left,0.2,scene-1094_005,Car,vehicle,23.52169373966934,32,1.0,12.82076484550468,12.387859018371513,15-30m
t_left,0.2,scene-1094_005,Car,vehicle,8.481843736522283,370,0.9756756756756757,38.17913158926298,20.033186769172154,<15m
t_left,0.2,scene-1094_005,Car,vehicle,29.172267073299786,70,1.0,9.630277097869872,15.004075084424388,15-30m
t_up,0.02,scene-1094_005,personal_mobility,other,8.444334380993293,44,1.0,3.5448494664313976,7.017807531750757,<15m
t_up,0.02,scene-1094_005,Car,vehicle,23.52169373966934,32,1.0,1.2855852336040998,12.387859018371513,15-30m
t_up,0.02,scene-1094_005,Car,vehicle,8.481843736522283,370,1.0,3.8253246929182345,20.033186769172154,<15m
t_up,0.02,scene-1094_005,Car,vehicle,29.172267073299786,70,1.0,0.96485435497708,15.004075084424388,15-30m
t_up,0.05,scene-1094_005,personal_mobility,other,8.444334380993293,44,1.0,8.86143846268357,7.017807531750757,<15m
t_up,0.05,scene-1094_005,Car,vehicle,23.52169373966934,32,1.0,3.21387290049186,12.387859018371513,15-30m
t_up,0.05,scene-1094_005,Car,vehicle,8.481843736522283,370,1.0,9.562514520531458,20.033186769172154,<15m
t_up,0.05,scene-1094_005,Car,vehicle,29.172267073299786,70,1.0,2.4120850770235123,15.004075084424388,15-30m
t_up,0.1,scene-1094_005,personal_mobility,other,8.444334380993293,44,0.9318181818181818,17.72059338491137,7.017807531750757,<15m
t_up,0.1,scene-1094_005,Car,vehicle,23.52169373966934,32,1.0,6.427445211748154,12.387859018371513,15-30m
t_up,0.1,scene-1094_005,Car,vehicle,8.481843736522283,370,1.0,19.122372259160937,20.033186769172154,<15m
t_up,0.1,scene-1094_005,Car,vehicle,29.172267073299786,70,1.0,4.824000795496457,15.004075084424388,15-30m
t_up,0.2,scene-1094_005,personal_mobility,other,8.444334380993293,44,0.9318181818181818,35.432056137820055,7.017807531750757,<15m
t_up,0.2,scene-1094_005,Car,vehicle,23.52169373966934,32,1.0,12.853688235220872,12.387859018371513,15-30m
t_up,0.2,scene-1094_005,Car,vehicle,8.481843736522283,370,0.918918918918919,38.234121818341634,20.033186769172154,<15m
t_up,0.2,scene-1094_005,Car,vehicle,29.172267073299786,70,1.0,9.64732422813208,15.004075084424388,15-30m
none,0.0,scene-1094_006,Car,vehicle,22.6409022159479,55,1.0,0.0,12.438358603314791,15-30m
none,0.0,scene-1094_006,Car,vehicle,8.303704541056929,358,1.0,0.0,22.200401747027136,<15m
none,0.0,scene-1094_006,Car,vehicle,25.97676029658495,10,1.0,0.0,13.360453873050627,15-30m
none,0.0,scene-1094_006,Car,vehicle,28.2463967919479,65,1.0,0.0,15.667067424794487,15-30m
yaw,0.25,scene-1094_006,Car,vehicle,22.6409022159479,55,1.0,7.361347789740171,12.438358603314791,15-30m
yaw,0.25,scene-1094_006,Car,vehicle,8.303704541056929,358,1.0,6.3163637558627315,22.200401747027136,<15m
yaw,0.25,scene-1094_006,Car,vehicle,25.97676029658495,10,1.0,6.649184929278977,13.360453873050627,15-30m
yaw,0.25,scene-1094_006,Car,vehicle,28.2463967919479,65,1.0,6.472884098817302,15.667067424794487,15-30m
yaw,0.5,scene-1094_006,Car,vehicle,22.6409022159479,55,1.0,14.75831553298419,12.438358603314791,15-30m
yaw,0.5,scene-1094_006,Car,vehicle,8.303704541056929,358,0.994413407821229,12.642414594927217,22.200401747027136,<15m
yaw,0.5,scene-1094_006,Car,vehicle,25.97676029658495,10,1.0,13.322882034723136,13.360453873050627,15-30m
yaw,0.5,scene-1094_006,Car,vehicle,28.2463967919479,65,1.0,12.96761350456196,15.667067424794487,15-30m
yaw,1.0,scene-1094_006,Car,vehicle,22.6409022159479,55,0.9818181818181818,29.618351612347674,12.438358603314791,15-30m
yaw,1.0,scene-1094_006,Car,vehicle,8.303704541056929,358,0.9832402234636871,25.32480695605493,22.200401747027136,<15m
yaw,1.0,scene-1094_006,Car,vehicle,25.97676029658495,10,1.0,26.745426068953243,13.360453873050627,15-30m
yaw,1.0,scene-1094_006,Car,vehicle,28.2463967919479,65,0.9846153846153847,26.024085978923036,15.667067424794487,15-30m
yaw,2.0,scene-1094_006,Car,vehicle,22.6409022159479,55,0.8727272727272727,59.16906831398316,12.438358603314791,15-30m
yaw,2.0,scene-1094_006,Car,vehicle,8.303704541056929,358,0.9441340782122905,50.82553313073376,22.200401747027136,<15m
yaw,2.0,scene-1094_006,Car,vehicle,25.97676029658495,10,1.0,53.90269084495412,13.360453873050627,15-30m
yaw,2.0,scene-1094_006,Car,vehicle,28.2463967919479,65,0.9538461538461539,52.415674032802166,15.667067424794487,15-30m
yaw,3.0,scene-1094_006,Car,vehicle,22.6409022159479,55,0.6909090909090909,88.70968522831518,12.438358603314791,15-30m
yaw,3.0,scene-1094_006,Car,vehicle,8.303704541056929,358,0.8994413407821229,76.52836540898493,22.200401747027136,<15m
yaw,3.0,scene-1094_006,Car,vehicle,25.97676029658495,10,1.0,81.49902768413365,13.360453873050627,15-30m
yaw,3.0,scene-1094_006,Car,vehicle,28.2463967919479,65,0.9076923076923077,79.19962838379513,15.667067424794487,15-30m
pitch,0.25,scene-1094_006,Car,vehicle,22.6409022159479,55,1.0,5.75076597733098,12.438358603314791,15-30m
pitch,0.25,scene-1094_006,Car,vehicle,8.303704541056929,358,1.0,6.2460256813902495,22.200401747027136,<15m
pitch,0.25,scene-1094_006,Car,vehicle,25.97676029658495,10,1.0,5.737363884342598,13.360453873050627,15-30m
pitch,0.25,scene-1094_006,Car,vehicle,28.2463967919479,65,1.0,5.678012835034584,15.667067424794487,15-30m
pitch,0.5,scene-1094_006,Car,vehicle,22.6409022159479,55,1.0,11.505624003360486,12.438358603314791,15-30m
pitch,0.5,scene-1094_006,Car,vehicle,8.303704541056929,358,1.0,12.501210173933835,22.200401747027136,<15m
pitch,0.5,scene-1094_006,Car,vehicle,25.97676029658495,10,1.0,11.479967229660605,13.360453873050627,15-30m
pitch,0.5,scene-1094_006,Car,vehicle,28.2463967919479,65,1.0,11.358228071624168,15.667067424794487,15-30m
pitch,1.0,scene-1094_006,Car,vehicle,22.6409022159479,55,0.8727272727272727,23.028654317917333,12.438358603314791,15-30m
pitch,1.0,scene-1094_006,Car,vehicle,8.303704541056929,358,1.0,25.040255408686065,22.200401747027136,<15m
pitch,1.0,scene-1094_006,Car,vehicle,25.97676029658495,10,1.0,22.981894151459066,13.360453873050627,15-30m
pitch,1.0,scene-1094_006,Car,vehicle,28.2463967919479,65,1.0,22.726678146478104,15.667067424794487,15-30m
pitch,2.0,scene-1094_006,Car,vehicle,22.6409022159479,55,0.8727272727272727,46.13528193285464,12.438358603314791,15-30m
pitch,2.0,scene-1094_006,Car,vehicle,8.303704541056929,358,1.0,50.25001501210163,22.200401747027136,<15m
pitch,2.0,scene-1094_006,Car,vehicle,25.97676029658495,10,0.0,46.05969480315935,13.360453873050627,15-30m
pitch,2.0,scene-1094_006,Car,vehicle,28.2463967919479,65,0.8769230769230769,45.50225954658886,15.667067424794487,15-30m
pitch,3.0,scene-1094_006,Car,vehicle,22.6409022159479,55,0.5636363636363636,69.33671764818936,12.438358603314791,15-30m
pitch,3.0,scene-1094_006,Car,vehicle,8.303704541056929,358,0.9357541899441341,75.43526574730144,22.200401747027136,<15m
pitch,3.0,scene-1094_006,Car,vehicle,25.97676029658495,10,0.0,69.24970378197312,13.360453873050627,15-30m
pitch,3.0,scene-1094_006,Car,vehicle,28.2463967919479,65,0.676923076923077,68.34226494166707,15.667067424794487,15-30m
roll,0.25,scene-1094_006,Car,vehicle,22.6409022159479,55,1.0,3.0085798650199487,12.438358603314791,15-30m
roll,0.25,scene-1094_006,Car,vehicle,8.303704541056929,358,1.0,1.3804363468554524,22.200401747027136,<15m
roll,0.25,scene-1094_006,Car,vehicle,25.97676029658495,10,1.0,2.32870491675066,13.360453873050627,15-30m
roll,0.25,scene-1094_006,Car,vehicle,28.2463967919479,65,1.0,2.103394640805627,15.667067424794487,15-30m
roll,0.5,scene-1094_006,Car,vehicle,22.6409022159479,55,1.0,6.017002813953588,12.438358603314791,15-30m
roll,0.5,scene-1094_006,Car,vehicle,8.303704541056929,358,1.0,2.760842668973744,22.200401747027136,<15m
roll,0.5,scene-1094_006,Car,vehicle,25.97676029658495,10,1.0,4.657312116268134,13.360453873050627,15-30m
roll,0.5,scene-1094_006,Car,vehicle,28.2463967919479,65,1.0,4.2067101062085595,15.667067424794487,15-30m
roll,1.0,scene-1094_006,Car,vehicle,22.6409022159479,55,1.0,12.03332136650094,12.438358603314791,15-30m
roll,1.0,scene-1094_006,Car,vehicle,8.303704541056929,358,1.0,5.521538339537784,22.200401747027136,<15m
roll,1.0,scene-1094_006,Car,vehicle,25.97676029658495,10,1.0,9.314189118683323,13.360453873050627,15-30m
roll,1.0,scene-1094_006,Car,vehicle,28.2463967919479,65,1.0,8.41306387520017,15.667067424794487,15-30m
roll,2.0,scene-1094_006,Car,vehicle,22.6409022159479,55,1.0,24.0634532988231,12.438358603314791,15-30m
roll,2.0,scene-1094_006,Car,vehicle,8.303704541056929,358,1.0,11.042273559163053,22.200401747027136,<15m
roll,2.0,scene-1094_006,Car,vehicle,25.97676029658495,10,1.0,18.626284061968736,13.360453873050627,15-30m
roll,2.0,scene-1094_006,Car,vehicle,28.2463967919479,65,1.0,16.82438550736523,15.667067424794487,15-30m
roll,3.0,scene-1094_006,Car,vehicle,22.6409022159479,55,0.8,36.08949214865611,12.438358603314791,15-30m
roll,3.0,scene-1094_006,Car,vehicle,8.303704541056929,358,0.9972067039106145,16.561775618210966,22.200401747027136,<15m
roll,3.0,scene-1094_006,Car,vehicle,25.97676029658495,10,1.0,27.935578091609266,13.360453873050627,15-30m
roll,3.0,scene-1094_006,Car,vehicle,28.2463967919479,65,0.9538461538461539,25.233331667721774,15.667067424794487,15-30m
t_fwd,0.02,scene-1094_006,Car,vehicle,22.6409022159479,55,1.0,0.7483307011350235,12.438358603314791,15-30m
t_fwd,0.02,scene-1094_006,Car,vehicle,8.303704541056929,358,1.0,0.8739469641475347,22.200401747027136,<15m
t_fwd,0.02,scene-1094_006,Car,vehicle,25.97676029658495,10,1.0,0.47337759617706077,13.360453873050627,15-30m
t_fwd,0.02,scene-1094_006,Car,vehicle,28.2463967919479,65,1.0,0.3844249974258475,15.667067424794487,15-30m
t_fwd,0.05,scene-1094_006,Car,vehicle,22.6409022159479,55,1.0,1.867831417109845,12.438358603314791,15-30m
t_fwd,0.05,scene-1094_006,Car,vehicle,8.303704541056929,358,1.0,2.1744567525340175,22.200401747027136,<15m
t_fwd,0.05,scene-1094_006,Car,vehicle,25.97676029658495,10,1.0,1.1818610107725718,13.360453873050627,15-30m
t_fwd,0.05,scene-1094_006,Car,vehicle,28.2463967919479,65,1.0,0.9599135326457751,15.667067424794487,15-30m
t_fwd,0.1,scene-1094_006,Car,vehicle,22.6409022159479,55,1.0,3.7257208973213993,12.438358603314791,15-30m
t_fwd,0.1,scene-1094_006,Car,vehicle,8.303704541056929,358,1.0,4.314648815741539,22.200401747027136,<15m
t_fwd,0.1,scene-1094_006,Car,vehicle,25.97676029658495,10,1.0,2.3584642021704525,13.360453873050627,15-30m
t_fwd,0.1,scene-1094_006,Car,vehicle,28.2463967919479,65,1.0,1.9160093810213181,15.667067424794487,15-30m
t_fwd,0.2,scene-1094_006,Car,vehicle,22.6409022159479,55,1.0,7.411989874651381,12.438358603314791,15-30m
t_fwd,0.2,scene-1094_006,Car,vehicle,8.303704541056929,358,1.0,8.495428507803592,22.200401747027136,<15m
t_fwd,0.2,scene-1094_006,Car,vehicle,25.97676029658495,10,1.0,4.696036850400354,13.360453873050627,15-30m
t_fwd,0.2,scene-1094_006,Car,vehicle,28.2463967919479,65,1.0,3.8168387642434323,15.667067424794487,15-30m
t_left,0.02,scene-1094_006,Car,vehicle,22.6409022159479,55,1.0,1.3452806968874191,12.438358603314791,15-30m
t_left,0.02,scene-1094_006,Car,vehicle,8.303704541056929,358,1.0,3.9268705735238996,22.200401747027136,<15m
t_left,0.02,scene-1094_006,Car,vehicle,25.97676029658495,10,1.0,1.1263730044770863,13.360453873050627,15-30m
t_left,0.02,scene-1094_006,Car,vehicle,28.2463967919479,65,1.0,1.0055391768650777,15.667067424794487,15-30m
t_left,0.05,scene-1094_006,Car,vehicle,22.6409022159479,55,1.0,3.3631810818151933,12.438358603314791,15-30m
t_left,0.05,scene-1094_006,Car,vehicle,8.303704541056929,358,1.0,9.817000695807831,22.200401747027136,<15m
t_left,0.05,scene-1094_006,Car,vehicle,25.97676029658495,10,1.0,2.8159180369195127,13.360453873050627,15-30m
t_left,0.05,scene-1094_006,Car,vehicle,28.2463967919479,65,1.0,2.513836406808929,15.667067424794487,15-30m
t_left,0.1,scene-1094_006,Car,vehicle,22.6409022159479,55,1.0,6.726293296747534,12.438358603314791,15-30m
t_left,0.1,scene-1094_006,Car,vehicle,8.303704541056929,358,0.994413407821229,19.633415626238673,22.200401747027136,<15m
t_left,0.1,scene-1094_006,Car,vehicle,25.97676029658495,10,1.0,5.631787826922546,13.360453873050627,15-30m
t_left,0.1,scene-1094_006,Car,vehicle,28.2463967919479,65,1.0,5.027634362909225,15.667067424794487,15-30m
t_left,0.2,scene-1094_006,Car,vehicle,22.6409022159479,55,1.0,13.452311134424733,12.438358603314791,15-30m
t_left,0.2,scene-1094_006,Car,vehicle,8.303704541056929,358,0.9776536312849162,39.26448840066784,22.200401747027136,<15m
t_left,0.2,scene-1094_006,Car,vehicle,25.97676029658495,10,1.0,11.263382671139158,13.360453873050627,15-30m
t_left,0.2,scene-1094_006,Car,vehicle,28.2463967919479,65,1.0,10.055114926512775,15.667067424794487,15-30m
t_up,0.02,scene-1094_006,Car,vehicle,22.6409022159479,55,1.0,1.3503095294588001,12.438358603314791,15-30m
t_up,0.02,scene-1094_006,Car,vehicle,8.303704541056929,358,1.0,3.944227941005173,22.200401747027136,<15m
t_up,0.02,scene-1094_006,Car,vehicle,25.97676029658495,10,1.0,1.1297572286866913,13.360453873050627,15-30m
t_up,0.02,scene-1094_006,Car,vehicle,28.2463967919479,65,1.0,1.0072843025894294,15.667067424794487,15-30m
t_up,0.05,scene-1094_006,Car,vehicle,22.6409022159479,55,1.0,3.3756675569087427,12.438358603314791,15-30m
t_up,0.05,scene-1094_006,Car,vehicle,8.303704541056929,358,1.0,9.859663707269345,22.200401747027136,<15m
t_up,0.05,scene-1094_006,Car,vehicle,25.97676029658495,10,1.0,2.8243186772208997,13.360453873050627,15-30m
t_up,0.05,scene-1094_006,Car,vehicle,28.2463967919479,65,1.0,2.5181515568710906,15.667067424794487,15-30m
t_up,0.1,scene-1094_006,Car,vehicle,22.6409022159479,55,1.0,6.750980921090076,12.438358603314791,15-30m
t_up,0.1,scene-1094_006,Car,vehicle,8.303704541056929,358,1.0,19.71630767046642,22.200401747027136,<15m
t_up,0.1,scene-1094_006,Car,vehicle,25.97676029658495,10,1.0,5.648389390206506,13.360453873050627,15-30m
t_up,0.1,scene-1094_006,Car,vehicle,28.2463967919479,65,1.0,5.036105794104224,15.667067424794487,15-30m
t_up,0.2,scene-1094_006,Car,vehicle,22.6409022159479,55,1.0,13.500545294229545,12.438358603314791,15-30m
t_up,0.2,scene-1094_006,Car,vehicle,8.303704541056929,358,0.9217877094972067,39.420541912133224,22.200401747027136,<15m
t_up,0.2,scene-1094_006,Car,vehicle,25.97676029658495,10,1.0,11.29578705408231,13.360453873050627,15-30m
t_up,0.2,scene-1094_006,Car,vehicle,28.2463967919479,65,1.0,10.071422402418861,15.667067424794487,15-30m
none,0.0,scene-1094_007,Car,vehicle,21.52824235268199,48,1.0,0.0,10.52930089004823,15-30m
none,0.0,scene-1094_007,Car,vehicle,8.048341348000754,379,1.0,0.0,24.041199367308668,<15m
none,0.0,scene-1094_007,Car,vehicle,27.06839697165584,62,1.0,0.0,16.535546665699776,15-30m
yaw,0.25,scene-1094_007,Car,vehicle,21.52824235268199,48,0.9791666666666666,7.493364113929922,10.52930089004823,15-30m
yaw,0.25,scene-1094_007,Car,vehicle,8.048341348000754,379,1.0,6.514771028827842,24.041199367308668,<15m
yaw,0.25,scene-1094_007,Car,vehicle,27.06839697165584,62,1.0,6.724281562528164,16.535546665699776,15-30m
yaw,0.5,scene-1094_007,Car,vehicle,21.52824235268199,48,0.9166666666666666,14.913417807578188,10.52930089004823,15-30m
yaw,0.5,scene-1094_007,Car,vehicle,8.048341348000754,379,0.9947229551451188,13.044896603903666,24.041199367308668,<15m
yaw,0.5,scene-1094_007,Car,vehicle,27.06839697165584,62,1.0,13.474593725610795,16.535546665699776,15-30m
yaw,1.0,scene-1094_007,Car,vehicle,21.52824235268199,48,0.7916666666666666,29.703190653829253,10.52930089004823,15-30m
yaw,1.0,scene-1094_007,Car,vehicle,8.048341348000754,379,0.9841688654353562,26.15259453542297,24.041199367308668,<15m
yaw,1.0,scene-1094_007,Car,vehicle,27.06839697165584,62,0.9516129032258065,27.054991097545624,16.535546665699776,15-30m
yaw,2.0,scene-1094_007,Car,vehicle,21.52824235268199,48,0.6458333333333334,59.38421485490967,10.52930089004823,15-30m
yaw,2.0,scene-1094_007,Car,vehicle,8.048341348000754,379,0.941952506596306,52.56763190530346,24.041199367308668,<15m
yaw,2.0,scene-1094_007,Car,vehicle,27.06839697165584,62,0.8548387096774194,54.54695373724164,16.535546665699776,15-30m
yaw,3.0,scene-1094_007,Car,vehicle,21.52824235268199,48,0.5208333333333334,89.3626068248905,10.52930089004823,15-30m
yaw,3.0,scene-1094_007,Car,vehicle,8.048341348000754,379,0.9050131926121372,79.26810774231792,24.041199367308668,<15m
yaw,3.0,scene-1094_007,Car,vehicle,27.06839697165584,62,0.7580645161290323,82.50432157049303,16.535546665699776,15-30m
pitch,0.25,scene-1094_007,Car,vehicle,21.52824235268199,48,1.0,5.752529066130004,10.52930089004823,15-30m
pitch,0.25,scene-1094_007,Car,vehicle,8.048341348000754,379,1.0,6.22383396881965,24.041199367308668,<15m
pitch,0.25,scene-1094_007,Car,vehicle,27.06839697165584,62,1.0,5.6687526363130125,16.535546665699776,15-30m
pitch,0.5,scene-1094_007,Car,vehicle,21.52824235268199,48,1.0,11.50928151781909,10.52930089004823,15-30m
pitch,0.5,scene-1094_007,Car,vehicle,8.048341348000754,379,1.0,12.456825758291625,24.041199367308668,<15m
pitch,0.5,scene-1094_007,Car,vehicle,27.06839697165584,62,1.0,11.33846017702965,16.535546665699776,15-30m
pitch,1.0,scene-1094_007,Car,vehicle,21.52824235268199,48,0.9791666666666666,23.037133260169746,10.52930089004823,15-30m
pitch,1.0,scene-1094_007,Car,vehicle,8.048341348000754,379,0.9868073878627969,24.9403916599626,24.041199367308668,<15m
pitch,1.0,scene-1094_007,Car,vehicle,27.06839697165584,62,1.0,22.681690696336023,16.535546665699776,15-30m
pitch,2.0,scene-1094_007,Car,vehicle,21.52824235268199,48,0.6666666666666666,46.15638290470622,10.52930089004823,15-30m
pitch,2.0,scene-1094_007,Car,vehicle,8.048341348000754,379,0.9815303430079155,50.03101778343729,24.041199367308668,<15m
pitch,2.0,scene-1094_007,Car,vehicle,27.06839697165584,62,1.0,45.39008242769253,16.535546665699776,15-30m
pitch,3.0,scene-1094_007,Car,vehicle,21.52824235268199,48,0.6041666666666666,69.37495326027805,10.52930089004823,15-30m
pitch,3.0,scene-1094_007,Car,vehicle,8.048341348000754,379,0.978891820580475,75.29696775726546,24.041199367308668,<15m
pitch,3.0,scene-1094_007,Car,vehicle,27.06839697165584,62,0.9032258064516129,68.1404676062302,16.535546665699776,15-30m
roll,0.25,scene-1094_007,Car,vehicle,21.52824235268199,48,1.0,3.163931010249067,10.52930089004823,15-30m
roll,0.25,scene-1094_007,Car,vehicle,8.048341348000754,379,1.0,1.6919650132984494,24.041199367308668,<15m
roll,0.25,scene-1094_007,Car,vehicle,27.06839697165584,62,1.0,2.4134097449637784,16.535546665699776,15-30m
roll,0.5,scene-1094_007,Car,vehicle,21.52824235268199,48,1.0,6.3276897482361925,10.52930089004823,15-30m
roll,0.5,scene-1094_007,Car,vehicle,8.048341348000754,379,1.0,3.383874812794559,24.041199367308668,<15m
roll,0.5,scene-1094_007,Car,vehicle,27.06839697165584,62,1.0,4.826717681885585,16.535546665699776,15-30m
roll,1.0,scene-1094_007,Car,vehicle,21.52824235268199,48,1.0,12.654630468851405,10.52930089004823,15-30m
roll,1.0,scene-1094_007,Car,vehicle,8.048341348000754,379,1.0,6.767496626675183,24.041199367308668,<15m
roll,1.0,scene-1094_007,Car,vehicle,27.06839697165584,62,1.0,9.652982609816817,16.535546665699776,15-30m
roll,2.0,scene-1094_007,Car,vehicle,21.52824235268199,48,1.0,25.305785748121956,10.52930089004823,15-30m
roll,2.0,scene-1094_007,Car,vehicle,8.048341348000754,379,0.9472295514511874,13.533724239967501,24.041199367308668,<15m
roll,2.0,scene-1094_007,Car,vehicle,27.06839697165584,62,0.8870967741935484,19.303790277551816,16.535546665699776,15-30m
roll,3.0,scene-1094_007,Car,vehicle,21.52824235268199,48,1.0,37.95250892982476,10.52930089004823,15-30m
roll,3.0,scene-1094_007,Car,vehicle,8.048341348000754,379,0.9234828496042217,20.29816919432098,24.041199367308668,<15m
roll,3.0,scene-1094_007,Car,vehicle,27.06839697165584,62,0.8870967741935484,28.951695876380196,16.535546665699776,15-30m
t_fwd,0.02,scene-1094_007,Car,vehicle,21.52824235268199,48,1.0,0.8371800204327111,10.52930089004823,15-30m
t_fwd,0.02,scene-1094_007,Car,vehicle,8.048341348000754,379,1.0,1.2018962916233455,24.041199367308668,<15m
t_fwd,0.02,scene-1094_007,Car,vehicle,27.06839697165584,62,1.0,0.46010339736600087,16.535546665699776,15-30m
t_fwd,0.05,scene-1094_007,Car,vehicle,21.52824235268199,48,1.0,2.0892606705932693,10.52930089004823,15-30m
t_fwd,0.05,scene-1094_007,Car,vehicle,8.048341348000754,379,1.0,2.990788563290021,24.041199367308668,<15m
t_fwd,0.05,scene-1094_007,Car,vehicle,27.06839697165584,62,1.0,1.148822594643191,16.535546665699776,15-30m
t_fwd,0.1,scene-1094_007,Car,vehicle,21.52824235268199,48,1.0,4.16628104623936,10.52930089004823,15-30m
t_fwd,0.1,scene-1094_007,Car,vehicle,8.048341348000754,379,1.0,5.93564135397904,24.041199367308668,<15m
t_fwd,0.1,scene-1094_007,Car,vehicle,27.06839697165584,62,1.0,2.292874760065607,16.535546665699776,15-30m
t_fwd,0.2,scene-1094_007,Car,vehicle,21.52824235268199,48,1.0,8.284028680428833,10.52930089004823,15-30m
t_fwd,0.2,scene-1094_007,Car,vehicle,8.048341348000754,379,1.0,11.691708771493651,24.041199367308668,<15m
t_fwd,0.2,scene-1094_007,Car,vehicle,27.06839697165584,62,1.0,4.566786165751256,16.535546665699776,15-30m
t_left,0.02,scene-1094_007,Car,vehicle,21.52824235268199,48,0.9791666666666666,1.4377406312386927,10.52930089004823,15-30m
t_left,0.02,scene-1094_007,Car,vehicle,8.048341348000754,379,1.0,4.084297115626913,24.041199367308668,<15m
t_left,0.02,scene-1094_007,Car,vehicle,27.06839697165584,62,1.0,1.051572377282509,16.535546665699776,15-30m
t_left,0.05,scene-1094_007,Car,vehicle,21.52824235268199,48,0.9791666666666666,3.594329941611463,10.52930089004823,15-30m
t_left,0.05,scene-1094_007,Car,vehicle,8.048341348000754,379,1.0,10.210568396530794,24.041199367308668,<15m
t_left,0.05,scene-1094_007,Car,vehicle,27.06839697165584,62,1.0,2.6289193714245935,16.535546665699776,15-30m
t_left,0.1,scene-1094_007,Car,vehicle,21.52824235268199,48,0.9791666666666666,7.188587762763641,10.52930089004823,15-30m
t_left,0.1,scene-1094_007,Car,vehicle,8.048341348000754,379,0.9947229551451188,20.420555511082004,24.041199367308668,<15m
t_left,0.1,scene-1094_007,Car,vehicle,27.06839697165584,62,1.0,5.257800170696657,16.535546665699776,15-30m
t_left,0.2,scene-1094_007,Car,vehicle,21.52824235268199,48,0.9166666666666666,14.38847452449876,10.52930089004823,15-30m
t_left,0.2,scene-1094_007,Car,vehicle,8.048341348000754,379,0.9815303430079155,40.83878609278711,24.041199367308668,<15m
t_left,0.2,scene-1094_007,Car,vehicle,27.06839697165584,62,1.0,10.515446056178988,16.535546665699776,15-30m
t_up,0.02,scene-1094_007,Car,vehicle,21.52824235268199,48,1.0,1.439765525619893,10.52930089004823,15-30m
t_up,0.02,scene-1094_007,Car,vehicle,8.048341348000754,379,1.0,4.094272130853859,24.041199367308668,<15m
t_up,0.02,scene-1094_007,Car,vehicle,27.06839697165584,62,1.0,1.0533541387847185,16.535546665699776,15-30m
t_up,0.05,scene-1094_007,Car,vehicle,21.52824235268199,48,1.0,3.599294437627744,10.52930089004823,15-30m
t_up,0.05,scene-1094_007,Car,vehicle,8.048341348000754,379,0.9709762532981531,10.234718094359913,24.041199367308668,<15m
t_up,0.05,scene-1094_007,Car,vehicle,27.06839697165584,62,1.0,2.6333214017157185,16.535546665699776,15-30m
t_up,0.1,scene-1094_007,Car,vehicle,21.52824235268199,48,1.0,7.198190989039212,10.52930089004823,15-30m
t_up,0.1,scene-1094_007,Car,vehicle,8.048341348000754,379,0.9287598944591029,20.466229550076083,24.041199367308668,<15m
t_up,0.1,scene-1094_007,Car,vehicle,27.06839697165584,62,1.0,5.266429666412812,16.535546665699776,15-30m
t_up,0.2,scene-1094_007,Car,vehicle,21.52824235268199,48,1.0,14.394790697092876,10.52930089004823,15-30m
t_up,0.2,scene-1094_007,Car,vehicle,8.048341348000754,379,0.9129287598944591,40.91963857171829,24.041199367308668,<15m
t_up,0.2,scene-1094_007,Car,vehicle,27.06839697165584,62,1.0,10.532006888248851,16.535546665699776,15-30m
none,0.0,scene-1094_008,Car,vehicle,20.430684830537906,32,1.0,0.0,8.470224611828737,15-30m
none,0.0,scene-1094_008,Car,vehicle,7.941913997335505,392,1.0,0.0,27.62154782890983,<15m
none,0.0,scene-1094_008,Car,vehicle,29.18571882036671,10,1.0,0.0,9.689740620887761,15-30m
none,0.0,scene-1094_008,Car,vehicle,25.826929938110013,63,1.0,0.0,17.52009797169376,15-30m
none,0.0,scene-1094_008,Pedestrian,vru,12.26981804086282,18,1.0,0.0,5.9533781116848346,<15m
yaw,0.25,scene-1094_008,Car,vehicle,20.430684830537906,32,0.9375,7.749736829201784,8.470224611828737,15-30m
yaw,0.25,scene-1094_008,Car,vehicle,7.941913997335505,392,1.0,7.044970093411845,27.62154782890983,<15m
yaw,0.25,scene-1094_008,Car,vehicle,29.18571882036671,10,1.0,5.81160048470122,9.689740620887761,15-30m
yaw,0.25,scene-1094_008,Car,vehicle,25.826929938110013,63,1.0,6.818866535775805,17.52009797169376,15-30m
yaw,0.25,scene-1094_008,Pedestrian,vru,12.26981804086282,18,1.0,5.905300273112529,5.9533781116848346,<15m
yaw,0.5,scene-1094_008,Car,vehicle,20.430684830537906,32,0.8125,15.428586514918635,8.470224611828737,15-30m
yaw,0.5,scene-1094_008,Car,vehicle,7.941913997335505,392,0.9974489795918368,14.110163094468968,27.62154782890983,<15m
yaw,0.5,scene-1094_008,Car,vehicle,29.18571882036671,10,1.0,11.631930030414136,9.689740620887761,15-30m
yaw,0.5,scene-1094_008,Car,vehicle,25.826929938110013,63,1.0,13.665239125763891,17.52009797169376,15-30m
yaw,0.5,scene-1094_008,Pedestrian,vru,12.26981804086282,18,1.0,11.816767465018962,5.9533781116848346,<15m
yaw,1.0,scene-1094_008,Car,vehicle,20.430684830537906,32,0.71875,30.913856119073888,8.470224611828737,15-30m
yaw,1.0,scene-1094_008,Car,vehicle,7.941913997335505,392,0.9821428571428571,28.307858396243915,27.62154782890983,<15m
yaw,1.0,scene-1094_008,Car,vehicle,29.18571882036671,10,0.8,23.299775443299794,9.689740620887761,15-30m
yaw,1.0,scene-1094_008,Car,vehicle,25.826929938110013,63,0.9841269841269841,27.442261849777736,17.52009797169376,15-30m
yaw,1.0,scene-1094_008,Pedestrian,vru,12.26981804086282,18,1.0,23.65921838345765,5.9533781116848346,<15m
yaw,2.0,scene-1094_008,Car,vehicle,20.430684830537906,32,0.4375,61.629331917832175,8.470224611828737,15-30m
yaw,2.0,scene-1094_008,Car,vehicle,7.941913997335505,392,0.9413265306122449,56.757097695570266,27.62154782890983,<15m
yaw,2.0,scene-1094_008,Car,vehicle,29.18571882036671,10,0.5,46.75129052782745,9.689740620887761,15-30m
yaw,2.0,scene-1094_008,Car,vehicle,25.826929938110013,63,0.9365079365079365,55.34606384777717,17.52009797169376,15-30m
yaw,2.0,scene-1094_008,Pedestrian,vru,12.26981804086282,18,1.0,47.429359347137925,5.9533781116848346,<15m
yaw,3.0,scene-1094_008,Car,vehicle,20.430684830537906,32,0.21875,92.52906099521643,8.470224611828737,15-30m
yaw,3.0,scene-1094_008,Car,vehicle,7.941913997335505,392,0.9056122448979592,85.3932251728366,27.62154782890983,<15m
yaw,3.0,scene-1094_008,Car,vehicle,29.18571882036671,10,0.2,70.37096044567939,9.689740620887761,15-30m
yaw,3.0,scene-1094_008,Car,vehicle,25.826929938110013,63,0.8412698412698413,83.54384432092978,17.52009797169376,15-30m
yaw,3.0,scene-1094_008,Pedestrian,vru,12.26981804086282,18,0.4444444444444444,71.32699500041785,5.9533781116848346,<15m
pitch,0.25,scene-1094_008,Car,vehicle,20.430684830537906,32,0.96875,5.765227869626643,8.470224611828737,15-30m
pitch,0.25,scene-1094_008,Car,vehicle,7.941913997335505,392,1.0,6.265861979508017,27.62154782890983,<15m
pitch,0.25,scene-1094_008,Car,vehicle,29.18571882036671,10,1.0,5.6577046765607015,9.689740620887761,15-30m
pitch,0.25,scene-1094_008,Car,vehicle,25.826929938110013,63,1.0,5.676267858024326,17.52009797169376,15-30m
pitch,0.25,scene-1094_008,Pedestrian,vru,12.26981804086282,18,1.0,5.861841215170793,5.9533781116848346,<15m
pitch,0.5,scene-1094_008,Car,vehicle,20.430684830537906,32,0.96875,11.534589217950693,8.470224611828737,15-30m
pitch,0.5,scene-1094_008,Car,vehicle,7.941913997335505,392,1.0,12.541919561587129,27.62154782890983,<15m
pitch,0.5,scene-1094_008,Car,vehicle,29.18571882036671,10,1.0,11.31754058097022,9.689740620887761,15-30m
pitch,0.5,scene-1094_008,Car,vehicle,25.826929938110013,63,1.0,11.352592810484783,17.52009797169376,15-30m
pitch,0.5,scene-1094_008,Pedestrian,vru,12.26981804086282,18,1.0,11.728220535286587,5.9533781116848346,<15m
pitch,1.0,scene-1094_008,Car,vehicle,20.430684830537906,32,0.96875,23.08675921645922,8.470224611828737,15-30m
pitch,1.0,scene-1094_008,Car,vehicle,7.941913997335505,392,1.0,25.122792401106842,27.62154782890983,<15m
pitch,1.0,scene-1094_008,Car,vehicle,29.18571882036671,10,1.0,22.644512414348103,9.689740620887761,15-30m
pitch,1.0,scene-1094_008,Car,vehicle,25.826929938110013,63,1.0,22.706774474707636,17.52009797169376,15-30m
pitch,1.0,scene-1094_008,Pedestrian,vru,12.26981804086282,18,1.0,23.475588741537408,5.9533781116848346,<15m
pitch,2.0,scene-1094_008,Car,vehicle,20.430684830537906,32,0.78125,46.25226037562838,8.470224611828737,15-30m
pitch,2.0,scene-1094_008,Car,vehicle,7.941913997335505,392,1.0,50.41354477026094,27.62154782890983,<15m
pitch,2.0,scene-1094_008,Car,vehicle,29.18571882036671,10,0.0,45.33402431113892,9.689740620887761,15-30m
pitch,2.0,scene-1094_008,Car,vehicle,25.826929938110013,63,1.0,45.424434798511975,17.52009797169376,15-30m
pitch,2.0,scene-1094_008,Pedestrian,vru,12.26981804086282,18,0.8333333333333334,47.035779312113476,5.9533781116848346,<15m
pitch,3.0,scene-1094_008,Car,vehicle,20.430684830537906,32,0.78125,69.51348222234667,8.470224611828737,15-30m
pitch,3.0,scene-1094_008,Car,vehicle,7.941913997335505,392,0.9974489795918368,75.93305215839185,27.62154782890983,<15m
pitch,3.0,scene-1094_008,Car,vehicle,29.18571882036671,10,0.0,68.08316529203441,9.689740620887761,15-30m
pitch,3.0,scene-1094_008,Car,vehicle,25.826929938110013,63,1.0,68.18146213513656,17.52009797169376,15-30m
pitch,3.0,scene-1094_008,Pedestrian,vru,12.26981804086282,18,0.8333333333333334,70.6967495907421,5.9533781116848346,<15m
roll,0.25,scene-1094_008,Car,vehicle,20.430684830537906,32,0.96875,3.3415461759255116,8.470224611828737,15-30m
roll,0.25,scene-1094_008,Car,vehicle,7.941913997335505,392,1.0,2.359249043402359,27.62154782890983,<15m
roll,0.25,scene-1094_008,Car,vehicle,29.18571882036671,10,1.0,0.9447934351499774,9.689740620887761,15-30m
roll,0.25,scene-1094_008,Car,vehicle,25.826929938110013,63,1.0,2.5135104855449284,17.52009797169376,15-30m
roll,0.25,scene-1094_008,Pedestrian,vru,12.26981804086282,18,1.0,0.7317654551461139,5.9533781116848346,<15m
roll,0.5,scene-1094_008,Car,vehicle,20.430684830537906,32,0.96875,6.682903412362666,8.470224611828737,15-30m
roll,0.5,scene-1094_008,Car,vehicle,7.941913997335505,392,1.0,4.718397688069671,27.62154782890983,<15m
roll,0.5,scene-1094_008,Car,vehicle,29.18571882036671,10,1.0,1.8895681562829516,9.689740620887761,15-30m
roll,0.5,scene-1094_008,Car,vehicle,25.826929938110013,63,1.0,5.026910954452976,17.52009797169376,15-30m
roll,0.5,scene-1094_008,Pedestrian,vru,12.26981804086282,18,1.0,1.4635185863564906,5.9533781116848346,<15m
roll,1.0,scene-1094_008,Car,vehicle,20.430684830537906,32,0.96875,13.364988467276591,8.470224611828737,15-30m
roll,1.0,scene-1094_008,Car,vehicle,7.941913997335505,392,1.0,9.436348744186995,27.62154782890983,<15m
roll,1.0,scene-1094_008,Car,vehicle,29.18571882036671,10,1.0,3.779043493831951,9.689740620887761,15-30m
roll,1.0,scene-1094_008,Car,vehicle,25.826929938110013,63,1.0,10.053334544218322,17.52009797169376,15-30m
roll,1.0,scene-1094_008,Pedestrian,vru,12.26981804086282,18,1.0,2.926973898785837,5.9533781116848346,<15m
roll,2.0,scene-1094_008,Car,vehicle,20.430684830537906,32,0.90625,26.726203177003775,8.470224611828737,15-30m
roll,2.0,scene-1094_008,Car,vehicle,7.941913997335505,392,1.0,18.870550911705728,27.62154782890983,<15m
roll,2.0,scene-1094_008,Car,vehicle,29.18571882036671,10,1.0,7.557572052820597,9.689740620887761,15-30m
roll,2.0,scene-1094_008,Car,vehicle,25.826929938110013,63,1.0,20.104341512939378,17.52009797169376,15-30m
roll,2.0,scene-1094_008,Pedestrian,vru,12.26981804086282,18,1.0,5.853582902850947,5.9533781116848346,<15m
roll,3.0,scene-1094_008,Car,vehicle,20.430684830537906,32,0.71875,40.08264483284461,8.470224611828737,15-30m
roll,3.0,scene-1094_008,Car,vehicle,7.941913997335505,392,0.9362244897959183,28.30188713014151,27.62154782890983,<15m
roll,3.0,scene-1094_008,Car,vehicle,29.18571882036671,10,1.0,11.335298482891575,9.689740620887761,15-30m
roll,3.0,scene-1094_008,Car,vehicle,25.826929938110013,63,1.0,30.152265456702413,17.52009797169376,15-30m
roll,3.0,scene-1094_008,Pedestrian,vru,12.26981804086282,18,1.0,8.779603495773106,5.9533781116848346,<15m
t_fwd,0.02,scene-1094_008,Car,vehicle,20.430684830537906,32,1.0,0.9526136122128825,8.470224611828737,15-30m
t_fwd,0.02,scene-1094_008,Car,vehicle,7.941913997335505,392,1.0,1.841561059350482,27.62154782890983,<15m
t_fwd,0.02,scene-1094_008,Car,vehicle,29.18571882036671,10,1.0,0.14988812443331506,9.689740620887761,15-30m
t_fwd,0.02,scene-1094_008,Car,vehicle,25.826929938110013,63,1.0,0.507970283385711,17.52009797169376,15-30m
t_fwd,0.02,scene-1094_008,Pedestrian,vru,12.26981804086282,18,1.0,0.25693124626356045,5.9533781116848346,<15m
t_fwd,0.05,scene-1094_008,Car,vehicle,20.430684830537906,32,1.0,2.3771209193320124,8.470224611828737,15-30m
t_fwd,0.05,scene-1094_008,Car,vehicle,7.941913997335505,392,1.0,4.579679145489976,27.62154782890983,<15m
t_fwd,0.05,scene-1094_008,Car,vehicle,29.18571882036671,10,1.0,0.3743279333386557,9.689740620887761,15-30m
t_fwd,0.05,scene-1094_008,Car,vehicle,25.826929938110013,63,1.0,1.268251053203116,17.52009797169376,15-30m
t_fwd,0.05,scene-1094_008,Pedestrian,vru,12.26981804086282,18,1.0,0.6407233063567772,5.9533781116848346,<15m
t_fwd,0.1,scene-1094_008,Car,vehicle,20.430684830537906,32,1.0,4.739603954449407,8.470224611828737,15-30m
t_fwd,0.1,scene-1094_008,Car,vehicle,7.941913997335505,392,1.0,9.07826484790456,27.62154782890983,<15m
t_fwd,0.1,scene-1094_008,Car,vehicle,29.18571882036671,10,1.0,0.7473515866546872,9.689740620887761,15-30m
t_fwd,0.1,scene-1094_008,Car,vehicle,25.826929938110013,63,1.0,2.5309395091405102,17.52009797169376,15-30m
t_fwd,0.1,scene-1094_008,Pedestrian,vru,12.26981804086282,18,1.0,1.2761327407437149,5.9533781116848346,<15m
t_fwd,0.2,scene-1094_008,Car,vehicle,20.430684830537906,32,1.0,9.421194028300146,8.470224611828737,15-30m
t_fwd,0.2,scene-1094_008,Car,vehicle,7.941913997335505,392,1.0,17.840621725332284,27.62154782890983,<15m
t_fwd,0.2,scene-1094_008,Car,vehicle,29.18571882036671,10,1.0,1.4895132257687314,9.689740620887761,15-30m
t_fwd,0.2,scene-1094_008,Car,vehicle,25.826929938110013,63,1.0,5.03977437654061,17.52009797169376,15-30m
t_fwd,0.2,scene-1094_008,Pedestrian,vru,12.26981804086282,18,1.0,2.5312722452018424,5.9533781116848346,<15m
t_left,0.02,scene-1094_008,Car,vehicle,20.430684830537906,32,0.96875,1.567673936263229,8.470224611828737,15-30m
t_left,0.02,scene-1094_008,Car,vehicle,7.941913997335505,392,1.0,4.288004610409496,27.62154782890983,<15m
t_left,0.02,scene-1094_008,Car,vehicle,29.18571882036671,10,1.0,0.8852602863631577,9.689740620887761,15-30m
t_left,0.02,scene-1094_008,Car,vehicle,25.826929938110013,63,1.0,1.108261537073896,17.52009797169376,15-30m
t_left,0.02,scene-1094_008,Pedestrian,vru,12.26981804086282,18,1.0,2.1226286336581577,5.9533781116848346,<15m
t_left,0.05,scene-1094_008,Car,vehicle,20.430684830537906,32,0.9375,3.9326055454414455,8.470224611828737,15-30m
t_left,0.05,scene-1094_008,Car,vehicle,7.941913997335505,392,1.0,10.719815170284395,27.62154782890983,<15m
t_left,0.05,scene-1094_008,Car,vehicle,29.18571882036671,10,1.0,2.2131423503724497,9.689740620887761,15-30m
t_left,0.05,scene-1094_008,Car,vehicle,25.826929938110013,63,1.0,2.77064071682876,17.52009797169376,15-30m
t_left,0.05,scene-1094_008,Pedestrian,vru,12.26981804086282,18,1.0,5.306523499162099,5.9533781116848346,<15m
t_left,0.1,scene-1094_008,Car,vehicle,20.430684830537906,32,0.9375,7.865122916557803,8.470224611828737,15-30m
t_left,0.1,scene-1094_008,Car,vehicle,7.941913997335505,392,0.9974489795918368,21.438975853407058,27.62154782890983,<15m
t_left,0.1,scene-1094_008,Car,vehicle,29.18571882036671,10,1.0,4.426256815908304,9.689740620887761,15-30m
t_left,0.1,scene-1094_008,Car,vehicle,25.826929938110013,63,1.0,5.541237681356884,17.52009797169376,15-30m
t_left,0.1,scene-1094_008,Pedestrian,vru,12.26981804086282,18,1.0,10.612886718919121,5.9533781116848346,<15m
t_left,0.2,scene-1094_008,Car,vehicle,20.430684830537906,32,0.8125,15.621363142770427,8.470224611828737,15-30m
t_left,0.2,scene-1094_008,Car,vehicle,7.941913997335505,392,0.9846938775510204,42.90795286606377,27.62154782890983,<15m
t_left,0.2,scene-1094_008,Car,vehicle,29.18571882036671,10,1.0,8.852402094578096,9.689740620887761,15-30m
t_left,0.2,scene-1094_008,Car,vehicle,25.826929938110013,63,1.0,11.082300357656703,17.52009797169376,15-30m
t_left,0.2,scene-1094_008,Pedestrian,vru,12.26981804086282,18,1.0,21.225132349263447,5.9533781116848346,<15m
t_up,0.02,scene-1094_008,Car,vehicle,20.430684830537906,32,1.0,1.5777471494834976,8.470224611828737,15-30m
t_up,0.02,scene-1094_008,Car,vehicle,7.941913997335505,392,1.0,4.303557890796975,27.62154782890983,<15m
t_up,0.02,scene-1094_008,Car,vehicle,29.18571882036671,10,1.0,0.8861714722726302,9.689740620887761,15-30m
t_up,0.02,scene-1094_008,Car,vehicle,25.826929938110013,63,1.0,1.1101186921615485,17.52009797169376,15-30m
t_up,0.02,scene-1094_008,Pedestrian,vru,12.26981804086282,18,1.0,2.1274547853167385,5.9533781116848346,<15m
t_up,0.05,scene-1094_008,Car,vehicle,20.430684830537906,32,1.0,3.9442236560486617,8.470224611828737,15-30m
t_up,0.05,scene-1094_008,Car,vehicle,7.941913997335505,392,1.0,10.757823622306674,27.62154782890983,<15m
t_up,0.05,scene-1094_008,Car,vehicle,29.18571882036671,10,1.0,2.215383160592421,9.689740620887761,15-30m
t_up,0.05,scene-1094_008,Car,vehicle,25.826929938110013,63,1.0,2.7752252619635476,17.52009797169376,15-30m
t_up,0.05,scene-1094_008,Pedestrian,vru,12.26981804086282,18,1.0,5.318374798432304,5.9533781116848346,<15m
t_up,0.1,scene-1094_008,Car,vehicle,20.430684830537906,32,1.0,7.887966633433047,8.470224611828737,15-30m
t_up,0.1,scene-1094_008,Car,vehicle,7.941913997335505,392,1.0,21.51207784336234,27.62154782890983,<15m
t_up,0.1,scene-1094_008,Car,vehicle,29.18571882036671,10,1.0,4.430614595868207,9.689740620887761,15-30m
t_up,0.1,scene-1094_008,Car,vehicle,25.826929938110013,63,1.0,5.550212312151995,17.52009797169376,15-30m
t_up,0.1,scene-1094_008,Pedestrian,vru,12.26981804086282,18,1.0,10.635875828856566,5.9533781116848346,<15m
t_up,0.2,scene-1094_008,Car,vehicle,20.430684830537906,32,1.0,15.774010903649684,8.470224611828737,15-30m
t_up,0.2,scene-1094_008,Car,vehicle,7.941913997335505,392,0.9030612244897959,43.00988518523893,27.62154782890983,<15m
t_up,0.2,scene-1094_008,Car,vehicle,29.18571882036671,10,1.0,8.860622352813078,9.689740620887761,15-30m
t_up,0.2,scene-1094_008,Car,vehicle,25.826929938110013,63,1.0,11.099471899874212,17.52009797169376,15-30m
t_up,0.2,scene-1094_008,Pedestrian,vru,12.26981804086282,18,0.6666666666666666,21.268257446860787,5.9533781116848346,<15m
none,0.0,scene-1094_009,Car,vehicle,8.161428350396147,248,1.0,0.0,18.07791790941922,<15m
none,0.0,scene-1094_009,Car,vehicle,27.80750272152922,11,1.0,0.0,10.163683885377955,15-30m
none,0.0,scene-1094_009,Car,vehicle,24.564678484233355,84,1.0,0.0,18.50399812509884,15-30m
none,0.0,scene-1094_009,Pedestrian,vru,11.257770126874627,24,1.0,0.0,6.469449839156175,<15m
yaw,0.25,scene-1094_009,Car,vehicle,8.161428350396147,248,0.9758064516129032,7.5731979089812,18.07791790941922,<15m
yaw,0.25,scene-1094_009,Car,vehicle,27.80750272152922,11,1.0,5.816194059214637,10.163683885377955,15-30m
yaw,0.25,scene-1094_009,Car,vehicle,24.564678484233355,84,1.0,6.895848857016473,18.50399812509884,15-30m
yaw,0.25,scene-1094_009,Pedestrian,vru,11.257770126874627,24,1.0,5.908447856295897,6.469449839156175,<15m
yaw,0.5,scene-1094_009,Car,vehicle,8.161428350396147,248,0.967741935483871,15.176120006990367,18.07791790941922,<15m
yaw,0.5,scene-1094_009,Car,vehicle,27.80750272152922,11,1.0,11.641146435166148,10.163683885377955,15-30m
yaw,0.5,scene-1094_009,Car,vehicle,24.564678484233355,84,1.0,13.82030590266306,18.50399812509884,15-30m
yaw,0.5,scene-1094_009,Pedestrian,vru,11.257770126874627,24,1.0,11.821645487670231,6.469449839156175,<15m
yaw,1.0,scene-1094_009,Car,vehicle,8.161428350396147,248,0.9395161290322581,30.36993329809965,18.07791790941922,<15m
yaw,1.0,scene-1094_009,Car,vehicle,27.80750272152922,11,0.9090909090909091,23.318327368036204,10.163683885377955,15-30m
yaw,1.0,scene-1094_009,Car,vehicle,24.564678484233355,84,0.9880952380952381,27.75686605982538,18.50399812509884,15-30m
yaw,1.0,scene-1094_009,Pedestrian,vru,11.257770126874627,24,0.9583333333333334,23.663298504773472,6.469449839156175,<15m
yaw,2.0,scene-1094_009,Car,vehicle,8.161428350396147,248,0.8387096774193549,60.70610131382179,18.07791790941922,<15m
yaw,2.0,scene-1094_009,Car,vehicle,27.80750272152922,11,0.6363636363636364,46.78888794116793,10.163683885377955,15-30m
yaw,2.0,scene-1094_009,Car,vehicle,24.564678484233355,84,0.9166666666666666,55.96944558471759,18.50399812509884,15-30m
yaw,2.0,scene-1094_009,Pedestrian,vru,11.257770126874627,24,0.9166666666666666,47.41474374732321,6.469449839156175,<15m
yaw,3.0,scene-1094_009,Car,vehicle,8.161428350396147,248,0.7379032258064516,90.8904671162244,18.07791790941922,<15m
yaw,3.0,scene-1094_009,Car,vehicle,27.80750272152922,11,0.36363636363636365,70.42813221328609,10.163683885377955,15-30m
yaw,3.0,scene-1094_009,Car,vehicle,24.564678484233355,84,0.8452380952380952,83.82799757783667,18.50399812509884,15-30m
yaw,3.0,scene-1094_009,Pedestrian,vru,11.257770126874627,24,0.4166666666666667,71.27072495331919,6.469449839156175,<15m
pitch,0.25,scene-1094_009,Car,vehicle,8.161428350396147,248,0.9959677419354839,6.3109967069828325,18.07791790941922,<15m
pitch,0.25,scene-1094_009,Car,vehicle,27.80750272152922,11,1.0,5.666264874578795,10.163683885377955,15-30m
pitch,0.25,scene-1094_009,Car,vehicle,24.564678484233355,84,1.0,5.693095357593961,18.50399812509884,15-30m
pitch,0.25,scene-1094_009,Pedestrian,vru,11.257770126874627,24,1.0,5.867555355956756,6.469449839156175,<15m
pitch,0.5,scene-1094_009,Car,vehicle,8.161428350396147,248,0.9919354838709677,12.630771329985489,18.07791790941922,<15m
pitch,0.5,scene-1094_009,Car,vehicle,27.80750272152922,11,1.0,11.334657818744626,10.163683885377955,15-30m
pitch,0.5,scene-1094_009,Car,vehicle,24.564678484233355,84,1.0,11.385914080502015,18.50399812509884,15-30m
pitch,0.5,scene-1094_009,Pedestrian,vru,11.257770126874627,24,1.0,11.73762572955378,6.469449839156175,<15m
pitch,1.0,scene-1094_009,Car,vehicle,8.161428350396147,248,0.9879032258064516,25.296866410289947,18.07791790941922,<15m
pitch,1.0,scene-1094_009,Car,vehicle,27.80750272152922,11,0.18181818181818182,22.67873822471448,10.163683885377955,15-30m
pitch,1.0,scene-1094_009,Car,vehicle,24.564678484233355,84,1.0,22.769968257411684,18.50399812509884,15-30m
pitch,1.0,scene-1094_009,Pedestrian,vru,11.257770126874627,24,1.0,23.48629807636941,6.469449839156175,<15m
pitch,2.0,scene-1094_009,Car,vehicle,8.161428350396147,248,0.9798387096774194,50.73959694261206,18.07791790941922,<15m
pitch,2.0,scene-1094_009,Car,vehicle,27.80750272152922,11,0.18181818181818182,45.40247310083035,10.163683885377955,15-30m
pitch,2.0,scene-1094_009,Car,vehicle,24.564678484233355,84,0.9285714285714286,45.54270999268702,18.50399812509884,15-30m
pitch,2.0,scene-1094_009,Pedestrian,vru,11.257770126874627,24,0.9166666666666666,47.024705512506316,6.469449839156175,<15m
pitch,3.0,scene-1094_009,Car,vehicle,8.161428350396147,248,0.9758064516129032,76.38045087116112,18.07791790941922,<15m
pitch,3.0,scene-1094_009,Car,vehicle,27.80750272152922,11,0.0,68.18589822071071,10.163683885377955,15-30m
pitch,3.0,scene-1094_009,Car,vehicle,24.564678484233355,84,0.8214285714285714,68.33765369353685,18.50399812509884,15-30m
pitch,3.0,scene-1094_009,Pedestrian,vru,11.257770126874627,24,0.9166666666666666,70.63116998464162,6.469449839156175,<15m
roll,0.25,scene-1094_009,Car,vehicle,8.161428350396147,248,0.9919354838709677,2.9093982756412844,18.07791790941922,<15m
roll,0.25,scene-1094_009,Car,vehicle,27.80750272152922,11,1.0,0.9291932717855715,10.163683885377955,15-30m
roll,0.25,scene-1094_009,Car,vehicle,24.564678484233355,84,1.0,2.57390580673611,18.50399812509884,15-30m
roll,0.25,scene-1094_009,Pedestrian,vru,11.257770126874627,24,0.9583333333333334,0.6059848832297934,6.469449839156175,<15m
roll,0.5,scene-1094_009,Car,vehicle,8.161428350396147,248,0.9919354838709677,5.818646326579173,18.07791790941922,<15m
roll,0.5,scene-1094_009,Car,vehicle,27.80750272152922,11,1.0,1.8583684009928,10.163683885377955,15-30m
roll,0.5,scene-1094_009,Car,vehicle,24.564678484233355,84,1.0,5.147694962444186,18.50399812509884,15-30m
roll,0.5,scene-1094_009,Pedestrian,vru,11.257770126874627,24,0.9583333333333334,1.2119606595955088,6.469449839156175,<15m
roll,1.0,scene-1094_009,Car,vehicle,8.161428350396147,248,0.9879032258064516,11.628788921316161,18.07791790941922,<15m
roll,1.0,scene-1094_009,Car,vehicle,27.80750272152922,11,1.0,3.7166465890705163,10.163683885377955,15-30m
roll,1.0,scene-1094_009,Car,vehicle,24.564678484233355,84,1.0,10.294874765381191,18.50399812509884,15-30m
roll,1.0,scene-1094_009,Pedestrian,vru,11.257770126874627,24,0.9583333333333334,2.423873340544458,6.469449839156175,<15m
roll,2.0,scene-1094_009,Car,vehicle,8.161428350396147,248,0.9798387096774194,23.18649382029219,18.07791790941922,<15m
roll,2.0,scene-1094_009,Car,vehicle,27.80750272152922,11,1.0,7.4327912256494715,10.163683885377955,15-30m
roll,2.0,scene-1094_009,Car,vehicle,24.564678484233355,84,1.0,20.58730073553039,18.50399812509884,15-30m
roll,2.0,scene-1094_009,Pedestrian,vru,11.257770126874627,24,0.9583333333333334,4.847462375907032,6.469449839156175,<15m
roll,3.0,scene-1094_009,Car,vehicle,8.161428350396147,248,0.9556451612903226,34.74358109639299,18.07791790941922,<15m
roll,3.0,scene-1094_009,Car,vehicle,27.80750272152922,11,1.0,11.148151829473152,10.163683885377955,15-30m
roll,3.0,scene-1094_009,Car,vehicle,24.564678484233355,84,0.8452380952380952,30.87650243120534,18.50399812509884,15-30m
roll,3.0,scene-1094_009,Pedestrian,vru,11.257770126874627,24,0.9583333333333334,7.2705823838409565,6.469449839156175,<15m
t_fwd,0.02,scene-1094_009,Car,vehicle,8.161428350396147,248,1.0,2.298126304979677,18.07791790941922,<15m
t_fwd,0.02,scene-1094_009,Car,vehicle,27.80750272152922,11,1.0,0.15485320849208387,10.163683885377955,15-30m
t_fwd,0.02,scene-1094_009,Car,vehicle,24.564678484233355,84,1.0,0.5513947894514024,18.50399812509884,15-30m
t_fwd,0.02,scene-1094_009,Pedestrian,vru,11.257770126874627,24,1.0,0.22691313280683373,6.469449839156175,<15m
t_fwd,0.05,scene-1094_009,Car,vehicle,8.161428350396147,248,1.0,5.715286285993287,18.07791790941922,<15m
t_fwd,0.05,scene-1094_009,Car,vehicle,27.80750272152922,11,1.0,0.3867113228108824,10.163683885377955,15-30m
t_fwd,0.05,scene-1094_009,Car,vehicle,24.564678484233355,84,1.0,1.3765575035737245,18.50399812509884,15-30m
t_fwd,0.05,scene-1094_009,Pedestrian,vru,11.257770126874627,24,1.0,0.5657899451237871,6.469449839156175,<15m
t_fwd,0.1,scene-1094_009,Car,vehicle,8.161428350396147,248,1.0,11.33185779904888,18.07791790941922,<15m
t_fwd,0.1,scene-1094_009,Car,vehicle,27.80750272152922,11,1.0,0.7720210599361879,10.163683885377955,15-30m
t_fwd,0.1,scene-1094_009,Car,vehicle,24.564678484233355,84,1.0,2.7467073905009176,18.50399812509884,15-30m
t_fwd,0.1,scene-1094_009,Pedestrian,vru,11.257770126874627,24,1.0,1.1266383786990368,6.469449839156175,<15m
t_fwd,0.2,scene-1094_009,Car,vehicle,8.161428350396147,248,1.0,22.278915348056564,18.07791790941922,<15m
t_fwd,0.2,scene-1094_009,Car,vehicle,27.80750272152922,11,1.0,1.5384661462685283,10.163683885377955,15-30m
t_fwd,0.2,scene-1094_009,Car,vehicle,24.564678484233355,84,1.0,5.467962442880559,18.50399812509884,15-30m
t_fwd,0.2,scene-1094_009,Pedestrian,vru,11.257770126874627,24,1.0,2.233767479913462,6.469449839156175,<15m
t_left,0.02,scene-1094_009,Car,vehicle,8.161428350396147,248,0.9838709677419355,4.48037006881648,18.07791790941922,<15m
t_left,0.02,scene-1094_009,Car,vehicle,27.80750272152922,11,1.0,0.9262234396525005,10.163683885377955,15-30m
t_left,0.02,scene-1094_009,Car,vehicle,24.564678484233355,84,1.0,1.1674640483960497,18.50399812509884,15-30m
t_left,0.02,scene-1094_009,Pedestrian,vru,11.257770126874627,24,1.0,2.2924647062591577,6.469449839156175,<15m
t_left,0.05,scene-1094_009,Car,vehicle,8.161428350396147,248,0.9717741935483871,11.194421554950189,18.07791790941922,<15m
t_left,0.05,scene-1094_009,Car,vehicle,27.80750272152922,11,1.0,2.3155534959415545,10.163683885377955,15-30m
t_left,0.05,scene-1094_009,Car,vehicle,24.564678484233355,84,1.0,2.9186520078213913,18.50399812509884,15-30m
t_left,0.05,scene-1094_009,Pedestrian,vru,11.257770126874627,24,1.0,5.731130508551086,6.469449839156175,<15m
t_left,0.1,scene-1094_009,Car,vehicle,8.161428350396147,248,0.967741935483871,22.373832298967763,18.07791790941922,<15m
t_left,0.1,scene-1094_009,Car,vehicle,27.80750272152922,11,1.0,4.631089981351852,10.163683885377955,15-30m
t_left,0.1,scene-1094_009,Car,vehicle,24.564678484233355,84,1.0,5.837276971948302,18.50399812509884,15-30m
t_left,0.1,scene-1094_009,Pedestrian,vru,11.257770126874627,24,1.0,11.462156828294344,6.469449839156175,<15m
t_left,0.2,scene-1094_009,Car,vehicle,8.161428350396147,248,0.9032258064516129,44.49908250192197,18.07791790941922,<15m
t_left,0.2,scene-1094_009,Car,vehicle,27.80750272152922,11,1.0,9.26211192132846,10.163683885377955,15-30m
t_left,0.2,scene-1094_009,Car,vehicle,24.564678484233355,84,1.0,11.674445770621887,18.50399812509884,15-30m
t_left,0.2,scene-1094_009,Pedestrian,vru,11.257770126874627,24,1.0,22.923896912721716,6.469449839156175,<15m
t_up,0.02,scene-1094_009,Car,vehicle,8.161428350396147,248,1.0,4.499333469538638,18.07791790941922,<15m
t_up,0.02,scene-1094_009,Car,vehicle,27.80750272152922,11,1.0,0.9269226612192885,10.163683885377955,15-30m
t_up,0.02,scene-1094_009,Car,vehicle,24.564678484233355,84,1.0,1.1677456992609136,18.50399812509884,15-30m
t_up,0.02,scene-1094_009,Pedestrian,vru,11.257770126874627,24,0.9583333333333334,2.296080972236007,6.469449839156175,<15m
t_up,0.05,scene-1094_009,Car,vehicle,8.161428350396147,248,1.0,11.247136035299786,18.07791790941922,<15m
t_up,0.05,scene-1094_009,Car,vehicle,27.80750272152922,11,1.0,2.317255797595043,10.163683885377955,15-30m
t_up,0.05,scene-1094_009,Car,vehicle,24.564678484233355,84,1.0,2.9192834516640547,18.50399812509884,15-30m
t_up,0.05,scene-1094_009,Pedestrian,vru,11.257770126874627,24,0.9583333333333334,5.739890758887766,6.469449839156175,<15m
t_up,0.1,scene-1094_009,Car,vehicle,8.161428350396147,248,1.0,22.490281075380466,18.07791790941922,<15m
t_up,0.1,scene-1094_009,Car,vehicle,27.80750272152922,11,1.0,4.634342086932496,10.163683885377955,15-30m
t_up,0.1,scene-1094_009,Car,vehicle,24.564678484233355,84,1.0,5.838297601577027,18.50399812509884,15-30m
t_up,0.1,scene-1094_009,Pedestrian,vru,11.257770126874627,24,0.9583333333333334,11.478742762510798,6.469449839156175,<15m
t_up,0.2,scene-1094_009,Car,vehicle,8.161428350396147,248,0.9798387096774194,44.96460666399051,18.07791790941922,<15m
t_up,0.2,scene-1094_009,Car,vehicle,27.80750272152922,11,1.0,9.268006215227253,10.163683885377955,15-30m
t_up,0.2,scene-1094_009,Car,vehicle,24.564678484233355,84,1.0,11.675518145192893,18.50399812509884,15-30m
t_up,0.2,scene-1094_009,Pedestrian,vru,11.257770126874627,24,0.9583333333333334,22.953331631667595,6.469449839156175,<15m
none,0.0,scene-1094_010,Car,vehicle,8.683606829074611,93,1.0,0.0,9.697971824666993,<15m
none,0.0,scene-1094_010,Car,vehicle,26.450097132362256,20,1.0,0.0,10.593864007427126,15-30m
none,0.0,scene-1094_010,Car,vehicle,21.191081053390782,32,1.0,0.0,14.937445718260646,15-30m
none,0.0,scene-1094_010,Car,vehicle,23.303619708109938,116,1.0,0.0,18.88124100722822,15-30m
none,0.0,scene-1094_010,Pedestrian,vru,10.319194930918918,34,1.0,0.0,7.0343149165103975,<15m
yaw,0.25,scene-1094_010,Car,vehicle,8.683606829074611,93,0.946236559139785,8.084064341414765,9.697971824666993,<15m
yaw,0.25,scene-1094_010,Car,vehicle,26.450097132362256,20,1.0,5.711573673845902,10.593864007427126,15-30m
yaw,0.25,scene-1094_010,Car,vehicle,21.191081053390782,32,1.0,7.001514978060119,14.937445718260646,15-30m
yaw,0.25,scene-1094_010,Car,vehicle,23.303619708109938,116,1.0,6.553449648151464,18.88124100722822,15-30m
yaw,0.25,scene-1094_010,Pedestrian,vru,10.319194930918918,34,1.0,5.896225938222152,7.0343149165103975,<15m
yaw,0.5,scene-1094_010,Car,vehicle,8.683606829074611,93,0.8817204301075269,16.131132354950864,9.697971824666993,<15m
yaw,0.5,scene-1094_010,Car,vehicle,26.450097132362256,20,1.0,11.427817022318203,10.593864007427126,15-30m
yaw,0.5,scene-1094_010,Car,vehicle,21.191081053390782,32,1.0,14.033053511290277,14.937445718260646,15-30m
yaw,0.5,scene-1094_010,Car,vehicle,23.303619708109938,116,1.0,13.129750115638977,18.88124100722822,15-30m
yaw,0.5,scene-1094_010,Pedestrian,vru,10.319194930918918,34,1.0,11.792611919118462,7.0343149165103975,<15m
yaw,1.0,scene-1094_010,Car,vehicle,8.683606829074611,93,0.7634408602150538,32.22987124985105,9.697971824666993,<15m
yaw,1.0,scene-1094_010,Car,vehicle,26.450097132362256,20,1.0,22.875241237022298,10.593864007427126,15-30m
yaw,1.0,scene-1094_010,Car,vehicle,21.191081053390782,32,1.0,28.188107185850676,14.937445718260646,15-30m
yaw,1.0,scene-1094_010,Car,vehicle,23.303619708109938,116,1.0,26.352437466453367,18.88124100722822,15-30m
yaw,1.0,scene-1094_010,Pedestrian,vru,10.319194930918918,34,1.0,23.58838252634424,7.0343149165103975,<15m
yaw,2.0,scene-1094_010,Car,vehicle,8.683606829074611,93,0.5376344086021505,64.07394282349395,9.697971824666993,<15m
yaw,2.0,scene-1094_010,Car,vehicle,26.450097132362256,20,0.9,45.83638515940719,10.593864007427126,15-30m
yaw,2.0,scene-1094_010,Car,vehicle,21.191081053390782,32,1.0,56.879836786501,14.937445718260646,15-30m
yaw,2.0,scene-1094_010,Car,vehicle,23.303619708109938,116,0.9568965517241379,53.089155355253446,18.88124100722822,15-30m
yaw,2.0,scene-1094_010,Pedestrian,vru,10.319194930918918,34,0.9705882352941176,47.188401774087694,7.0343149165103975,<15m
yaw,3.0,scene-1094_010,Car,vehicle,8.683606829074611,93,0.34408602150537637,96.11241097776781,9.697971824666993,<15m
yaw,3.0,scene-1094_010,Car,vehicle,26.450097132362256,20,0.75,68.89852457838434,10.593864007427126,15-30m
yaw,3.0,scene-1094_010,Car,vehicle,21.191081053390782,32,1.0,86.10755413483736,14.937445718260646,15-30m
yaw,3.0,scene-1094_010,Car,vehicle,23.303619708109938,116,0.9137931034482759,80.23599513547555,18.88124100722822,15-30m
yaw,3.0,scene-1094_010,Pedestrian,vru,10.319194930918918,34,0.5588235294117647,70.81064964213842,7.0343149165103975,<15m
pitch,0.25,scene-1094_010,Car,vehicle,8.683606829074611,93,1.0,6.262147289747235,9.697971824666993,<15m
pitch,0.25,scene-1094_010,Car,vehicle,26.450097132362256,20,1.0,5.668898957521257,10.593864007427126,15-30m
pitch,0.25,scene-1094_010,Car,vehicle,21.191081053390782,32,1.0,5.74454663837707,14.937445718260646,15-30m
pitch,0.25,scene-1094_010,Car,vehicle,23.303619708109938,116,1.0,5.712795018324238,18.88124100722822,15-30m
pitch,0.25,scene-1094_010,Pedestrian,vru,10.319194930918918,34,1.0,5.9001927731263795,7.0343149165103975,<15m
pitch,0.5,scene-1094_010,Car,vehicle,8.683606829074611,93,0.989247311827957,12.528194892179302,9.697971824666993,<15m
pitch,0.5,scene-1094_010,Car,vehicle,26.450097132362256,20,1.0,11.338672672380078,10.593864007427126,15-30m
pitch,0.5,scene-1094_010,Car,vehicle,21.191081053390782,32,1.0,11.491493181173656,14.937445718260646,15-30m
pitch,0.5,scene-1094_010,Car,vehicle,23.303619708109938,116,1.0,11.425424102425294,18.88124100722822,15-30m
pitch,0.5,scene-1094_010,Pedestrian,vru,10.319194930918918,34,1.0,11.802181760338769,7.0343149165103975,<15m
pitch,1.0,scene-1094_010,Car,vehicle,8.683606829074611,93,0.978494623655914,25.087531075321017,9.697971824666993,<15m
pitch,1.0,scene-1094_010,Car,vehicle,26.450097132362256,20,1.0,22.68174609659883,10.593864007427126,15-30m
pitch,1.0,scene-1094_010,Car,vehicle,21.191081053390782,32,0.625,22.993595328388906,14.937445718260646,15-30m
pitch,1.0,scene-1094_010,Car,vehicle,23.303619708109938,116,0.8620689655172413,22.850915022817397,18.88124100722822,15-30m
pitch,1.0,scene-1094_010,Pedestrian,vru,10.319194930918918,34,1.0,23.612543470824793,7.0343149165103975,<15m
pitch,2.0,scene-1094_010,Car,vehicle,8.683606829074611,93,0.946236559139785,50.34643035586251,9.697971824666993,<15m
pitch,2.0,scene-1094_010,Car,vehicle,26.450097132362256,20,0.2,45.38832173025249,10.593864007427126,15-30m
pitch,2.0,scene-1094_010,Car,vehicle,21.191081053390782,32,0.625,46.0377291390014,14.937445718260646,15-30m
pitch,2.0,scene-1094_010,Car,vehicle,23.303619708109938,116,0.8620689655172413,45.70081465660927,18.88124100722822,15-30m
pitch,2.0,scene-1094_010,Pedestrian,vru,10.319194930918918,34,0.8529411764705882,47.26579186803862,7.0343149165103975,<15m
pitch,3.0,scene-1094_010,Car,vehicle,8.683606829074611,93,0.9247311827956989,75.73625002090587,9.697971824666993,<15m
pitch,3.0,scene-1094_010,Car,vehicle,26.450097132362256,20,0.0,68.13422900998967,10.593864007427126,15-30m
pitch,3.0,scene-1094_010,Car,vehicle,21.191081053390782,32,0.21875,69.14870094643841,14.937445718260646,15-30m
pitch,3.0,scene-1094_010,Car,vehicle,23.303619708109938,116,0.6896551724137931,68.55002403483411,18.88124100722822,15-30m
pitch,3.0,scene-1094_010,Pedestrian,vru,10.319194930918918,34,0.8529411764705882,70.98751145698398,7.0343149165103975,<15m
roll,0.25,scene-1094_010,Car,vehicle,8.683606829074611,93,1.0,3.3268753873481898,9.697971824666993,<15m
roll,0.25,scene-1094_010,Car,vehicle,26.450097132362256,20,1.0,0.48670780416571024,10.593864007427126,15-30m
roll,0.25,scene-1094_010,Car,vehicle,21.191081053390782,32,1.0,2.630427656310997,14.937445718260646,15-30m
roll,0.25,scene-1094_010,Car,vehicle,23.303619708109938,116,1.0,2.1386643288926734,18.88124100722822,15-30m
roll,0.25,scene-1094_010,Pedestrian,vru,10.319194930918918,34,1.0,0.27083781757705383,7.0343149165103975,<15m
roll,0.5,scene-1094_010,Car,vehicle,8.683606829074611,93,0.989247311827957,6.646491497270015,9.697971824666993,<15m
roll,0.5,scene-1094_010,Car,vehicle,26.450097132362256,20,1.0,0.9734098043318928,10.593864007427126,15-30m
roll,0.5,scene-1094_010,Car,vehicle,21.191081053390782,32,1.0,5.26073995515185,14.937445718260646,15-30m
roll,0.5,scene-1094_010,Car,vehicle,23.303619708109938,116,1.0,4.277250120454601,18.88124100722822,15-30m
roll,0.5,scene-1094_010,Pedestrian,vru,10.319194930918918,34,1.0,0.5416751548940764,7.0343149165103975,<15m
roll,1.0,scene-1094_010,Car,vehicle,8.683606829074611,93,0.978494623655914,13.278068666439387,9.697971824666993,<15m
roll,1.0,scene-1094_010,Car,vehicle,26.450097132362256,20,1.0,1.9467871352418074,10.593864007427126,15-30m
roll,1.0,scene-1094_010,Car,vehicle,21.191081053390782,32,1.0,10.520968032379354,14.937445718260646,15-30m
roll,1.0,scene-1094_010,Car,vehicle,23.303619708109938,116,1.0,8.554145217512175,18.88124100722822,15-30m
roll,1.0,scene-1094_010,Pedestrian,vru,10.319194930918918,34,1.0,1.0833432083665184,7.0343149165103975,<15m
roll,2.0,scene-1094_010,Car,vehicle,8.683606829074611,93,0.967741935483871,26.547085113427684,9.697971824666993,<15m
roll,2.0,scene-1094_010,Car,vehicle,26.450097132362256,20,1.0,3.8933703285365446,10.593864007427126,15-30m
roll,2.0,scene-1094_010,Car,vehicle,21.191081053390782,32,1.0,21.039485254537546,14.937445718260646,15-30m
roll,2.0,scene-1094_010,Car,vehicle,23.303619708109938,116,1.0,17.106543539814474,18.88124100722822,15-30m
roll,2.0,scene-1094_010,Pedestrian,vru,10.319194930918918,34,1.0,2.1666165668991963,7.0343149165103975,<15m
roll,3.0,scene-1094_010,Car,vehicle,8.683606829074611,93,0.946236559139785,39.776831992165555,9.697971824666993,<15m
roll,3.0,scene-1094_010,Car,vehicle,26.450097132362256,20,1.0,5.839601519002555,10.593864007427126,15-30m
roll,3.0,scene-1094_010,Car,vehicle,21.191081053390782,32,0.78125,31.554745908095562,14.937445718260646,15-30m
roll,3.0,scene-1094_010,Car,vehicle,23.303619708109938,116,1.0,25.656541926709785,18.88124100722822,15-30m
roll,3.0,scene-1094_010,Pedestrian,vru,10.319194930918918,34,1.0,3.2497371864352447,7.0343149165103975,<15m
t_fwd,0.02,scene-1094_010,Car,vehicle,8.683606829074611,93,1.0,2.4909574525381464,9.697971824666993,<15m
t_fwd,0.02,scene-1094_010,Car,vehicle,26.450097132362256,20,1.0,0.08764742255392396,10.593864007427126,15-30m
t_fwd,0.02,scene-1094_010,Car,vehicle,21.191081053390782,32,1.0,0.6499443741604689,14.937445718260646,15-30m
t_fwd,0.02,scene-1094_010,Car,vehicle,23.303619708109938,116,1.0,0.48264820560131283,18.88124100722822,15-30m
t_fwd,0.02,scene-1094_010,Pedestrian,vru,10.319194930918918,34,1.0,0.09367109636466399,7.0343149165103975,<15m
t_fwd,0.05,scene-1094_010,Car,vehicle,8.683606829074611,93,1.0,6.196547871668113,9.697971824666993,<15m
t_fwd,0.05,scene-1094_010,Car,vehicle,26.450097132362256,20,1.0,0.2188667379939539,10.593864007427126,15-30m
t_fwd,0.05,scene-1094_010,Car,vehicle,21.191081053390782,32,1.0,1.6221453609479295,14.937445718260646,15-30m
t_fwd,0.05,scene-1094_010,Car,vehicle,23.303619708109938,116,1.0,1.2048384410784783,18.88124100722822,15-30m
t_fwd,0.05,scene-1094_010,Pedestrian,vru,10.319194930918918,34,1.0,0.23348555319995798,7.0343149165103975,<15m
t_fwd,0.1,scene-1094_010,Car,vehicle,8.683606829074611,93,1.0,12.291623525648697,9.697971824666993,<15m
t_fwd,0.1,scene-1094_010,Car,vehicle,26.450097132362256,20,1.0,0.4368966489460875,10.593864007427126,15-30m
t_fwd,0.1,scene-1094_010,Car,vehicle,21.191081053390782,32,1.0,3.23527904603824,14.937445718260646,15-30m
t_fwd,0.1,scene-1094_010,Car,vehicle,23.303619708109938,116,1.0,2.403759976881175,18.88124100722822,15-30m
t_fwd,0.1,scene-1094_010,Pedestrian,vru,10.319194930918918,34,1.0,0.464681913001316,7.0343149165103975,<15m
t_fwd,0.2,scene-1094_010,Car,vehicle,8.683606829074611,93,1.0,24.18716755950983,9.697971824666993,<15m
t_fwd,0.2,scene-1094_010,Car,vehicle,26.450097132362256,20,1.0,0.8704651146493583,10.593864007427126,15-30m
t_fwd,0.2,scene-1094_010,Car,vehicle,21.191081053390782,32,1.0,6.434810178498573,14.937445718260646,15-30m
t_fwd,0.2,scene-1094_010,Car,vehicle,23.303619708109938,116,1.0,4.784025826524215,18.88124100722822,15-30m
t_fwd,0.2,scene-1094_010,Pedestrian,vru,10.319194930918918,34,1.0,0.9203404219728737,7.0343149165103975,<15m
t_left,0.02,scene-1094_010,Car,vehicle,8.683606829074611,93,0.956989247311828,4.221831455762407,9.697971824666993,<15m
t_left,0.02,scene-1094_010,Car,vehicle,26.450097132362256,20,1.0,0.9738493920610158,10.593864007427126,15-30m
t_left,0.02,scene-1094_010,Car,vehicle,21.191081053390782,32,1.0,1.396806305942707,14.937445718260646,15-30m
t_left,0.02,scene-1094_010,Car,vehicle,23.303619708109938,116,1.0,1.2338066394104295,18.88124100722822,15-30m
t_left,0.02,scene-1094_010,Pedestrian,vru,10.319194930918918,34,1.0,2.479282073252359,7.0343149165103975,<15m
t_left,0.05,scene-1094_010,Car,vehicle,8.683606829074611,93,0.9247311827956989,10.538721982399984,9.697971824666993,<15m
t_left,0.05,scene-1094_010,Car,vehicle,26.450097132362256,20,1.0,2.4346283258593635,10.593864007427126,15-30m
t_left,0.05,scene-1094_010,Car,vehicle,21.191081053390782,32,1.0,3.492025727602144,14.937445718260646,15-30m
t_left,0.05,scene-1094_010,Car,vehicle,23.303619708109938,116,1.0,3.0845243727966674,18.88124100722822,15-30m
t_left,0.05,scene-1094_010,Pedestrian,vru,10.319194930918918,34,1.0,6.198236594513562,7.0343149165103975,<15m
t_left,0.1,scene-1094_010,Car,vehicle,8.683606829074611,93,0.8494623655913979,20.947820217674845,9.697971824666993,<15m
t_left,0.1,scene-1094_010,Car,vehicle,26.450097132362256,20,1.0,4.869272804160398,10.593864007427126,15-30m
t_left,0.1,scene-1094_010,Car,vehicle,21.191081053390782,32,1.0,6.984084664607629,14.937445718260646,15-30m
t_left,0.1,scene-1094_010,Car,vehicle,23.303619708109938,116,1.0,6.169074660003295,18.88124100722822,15-30m
t_left,0.1,scene-1094_010,Pedestrian,vru,10.319194930918918,34,1.0,12.396577895050546,7.0343149165103975,<15m
t_left,0.2,scene-1094_010,Car,vehicle,8.683606829074611,93,0.6989247311827957,41.55377463988648,9.697971824666993,<15m
t_left,0.2,scene-1094_010,Car,vehicle,26.450097132362256,20,1.0,9.738610218730619,10.593864007427126,15-30m
t_left,0.2,scene-1094_010,Car,vehicle,21.191081053390782,32,1.0,13.968302168723667,14.937445718260646,15-30m
t_left,0.2,scene-1094_010,Car,vehicle,23.303619708109938,116,1.0,12.338252978952175,18.88124100722822,15-30m
t_left,0.2,scene-1094_010,Pedestrian,vru,10.319194930918918,34,1.0,24.793574624808016,7.0343149165103975,<15m
t_up,0.02,scene-1094_010,Car,vehicle,8.683606829074611,93,1.0,4.223905867204114,9.697971824666993,<15m
t_up,0.02,scene-1094_010,Car,vehicle,26.450097132362256,20,1.0,0.9734177878433246,10.593864007427126,15-30m
t_up,0.02,scene-1094_010,Car,vehicle,21.191081053390782,32,1.0,1.396586258392606,14.937445718260646,15-30m
t_up,0.02,scene-1094_010,Car,vehicle,23.303619708109938,116,1.0,1.231694138408304,18.88124100722822,15-30m
t_up,0.02,scene-1094_010,Pedestrian,vru,10.319194930918918,34,1.0,2.481777935782796,7.0343149165103975,<15m
t_up,0.05,scene-1094_010,Car,vehicle,8.683606829074611,93,1.0,10.558762650933017,9.697971824666993,<15m
t_up,0.05,scene-1094_010,Car,vehicle,26.450097132362256,20,1.0,2.4334911847213094,10.593864007427126,15-30m
t_up,0.05,scene-1094_010,Car,vehicle,21.191081053390782,32,1.0,3.4913560630948495,14.937445718260646,15-30m
t_up,0.05,scene-1094_010,Car,vehicle,23.303619708109938,116,1.0,3.079149967179088,18.88124100722822,15-30m
t_up,0.05,scene-1094_010,Pedestrian,vru,10.319194930918918,34,1.0,6.204098940110339,7.0343149165103975,<15m
t_up,0.1,scene-1094_010,Car,vehicle,8.683606829074611,93,1.0,21.114186089977114,9.697971824666993,<15m
t_up,0.1,scene-1094_010,Car,vehicle,26.450097132362256,20,1.0,4.8668047635230165,10.593864007427126,15-30m
t_up,0.1,scene-1094_010,Car,vehicle,21.191081053390782,32,1.0,6.982346880471594,14.937445718260646,15-30m
t_up,0.1,scene-1094_010,Car,vehicle,23.303619708109938,116,1.0,6.15801535926091,18.88124100722822,15-30m
t_up,0.1,scene-1094_010,Pedestrian,vru,10.319194930918918,34,1.0,12.407045053795859,7.0343149165103975,<15m
t_up,0.2,scene-1094_010,Car,vehicle,8.683606829074611,93,1.0,42.215021666555934,9.697971824666993,<15m
t_up,0.2,scene-1094_010,Car,vehicle,26.450097132362256,20,1.0,9.732899181136379,10.593864007427126,15-30m
t_up,0.2,scene-1094_010,Car,vehicle,21.191081053390782,32,1.0,13.963233007306538,14.937445718260646,15-30m
t_up,0.2,scene-1094_010,Car,vehicle,23.303619708109938,116,1.0,12.31489257592079,18.88124100722822,15-30m
t_up,0.2,scene-1094_010,Pedestrian,vru,10.319194930918918,34,0.7941176470588235,24.809480086941434,7.0343149165103975,<15m
none,0.0,scene-1094_011,Car,vehicle,17.06245646880466,97,1.0,0.0,13.627751140742626,15-30m
none,0.0,scene-1094_011,Car,vehicle,25.132075424594493,23,1.0,0.0,11.113584501728972,15-30m
none,0.0,scene-1094_011,Car,vehicle,19.934735246049257,25,1.0,0.0,16.026236370638834,15-30m
none,0.0,scene-1094_011,Car,vehicle,22.01577859329837,121,1.0,0.0,18.57342687279433,15-30m
none,0.0,scene-1094_011,Pedestrian,vru,9.418288330390547,40,1.0,0.0,7.950100966952989,<15m
yaw,0.25,scene-1094_011,Car,vehicle,17.06245646880466,97,0.979381443298969,7.426213254232857,13.627751140742626,15-30m
yaw,0.25,scene-1094_011,Car,vehicle,25.132075424594493,23,1.0,5.678041665602244,11.113584501728972,15-30m
yaw,0.25,scene-1094_011,Car,vehicle,19.934735246049257,25,1.0,6.612448230774941,16.026236370638834,15-30m
yaw,0.25,scene-1094_011,Car,vehicle,22.01577859329837,121,1.0,6.195054501389805,18.57342687279433,15-30m
yaw,0.25,scene-1094_011,Pedestrian,vru,9.418288330390547,40,1.0,6.048173312380872,7.950100966952989,<15m
yaw,0.5,scene-1094_011,Car,vehicle,17.06245646880466,97,0.9587628865979382,14.880645457469361,13.627751140742626,15-30m
yaw,0.5,scene-1094_011,Car,vehicle,25.132075424594493,23,1.0,11.357823103803963,11.113584501728972,15-30m
yaw,0.5,scene-1094_011,Car,vehicle,19.934735246049257,25,1.0,13.248327903136774,16.026236370638834,15-30m
yaw,0.5,scene-1094_011,Car,vehicle,22.01577859329837,121,1.0,12.406390505752052,18.57342687279433,15-30m
yaw,0.5,scene-1094_011,Pedestrian,vru,9.418288330390547,40,1.0,12.088399089470933,7.950100966952989,<15m
yaw,1.0,scene-1094_011,Car,vehicle,17.06245646880466,97,0.9072164948453608,29.75431032471141,13.627751140742626,15-30m
yaw,1.0,scene-1094_011,Car,vehicle,25.132075424594493,23,1.0,22.7157926188238,11.113584501728972,15-30m
yaw,1.0,scene-1094_011,Car,vehicle,19.934735246049257,25,1.0,26.59195472583566,16.026236370638834,15-30m
yaw,1.0,scene-1094_011,Car,vehicle,22.01577859329837,121,0.9834710743801653,24.87916318475636,18.57342687279433,15-30m
yaw,1.0,scene-1094_011,Pedestrian,vru,9.418288330390547,40,0.975,24.146003169285233,7.950100966952989,<15m
yaw,2.0,scene-1094_011,Car,vehicle,17.06245646880466,97,0.7628865979381443,59.25335328692229,13.627751140742626,15-30m
yaw,2.0,scene-1094_011,Car,vehicle,25.132075424594493,23,0.8695652173913043,45.4446223800403,11.113584501728972,15-30m
yaw,2.0,scene-1094_011,Car,vehicle,19.934735246049257,25,1.0,53.57796016062486,16.026236370638834,15-30m
yaw,2.0,scene-1094_011,Car,vehicle,22.01577859329837,121,0.9421487603305785,50.03407572909905,18.57342687279433,15-30m
yaw,2.0,scene-1094_011,Pedestrian,vru,9.418288330390547,40,0.8,48.17739441838455,7.950100966952989,<15m
yaw,3.0,scene-1094_011,Car,vehicle,17.06245646880466,97,0.6597938144329897,89.12700926135966,13.627751140742626,15-30m
yaw,3.0,scene-1094_011,Car,vehicle,25.132075424594493,23,0.7391304347826086,68.17762125061935,11.113584501728972,15-30m
yaw,3.0,scene-1094_011,Car,vehicle,19.934735246049257,25,1.0,80.98453492828091,16.026236370638834,15-30m
yaw,3.0,scene-1094_011,Car,vehicle,22.01577859329837,121,0.8925619834710744,75.4856936884363,18.57342687279433,15-30m
yaw,3.0,scene-1094_011,Pedestrian,vru,9.418288330390547,40,0.375,72.11112432366625,7.950100966952989,<15m
pitch,0.25,scene-1094_011,Car,vehicle,17.06245646880466,97,1.0,5.820438812387442,13.627751140742626,15-30m
pitch,0.25,scene-1094_011,Car,vehicle,25.132075424594493,23,1.0,5.674603284783417,11.113584501728972,15-30m
pitch,0.25,scene-1094_011,Car,vehicle,19.934735246049257,25,1.0,5.756526055246304,16.026236370638834,15-30m
pitch,0.25,scene-1094_011,Car,vehicle,22.01577859329837,121,1.0,5.72305243955944,18.57342687279433,15-30m
pitch,0.25,scene-1094_011,Pedestrian,vru,9.418288330390547,40,1.0,5.930260276893369,7.950100966952989,<15m
pitch,0.5,scene-1094_011,Car,vehicle,17.06245646880466,97,1.0,11.64319132048538,13.627751140742626,15-30m
pitch,0.5,scene-1094_011,Car,vehicle,25.132075424594493,23,1.0,11.350069151901831,11.113584501728972,15-30m
pitch,0.5,scene-1094_011,Car,vehicle,19.934735246049257,25,1.0,11.515328814108592,16.026236370638834,15-30m
pitch,0.5,scene-1094_011,Car,vehicle,22.01577859329837,121,1.0,11.446105993294637,18.57342687279433,15-30m
pitch,0.5,scene-1094_011,Pedestrian,vru,9.418288330390547,40,1.0,11.862334116919538,7.950100966952989,<15m
pitch,1.0,scene-1094_011,Car,vehicle,17.06245646880466,97,1.0,23.29162144503096,13.627751140742626,15-30m
pitch,1.0,scene-1094_011,Car,vehicle,25.132075424594493,23,1.0,22.704489444857835,11.113584501728972,15-30m
pitch,1.0,scene-1094_011,Car,vehicle,19.934735246049257,25,1.0,23.04075771311759,16.026236370638834,15-30m
pitch,1.0,scene-1094_011,Car,vehicle,22.01577859329837,121,1.0,22.8924613122035,18.57342687279433,15-30m
pitch,1.0,scene-1094_011,Pedestrian,vru,9.418288330390547,40,1.0,23.732941015253964,7.950100966952989,<15m
pitch,2.0,scene-1094_011,Car,vehicle,17.06245646880466,97,0.8350515463917526,46.636300332308885,13.627751140742626,15-30m
pitch,2.0,scene-1094_011,Car,vehicle,25.132075424594493,23,0.13043478260869565,45.43360265007016,11.113584501728972,15-30m
pitch,2.0,scene-1094_011,Car,vehicle,19.934735246049257,25,0.52,46.1298886806732,16.026236370638834,15-30m
pitch,2.0,scene-1094_011,Car,vehicle,22.01577859329837,121,0.8429752066115702,45.785634205102845,18.57342687279433,15-30m
pitch,2.0,scene-1094_011,Pedestrian,vru,9.418288330390547,40,0.95,47.50798259402615,7.950100966952989,<15m
pitch,3.0,scene-1094_011,Car,vehicle,17.06245646880466,97,0.8247422680412371,70.05344241983084,13.627751140742626,15-30m
pitch,3.0,scene-1094_011,Car,vehicle,25.132075424594493,23,0.13043478260869565,68.20182691551,11.113584501728972,15-30m
pitch,3.0,scene-1094_011,Car,vehicle,19.934735246049257,25,0.28,69.28342967380976,16.026236370638834,15-30m
pitch,3.0,scene-1094_011,Car,vehicle,22.01577859329837,121,0.6776859504132231,68.70573060068187,18.57342687279433,15-30m
pitch,3.0,scene-1094_011,Pedestrian,vru,9.418288330390547,40,0.825,71.34204894221178,7.950100966952989,<15m
roll,0.25,scene-1094_011,Car,vehicle,17.06245646880466,97,1.0,2.9843017832480876,13.627751140742626,15-30m
roll,0.25,scene-1094_011,Car,vehicle,25.132075424594493,23,1.0,0.1710467513903535,11.113584501728972,15-30m
roll,0.25,scene-1094_011,Car,vehicle,19.934735246049257,25,1.0,2.1696776956235335,16.026236370638834,15-30m
roll,0.25,scene-1094_011,Car,vehicle,22.01577859329837,121,1.0,1.6044633829635326,18.57342687279433,15-30m
roll,0.25,scene-1094_011,Pedestrian,vru,9.418288330390547,40,1.0,0.9640777495941991,7.950100966952989,<15m
roll,0.5,scene-1094_011,Car,vehicle,17.06245646880466,97,1.0,5.9684620792232534,13.627751140742626,15-30m
roll,0.5,scene-1094_011,Car,vehicle,25.132075424594493,23,1.0,0.34209226474254956,11.113584501728972,15-30m
roll,0.5,scene-1094_011,Car,vehicle,19.934735246049257,25,1.0,4.339274592369127,16.026236370638834,15-30m
roll,0.5,scene-1094_011,Car,vehicle,22.01577859329837,121,1.0,3.208882780981932,18.57342687279433,15-30m
roll,0.5,scene-1094_011,Pedestrian,vru,9.418288330390547,40,1.0,1.9281662753376994,7.950100966952989,<15m
roll,1.0,scene-1094_011,Car,vehicle,17.06245646880466,97,1.0,11.936300017170717,13.627751140742626,15-30m
roll,1.0,scene-1094_011,Car,vehicle,25.132075424594493,23,1.0,0.6841763190484526,11.113584501728972,15-30m
roll,1.0,scene-1094_011,Car,vehicle,19.934735246049257,25,1.0,8.67818421958837,16.026236370638834,15-30m
roll,1.0,scene-1094_011,Car,vehicle,22.01577859329837,121,1.0,6.417558652412256,18.57342687279433,15-30m
roll,1.0,scene-1094_011,Pedestrian,vru,9.418288330390547,40,1.0,3.8563572381717828,7.950100966952989,<15m
roll,2.0,scene-1094_011,Car,vehicle,17.06245646880466,97,1.0,23.86963828918683,13.627751140742626,15-30m
roll,2.0,scene-1094_011,Car,vehicle,25.132075424594493,23,1.0,1.3682937318626551,11.113584501728972,15-30m
roll,2.0,scene-1094_011,Car,vehicle,19.934735246049257,25,1.0,17.35457461944242,16.026236370638834,15-30m
roll,2.0,scene-1094_011,Car,vehicle,22.01577859329837,121,1.0,12.834042012804998,18.57342687279433,15-30m
roll,2.0,scene-1094_011,Pedestrian,vru,9.418288330390547,40,1.0,7.712665852229408,7.950100966952989,<15m
roll,3.0,scene-1094_011,Car,vehicle,17.06245646880466,97,0.8350515463917526,35.79908550610284,13.627751140742626,15-30m
roll,3.0,scene-1094_011,Car,vehicle,25.132075424594493,23,1.0,2.0523001159340906,11.113584501728972,15-30m
roll,3.0,scene-1094_011,Car,vehicle,19.934735246049257,25,0.72,26.028503865864298,16.026236370638834,15-30m
roll,3.0,scene-1094_011,Car,vehicle,22.01577859329837,121,1.0,19.248955086162095,18.57342687279433,15-30m
roll,3.0,scene-1094_011,Pedestrian,vru,9.418288330390547,40,1.0,11.568630995386464,7.950100966952989,<15m
t_fwd,0.02,scene-1094_011,Car,vehicle,17.06245646880466,97,1.0,1.0046257641596343,13.627751140742626,15-30m
t_fwd,0.02,scene-1094_011,Car,vehicle,25.132075424594493,23,1.0,0.039101103005152064,11.113584501728972,15-30m
t_fwd,0.02,scene-1094_011,Car,vehicle,19.934735246049257,25,1.0,0.5563104037897038,16.026236370638834,15-30m
t_fwd,0.02,scene-1094_011,Car,vehicle,22.01577859329837,121,1.0,0.3725882972245402,18.57342687279433,15-30m
t_fwd,0.02,scene-1094_011,Pedestrian,vru,9.418288330390547,40,1.0,0.45840012213481723,7.950100966952989,<15m
t_fwd,0.05,scene-1094_011,Car,vehicle,17.06245646880466,97,1.0,2.5058604544940017,13.627751140742626,15-30m
t_fwd,0.05,scene-1094_011,Car,vehicle,25.132075424594493,23,1.0,0.09763349240156555,11.113584501728972,15-30m
t_fwd,0.05,scene-1094_011,Car,vehicle,19.934735246049257,25,1.0,1.3885234546038205,16.026236370638834,15-30m
t_fwd,0.05,scene-1094_011,Car,vehicle,22.01577859329837,121,1.0,0.930058600343587,18.57342687279433,15-30m
t_fwd,0.05,scene-1094_011,Pedestrian,vru,9.418288330390547,40,1.0,1.1423681658709754,7.950100966952989,<15m
t_fwd,0.1,scene-1094_011,Car,vehicle,17.06245646880466,97,1.0,4.992822436186686,13.627751140742626,15-30m
t_fwd,0.1,scene-1094_011,Car,vehicle,25.132075424594493,23,1.0,0.1948707252441995,11.113584501728972,15-30m
t_fwd,0.1,scene-1094_011,Car,vehicle,19.934735246049257,25,1.0,2.769570735226578,16.026236370638834,15-30m
t_fwd,0.1,scene-1094_011,Car,vehicle,22.01577859329837,121,1.0,1.8554290401857367,18.57342687279433,15-30m
t_fwd,0.1,scene-1094_011,Pedestrian,vru,9.418288330390547,40,1.0,2.272730998126318,7.950100966952989,<15m
t_fwd,0.2,scene-1094_011,Car,vehicle,17.06245646880466,97,1.0,9.910899740873827,13.627751140742626,15-30m
t_fwd,0.2,scene-1094_011,Car,vehicle,25.132075424594493,23,1.0,0.38816602290394764,11.113584501728972,15-30m
t_fwd,0.2,scene-1094_011,Car,vehicle,19.934735246049257,25,1.0,5.509477003149547,16.026236370638834,15-30m
t_fwd,0.2,scene-1094_011,Car,vehicle,22.01577859329837,121,1.0,3.6922465173183947,18.57342687279433,15-30m
t_fwd,0.2,scene-1094_011,Pedestrian,vru,9.418288330390547,40,1.0,4.4981898515193794,7.950100966952989,<15m
t_left,0.02,scene-1094_011,Car,vehicle,17.06245646880466,97,0.9896907216494846,1.8319616785253277,13.627751140742626,15-30m
t_left,0.02,scene-1094_011,Car,vehicle,25.132075424594493,23,1.0,1.023863906247586,11.113584501728972,15-30m
t_left,0.02,scene-1094_011,Car,vehicle,19.934735246049257,25,1.0,1.446072991529755,16.026236370638834,15-30m
t_left,0.02,scene-1094_011,Car,vehicle,22.01577859329837,121,1.0,1.2725636090915697,18.57342687279433,15-30m
t_left,0.02,scene-1094_011,Pedestrian,vru,9.418288330390547,40,1.0,2.715022365599677,7.950100966952989,<15m
t_left,0.05,scene-1094_011,Car,vehicle,17.06245646880466,97,0.979381443298969,4.581482981056478,13.627751140742626,15-30m
t_left,0.05,scene-1094_011,Car,vehicle,25.132075424594493,23,1.0,2.5596769510742408,11.113584501728972,15-30m
t_left,0.05,scene-1094_011,Car,vehicle,19.934735246049257,25,1.0,3.6152166771259666,16.026236370638834,15-30m
t_left,0.05,scene-1094_011,Car,vehicle,22.01577859329837,121,1.0,3.1814355209822254,18.57342687279433,15-30m
t_left,0.05,scene-1094_011,Pedestrian,vru,9.418288330390547,40,1.0,6.787676850746976,7.950100966952989,<15m
t_left,0.1,scene-1094_011,Car,vehicle,17.06245646880466,97,0.979381443298969,9.16314901389632,13.627751140742626,15-30m
t_left,0.1,scene-1094_011,Car,vehicle,25.132075424594493,23,1.0,5.119411188025057,11.113584501728972,15-30m
t_left,0.1,scene-1094_011,Car,vehicle,19.934735246049257,25,1.0,7.230547351465823,16.026236370638834,15-30m
t_left,0.1,scene-1094_011,Car,vehicle,22.01577859329837,121,1.0,6.3629593714372845,18.57342687279433,15-30m
t_left,0.1,scene-1094_011,Pedestrian,vru,9.418288330390547,40,1.0,13.57575684314089,7.950100966952989,<15m
t_left,0.2,scene-1094_011,Car,vehicle,17.06245646880466,97,0.9587628865979382,18.380464407297186,13.627751140742626,15-30m
t_left,0.2,scene-1094_011,Car,vehicle,25.132075424594493,23,1.0,10.239051527249273,11.113584501728972,15-30m
t_left,0.2,scene-1094_011,Car,vehicle,19.934735246049257,25,1.0,14.461550713355857,16.026236370638834,15-30m
t_left,0.2,scene-1094_011,Car,vehicle,22.01577859329837,121,1.0,12.726272075480338,18.57342687279433,15-30m
t_left,0.2,scene-1094_011,Pedestrian,vru,9.418288330390547,40,0.925,27.153126396541502,7.950100966952989,<15m
t_up,0.02,scene-1094_011,Car,vehicle,17.06245646880466,97,1.0,1.8249913469319639,13.627751140742626,15-30m
t_up,0.02,scene-1094_011,Car,vehicle,25.132075424594493,23,1.0,1.0238618844233394,11.113584501728972,15-30m
t_up,0.02,scene-1094_011,Car,vehicle,19.934735246049257,25,1.0,1.44316142860301,16.026236370638834,15-30m
t_up,0.02,scene-1094_011,Car,vehicle,22.01577859329837,121,1.0,1.270098766057654,18.57342687279433,15-30m
t_up,0.02,scene-1094_011,Pedestrian,vru,9.418288330390547,40,1.0,2.7207802808619537,7.950100966952989,<15m
t_up,0.05,scene-1094_011,Car,vehicle,17.06245646880466,97,1.0,4.562291606231185,13.627751140742626,15-30m
t_up,0.05,scene-1094_011,Car,vehicle,25.132075424594493,23,1.0,2.5595959357447895,11.113584501728972,15-30m
t_up,0.05,scene-1094_011,Car,vehicle,19.934735246049257,25,1.0,3.607786848835334,16.026236370638834,15-30m
t_up,0.05,scene-1094_011,Car,vehicle,22.01577859329837,121,1.0,3.175156465920477,18.57342687279433,15-30m
t_up,0.05,scene-1094_011,Pedestrian,vru,9.418288330390547,40,1.0,6.801536511477126,7.950100966952989,<15m
t_up,0.1,scene-1094_011,Car,vehicle,17.06245646880466,97,1.0,9.123960743416891,13.627751140742626,15-30m
t_up,0.1,scene-1094_011,Car,vehicle,25.132075424594493,23,1.0,5.118995965773548,11.113584501728972,15-30m
t_up,0.1,scene-1094_011,Car,vehicle,19.934735246049257,25,1.0,7.215184655661619,16.026236370638834,15-30m
t_up,0.1,scene-1094_011,Car,vehicle,22.01577859329837,121,1.0,6.350011457329495,18.57342687279433,15-30m
t_up,0.1,scene-1094_011,Pedestrian,vru,9.418288330390547,40,1.0,13.60169261152767,7.950100966952989,<15m
t_up,0.2,scene-1094_011,Car,vehicle,17.06245646880466,97,1.0,18.24543212015186,13.627751140742626,15-30m
t_up,0.2,scene-1094_011,Car,vehicle,25.132075424594493,23,1.0,10.237208398641599,11.113584501728972,15-30m
t_up,0.2,scene-1094_011,Car,vehicle,19.934735246049257,25,1.0,14.428813394971748,16.026236370638834,15-30m
t_up,0.2,scene-1094_011,Car,vehicle,22.01577859329837,121,1.0,12.698817188343437,18.57342687279433,15-30m
t_up,0.2,scene-1094_011,Pedestrian,vru,9.418288330390547,40,0.85,27.197865257983718,7.950100966952989,<15m
none,0.0,scene-1094_012,Car,vehicle,15.868810922902846,125,1.0,0.0,13.875801004230226,15-30m
none,0.0,scene-1094_012,Car,vehicle,10.732951572966469,17,1.0,0.0,3.570651684433743,<15m
none,0.0,scene-1094_012,Car,vehicle,24.461871017842647,15,1.0,0.0,11.248689710764943,15-30m
none,0.0,scene-1094_012,Car,vehicle,23.914597144473674,28,1.0,0.0,12.225838939975496,15-30m
none,0.0,scene-1094_012,Car,vehicle,18.662441150870333,24,1.0,0.0,15.416181075879939,15-30m
none,0.0,scene-1094_012,Car,vehicle,20.733347021484285,123,1.0,0.0,18.329978171335597,15-30m
none,0.0,scene-1094_012,Pedestrian,vru,8.708369348139867,47,1.0,0.0,10.039013530410797,<15m
yaw,0.25,scene-1094_012,Car,vehicle,15.868810922902846,125,1.0,6.607175476185887,13.875801004230226,15-30m
yaw,0.25,scene-1094_012,Car,vehicle,10.732951572966469,17,0.7647058823529411,8.198882828337828,3.570651684433743,<15m
yaw,0.25,scene-1094_012,Car,vehicle,24.461871017842647,15,1.0,7.149224128760994,11.248689710764943,15-30m
yaw,0.25,scene-1094_012,Car,vehicle,23.914597144473674,28,1.0,5.954460661614192,12.225838939975496,15-30m
yaw,0.25,scene-1094_012,Car,vehicle,18.662441150870333,24,1.0,6.005674770273023,15.416181075879939,15-30m
yaw,0.25,scene-1094_012,Car,vehicle,20.733347021484285,123,1.0,5.816320659960536,18.329978171335597,15-30m
yaw,0.25,scene-1094_012,Pedestrian,vru,8.708369348139867,47,1.0,7.063009639121561,10.039013530410797,<15m
yaw,0.5,scene-1094_012,Car,vehicle,15.868810922902846,125,0.992,13.23711048974717,13.875801004230226,15-30m
yaw,0.5,scene-1094_012,Car,vehicle,10.732951572966469,17,0.5882352941176471,16.39627500736386,3.570651684433743,<15m
yaw,0.5,scene-1094_012,Car,vehicle,24.461871017842647,15,1.0,14.331045091244759,11.248689710764943,15-30m
yaw,0.5,scene-1094_012,Car,vehicle,23.914597144473674,28,1.0,11.897514577164714,12.225838939975496,15-30m
yaw,0.5,scene-1094_012,Car,vehicle,18.662441150870333,24,1.0,12.023203919567935,15.416181075879939,15-30m
yaw,0.5,scene-1094_012,Car,vehicle,20.733347021484285,123,1.0,11.639710071632413,18.329978171335597,15-30m
yaw,0.5,scene-1094_012,Pedestrian,vru,8.708369348139867,47,1.0,14.09831241840108,10.039013530410797,<15m
yaw,1.0,scene-1094_012,Car,vehicle,15.868810922902846,125,0.968,26.566815323717385,13.875801004230226,15-30m
yaw,1.0,scene-1094_012,Car,vehicle,10.732951572966469,17,0.29411764705882354,32.80344199961199,3.570651684433743,<15m
yaw,1.0,scene-1094_012,Car,vehicle,24.461871017842647,15,0.9333333333333333,28.79452142892452,11.248689710764943,15-30m
yaw,1.0,scene-1094_012,Car,vehicle,23.914597144473674,28,1.0,23.750471748140328,12.225838939975496,15-30m
yaw,1.0,scene-1094_012,Car,vehicle,18.662441150870333,24,1.0,24.094938197761753,15.416181075879939,15-30m
yaw,1.0,scene-1094_012,Car,vehicle,20.733347021484285,123,1.0,23.308682036244793,18.329978171335597,15-30m
yaw,1.0,scene-1094_012,Pedestrian,vru,8.708369348139867,47,1.0,28.087622892640304,10.039013530410797,<15m
yaw,2.0,scene-1094_012,Car,vehicle,15.868810922902846,125,0.856,53.51671900048591,13.875801004230226,15-30m
yaw,2.0,scene-1094_012,Car,vehicle,10.732951572966469,17,0.0,nan,3.570651684433743,<15m
yaw,2.0,scene-1094_012,Car,vehicle,24.461871017842647,15,0.6,58.1355376056631,11.248689710764943,15-30m
yaw,2.0,scene-1094_012,Car,vehicle,23.914597144473674,28,0.9285714285714286,47.331168248444214,12.225838939975496,15-30m
yaw,2.0,scene-1094_012,Car,vehicle,18.662441150870333,24,1.0,48.393020453839824,15.416181075879939,15-30m
yaw,2.0,scene-1094_012,Car,vehicle,20.733347021484285,123,0.975609756097561,46.7423763065801,18.329978171335597,15-30m
yaw,2.0,scene-1094_012,Pedestrian,vru,8.708369348139867,47,0.9574468085106383,55.753526155265966,10.039013530410797,<15m
yaw,3.0,scene-1094_012,Car,vehicle,15.868810922902846,125,0.72,80.87057752274777,13.875801004230226,15-30m
yaw,3.0,scene-1094_012,Car,vehicle,10.732951572966469,17,0.0,nan,3.570651684433743,<15m
yaw,3.0,scene-1094_012,Car,vehicle,24.461871017842647,15,0.4,88.0578429585278,11.248689710764943,15-30m
yaw,3.0,scene-1094_012,Car,vehicle,23.914597144473674,28,0.8214285714285714,70.7587231778572,12.225838939975496,15-30m
yaw,3.0,scene-1094_012,Car,vehicle,18.662441150870333,24,1.0,72.91265427087176,15.416181075879939,15-30m
yaw,3.0,scene-1094_012,Car,vehicle,20.733347021484285,123,0.9186991869918699,70.31722633460618,18.329978171335597,15-30m
yaw,3.0,scene-1094_012,Pedestrian,vru,8.708369348139867,47,0.7021276595744681,83.0254261273747,10.039013530410797,<15m
pitch,0.25,scene-1094_012,Car,vehicle,15.868810922902846,125,1.0,5.824029561469654,13.875801004230226,15-30m
pitch,0.25,scene-1094_012,Car,vehicle,10.732951572966469,17,1.0,6.177528966371428,3.570651684433743,<15m
pitch,0.25,scene-1094_012,Car,vehicle,24.461871017842647,15,1.0,5.7285131959892155,11.248689710764943,15-30m
pitch,0.25,scene-1094_012,Car,vehicle,23.914597144473674,28,1.0,5.678073160192908,12.225838939975496,15-30m
pitch,0.25,scene-1094_012,Car,vehicle,18.662441150870333,24,1.0,5.772779291257299,15.416181075879939,15-30m
pitch,0.25,scene-1094_012,Car,vehicle,20.733347021484285,123,1.0,5.724512298070584,18.329978171335597,15-30m
pitch,0.25,scene-1094_012,Pedestrian,vru,8.708369348139867,47,1.0,5.989856860952943,10.039013530410797,<15m
pitch,0.5,scene-1094_012,Car,vehicle,15.868810922902846,125,1.0,11.64916606577448,13.875801004230226,15-30m
pitch,0.5,scene-1094_012,Car,vehicle,10.732951572966469,17,1.0,12.365061902537914,3.570651684433743,<15m
pitch,0.5,scene-1094_012,Car,vehicle,24.461871017842647,15,1.0,11.459510332892801,11.248689710764943,15-30m
pitch,0.5,scene-1094_012,Car,vehicle,23.914597144473674,28,1.0,11.35701317012008,12.225838939975496,15-30m
pitch,0.5,scene-1094_012,Car,vehicle,18.662441150870333,24,1.0,11.548878074715196,15.416181075879939,15-30m
pitch,0.5,scene-1094_012,Car,vehicle,20.733347021484285,123,1.0,11.44889259616293,18.329978171335597,15-30m
pitch,0.5,scene-1094_012,Pedestrian,vru,8.708369348139867,47,1.0,11.981774480999057,10.039013530410797,<15m
pitch,1.0,scene-1094_012,Car,vehicle,15.868810922902846,125,1.0,23.308096990590393,13.875801004230226,15-30m
pitch,1.0,scene-1094_012,Car,vehicle,10.732951572966469,17,0.9411764705882353,24.699894184631354,3.570651684433743,<15m
pitch,1.0,scene-1094_012,Car,vehicle,24.461871017842647,15,1.0,22.929966716668552,11.248689710764943,15-30m
pitch,1.0,scene-1094_012,Car,vehicle,23.914597144473674,28,1.0,22.718411599265032,12.225838939975496,15-30m
pitch,1.0,scene-1094_012,Car,vehicle,18.662441150870333,24,1.0,23.1119901232643,15.416181075879939,15-30m
pitch,1.0,scene-1094_012,Car,vehicle,20.733347021484285,123,1.0,22.899396123053094,18.329978171335597,15-30m
pitch,1.0,scene-1094_012,Pedestrian,vru,8.708369348139867,47,1.0,23.972902836916308,10.039013530410797,<15m
pitch,2.0,scene-1094_012,Car,vehicle,15.868810922902846,125,1.0,46.663415572098366,13.875801004230226,15-30m
pitch,2.0,scene-1094_012,Car,vehicle,10.732951572966469,17,0.8235294117647058,49.54060338318082,3.570651684433743,<15m
pitch,2.0,scene-1094_012,Car,vehicle,24.461871017842647,15,0.26666666666666666,45.91182810407919,11.248689710764943,15-30m
pitch,2.0,scene-1094_012,Car,vehicle,23.914597144473674,28,0.10714285714285714,45.46172007684113,12.225838939975496,15-30m
pitch,2.0,scene-1094_012,Car,vehicle,18.662441150870333,24,0.3333333333333333,46.28860032665852,15.416181075879939,15-30m
pitch,2.0,scene-1094_012,Car,vehicle,20.733347021484285,123,0.8536585365853658,45.79897021731114,18.329978171335597,15-30m
pitch,2.0,scene-1094_012,Pedestrian,vru,8.708369348139867,47,1.0,47.99213711468916,10.039013530410797,<15m
pitch,3.0,scene-1094_012,Car,vehicle,15.868810922902846,125,0.784,70.08231767073403,13.875801004230226,15-30m
pitch,3.0,scene-1094_012,Car,vehicle,10.732951572966469,17,0.7647058823529411,74.86230553041592,3.570651684433743,<15m
pitch,3.0,scene-1094_012,Car,vehicle,24.461871017842647,15,0.26666666666666666,68.96190031852122,11.248689710764943,15-30m
pitch,3.0,scene-1094_012,Car,vehicle,23.914597144473674,28,0.10714285714285714,68.24468706484649,12.225838939975496,15-30m
pitch,3.0,scene-1094_012,Car,vehicle,18.662441150870333,24,0.2916666666666667,69.54531632320203,15.416181075879939,15-30m
pitch,3.0,scene-1094_012,Car,vehicle,20.733347021484285,123,0.6910569105691057,68.70901210258896,18.329978171335597,15-30m
pitch,3.0,scene-1094_012,Pedestrian,vru,8.708369348139867,47,0.8936170212765957,72.07749600893897,10.039013530410797,<15m
roll,0.25,scene-1094_012,Car,vehicle,15.868810922902846,125,1.0,2.0458683507257835,13.875801004230226,15-30m
roll,0.25,scene-1094_012,Car,vehicle,10.732951572966469,17,1.0,3.501466762304438,3.570651684433743,<15m
roll,0.25,scene-1094_012,Car,vehicle,24.461871017842647,15,1.0,2.7722731910415543,11.248689710764943,15-30m
roll,0.25,scene-1094_012,Car,vehicle,23.914597144473674,28,1.0,1.2699504235931238,12.225838939975496,15-30m
roll,0.25,scene-1094_012,Car,vehicle,18.662441150870333,24,1.0,1.1702135857028395,15.416181075879939,15-30m
roll,0.25,scene-1094_012,Car,vehicle,20.733347021484285,123,1.0,0.700876940146335,18.329978171335597,15-30m
roll,0.25,scene-1094_012,Pedestrian,vru,8.708369348139867,47,1.0,2.534851245019537,10.039013530410797,<15m
roll,0.5,scene-1094_012,Car,vehicle,15.868810922902846,125,1.0,4.091668768417569,13.875801004230226,15-30m
roll,0.5,scene-1094_012,Car,vehicle,10.732951572966469,17,0.9411764705882353,7.000149210949461,3.570651684433743,<15m
roll,0.5,scene-1094_012,Car,vehicle,24.461871017842647,15,1.0,5.544419141408927,11.248689710764943,15-30m
roll,0.5,scene-1094_012,Car,vehicle,23.914597144473674,28,1.0,2.5399197105506177,12.225838939975496,15-30m
roll,0.5,scene-1094_012,Car,vehicle,18.662441150870333,24,1.0,2.3404017891187205,15.416181075879939,15-30m
roll,0.5,scene-1094_012,Car,vehicle,20.733347021484285,123,1.0,1.4017436357077993,18.329978171335597,15-30m
roll,0.5,scene-1094_012,Pedestrian,vru,8.708369348139867,47,1.0,5.0697899490661325,10.039013530410797,<15m
roll,1.0,scene-1094_012,Car,vehicle,15.868810922902846,125,1.0,8.183025883882296,13.875801004230226,15-30m
roll,1.0,scene-1094_012,Car,vehicle,10.732951572966469,17,0.8823529411764706,13.994310987995544,3.570651684433743,<15m
roll,1.0,scene-1094_012,Car,vehicle,24.461871017842647,15,1.0,11.088275154308127,11.248689710764943,15-30m
roll,1.0,scene-1094_012,Car,vehicle,23.914597144473674,28,1.0,5.079890990854695,12.225838939975496,15-30m
roll,1.0,scene-1094_012,Car,vehicle,18.662441150870333,24,1.0,4.680679504761902,15.416181075879939,15-30m
roll,1.0,scene-1094_012,Car,vehicle,20.733347021484285,123,1.0,2.803432844089489,18.329978171335597,15-30m
roll,1.0,scene-1094_012,Pedestrian,vru,8.708369348139867,47,1.0,10.139882618389484,10.039013530410797,<15m
roll,2.0,scene-1094_012,Car,vehicle,15.868810922902846,125,1.0,16.36448595594965,13.875801004230226,15-30m
roll,2.0,scene-1094_012,Car,vehicle,10.732951572966469,17,0.8823529411764706,27.98489943438301,3.570651684433743,<15m
roll,2.0,scene-1094_012,Car,vehicle,24.461871017842647,15,1.0,22.173864789277232,11.248689710764943,15-30m
roll,2.0,scene-1094_012,Car,vehicle,23.914597144473674,28,1.0,10.15979712962206,12.225838939975496,15-30m
roll,2.0,scene-1094_012,Car,vehicle,18.662441150870333,24,1.0,9.360682418987675,15.416181075879939,15-30m
roll,2.0,scene-1094_012,Car,vehicle,20.733347021484285,123,1.0,5.6065404082884545,18.329978171335597,15-30m
roll,2.0,scene-1094_012,Pedestrian,vru,8.708369348139867,47,1.0,20.280598937575725,10.039013530410797,<15m
roll,3.0,scene-1094_012,Car,vehicle,15.868810922902846,125,1.0,24.543742312173162,13.875801004230226,15-30m
roll,3.0,scene-1094_012,Car,vehicle,10.732951572966469,17,0.8235294117647058,41.85372030740392,3.570651684433743,<15m
roll,3.0,scene-1094_012,Car,vehicle,24.461871017842647,15,0.7333333333333333,33.25590383941078,11.248689710764943,15-30m
roll,3.0,scene-1094_012,Car,vehicle,23.914597144473674,28,1.0,15.239335987391947,12.225838939975496,15-30m
roll,3.0,scene-1094_012,Car,vehicle,18.662441150870333,24,1.0,14.039648325472173,15.416181075879939,15-30m
roll,3.0,scene-1094_012,Car,vehicle,20.733347021484285,123,1.0,8.409107618321986,18.329978171335597,15-30m
roll,3.0,scene-1094_012,Pedestrian,vru,8.708369348139867,47,1.0,30.42139388837798,10.039013530410797,<15m
t_fwd,0.02,scene-1094_012,Car,vehicle,15.868810922902846,125,1.0,0.7080276277193253,13.875801004230226,15-30m
t_fwd,0.02,scene-1094_012,Car,vehicle,10.732951572966469,17,1.0,2.084733352710021,3.570651684433743,<15m
t_fwd,0.02,scene-1094_012,Car,vehicle,24.461871017842647,15,1.0,0.5773156385877787,11.248689710764943,15-30m
t_fwd,0.02,scene-1094_012,Car,vehicle,23.914597144473674,28,1.0,0.25653841156840507,12.225838939975496,15-30m
t_fwd,0.02,scene-1094_012,Car,vehicle,18.662441150870333,24,1.0,0.29898563481866486,15.416181075879939,15-30m
t_fwd,0.02,scene-1094_012,Car,vehicle,20.733347021484285,123,1.0,0.17099300572815457,18.329978171335597,15-30m
t_fwd,0.02,scene-1094_012,Pedestrian,vru,8.708369348139867,47,1.0,1.4420291171215212,10.039013530410797,<15m
t_fwd,0.05,scene-1094_012,Car,vehicle,15.868810922902846,125,1.0,1.7661901193473715,13.875801004230226,15-30m
t_fwd,0.05,scene-1094_012,Car,vehicle,10.732951572966469,17,1.0,5.19129852999965,3.570651684433743,<15m
t_fwd,0.05,scene-1094_012,Car,vehicle,24.461871017842647,15,1.0,1.4412918767141416,11.248689710764943,15-30m
t_fwd,0.05,scene-1094_012,Car,vehicle,23.914597144473674,28,1.0,0.6405025819601557,12.225838939975496,15-30m
t_fwd,0.05,scene-1094_012,Car,vehicle,18.662441150870333,24,1.0,0.7461836706099622,15.416181075879939,15-30m
t_fwd,0.05,scene-1094_012,Car,vehicle,20.733347021484285,123,1.0,0.42681962371812115,18.329978171335597,15-30m
t_fwd,0.05,scene-1094_012,Pedestrian,vru,8.708369348139867,47,1.0,3.591523686511954,10.039013530410797,<15m
t_fwd,0.1,scene-1094_012,Car,vehicle,15.868810922902846,125,1.0,3.5195256894588898,13.875801004230226,15-30m
t_fwd,0.1,scene-1094_012,Car,vehicle,10.732951572966469,17,1.0,10.314862046332417,3.570651684433743,<15m
t_fwd,0.1,scene-1094_012,Car,vehicle,24.461871017842647,15,1.0,2.8759508643605924,11.248689710764943,15-30m
t_fwd,0.1,scene-1094_012,Car,vehicle,23.914597144473674,28,1.0,1.2782035123748106,12.225838939975496,15-30m
t_fwd,0.1,scene-1094_012,Car,vehicle,18.662441150870333,24,1.0,1.4881187711751276,15.416181075879939,15-30m
t_fwd,0.1,scene-1094_012,Car,vehicle,20.733347021484285,123,1.0,0.8514387257355023,18.329978171335597,15-30m
t_fwd,0.1,scene-1094_012,Pedestrian,vru,8.708369348139867,47,1.0,7.138333509612704,10.039013530410797,<15m
t_fwd,0.2,scene-1094_012,Car,vehicle,15.868810922902846,125,1.0,6.988190467934795,13.875801004230226,15-30m
t_fwd,0.2,scene-1094_012,Car,vehicle,10.732951572966469,17,1.0,20.364018496425512,3.570651684433743,<15m
t_fwd,0.2,scene-1094_012,Car,vehicle,24.461871017842647,15,1.0,5.725552482547739,11.248689710764943,15-30m
t_fwd,0.2,scene-1094_012,Car,vehicle,23.914597144473674,28,1.0,2.5452736275627696,12.225838939975496,15-30m
t_fwd,0.2,scene-1094_012,Car,vehicle,18.662441150870333,24,1.0,2.9593879019036944,15.416181075879939,15-30m
t_fwd,0.2,scene-1094_012,Car,vehicle,20.733347021484285,123,1.0,1.694143085903203,18.329978171335597,15-30m
t_fwd,0.2,scene-1094_012,Pedestrian,vru,8.708369348139867,47,1.0,14.101110573780744,10.039013530410797,<15m
t_left,0.02,scene-1094_012,Car,vehicle,15.868810922902846,125,1.0,1.8446045518579481,13.875801004230226,15-30m
t_left,0.02,scene-1094_012,Car,vehicle,10.732951572966469,17,0.8823529411764706,3.3472240205701818,3.570651684433743,<15m
t_left,0.02,scene-1094_012,Car,vehicle,24.461871017842647,15,1.0,1.16853595950252,11.248689710764943,15-30m
t_left,0.02,scene-1094_012,Car,vehicle,23.914597144473674,28,1.0,1.1098562964272114,12.225838939975496,15-30m
t_left,0.02,scene-1094_012,Car,vehicle,18.662441150870333,24,1.0,1.480578805790664,15.416181075879939,15-30m
t_left,0.02,scene-1094_012,Car,vehicle,20.733347021484285,123,1.0,1.303632140043905,18.329978171335597,15-30m
t_left,0.02,scene-1094_012,Pedestrian,vru,8.708369348139867,47,1.0,3.1583240686584224,10.039013530410797,<15m
t_left,0.05,scene-1094_012,Car,vehicle,15.868810922902846,125,1.0,4.611596050038619,13.875801004230226,15-30m
t_left,0.05,scene-1094_012,Car,vehicle,10.732951572966469,17,0.7647058823529411,8.337002869775366,3.570651684433743,<15m
t_left,0.05,scene-1094_012,Car,vehicle,24.461871017842647,15,1.0,2.921373846667388,11.248689710764943,15-30m
t_left,0.05,scene-1094_012,Car,vehicle,23.914597144473674,28,1.0,2.7746715558912207,12.225838939975496,15-30m
t_left,0.05,scene-1094_012,Car,vehicle,18.662441150870333,24,1.0,3.701501658012215,15.416181075879939,15-30m
t_left,0.05,scene-1094_012,Car,vehicle,20.733347021484285,123,1.0,3.2591227486467793,18.329978171335597,15-30m
t_left,0.05,scene-1094_012,Pedestrian,vru,8.708369348139867,47,1.0,7.896060136202332,10.039013530410797,<15m
t_left,0.1,scene-1094_012,Car,vehicle,15.868810922902846,125,1.0,9.223474348542599,13.875801004230226,15-30m
t_left,0.1,scene-1094_012,Car,vehicle,10.732951572966469,17,0.5294117647058824,16.668146494363977,3.570651684433743,<15m
t_left,0.1,scene-1094_012,Car,vehicle,24.461871017842647,15,1.0,5.842860856545127,11.248689710764943,15-30m
t_left,0.1,scene-1094_012,Car,vehicle,23.914597144473674,28,1.0,5.549445830901197,12.225838939975496,15-30m
t_left,0.1,scene-1094_012,Car,vehicle,18.662441150870333,24,1.0,7.403185468313572,15.416181075879939,15-30m
t_left,0.1,scene-1094_012,Car,vehicle,20.733347021484285,123,1.0,6.518386830653247,18.329978171335597,15-30m
t_left,0.1,scene-1094_012,Pedestrian,vru,8.708369348139867,47,1.0,15.792953557936208,10.039013530410797,<15m
t_left,0.2,scene-1094_012,Car,vehicle,15.868810922902846,125,0.992,18.448077794601332,13.875801004230226,15-30m
t_left,0.2,scene-1094_012,Car,vehicle,10.732951572966469,17,0.29411764705882354,32.98574907846978,3.570651684433743,<15m
t_left,0.2,scene-1094_012,Car,vehicle,24.461871017842647,15,1.0,11.68617439223471,11.248689710764943,15-30m
t_left,0.2,scene-1094_012,Car,vehicle,23.914597144473674,28,1.0,11.099302561094845,12.225838939975496,15-30m
t_left,0.2,scene-1094_012,Car,vehicle,18.662441150870333,24,1.0,14.807099599569742,15.416181075879939,15-30m
t_left,0.2,scene-1094_012,Car,vehicle,20.733347021484285,123,1.0,13.037339031520558,18.329978171335597,15-30m
t_left,0.2,scene-1094_012,Pedestrian,vru,8.708369348139867,47,1.0,31.589240785682417,10.039013530410797,<15m
t_up,0.02,scene-1094_012,Car,vehicle,15.868810922902846,125,1.0,1.8379277991912368,13.875801004230226,15-30m
t_up,0.02,scene-1094_012,Car,vehicle,10.732951572966469,17,1.0,3.343219239605802,3.570651684433743,<15m
t_up,0.02,scene-1094_012,Car,vehicle,24.461871017842647,15,1.0,1.1640781301415697,11.248689710764943,15-30m
t_up,0.02,scene-1094_012,Car,vehicle,23.914597144473674,28,1.0,1.1116558141205073,12.225838939975496,15-30m
t_up,0.02,scene-1094_012,Car,vehicle,18.662441150870333,24,1.0,1.4793008151593638,15.416181075879939,15-30m
t_up,0.02,scene-1094_012,Car,vehicle,20.733347021484285,123,1.0,1.3031791530018193,18.329978171335597,15-30m
t_up,0.02,scene-1094_012,Pedestrian,vru,8.708369348139867,47,1.0,3.1738429555570598,10.039013530410797,<15m
t_up,0.05,scene-1094_012,Car,vehicle,15.868810922902846,125,1.0,4.594626204380402,13.875801004230226,15-30m
t_up,0.05,scene-1094_012,Car,vehicle,10.732951572966469,17,1.0,8.357410176762158,3.570651684433743,<15m
t_up,0.05,scene-1094_012,Car,vehicle,24.461871017842647,15,1.0,2.9101178381696005,11.248689710764943,15-30m
t_up,0.05,scene-1094_012,Car,vehicle,23.914597144473674,28,1.0,2.779068815471097,12.225838939975496,15-30m
t_up,0.05,scene-1094_012,Car,vehicle,18.662441150870333,24,1.0,3.6981269447683536,15.416181075879939,15-30m
t_up,0.05,scene-1094_012,Car,vehicle,20.733347021484285,123,1.0,3.2578506213547493,18.329978171335597,15-30m
t_up,0.05,scene-1094_012,Pedestrian,vru,8.708369348139867,47,1.0,7.93403082589847,10.039013530410797,<15m
t_up,0.1,scene-1094_012,Car,vehicle,15.868810922902846,125,1.0,9.188608169042732,13.875801004230226,15-30m
t_up,0.1,scene-1094_012,Car,vehicle,10.732951572966469,17,1.0,16.712694378752214,3.570651684433743,<15m
t_up,0.1,scene-1094_012,Car,vehicle,24.461871017842647,15,1.0,5.819977404063041,11.248689710764943,15-30m
t_up,0.1,scene-1094_012,Car,vehicle,23.914597144473674,28,1.0,5.5579019141703325,12.225838939975496,15-30m
t_up,0.1,scene-1094_012,Car,vehicle,18.662441150870333,24,1.0,7.39583695004627,15.416181075879939,15-30m
t_up,0.1,scene-1094_012,Car,vehicle,20.733347021484285,123,1.0,6.515377064684893,18.329978171335597,15-30m
t_up,0.1,scene-1094_012,Pedestrian,vru,8.708369348139867,47,1.0,15.866140147509556,10.039013530410797,<15m
t_up,0.2,scene-1094_012,Car,vehicle,15.868810922902846,125,1.0,18.374639921133415,13.875801004230226,15-30m
t_up,0.2,scene-1094_012,Car,vehicle,10.732951572966469,17,1.0,33.416888102450955,3.570651684433743,<15m
t_up,0.2,scene-1094_012,Car,vehicle,24.461871017842647,15,1.0,11.638921856539117,11.248689710764943,15-30m
t_up,0.2,scene-1094_012,Car,vehicle,23.914597144473674,28,1.0,11.11486108120233,12.225838939975496,15-30m
t_up,0.2,scene-1094_012,Car,vehicle,18.662441150870333,24,1.0,14.790006424143318,15.416181075879939,15-30m
t_up,0.2,scene-1094_012,Car,vehicle,20.733347021484285,123,1.0,13.029457610799405,18.329978171335597,15-30m
t_up,0.2,scene-1094_012,Pedestrian,vru,8.708369348139867,47,0.8297872340425532,31.724597069351855,10.039013530410797,<15m
none,0.0,scene-1094_013,Car,vehicle,14.448169995706595,126,1.0,0.0,13.758261224753264,<15m
none,0.0,scene-1094_013,Car,vehicle,34.01533413673272,10,1.0,0.0,5.821499777580855,>30m
none,0.0,scene-1094_013,Car,vehicle,39.997341514379585,15,1.0,0.0,6.70157849610761,>30m
none,0.0,scene-1094_013,Car,vehicle,12.052956350207948,76,1.0,0.0,8.560585533836287,<15m
none,0.0,scene-1094_013,Car,vehicle,23.05853708131726,14,1.0,0.0,10.350296659896587,15-30m
none,0.0,scene-1094_013,Car,vehicle,22.746933727669767,29,1.0,0.0,14.903456492769692,15-30m
none,0.0,scene-1094_013,Car,vehicle,17.289567925433353,36,1.0,0.0,15.751337941338537,15-30m
none,0.0,scene-1094_013,Car,vehicle,19.37991419555082,169,1.0,0.0,19.415536851203715,15-30m
yaw,0.25,scene-1094_013,Car,vehicle,14.448169995706595,126,1.0,5.970573339151012,13.758261224753264,<15m
yaw,0.25,scene-1094_013,Car,vehicle,34.01533413673272,10,1.0,6.238447620536839,5.821499777580855,>30m
yaw,0.25,scene-1094_013,Car,vehicle,39.997341514379585,15,1.0,6.7706196836727335,6.70157849610761,>30m
yaw,0.25,scene-1094_013,Car,vehicle,12.052956350207948,76,0.9736842105263158,7.799432154474953,8.560585533836287,<15m
yaw,0.25,scene-1094_013,Car,vehicle,23.05853708131726,14,1.0,6.175205514984162,10.350296659896587,15-30m
yaw,0.25,scene-1094_013,Car,vehicle,22.746933727669767,29,1.0,6.848578084391331,14.903456492769692,15-30m
yaw,0.25,scene-1094_013,Car,vehicle,17.289567925433353,36,1.0,5.764933110578207,15.751337941338537,15-30m
yaw,0.25,scene-1094_013,Car,vehicle,19.37991419555082,169,1.0,5.770721602863987,19.415536851203715,15-30m
yaw,0.5,scene-1094_013,Car,vehicle,14.448169995706595,126,1.0,11.949872128476624,13.758261224753264,<15m
yaw,0.5,scene-1094_013,Car,vehicle,34.01533413673272,10,1.0,12.495097084336738,5.821499777580855,>30m
yaw,0.5,scene-1094_013,Car,vehicle,39.997341514379585,15,1.0,13.56858385064307,6.70157849610761,>30m
yaw,0.5,scene-1094_013,Car,vehicle,12.052956350207948,76,0.9078947368421053,15.580897766933063,8.560585533836287,<15m
yaw,0.5,scene-1094_013,Car,vehicle,23.05853708131726,14,1.0,12.36670824336514,10.350296659896587,15-30m
yaw,0.5,scene-1094_013,Car,vehicle,22.746933727669767,29,1.0,13.669871003769737,14.903456492769692,15-30m
yaw,0.5,scene-1094_013,Car,vehicle,17.289567925433353,36,1.0,11.530449382685056,15.751337941338537,15-30m
yaw,0.5,scene-1094_013,Car,vehicle,19.37991419555082,169,1.0,11.53741054773714,19.415536851203715,15-30m
yaw,1.0,scene-1094_013,Car,vehicle,14.448169995706595,126,0.9761904761904762,23.935710838450937,13.758261224753264,<15m
yaw,1.0,scene-1094_013,Car,vehicle,34.01533413673272,10,1.0,25.064308899305907,5.821499777580855,>30m
yaw,1.0,scene-1094_013,Car,vehicle,39.997341514379585,15,0.9333333333333333,27.248280152226034,6.70157849610761,>30m
yaw,1.0,scene-1094_013,Car,vehicle,12.052956350207948,76,0.8157894736842105,31.15072808697264,8.560585533836287,<15m
yaw,1.0,scene-1094_013,Car,vehicle,23.05853708131726,14,0.9285714285714286,24.7998531745039,10.350296659896587,15-30m
yaw,1.0,scene-1094_013,Car,vehicle,22.746933727669767,29,1.0,27.232321222943963,14.903456492769692,15-30m
yaw,1.0,scene-1094_013,Car,vehicle,17.289567925433353,36,1.0,23.06186077677549,15.751337941338537,15-30m
yaw,1.0,scene-1094_013,Car,vehicle,19.37991419555082,169,1.0,23.058737155894967,19.415536851203715,15-30m
yaw,2.0,scene-1094_013,Car,vehicle,14.448169995706595,126,0.873015873015873,48.023006577155535,13.758261224753264,<15m
yaw,2.0,scene-1094_013,Car,vehicle,34.01533413673272,10,0.8,50.43572909715259,5.821499777580855,>30m
yaw,2.0,scene-1094_013,Car,vehicle,39.997341514379585,15,0.5333333333333333,54.95521215457243,6.70157849610761,>30m
yaw,2.0,scene-1094_013,Car,vehicle,12.052956350207948,76,0.631578947368421,62.39817250960117,8.560585533836287,<15m
yaw,2.0,scene-1094_013,Car,vehicle,23.05853708131726,14,0.6428571428571429,49.87560659000056,10.350296659896587,15-30m
yaw,2.0,scene-1094_013,Car,vehicle,22.746933727669767,29,0.896551724137931,54.0484175480101,14.903456492769692,15-30m
yaw,2.0,scene-1094_013,Car,vehicle,17.289567925433353,36,1.0,46.13488419135568,15.751337941338537,15-30m
yaw,2.0,scene-1094_013,Car,vehicle,19.37991419555082,169,0.9822485207100592,46.05821231428187,19.415536851203715,15-30m
yaw,3.0,scene-1094_013,Car,vehicle,14.448169995706595,126,0.7619047619047619,72.27352507251979,13.758261224753264,<15m
yaw,3.0,scene-1094_013,Car,vehicle,34.01533413673272,10,0.2,76.13614555325418,5.821499777580855,>30m
yaw,3.0,scene-1094_013,Car,vehicle,39.997341514379585,15,0.3333333333333333,83.15017634761959,6.70157849610761,>30m
yaw,3.0,scene-1094_013,Car,vehicle,12.052956350207948,76,0.4473684210526316,93.61380871110225,8.560585533836287,<15m
yaw,3.0,scene-1094_013,Car,vehicle,23.05853708131726,14,0.35714285714285715,75.24808013981492,10.350296659896587,15-30m
yaw,3.0,scene-1094_013,Car,vehicle,22.746933727669767,29,0.7241379310344828,80.47438530992973,14.903456492769692,15-30m
yaw,3.0,scene-1094_013,Car,vehicle,17.289567925433353,36,1.0,69.25144658786041,15.751337941338537,15-30m
yaw,3.0,scene-1094_013,Car,vehicle,19.37991419555082,169,0.9289940828402367,69.03411775155601,19.415536851203715,15-30m
pitch,0.25,scene-1094_013,Car,vehicle,14.448169995706595,126,1.0,5.834599528436346,13.758261224753264,<15m
pitch,0.25,scene-1094_013,Car,vehicle,34.01533413673272,10,1.0,5.66152497216391,5.821499777580855,>30m
pitch,0.25,scene-1094_013,Car,vehicle,39.997341514379585,15,1.0,5.6605665744027025,6.70157849610761,>30m
pitch,0.25,scene-1094_013,Car,vehicle,12.052956350207948,76,1.0,6.041304047526021,8.560585533836287,<15m
pitch,0.25,scene-1094_013,Car,vehicle,23.05853708131726,14,1.0,5.7158488465419675,10.350296659896587,15-30m
pitch,0.25,scene-1094_013,Car,vehicle,22.746933727669767,29,1.0,5.679223747917199,14.903456492769692,15-30m
pitch,0.25,scene-1094_013,Car,vehicle,17.289567925433353,36,1.0,5.762540168267941,15.751337941338537,15-30m
pitch,0.25,scene-1094_013,Car,vehicle,19.37991419555082,169,1.0,5.731478376007189,19.415536851203715,15-30m
pitch,0.5,scene-1094_013,Car,vehicle,14.448169995706595,126,1.0,11.670307165583381,13.758261224753264,<15m
pitch,0.5,scene-1094_013,Car,vehicle,34.01533413673272,10,1.0,11.322713283829376,5.821499777580855,>30m
pitch,0.5,scene-1094_013,Car,vehicle,39.997341514379585,15,1.0,11.319383028960283,6.70157849610761,>30m
pitch,0.5,scene-1094_013,Car,vehicle,12.052956350207948,76,1.0,12.08865728145025,8.560585533836287,<15m
pitch,0.5,scene-1094_013,Car,vehicle,23.05853708131726,14,1.0,11.433282487330914,10.350296659896587,15-30m
pitch,0.5,scene-1094_013,Car,vehicle,22.746933727669767,29,1.0,11.359362041819459,14.903456492769692,15-30m
pitch,0.5,scene-1094_013,Car,vehicle,17.289567925433353,36,1.0,11.527049924756156,15.751337941338537,15-30m
pitch,0.5,scene-1094_013,Car,vehicle,19.37991419555082,169,1.0,11.462547203907743,19.415536851203715,15-30m
pitch,1.0,scene-1094_013,Car,vehicle,14.448169995706595,126,1.0,23.348210366618414,13.758261224753264,<15m
pitch,1.0,scene-1094_013,Car,vehicle,34.01533413673272,10,0.6,22.6450076247293,5.821499777580855,>30m
pitch,1.0,scene-1094_013,Car,vehicle,39.997341514379585,15,1.0,22.632752313254176,6.70157849610761,>30m
pitch,1.0,scene-1094_013,Car,vehicle,12.052956350207948,76,0.9868421052631579,24.209127686920397,8.560585533836287,<15m
pitch,1.0,scene-1094_013,Car,vehicle,23.05853708131726,14,1.0,22.876372652009934,10.350296659896587,15-30m
pitch,1.0,scene-1094_013,Car,vehicle,22.746933727669767,29,1.0,22.723125052888214,14.903456492769692,15-30m
pitch,1.0,scene-1094_013,Car,vehicle,17.289567925433353,36,1.0,23.06291703769114,15.751337941338537,15-30m
pitch,1.0,scene-1094_013,Car,vehicle,19.37991419555082,169,1.0,22.921969102720386,19.415536851203715,15-30m
pitch,2.0,scene-1094_013,Car,vehicle,14.448169995706595,126,0.9603174603174603,46.749342147218925,13.758261224753264,<15m
pitch,2.0,scene-1094_013,Car,vehicle,34.01533413673272,10,0.6,45.29576312518,5.821499777580855,>30m
pitch,2.0,scene-1094_013,Car,vehicle,39.997341514379585,15,0.7333333333333333,45.25222027053091,6.70157849610761,>30m
pitch,2.0,scene-1094_013,Car,vehicle,12.052956350207948,76,0.9868421052631579,48.5297557863007,8.560585533836287,<15m
pitch,2.0,scene-1094_013,Car,vehicle,23.05853708131726,14,0.35714285714285715,45.7995894716849,10.350296659896587,15-30m
pitch,2.0,scene-1094_013,Car,vehicle,22.746933727669767,29,0.13793103448275862,45.469659297590376,14.903456492769692,15-30m
pitch,2.0,scene-1094_013,Car,vehicle,17.289567925433353,36,0.5555555555555556,46.16863731599592,15.751337941338537,15-30m
pitch,2.0,scene-1094_013,Car,vehicle,19.37991419555082,169,0.893491124260355,45.82191077994452,19.415536851203715,15-30m
pitch,3.0,scene-1094_013,Car,vehicle,14.448169995706595,126,0.7857142857142857,70.21128740251694,13.758261224753264,<15m
pitch,3.0,scene-1094_013,Car,vehicle,34.01533413673272,10,0.0,67.9671326258019,5.821499777580855,>30m
pitch,3.0,scene-1094_013,Car,vehicle,39.997341514379585,15,0.7333333333333333,67.87977158658892,6.70157849610761,>30m
pitch,3.0,scene-1094_013,Car,vehicle,12.052956350207948,76,0.7894736842105263,72.96078545806844,8.560585533836287,<15m
pitch,3.0,scene-1094_013,Car,vehicle,23.05853708131726,14,0.0,68.78496337046948,10.350296659896587,15-30m
pitch,3.0,scene-1094_013,Car,vehicle,22.746933727669767,29,0.0,68.25951854641139,14.903456492769692,15-30m
pitch,3.0,scene-1094_013,Car,vehicle,17.289567925433353,36,0.05555555555555555,69.33231138571551,15.751337941338537,15-30m
pitch,3.0,scene-1094_013,Car,vehicle,19.37991419555082,169,0.7633136094674556,68.73515637270603,19.415536851203715,15-30m
roll,0.25,scene-1094_013,Car,vehicle,14.448169995706595,126,1.0,0.8451901425108852,13.758261224753264,<15m
roll,0.25,scene-1094_013,Car,vehicle,34.01533413673272,10,1.0,1.7409962881623597,5.821499777580855,>30m
roll,0.25,scene-1094_013,Car,vehicle,39.997341514379585,15,1.0,2.4566409717537674,6.70157849610761,>30m
roll,0.25,scene-1094_013,Car,vehicle,12.052956350207948,76,1.0,3.159028283456435,8.560585533836287,<15m
roll,0.25,scene-1094_013,Car,vehicle,23.05853708131726,14,1.0,1.561118624469033,10.350296659896587,15-30m
roll,0.25,scene-1094_013,Car,vehicle,22.746933727669767,29,1.0,2.586424700086204,14.903456492769692,15-30m
roll,0.25,scene-1094_013,Car,vehicle,17.289567925433353,36,1.0,0.28766997526642757,15.751337941338537,15-30m
roll,0.25,scene-1094_013,Car,vehicle,19.37991419555082,169,1.0,0.6225180543653422,19.415536851203715,15-30m
roll,0.5,scene-1094_013,Car,vehicle,14.448169995706595,126,1.0,1.690366651863227,13.758261224753264,<15m
roll,0.5,scene-1094_013,Car,vehicle,34.01533413673272,10,1.0,3.481939244643126,5.821499777580855,>30m
roll,0.5,scene-1094_013,Car,vehicle,39.997341514379585,15,1.0,4.913176769828589,6.70157849610761,>30m
roll,0.5,scene-1094_013,Car,vehicle,12.052956350207948,76,1.0,6.317898214676818,8.560585533836287,<15m
roll,0.5,scene-1094_013,Car,vehicle,23.05853708131726,14,1.0,3.122195027488104,10.350296659896587,15-30m
roll,0.5,scene-1094_013,Car,vehicle,22.746933727669767,29,1.0,5.172936935655365,14.903456492769692,15-30m
roll,0.5,scene-1094_013,Car,vehicle,17.289567925433353,36,1.0,0.5753400611606081,15.751337941338537,15-30m
roll,0.5,scene-1094_013,Car,vehicle,19.37991419555082,169,1.0,1.245036387901772,19.415536851203715,15-30m
roll,1.0,scene-1094_013,Car,vehicle,14.448169995706595,126,1.0,3.3806624792755997,13.758261224753264,<15m
roll,1.0,scene-1094_013,Car,vehicle,34.01533413673272,10,1.0,6.963631388960186,5.821499777580855,>30m
roll,1.0,scene-1094_013,Car,vehicle,39.997341514379585,15,1.0,9.825885002119959,6.70157849610761,>30m
roll,1.0,scene-1094_013,Car,vehicle,12.052956350207948,76,1.0,12.635100528722363,8.560585533836287,<15m
roll,1.0,scene-1094_013,Car,vehicle,23.05853708131726,14,1.0,6.2441908792891425,10.350296659896587,15-30m
roll,1.0,scene-1094_013,Car,vehicle,22.746933727669767,29,1.0,10.346176386411738,14.903456492769692,15-30m
roll,1.0,scene-1094_013,Car,vehicle,17.289567925433353,36,1.0,1.150675076534293,15.751337941338537,15-30m
roll,1.0,scene-1094_013,Car,vehicle,19.37991419555082,169,1.0,2.490062195505419,19.415536851203715,15-30m
roll,2.0,scene-1094_013,Car,vehicle,14.448169995706595,126,1.0,6.760911355510215,13.758261224753264,<15m
roll,2.0,scene-1094_013,Car,vehicle,34.01533413673272,10,1.0,13.926004316711317,5.821499777580855,>30m
roll,2.0,scene-1094_013,Car,vehicle,39.997341514379585,15,0.9333333333333333,19.649513374908153,6.70157849610761,>30m
roll,2.0,scene-1094_013,Car,vehicle,12.052956350207948,76,0.9868421052631579,25.22541132389243,8.560585533836287,<15m
roll,2.0,scene-1094_013,Car,vehicle,23.05853708131726,14,1.0,12.487342837225873,10.350296659896587,15-30m
roll,2.0,scene-1094_013,Car,vehicle,22.746933727669767,29,1.0,20.69318156532936,14.903456492769692,15-30m
roll,2.0,scene-1094_013,Car,vehicle,17.289567925433353,36,1.0,2.3012860606940384,15.751337941338537,15-30m
roll,2.0,scene-1094_013,Car,vehicle,19.37991419555082,169,1.0,4.979988487549656,19.415536851203715,15-30m
roll,3.0,scene-1094_013,Car,vehicle,14.448169995706595,126,1.0,10.140486109481493,13.758261224753264,<15m
roll,3.0,scene-1094_013,Car,vehicle,34.01533413673272,10,0.4,20.88657904805833,5.821499777580855,>30m
roll,3.0,scene-1094_013,Car,vehicle,39.997341514379585,15,0.26666666666666666,29.470120936212783,6.70157849610761,>30m
roll,3.0,scene-1094_013,Car,vehicle,12.052956350207948,76,0.9868421052631579,37.83206504444237,8.560585533836287,<15m
roll,3.0,scene-1094_013,Car,vehicle,23.05853708131726,14,1.0,18.728971738453644,10.350296659896587,15-30m
roll,3.0,scene-1094_013,Car,vehicle,22.746933727669767,29,0.5517241379310345,31.040252291258156,14.903456492769692,15-30m
roll,3.0,scene-1094_013,Car,vehicle,17.289567925433353,36,1.0,3.4517451282617637,15.751337941338537,15-30m
roll,3.0,scene-1094_013,Car,vehicle,19.37991419555082,169,1.0,7.4695916976073535,19.415536851203715,15-30m
t_fwd,0.02,scene-1094_013,Car,vehicle,14.448169995706595,126,1.0,0.3053249767487396,13.758261224753264,<15m
t_fwd,0.02,scene-1094_013,Car,vehicle,34.01533413673272,10,1.0,0.2547449411906729,5.821499777580855,>30m
t_fwd,0.02,scene-1094_013,Car,vehicle,39.997341514379585,15,1.0,0.31160942128848845,6.70157849610761,>30m
t_fwd,0.02,scene-1094_013,Car,vehicle,12.052956350207948,76,1.0,1.6380549187220605,8.560585533836287,<15m
t_fwd,0.02,scene-1094_013,Car,vehicle,23.05853708131726,14,1.0,0.31804302618606856,10.350296659896587,15-30m
t_fwd,0.02,scene-1094_013,Car,vehicle,22.746933727669767,29,1.0,0.5856472746390922,14.903456492769692,15-30m
t_fwd,0.02,scene-1094_013,Car,vehicle,17.289567925433353,36,1.0,0.06131040821042544,15.751337941338537,15-30m
t_fwd,0.02,scene-1094_013,Car,vehicle,19.37991419555082,169,1.0,0.16478954206935814,19.415536851203715,15-30m
t_fwd,0.05,scene-1094_013,Car,vehicle,14.448169995706595,126,1.0,0.7614217018468159,13.758261224753264,<15m
t_fwd,0.05,scene-1094_013,Car,vehicle,34.01533413673272,10,1.0,0.636252856660636,5.821499777580855,>30m
t_fwd,0.05,scene-1094_013,Car,vehicle,39.997341514379585,15,1.0,0.7783782558225862,6.70157849610761,>30m
t_fwd,0.05,scene-1094_013,Car,vehicle,12.052956350207948,76,1.0,4.081132397127918,8.560585533836287,<15m
t_fwd,0.05,scene-1094_013,Car,vehicle,23.05853708131726,14,1.0,0.7940448613923327,10.350296659896587,15-30m
t_fwd,0.05,scene-1094_013,Car,vehicle,22.746933727669767,29,1.0,1.4619570727337348,14.903456492769692,15-30m
t_fwd,0.05,scene-1094_013,Car,vehicle,17.289567925433353,36,1.0,0.1529902381734191,15.751337941338537,15-30m
t_fwd,0.05,scene-1094_013,Car,vehicle,19.37991419555082,169,1.0,0.4112866624762622,19.415536851203715,15-30m
t_fwd,0.1,scene-1094_013,Car,vehicle,14.448169995706595,126,1.0,1.5165823960878648,13.758261224753264,<15m
t_fwd,0.1,scene-1094_013,Car,vehicle,34.01533413673272,10,1.0,1.2704792387760024,5.821499777580855,>30m
t_fwd,0.1,scene-1094_013,Car,vehicle,39.997341514379585,15,1.0,1.5546102651133402,6.70157849610761,>30m
t_fwd,0.1,scene-1094_013,Car,vehicle,12.052956350207948,76,1.0,8.116005117454772,8.560585533836287,<15m
t_fwd,0.1,scene-1094_013,Car,vehicle,23.05853708131726,14,1.0,1.5845599740692786,10.350296659896587,15-30m
t_fwd,0.1,scene-1094_013,Car,vehicle,22.746933727669767,29,1.0,2.9167387178067843,14.903456492769692,15-30m
t_fwd,0.1,scene-1094_013,Car,vehicle,17.289567925433353,36,1.0,0.30503259019372,15.751337941338537,15-30m
t_fwd,0.1,scene-1094_013,Car,vehicle,19.37991419555082,169,1.0,0.8202928434582172,19.415536851203715,15-30m
t_fwd,0.2,scene-1094_013,Car,vehicle,14.448169995706595,126,1.0,3.0084271405751126,13.758261224753264,<15m
t_fwd,0.2,scene-1094_013,Car,vehicle,34.01533413673272,10,1.0,2.5328912058974473,5.821499777580855,>30m
t_fwd,0.2,scene-1094_013,Car,vehicle,39.997341514379585,15,1.0,3.1006709539357735,6.70157849610761,>30m
t_fwd,0.2,scene-1094_013,Car,vehicle,12.052956350207948,76,0.9736842105263158,16.050082391694517,8.560585533836287,<15m
t_fwd,0.2,scene-1094_013,Car,vehicle,23.05853708131726,14,1.0,3.1550946869443175,10.350296659896587,15-30m
t_fwd,0.2,scene-1094_013,Car,vehicle,22.746933727669767,29,1.0,5.804985999111911,14.903456492769692,15-30m
t_fwd,0.2,scene-1094_013,Car,vehicle,17.289567925433353,36,1.0,0.6063086559418381,15.751337941338537,15-30m
t_fwd,0.2,scene-1094_013,Car,vehicle,19.37991419555082,169,1.0,1.631539210779846,19.415536851203715,15-30m
t_left,0.02,scene-1094_013,Car,vehicle,14.448169995706595,126,1.0,2.0041797088491893,13.758261224753264,<15m
t_left,0.02,scene-1094_013,Car,vehicle,34.01533413673272,10,1.0,0.7930647158370405,5.821499777580855,>30m
t_left,0.02,scene-1094_013,Car,vehicle,39.997341514379585,15,1.0,0.7013989815710093,6.70157849610761,>30m
t_left,0.02,scene-1094_013,Car,vehicle,12.052956350207948,76,0.9868421052631579,2.9125180175043313,8.560585533836287,<15m
t_left,0.02,scene-1094_013,Car,vehicle,23.05853708131726,14,1.0,1.1397093172448116,10.350296659896587,15-30m
t_left,0.02,scene-1094_013,Car,vehicle,22.746933727669767,29,1.0,1.2430151404988745,14.903456492769692,15-30m
t_left,0.02,scene-1094_013,Car,vehicle,17.289567925433353,36,1.0,1.5825320353276977,15.751337941338537,15-30m
t_left,0.02,scene-1094_013,Car,vehicle,19.37991419555082,169,1.0,1.4034728842857587,19.415536851203715,15-30m
t_left,0.05,scene-1094_013,Car,vehicle,14.448169995706595,126,1.0,5.0105839754732555,13.758261224753264,<15m
t_left,0.05,scene-1094_013,Car,vehicle,34.01533413673272,10,1.0,1.9826828419007103,5.821499777580855,>30m
t_left,0.05,scene-1094_013,Car,vehicle,39.997341514379585,15,1.0,1.75351390673646,6.70157849610761,>30m
t_left,0.05,scene-1094_013,Car,vehicle,12.052956350207948,76,0.9736842105263158,7.280059760453101,8.560585533836287,<15m
t_left,0.05,scene-1094_013,Car,vehicle,23.05853708131726,14,1.0,2.8493167926769294,10.350296659896587,15-30m
t_left,0.05,scene-1094_013,Car,vehicle,22.746933727669767,29,1.0,3.107590036222865,14.903456492769692,15-30m
t_left,0.05,scene-1094_013,Car,vehicle,17.289567925433353,36,1.0,3.956414284558321,15.751337941338537,15-30m
t_left,0.05,scene-1094_013,Car,vehicle,19.37991419555082,169,1.0,3.50874845200991,19.415536851203715,15-30m
t_left,0.1,scene-1094_013,Car,vehicle,14.448169995706595,126,1.0,10.021616994305823,13.758261224753264,<15m
t_left,0.1,scene-1094_013,Car,vehicle,34.01533413673272,10,1.0,3.9654358601491895,5.821499777580855,>30m
t_left,0.1,scene-1094_013,Car,vehicle,39.997341514379585,15,1.0,3.507082657541732,6.70157849610761,>30m
t_left,0.1,scene-1094_013,Car,vehicle,12.052956350207948,76,0.9210526315789473,14.548912669633726,8.560585533836287,<15m
t_left,0.1,scene-1094_013,Car,vehicle,23.05853708131726,14,1.0,5.698778589807028,10.350296659896587,15-30m
t_left,0.1,scene-1094_013,Car,vehicle,22.746933727669767,29,1.0,6.215354030153626,14.903456492769692,15-30m
t_left,0.1,scene-1094_013,Car,vehicle,17.289567925433353,36,1.0,7.913109239174233,15.751337941338537,15-30m
t_left,0.1,scene-1094_013,Car,vehicle,19.37991419555082,169,1.0,7.0177177194540565,19.415536851203715,15-30m
t_left,0.2,scene-1094_013,Car,vehicle,14.448169995706595,126,1.0,20.04503040352766,13.758261224753264,<15m
t_left,0.2,scene-1094_013,Car,vehicle,34.01533413673272,10,1.0,7.931152440592848,5.821499777580855,>30m
t_left,0.2,scene-1094_013,Car,vehicle,39.997341514379585,15,1.0,7.014384701650064,6.70157849610761,>30m
t_left,0.2,scene-1094_013,Car,vehicle,12.052956350207948,76,0.8421052631578947,28.975603832374546,8.560585533836287,<15m
t_left,0.2,scene-1094_013,Car,vehicle,23.05853708131726,14,1.0,11.398137241706461,10.350296659896587,15-30m
t_left,0.2,scene-1094_013,Car,vehicle,22.746933727669767,29,1.0,12.431403949570397,14.903456492769692,15-30m
t_left,0.2,scene-1094_013,Car,vehicle,17.289567925433353,36,1.0,15.827341278053042,15.751337941338537,15-30m
t_left,0.2,scene-1094_013,Car,vehicle,19.37991419555082,169,1.0,14.036318784028872,19.415536851203715,15-30m
t_up,0.02,scene-1094_013,Car,vehicle,14.448169995706595,126,1.0,2.001292472338018,13.758261224753264,<15m
t_up,0.02,scene-1094_013,Car,vehicle,34.01533413673272,10,1.0,0.7897357523577334,5.821499777580855,>30m
t_up,0.02,scene-1094_013,Car,vehicle,39.997341514379585,15,1.0,0.697536861605964,6.70157849610761,>30m
t_up,0.02,scene-1094_013,Car,vehicle,12.052956350207948,76,1.0,2.900168941508669,8.560585533836287,<15m
t_up,0.02,scene-1094_013,Car,vehicle,23.05853708131726,14,1.0,1.1364219883480087,10.350296659896587,15-30m
t_up,0.02,scene-1094_013,Car,vehicle,22.746933727669767,29,1.0,1.2494496781365478,14.903456492769692,15-30m
t_up,0.02,scene-1094_013,Car,vehicle,17.289567925433353,36,1.0,1.5840147208534643,15.751337941338537,15-30m
t_up,0.02,scene-1094_013,Car,vehicle,19.37991419555082,169,1.0,1.4038746829518354,19.415536851203715,15-30m
t_up,0.05,scene-1094_013,Car,vehicle,14.448169995706595,126,1.0,5.003009589480906,13.758261224753264,<15m
t_up,0.05,scene-1094_013,Car,vehicle,34.01533413673272,10,1.0,1.9743048519725075,5.821499777580855,>30m
t_up,0.05,scene-1094_013,Car,vehicle,39.997341514379585,15,1.0,1.743815204273866,6.70157849610761,>30m
t_up,0.05,scene-1094_013,Car,vehicle,12.052956350207948,76,1.0,7.249957853997495,8.560585533836287,<15m
t_up,0.05,scene-1094_013,Car,vehicle,23.05853708131726,14,1.0,2.8409835324673933,10.350296659896587,15-30m
t_up,0.05,scene-1094_013,Car,vehicle,22.746933727669767,29,1.0,3.123537800831462,14.903456492769692,15-30m
t_up,0.05,scene-1094_013,Car,vehicle,17.289567925433353,36,1.0,3.9598979934711904,15.751337941338537,15-30m
t_up,0.05,scene-1094_013,Car,vehicle,19.37991419555082,169,1.0,3.5095774798512807,19.415536851203715,15-30m
t_up,0.1,scene-1094_013,Car,vehicle,14.448169995706595,126,1.0,10.00528062831251,13.758261224753264,<15m
t_up,0.1,scene-1094_013,Car,vehicle,34.01533413673272,10,1.0,3.9484946129065204,5.821499777580855,>30m
t_up,0.1,scene-1094_013,Car,vehicle,39.997341514379585,15,1.0,3.487540579780079,6.70157849610761,>30m
t_up,0.1,scene-1094_013,Car,vehicle,12.052956350207948,76,1.0,14.498367639904561,8.560585533836287,<15m
t_up,0.1,scene-1094_013,Car,vehicle,23.05853708131726,14,1.0,5.68172895289303,10.350296659896587,15-30m
t_up,0.1,scene-1094_013,Car,vehicle,22.746933727669767,29,1.0,6.246787641202647,14.903456492769692,15-30m
t_up,0.1,scene-1094_013,Car,vehicle,17.289567925433353,36,1.0,7.919333334648012,15.751337941338537,15-30m
t_up,0.1,scene-1094_013,Car,vehicle,19.37991419555082,169,1.0,7.018790898156613,19.415536851203715,15-30m
t_up,0.2,scene-1094_013,Car,vehicle,14.448169995706595,126,1.0,20.007607708086862,13.758261224753264,<15m
t_up,0.2,scene-1094_013,Car,vehicle,34.01533413673272,10,1.0,7.896528901911669,5.821499777580855,>30m
t_up,0.2,scene-1094_013,Car,vehicle,39.997341514379585,15,1.0,6.974721872252278,6.70157849610761,>30m
t_up,0.2,scene-1094_013,Car,vehicle,12.052956350207948,76,1.0,28.990544990358803,8.560585533836287,<15m
t_up,0.2,scene-1094_013,Car,vehicle,23.05853708131726,14,1.0,11.362505577352328,10.350296659896587,15-30m
t_up,0.2,scene-1094_013,Car,vehicle,22.746933727669767,29,1.0,12.492423599833032,14.903456492769692,15-30m
t_up,0.2,scene-1094_013,Car,vehicle,17.289567925433353,36,1.0,15.836816384403527,15.751337941338537,15-30m
t_up,0.2,scene-1094_013,Car,vehicle,19.37991419555082,169,1.0,14.036125776698741,19.415536851203715,15-30m
none,0.0,scene-1094_014,Car,vehicle,12.80108796190274,164,1.0,0.0,15.848815189837401,<15m
none,0.0,scene-1094_014,Car,vehicle,28.171623064824665,13,1.0,0.0,7.724589952751303,15-30m
none,0.0,scene-1094_014,Car,vehicle,32.3690817103956,11,1.0,0.0,5.560873675468738,>30m
none,0.0,scene-1094_014,Car,vehicle,38.35051521167546,16,1.0,0.0,6.02171799282879,>30m
none,0.0,scene-1094_014,Car,vehicle,13.403024843416555,94,1.0,0.0,11.585798735972801,<15m
none,0.0,scene-1094_014,Car,vehicle,21.39731248570512,11,1.0,0.0,10.569447399848416,15-30m
none,0.0,scene-1094_014,Car,vehicle,15.73532591506244,33,1.0,0.0,18.59314071541209,15-30m
none,0.0,scene-1094_014,Car,vehicle,17.8900218798732,194,1.0,0.0,24.067003984094498,15-30m
yaw,0.25,scene-1094_014,Car,vehicle,12.80108796190274,164,1.0,5.935006570366381,15.848815189837401,<15m
yaw,0.25,scene-1094_014,Car,vehicle,28.171623064824665,13,1.0,5.778636306852594,7.724589952751303,15-30m
yaw,0.25,scene-1094_014,Car,vehicle,32.3690817103956,11,1.0,5.683284755754127,5.560873675468738,>30m
yaw,0.25,scene-1094_014,Car,vehicle,38.35051521167546,16,1.0,5.848668546570401,6.02171799282879,>30m
yaw,0.25,scene-1094_014,Car,vehicle,13.403024843416555,94,0.9893617021276596,6.839988668420798,11.585798735972801,<15m
yaw,0.25,scene-1094_014,Car,vehicle,21.39731248570512,11,1.0,5.710222707827775,10.569447399848416,15-30m
yaw,0.25,scene-1094_014,Car,vehicle,15.73532591506244,33,1.0,6.273213275030992,18.59314071541209,15-30m
yaw,0.25,scene-1094_014,Car,vehicle,17.8900218798732,194,1.0,6.607460549197463,24.067003984094498,15-30m
yaw,0.5,scene-1094_014,Car,vehicle,12.80108796190274,164,1.0,11.86478118901259,15.848815189837401,<15m
yaw,0.5,scene-1094_014,Car,vehicle,28.171623064824665,13,1.0,11.564631672349888,7.724589952751303,15-30m
yaw,0.5,scene-1094_014,Car,vehicle,32.3690817103956,11,1.0,11.37076689304921,5.560873675468738,>30m
yaw,0.5,scene-1094_014,Car,vehicle,38.35051521167546,16,1.0,11.707970031999217,6.02171799282879,>30m
yaw,0.5,scene-1094_014,Car,vehicle,13.403024843416555,94,0.9893617021276596,13.705783525068984,11.585798735972801,<15m
yaw,0.5,scene-1094_014,Car,vehicle,21.39731248570512,11,1.0,11.42257998648498,10.569447399848416,15-30m
yaw,0.5,scene-1094_014,Car,vehicle,15.73532591506244,33,1.0,12.529987737446529,18.59314071541209,15-30m
yaw,0.5,scene-1094_014,Car,vehicle,17.8900218798732,194,1.0,13.192203510438343,24.067003984094498,15-30m
yaw,1.0,scene-1094_014,Car,vehicle,12.80108796190274,164,0.975609756097561,23.70964933718016,15.848815189837401,<15m
yaw,1.0,scene-1094_014,Car,vehicle,28.171623064824665,13,1.0,23.159673372735675,7.724589952751303,15-30m
yaw,1.0,scene-1094_014,Car,vehicle,32.3690817103956,11,1.0,22.759238016455853,5.560873675468738,>30m
yaw,1.0,scene-1094_014,Car,vehicle,38.35051521167546,16,0.9375,23.45950707311281,6.02171799282879,>30m
yaw,1.0,scene-1094_014,Car,vehicle,13.403024843416555,94,0.9468085106382979,27.51652118704376,11.585798735972801,<15m
yaw,1.0,scene-1094_014,Car,vehicle,21.39731248570512,11,0.9090909090909091,22.854615274109804,10.569447399848416,15-30m
yaw,1.0,scene-1094_014,Car,vehicle,15.73532591506244,33,1.0,24.99586053667977,18.59314071541209,15-30m
yaw,1.0,scene-1094_014,Car,vehicle,17.8900218798732,194,1.0,26.295053467225834,24.067003984094498,15-30m
yaw,2.0,scene-1094_014,Car,vehicle,12.80108796190274,164,0.8963414634146342,47.34772076606026,15.848815189837401,<15m
yaw,2.0,scene-1094_014,Car,vehicle,28.171623064824665,13,0.9230769230769231,46.44884885947981,7.724589952751303,15-30m
yaw,2.0,scene-1094_014,Car,vehicle,32.3690817103956,11,0.6363636363636364,45.59665202898363,5.560873675468738,>30m
yaw,2.0,scene-1094_014,Car,vehicle,38.35051521167546,16,0.5,47.10166815290633,6.02171799282879,>30m
yaw,2.0,scene-1094_014,Car,vehicle,13.403024843416555,94,0.8297872340425532,55.46700490970676,11.585798735972801,<15m
yaw,2.0,scene-1094_014,Car,vehicle,21.39731248570512,11,0.7272727272727273,45.75441114222365,10.569447399848416,15-30m
yaw,2.0,scene-1094_014,Car,vehicle,15.73532591506244,33,1.0,49.748224905754334,18.59314071541209,15-30m
yaw,2.0,scene-1094_014,Car,vehicle,17.8900218798732,194,0.979381443298969,52.244589397097876,24.067003984094498,15-30m
yaw,3.0,scene-1094_014,Car,vehicle,12.80108796190274,164,0.8048780487804879,70.93100211143772,15.848815189837401,<15m
yaw,3.0,scene-1094_014,Car,vehicle,28.171623064824665,13,0.7692307692307693,69.88347038325604,7.724589952751303,15-30m
yaw,3.0,scene-1094_014,Car,vehicle,32.3690817103956,11,0.09090909090909091,68.5270918693642,5.560873675468738,>30m
yaw,3.0,scene-1094_014,Car,vehicle,38.35051521167546,16,0.3125,70.94356962400403,6.02171799282879,>30m
yaw,3.0,scene-1094_014,Car,vehicle,13.403024843416555,94,0.7553191489361702,83.88067547094968,11.585798735972801,<15m
yaw,3.0,scene-1094_014,Car,vehicle,21.39731248570512,11,0.45454545454545453,68.71418586422541,10.569447399848416,15-30m
yaw,3.0,scene-1094_014,Car,vehicle,15.73532591506244,33,1.0,74.27652935709696,18.59314071541209,15-30m
yaw,3.0,scene-1094_014,Car,vehicle,17.8900218798732,194,0.9381443298969072,77.87175349917527,24.067003984094498,15-30m
pitch,0.25,scene-1094_014,Car,vehicle,12.80108796190274,164,1.0,5.859118499030528,15.848815189837401,<15m
pitch,0.25,scene-1094_014,Car,vehicle,28.171623064824665,13,1.0,5.674641162929939,7.724589952751303,15-30m
pitch,0.25,scene-1094_014,Car,vehicle,32.3690817103956,11,1.0,5.6447713537162185,5.560873675468738,>30m
pitch,0.25,scene-1094_014,Car,vehicle,38.35051521167546,16,1.0,5.640390378209725,6.02171799282879,>30m
pitch,0.25,scene-1094_014,Car,vehicle,13.403024843416555,94,1.0,5.9275550431692725,11.585798735972801,<15m
pitch,0.25,scene-1094_014,Car,vehicle,21.39731248570512,11,1.0,5.706434790464758,10.569447399848416,15-30m
pitch,0.25,scene-1094_014,Car,vehicle,15.73532591506244,33,1.0,5.784221310449473,18.59314071541209,15-30m
pitch,0.25,scene-1094_014,Car,vehicle,17.8900218798732,194,1.0,5.744304922952393,24.067003984094498,15-30m
pitch,0.5,scene-1094_014,Car,vehicle,12.80108796190274,164,1.0,11.721160619998209,15.848815189837401,<15m
pitch,0.5,scene-1094_014,Car,vehicle,28.171623064824665,13,1.0,11.350149154036082,7.724589952751303,15-30m
pitch,0.5,scene-1094_014,Car,vehicle,32.3690817103956,11,1.0,11.289260001569746,5.560873675468738,>30m
pitch,0.5,scene-1094_014,Car,vehicle,38.35051521167546,16,0.9375,11.279288691300797,6.02171799282879,>30m
pitch,0.5,scene-1094_014,Car,vehicle,13.403024843416555,94,1.0,11.859474539942799,11.585798735972801,<15m
pitch,0.5,scene-1094_014,Car,vehicle,21.39731248570512,11,1.0,11.414902263983674,10.569447399848416,15-30m
pitch,0.5,scene-1094_014,Car,vehicle,15.73532591506244,33,1.0,11.571827034950994,18.59314071541209,15-30m
pitch,0.5,scene-1094_014,Car,vehicle,17.8900218798732,194,1.0,11.488081448847495,24.067003984094498,15-30m
pitch,1.0,scene-1094_014,Car,vehicle,12.80108796190274,164,1.0,23.45347283924159,15.848815189837401,<15m
pitch,1.0,scene-1094_014,Car,vehicle,28.171623064824665,13,1.0,22.70466996096053,7.724589952751303,15-30m
pitch,1.0,scene-1094_014,Car,vehicle,32.3690817103956,11,1.0,22.57827844583585,5.560873675468738,>30m
pitch,1.0,scene-1094_014,Car,vehicle,38.35051521167546,16,0.9375,22.553807226720025,6.02171799282879,>30m
pitch,1.0,scene-1094_014,Car,vehicle,13.403024843416555,94,1.0,23.73665852387644,11.585798735972801,<15m
pitch,1.0,scene-1094_014,Car,vehicle,21.39731248570512,11,1.0,22.838851776687086,10.569447399848416,15-30m
pitch,1.0,scene-1094_014,Car,vehicle,15.73532591506244,33,0.9090909090909091,23.1581650875887,18.59314071541209,15-30m
pitch,1.0,scene-1094_014,Car,vehicle,17.8900218798732,194,1.0,22.973819833727443,24.067003984094498,15-30m
pitch,2.0,scene-1094_014,Car,vehicle,12.80108796190274,164,0.975609756097561,46.9525408087343,15.848815189837401,<15m
pitch,2.0,scene-1094_014,Car,vehicle,28.171623064824665,13,0.0,45.43407396796763,7.724589952751303,15-30m
pitch,2.0,scene-1094_014,Car,vehicle,32.3690817103956,11,0.5454545454545454,45.16270704435055,5.560873675468738,>30m
pitch,2.0,scene-1094_014,Car,vehicle,38.35051521167546,16,0.6875,45.10013844853929,6.02171799282879,>30m
pitch,2.0,scene-1094_014,Car,vehicle,13.403024843416555,94,1.0,47.55598225570564,11.585798735972801,<15m
pitch,2.0,scene-1094_014,Car,vehicle,21.39731248570512,11,0.18181818181818182,45.72124818512527,10.569447399848416,15-30m
pitch,2.0,scene-1094_014,Car,vehicle,15.73532591506244,33,0.9090909090909091,46.38219840068349,18.59314071541209,15-30m
pitch,2.0,scene-1094_014,Car,vehicle,17.8900218798732,194,1.0,45.932017793050306,24.067003984094498,15-30m
pitch,3.0,scene-1094_014,Car,vehicle,12.80108796190274,164,0.8536585365853658,70.51706161420356,15.848815189837401,<15m
pitch,3.0,scene-1094_014,Car,vehicle,28.171623064824665,13,0.0,68.20275588727169,7.724589952751303,15-30m
pitch,3.0,scene-1094_014,Car,vehicle,32.3690817103956,11,0.0,67.76753727693854,5.560873675468738,>30m
pitch,3.0,scene-1094_014,Car,vehicle,38.35051521167546,16,0.625,67.65216861916599,6.02171799282879,>30m
pitch,3.0,scene-1094_014,Car,vehicle,13.403024843416555,94,0.7446808510638298,71.48136623991421,11.585798735972801,<15m
pitch,3.0,scene-1094_014,Car,vehicle,21.39731248570512,11,0.0,68.66198072496269,10.569447399848416,15-30m
pitch,3.0,scene-1094_014,Car,vehicle,15.73532591506244,33,0.48484848484848486,69.68786913071149,18.59314071541209,15-30m
pitch,3.0,scene-1094_014,Car,vehicle,17.8900218798732,194,0.8917525773195877,68.88811977305144,24.067003984094498,15-30m
roll,0.25,scene-1094_014,Car,vehicle,12.80108796190274,164,1.0,0.7475896632042359,15.848815189837401,<15m
roll,0.25,scene-1094_014,Car,vehicle,28.171623064824665,13,1.0,0.7028124928787135,7.724589952751303,15-30m
roll,0.25,scene-1094_014,Car,vehicle,32.3690817103956,11,1.0,0.4023669716719674,5.560873675468738,>30m
roll,0.25,scene-1094_014,Car,vehicle,38.35051521167546,16,1.0,1.0691875786633442,6.02171799282879,>30m
roll,0.25,scene-1094_014,Car,vehicle,13.403024843416555,94,1.0,2.253778561705551,11.585798735972801,<15m
roll,0.25,scene-1094_014,Car,vehicle,21.39731248570512,11,1.0,0.19159438501230136,10.569447399848416,15-30m
roll,0.25,scene-1094_014,Car,vehicle,15.73532591506244,33,1.0,1.7282755206893294,18.59314071541209,15-30m
roll,0.25,scene-1094_014,Car,vehicle,17.8900218798732,194,1.0,2.24138493761265,24.067003984094498,15-30m
roll,0.5,scene-1094_014,Car,vehicle,12.80108796190274,164,1.0,1.4951869308293202,15.848815189837401,<15m
roll,0.5,scene-1094_014,Car,vehicle,28.171623064824665,13,1.0,1.4056143959419753,7.724589952751303,15-30m
roll,0.5,scene-1094_014,Car,vehicle,32.3690817103956,11,1.0,0.8047297447611883,5.560873675468738,>30m
roll,0.5,scene-1094_014,Car,vehicle,38.35051521167546,16,1.0,2.138351665830257,6.02171799282879,>30m
roll,0.5,scene-1094_014,Car,vehicle,13.403024843416555,94,1.0,4.507480247739101,11.585798735972801,<15m
roll,0.5,scene-1094_014,Car,vehicle,21.39731248570512,11,1.0,0.38318755946488636,10.569447399848416,15-30m
roll,0.5,scene-1094_014,Car,vehicle,15.73532591506244,33,1.0,3.456590149544396,18.59314071541209,15-30m
roll,0.5,scene-1094_014,Car,vehicle,17.8900218798732,194,1.0,4.482834768852202,24.067003984094498,15-30m
roll,1.0,scene-1094_014,Car,vehicle,12.80108796190274,164,1.0,2.9903900292524366,15.848815189837401,<15m
roll,1.0,scene-1094_014,Car,vehicle,28.171623064824665,13,1.0,2.811172937280717,7.724589952751303,15-30m
roll,1.0,scene-1094_014,Car,vehicle,32.3690817103956,11,1.0,1.6094349979752005,5.560873675468738,>30m
roll,1.0,scene-1094_014,Car,vehicle,38.35051521167546,16,1.0,4.276588813455599,6.02171799282879,>30m
roll,1.0,scene-1094_014,Car,vehicle,13.403024843416555,94,1.0,9.01460846447086,11.585798735972801,<15m
roll,1.0,scene-1094_014,Car,vehicle,21.39731248570512,11,1.0,0.7663666133084176,10.569447399848416,15-30m
roll,1.0,scene-1094_014,Car,vehicle,15.73532591506244,33,1.0,6.913304560418174,18.59314071541209,15-30m
roll,1.0,scene-1094_014,Car,vehicle,17.8900218798732,194,1.0,8.965887806362964,24.067003984094498,15-30m
roll,2.0,scene-1094_014,Car,vehicle,12.80108796190274,164,1.0,5.980730701252609,15.848815189837401,<15m
roll,2.0,scene-1094_014,Car,vehicle,28.171623064824665,13,1.0,5.622014515659147,7.724589952751303,15-30m
roll,2.0,scene-1094_014,Car,vehicle,32.3690817103956,11,1.0,3.2187104597169043,5.560873675468738,>30m
roll,2.0,scene-1094_014,Car,vehicle,38.35051521167546,16,1.0,8.552555190000344,6.02171799282879,>30m
roll,2.0,scene-1094_014,Car,vehicle,13.403024843416555,94,1.0,18.027452769444942,11.585798735972801,<15m
roll,2.0,scene-1094_014,Car,vehicle,21.39731248570512,11,1.0,1.5326698986226484,10.569447399848416,15-30m
roll,2.0,scene-1094_014,Car,vehicle,15.73532591506244,33,1.0,13.826848676597605,18.59314071541209,15-30m
roll,2.0,scene-1094_014,Car,vehicle,17.8900218798732,194,1.0,17.932318049707945,24.067003984094498,15-30m
roll,3.0,scene-1094_014,Car,vehicle,12.80108796190274,164,1.0,8.9707938898987,15.848815189837401,<15m
roll,3.0,scene-1094_014,Car,vehicle,28.171623064824665,13,1.0,8.432308923756105,7.724589952751303,15-30m
roll,3.0,scene-1094_014,Car,vehicle,32.3690817103956,11,1.0,4.827703270447468,5.560873675468738,>30m
roll,3.0,scene-1094_014,Car,vehicle,38.35051521167546,16,1.0,12.827570564067766,6.02171799282879,>30m
roll,3.0,scene-1094_014,Car,vehicle,13.403024843416555,94,1.0,27.037821414531763,11.585798735972801,<15m
roll,3.0,scene-1094_014,Car,vehicle,21.39731248570512,11,1.0,2.2988512509420613,10.569447399848416,15-30m
roll,3.0,scene-1094_014,Car,vehicle,15.73532591506244,33,0.9090909090909091,20.740117040483767,18.59314071541209,15-30m
roll,3.0,scene-1094_014,Car,vehicle,17.8900218798732,194,1.0,26.89862892160629,24.067003984094498,15-30m
t_fwd,0.02,scene-1094_014,Car,vehicle,12.80108796190274,164,1.0,0.3038943589994768,15.848815189837401,<15m
t_fwd,0.02,scene-1094_014,Car,vehicle,28.171623064824665,13,1.0,0.1242583959801626,7.724589952751303,15-30m
t_fwd,0.02,scene-1094_014,Car,vehicle,32.3690817103956,11,1.0,0.06075089348944998,5.560873675468738,>30m
t_fwd,0.02,scene-1094_014,Car,vehicle,38.35051521167546,16,1.0,0.1316986997415297,6.02171799282879,>30m
t_fwd,0.02,scene-1094_014,Car,vehicle,13.403024843416555,94,1.0,0.9626055456362121,11.585798735972801,<15m
t_fwd,0.02,scene-1094_014,Car,vehicle,21.39731248570512,11,1.0,0.030969026679310473,10.569447399848416,15-30m
t_fwd,0.02,scene-1094_014,Car,vehicle,15.73532591506244,33,1.0,0.567946486836997,18.59314071541209,15-30m
t_fwd,0.02,scene-1094_014,Car,vehicle,17.8900218798732,194,1.0,0.677506646320535,24.067003984094498,15-30m
t_fwd,0.05,scene-1094_014,Car,vehicle,12.80108796190274,164,1.0,0.7575960147132477,15.848815189837401,<15m
t_fwd,0.05,scene-1094_014,Car,vehicle,28.171623064824665,13,1.0,0.3102864702343082,7.724589952751303,15-30m
t_fwd,0.05,scene-1094_014,Car,vehicle,32.3690817103956,11,1.0,0.15172756992597453,5.560873675468738,>30m
t_fwd,0.05,scene-1094_014,Car,vehicle,38.35051521167546,16,1.0,0.32898610860782196,6.02171799282879,>30m
t_fwd,0.05,scene-1094_014,Car,vehicle,13.403024843416555,94,1.0,2.400319986355294,11.585798735972801,<15m
t_fwd,0.05,scene-1094_014,Car,vehicle,21.39731248570512,11,1.0,0.07731305524814006,10.569447399848416,15-30m
t_fwd,0.05,scene-1094_014,Car,vehicle,15.73532591506244,33,1.0,1.4168884286808987,18.59314071541209,15-30m
t_fwd,0.05,scene-1094_014,Car,vehicle,17.8900218798732,194,1.0,1.690429945829131,24.067003984094498,15-30m
t_fwd,0.1,scene-1094_014,Car,vehicle,12.80108796190274,164,1.0,1.5081124157414556,15.848815189837401,<15m
t_fwd,0.1,scene-1094_014,Car,vehicle,28.171623064824665,13,1.0,0.6193782328070114,7.724589952751303,15-30m
t_fwd,0.1,scene-1094_014,Car,vehicle,32.3690817103956,11,1.0,0.3029575693333614,5.560873675468738,>30m
t_fwd,0.1,scene-1094_014,Car,vehicle,38.35051521167546,16,1.0,0.657105246523694,6.02171799282879,>30m
t_fwd,0.1,scene-1094_014,Car,vehicle,13.403024843416555,94,1.0,4.7798332879088425,11.585798735972801,<15m
t_fwd,0.1,scene-1094_014,Car,vehicle,21.39731248570512,11,1.0,0.15426244598022937,10.569447399848416,15-30m
t_fwd,0.1,scene-1094_014,Car,vehicle,15.73532591506244,33,1.0,2.823906214737046,18.59314071541209,15-30m
t_fwd,0.1,scene-1094_014,Car,vehicle,17.8900218798732,194,1.0,3.3697958951418947,24.067003984094498,15-30m
t_fwd,0.2,scene-1094_014,Car,vehicle,12.80108796190274,164,1.0,2.9882996773224226,15.848815189837401,<15m
t_fwd,0.2,scene-1094_014,Car,vehicle,28.171623064824665,13,1.0,1.2340051292727041,7.724589952751303,15-30m
t_fwd,0.2,scene-1094_014,Car,vehicle,32.3690817103956,11,1.0,0.6039346148925171,5.560873675468738,>30m
t_fwd,0.2,scene-1094_014,Car,vehicle,38.35051521167546,16,1.0,1.3107562837305262,6.02171799282879,>30m
t_fwd,0.2,scene-1094_014,Car,vehicle,13.403024843416555,94,0.9787234042553191,9.470351652115927,11.585798735972801,<15m
t_fwd,0.2,scene-1094_014,Car,vehicle,21.39731248570512,11,1.0,0.30708044945741486,10.569447399848416,15-30m
t_fwd,0.2,scene-1094_014,Car,vehicle,15.73532591506244,33,1.0,5.608739583032442,18.59314071541209,15-30m
t_fwd,0.2,scene-1094_014,Car,vehicle,17.8900218798732,194,1.0,6.6957674673981105,24.067003984094498,15-30m
t_left,0.02,scene-1094_014,Car,vehicle,12.80108796190274,164,1.0,2.3156179677038473,15.848815189837401,<15m
t_left,0.02,scene-1094_014,Car,vehicle,28.171623064824665,13,1.0,0.9706531014196064,7.724589952751303,15-30m
t_left,0.02,scene-1094_014,Car,vehicle,32.3690817103956,11,1.0,0.7878307771298884,5.560873675468738,>30m
t_left,0.02,scene-1094_014,Car,vehicle,38.35051521167546,16,1.0,0.6788301233087528,6.02171799282879,>30m
t_left,0.02,scene-1094_014,Car,vehicle,13.403024843416555,94,0.9893617021276596,2.3953742526101593,11.585798735972801,<15m
t_left,0.02,scene-1094_014,Car,vehicle,21.39731248570512,11,1.0,1.197810328741231,10.569447399848416,15-30m
t_left,0.02,scene-1094_014,Car,vehicle,15.73532591506244,33,1.0,1.7792982121349943,18.59314071541209,15-30m
t_left,0.02,scene-1094_014,Car,vehicle,17.8900218798732,194,1.0,1.6435705459302352,24.067003984094498,15-30m
t_left,0.05,scene-1094_014,Car,vehicle,12.80108796190274,164,1.0,5.789244866649904,15.848815189837401,<15m
t_left,0.05,scene-1094_014,Car,vehicle,28.171623064824665,13,1.0,2.426667763514262,7.724589952751303,15-30m
t_left,0.05,scene-1094_014,Car,vehicle,32.3690817103956,11,1.0,1.9696000170123356,5.560873675468738,>30m
t_left,0.05,scene-1094_014,Car,vehicle,38.35051521167546,16,1.0,1.697092412870981,6.02171799282879,>30m
t_left,0.05,scene-1094_014,Car,vehicle,13.403024843416555,94,0.9893617021276596,5.988648012656297,11.585798735972801,<15m
t_left,0.05,scene-1094_014,Car,vehicle,21.39731248570512,11,1.0,2.9945791878749226,10.569447399848416,15-30m
t_left,0.05,scene-1094_014,Car,vehicle,15.73532591506244,33,1.0,4.448363751189806,18.59314071541209,15-30m
t_left,0.05,scene-1094_014,Car,vehicle,17.8900218798732,194,1.0,4.109027429954015,24.067003984094498,15-30m
t_left,0.1,scene-1094_014,Car,vehicle,12.80108796190274,164,1.0,11.579156285989965,15.848815189837401,<15m
t_left,0.1,scene-1094_014,Car,vehicle,28.171623064824665,13,1.0,4.853452231402645,7.724589952751303,15-30m
t_left,0.1,scene-1094_014,Car,vehicle,32.3690817103956,11,1.0,3.9392769503862874,5.560873675468738,>30m
t_left,0.1,scene-1094_014,Car,vehicle,38.35051521167546,16,1.0,3.3942418426046905,6.02171799282879,>30m
t_left,0.1,scene-1094_014,Car,vehicle,13.403024843416555,94,0.9893617021276596,11.978004029372563,11.585798735972801,<15m
t_left,0.1,scene-1094_014,Car,vehicle,21.39731248570512,11,1.0,5.989336270943394,10.569447399848416,15-30m
t_left,0.1,scene-1094_014,Car,vehicle,15.73532591506244,33,1.0,8.897121599817249,18.59314071541209,15-30m
t_left,0.1,scene-1094_014,Car,vehicle,17.8900218798732,194,1.0,8.2183917657669,24.067003984094498,15-30m
t_left,0.2,scene-1094_014,Car,vehicle,12.80108796190274,164,0.9939024390243902,23.16097924326352,15.848815189837401,<15m
t_left,0.2,scene-1094_014,Car,vehicle,28.171623064824665,13,1.0,9.70737131397843,7.724589952751303,15-30m
t_left,0.2,scene-1094_014,Car,vehicle,32.3690817103956,11,1.0,7.878861584241417,5.560873675468738,>30m
t_left,0.2,scene-1094_014,Car,vehicle,38.35051521167546,16,1.0,6.788711764154074,6.02171799282879,>30m
t_left,0.2,scene-1094_014,Car,vehicle,13.403024843416555,94,0.9787234042553191,23.958840577264596,11.585798735972801,<15m
t_left,0.2,scene-1094_014,Car,vehicle,21.39731248570512,11,1.0,11.97938418607305,10.569447399848416,15-30m
t_left,0.2,scene-1094_014,Car,vehicle,15.73532591506244,33,1.0,17.79581979889275,18.59314071541209,15-30m
t_left,0.2,scene-1094_014,Car,vehicle,17.8900218798732,194,1.0,16.43813132072334,24.067003984094498,15-30m
t_up,0.02,scene-1094_014,Car,vehicle,12.80108796190274,164,1.0,2.320100237326872,15.848815189837401,<15m
t_up,0.02,scene-1094_014,Car,vehicle,28.171623064824665,13,1.0,0.9692527948182359,7.724589952751303,15-30m
t_up,0.02,scene-1094_014,Car,vehicle,32.3690817103956,11,1.0,0.7867323512803591,5.560873675468738,>30m
t_up,0.02,scene-1094_014,Car,vehicle,38.35051521167546,16,1.0,0.6766975517056073,6.02171799282879,>30m
t_up,0.02,scene-1094_014,Car,vehicle,13.403024843416555,94,1.0,2.384920574875348,11.585798735972801,<15m
t_up,0.02,scene-1094_014,Car,vehicle,21.39731248570512,11,1.0,1.1977284178016703,10.569447399848416,15-30m
t_up,0.02,scene-1094_014,Car,vehicle,15.73532591506244,33,1.0,1.7857212134623675,18.59314071541209,15-30m
t_up,0.02,scene-1094_014,Car,vehicle,17.8900218798732,194,1.0,1.6512302212403118,24.067003984094498,15-30m
t_up,0.05,scene-1094_014,Car,vehicle,12.80108796190274,164,1.0,5.799947218893392,15.848815189837401,<15m
t_up,0.05,scene-1094_014,Car,vehicle,28.171623064824665,13,1.0,2.423079042187504,7.724589952751303,15-30m
t_up,0.05,scene-1094_014,Car,vehicle,32.3690817103956,11,1.0,1.9667959814885085,5.560873675468738,>30m
t_up,0.05,scene-1094_014,Car,vehicle,38.35051521167546,16,1.0,1.6917180558754052,6.02171799282879,>30m
t_up,0.05,scene-1094_014,Car,vehicle,13.403024843416555,94,1.0,5.961981283936721,11.585798735972801,<15m
t_up,0.05,scene-1094_014,Car,vehicle,21.39731248570512,11,1.0,2.9942402302354396,10.569447399848416,15-30m
t_up,0.05,scene-1094_014,Car,vehicle,15.73532591506244,33,1.0,4.464123380090908,18.59314071541209,15-30m
t_up,0.05,scene-1094_014,Car,vehicle,17.8900218798732,194,1.0,4.127921796217903,24.067003984094498,15-30m
t_up,0.1,scene-1094_014,Car,vehicle,12.80108796190274,164,1.0,11.598883330740993,15.848815189837401,<15m
t_up,0.1,scene-1094_014,Car,vehicle,28.171623064824665,13,1.0,4.8459816117973995,7.724589952751303,15-30m
t_up,0.1,scene-1094_014,Car,vehicle,32.3690817103956,11,1.0,3.933475646105851,5.560873675468738,>30m
t_up,0.1,scene-1094_014,Car,vehicle,38.35051521167546,16,1.0,3.3833500372923027,6.02171799282879,>30m
t_up,0.1,scene-1094_014,Car,vehicle,13.403024843416555,94,1.0,11.922895543163381,11.585798735972801,<15m
t_up,0.1,scene-1094_014,Car,vehicle,21.39731248570512,11,1.0,5.988211098962196,10.569447399848416,15-30m
t_up,0.1,scene-1094_014,Car,vehicle,15.73532591506244,33,1.0,8.92764797922412,18.59314071541209,15-30m
t_up,0.1,scene-1094_014,Car,vehicle,17.8900218798732,194,1.0,8.25533112039562,24.067003984094498,15-30m
t_up,0.2,scene-1094_014,Car,vehicle,12.80108796190274,164,1.0,23.193723290718218,15.848815189837401,<15m
t_up,0.2,scene-1094_014,Car,vehicle,28.171623064824665,13,1.0,9.691257410393932,7.724589952751303,15-30m
t_up,0.2,scene-1094_014,Car,vehicle,32.3690817103956,11,1.0,7.866486065998342,5.560873675468738,>30m
t_up,0.2,scene-1094_014,Car,vehicle,38.35051521167546,16,1.0,6.766355803026009,6.02171799282879,>30m
t_up,0.2,scene-1094_014,Car,vehicle,13.403024843416555,94,1.0,23.84152413308467,11.585798735972801,<15m
t_up,0.2,scene-1094_014,Car,vehicle,21.39731248570512,11,1.0,11.975344897266897,10.569447399848416,15-30m
t_up,0.2,scene-1094_014,Car,vehicle,15.73532591506244,33,1.0,17.85290131644581,18.59314071541209,15-30m
t_up,0.2,scene-1094_014,Car,vehicle,17.8900218798732,194,1.0,16.508612734316586,24.067003984094498,15-30m
none,0.0,scene-1094_015,Car,vehicle,10.998462460711732,239,1.0,0.0,20.281393727589194,<15m
none,0.0,scene-1094_015,Car,vehicle,26.237709028674914,18,1.0,0.0,8.232554935326094,15-30m
none,0.0,scene-1094_015,Car,vehicle,30.466185251712222,13,1.0,0.0,6.129498070790463,>30m
none,0.0,scene-1094_015,Car,vehicle,36.40980447684065,16,1.0,0.0,6.191636251033478,>30m
none,0.0,scene-1094_015,Car,vehicle,14.717636773507998,79,1.0,0.0,9.320347102971997,<15m
none,0.0,scene-1094_015,Car,vehicle,19.519574606285946,20,1.0,0.0,12.71800500795635,15-30m
none,0.0,scene-1094_015,Car,vehicle,16.377003024253177,43,1.0,0.0,7.774333149468416,15-30m
yaw,0.25,scene-1094_015,Car,vehicle,10.998462460711732,239,1.0,6.9886606438142715,20.281393727589194,<15m
yaw,0.25,scene-1094_015,Car,vehicle,26.237709028674914,18,1.0,5.725119057835453,8.232554935326094,15-30m
yaw,0.25,scene-1094_015,Car,vehicle,30.466185251712222,13,1.0,5.802123765391952,6.129498070790463,>30m
yaw,0.25,scene-1094_015,Car,vehicle,36.40980447684065,16,1.0,5.630338614392834,6.191636251033478,>30m
yaw,0.25,scene-1094_015,Car,vehicle,14.717636773507998,79,1.0,6.054170852241259,9.320347102971997,<15m
yaw,0.25,scene-1094_015,Car,vehicle,19.519574606285946,20,1.0,6.020175894906989,12.71800500795635,15-30m
yaw,0.25,scene-1094_015,Car,vehicle,16.377003024253177,43,1.0,7.543148590247149,7.774333149468416,15-30m
yaw,0.5,scene-1094_015,Car,vehicle,10.998462460711732,239,1.0,13.950508445015828,20.281393727589194,<15m
yaw,0.5,scene-1094_015,Car,vehicle,26.237709028674914,18,1.0,11.445496605374494,8.232554935326094,15-30m
yaw,0.5,scene-1094_015,Car,vehicle,30.466185251712222,13,1.0,11.595917504682959,6.129498070790463,>30m
yaw,0.5,scene-1094_015,Car,vehicle,36.40980447684065,16,1.0,11.258711846797404,6.191636251033478,>30m
yaw,0.5,scene-1094_015,Car,vehicle,14.717636773507998,79,0.9873417721518988,12.119741967753178,9.320347102971997,<15m
yaw,0.5,scene-1094_015,Car,vehicle,19.519574606285946,20,1.0,12.02805199523357,12.71800500795635,15-30m
yaw,0.5,scene-1094_015,Car,vehicle,16.377003024253177,43,1.0,15.048635728733853,7.774333149468416,15-30m
yaw,1.0,scene-1094_015,Car,vehicle,10.998462460711732,239,0.9874476987447699,27.79553698777922,20.281393727589194,<15m
yaw,1.0,scene-1094_015,Car,vehicle,26.237709028674914,18,1.0,22.872954723982375,8.232554935326094,15-30m
yaw,1.0,scene-1094_015,Car,vehicle,30.466185251712222,13,1.0,23.15949479298599,6.129498070790463,>30m
yaw,1.0,scene-1094_015,Car,vehicle,36.40980447684065,16,0.9375,22.51044562611072,6.191636251033478,>30m
yaw,1.0,scene-1094_015,Car,vehicle,14.717636773507998,79,0.9240506329113924,24.286441304186773,9.320347102971997,<15m
yaw,1.0,scene-1094_015,Car,vehicle,19.519574606285946,20,0.95,24.008010873172488,12.71800500795635,15-30m
yaw,1.0,scene-1094_015,Car,vehicle,16.377003024253177,43,1.0,29.948931216918837,7.774333149468416,15-30m
yaw,2.0,scene-1094_015,Car,vehicle,10.998462460711732,239,0.9330543933054394,55.18302475027492,20.281393727589194,<15m
yaw,2.0,scene-1094_015,Car,vehicle,26.237709028674914,18,0.8888888888888888,45.68113784377114,8.232554935326094,15-30m
yaw,2.0,scene-1094_015,Car,vehicle,30.466185251712222,13,0.9230769230769231,46.19739665208553,6.129498070790463,>30m
yaw,2.0,scene-1094_015,Car,vehicle,36.40980447684065,16,0.5625,45.00093719862217,6.191636251033478,>30m
yaw,2.0,scene-1094_015,Car,vehicle,14.717636773507998,79,0.8987341772151899,48.773219013745624,9.320347102971997,<15m
yaw,2.0,scene-1094_015,Car,vehicle,19.519574606285946,20,0.75,47.83238570268878,12.71800500795635,15-30m
yaw,2.0,scene-1094_015,Car,vehicle,16.377003024253177,43,0.8604651162790697,59.322474598529816,7.774333149468416,15-30m
yaw,3.0,scene-1094_015,Car,vehicle,10.998462460711732,239,0.8619246861924686,82.18938338470356,20.281393727589194,<15m
yaw,3.0,scene-1094_015,Car,vehicle,26.237709028674914,18,0.8333333333333334,68.4392183141174,8.232554935326094,15-30m
yaw,3.0,scene-1094_015,Car,vehicle,30.466185251712222,13,0.46153846153846156,69.12687223191949,6.129498070790463,>30m
yaw,3.0,scene-1094_015,Car,vehicle,36.40980447684065,16,0.375,67.48791311667476,6.191636251033478,>30m
yaw,3.0,scene-1094_015,Car,vehicle,14.717636773507998,79,0.7468354430379747,73.47902268961853,9.320347102971997,<15m
yaw,3.0,scene-1094_015,Car,vehicle,19.519574606285946,20,0.6,71.49029523076499,12.71800500795635,15-30m
yaw,3.0,scene-1094_015,Car,vehicle,16.377003024253177,43,0.6744186046511628,88.1552925276318,7.774333149468416,15-30m
pitch,0.25,scene-1094_015,Car,vehicle,10.998462460711732,239,1.0,5.936058976054412,20.281393727589194,<15m
pitch,0.25,scene-1094_015,Car,vehicle,26.237709028674914,18,1.0,5.664647718730202,8.232554935326094,15-30m
pitch,0.25,scene-1094_015,Car,vehicle,30.466185251712222,13,1.0,5.633486970221528,6.129498070790463,>30m
pitch,0.25,scene-1094_015,Car,vehicle,36.40980447684065,16,1.0,5.624850656059907,6.191636251033478,>30m
pitch,0.25,scene-1094_015,Car,vehicle,14.717636773507998,79,1.0,5.841176233004142,9.320347102971997,<15m
pitch,0.25,scene-1094_015,Car,vehicle,19.519574606285946,20,1.0,5.707851527812659,12.71800500795635,15-30m
pitch,0.25,scene-1094_015,Car,vehicle,16.377003024253177,43,1.0,5.755648069376399,7.774333149468416,15-30m
pitch,0.5,scene-1094_015,Car,vehicle,10.998462460711732,239,1.0,11.87432323471101,20.281393727589194,<15m
pitch,0.5,scene-1094_015,Car,vehicle,26.237709028674914,18,0.8888888888888888,11.330150585938448,8.232554935326094,15-30m
pitch,0.5,scene-1094_015,Car,vehicle,30.466185251712222,13,1.0,11.266667988529774,6.129498070790463,>30m
pitch,0.5,scene-1094_015,Car,vehicle,36.40980447684065,16,1.0,11.248268257343485,6.191636251033478,>30m
pitch,0.5,scene-1094_015,Car,vehicle,14.717636773507998,79,1.0,11.685791266923125,9.320347102971997,<15m
pitch,0.5,scene-1094_015,Car,vehicle,19.519574606285946,20,1.0,11.417789183883912,12.71800500795635,15-30m
pitch,0.5,scene-1094_015,Car,vehicle,16.377003024253177,43,1.0,11.507332461879013,7.774333149468416,15-30m
pitch,1.0,scene-1094_015,Car,vehicle,10.998462460711732,239,1.0,23.761774012355136,20.281393727589194,<15m
pitch,1.0,scene-1094_015,Car,vehicle,26.237709028674914,18,0.8888888888888888,22.664622916454537,8.232554935326094,15-30m
pitch,1.0,scene-1094_015,Car,vehicle,30.466185251712222,13,1.0,22.533004691361132,6.129498070790463,>30m
pitch,1.0,scene-1094_015,Car,vehicle,36.40980447684065,16,1.0,22.49168565526889,6.191636251033478,>30m
pitch,1.0,scene-1094_015,Car,vehicle,14.717636773507998,79,1.0,23.386337693320478,9.320347102971997,<15m
pitch,1.0,scene-1094_015,Car,vehicle,19.519574606285946,20,0.8,22.84485881166154,12.71800500795635,15-30m
pitch,1.0,scene-1094_015,Car,vehicle,16.377003024253177,43,1.0,22.999842260257463,7.774333149468416,15-30m
pitch,2.0,scene-1094_015,Car,vehicle,10.998462460711732,239,1.0,47.57449782944023,20.281393727589194,<15m
pitch,2.0,scene-1094_015,Car,vehicle,26.237709028674914,18,0.0,45.35375466342924,8.232554935326094,15-30m
pitch,2.0,scene-1094_015,Car,vehicle,30.466185251712222,13,0.6153846153846154,45.07182656405707,6.129498070790463,>30m
pitch,2.0,scene-1094_015,Car,vehicle,36.40980447684065,16,0.75,44.9710108343611,6.191636251033478,>30m
pitch,2.0,scene-1094_015,Car,vehicle,14.717636773507998,79,0.8481012658227848,46.83973435311891,9.320347102971997,<15m
pitch,2.0,scene-1094_015,Car,vehicle,19.519574606285946,20,0.8,45.73435117785934,12.71800500795635,15-30m
pitch,2.0,scene-1094_015,Car,vehicle,16.377003024253177,43,1.0,45.96580495044327,7.774333149468416,15-30m
pitch,3.0,scene-1094_015,Car,vehicle,10.998462460711732,239,0.9623430962343096,71.45938485576461,20.281393727589194,<15m
pitch,3.0,scene-1094_015,Car,vehicle,26.237709028674914,18,0.0,68.08188768336348,8.232554935326094,15-30m
pitch,3.0,scene-1094_015,Car,vehicle,30.466185251712222,13,0.0,67.63076872372685,6.129498070790463,>30m
pitch,3.0,scene-1094_015,Car,vehicle,36.40980447684065,16,0.75,67.46259122696722,6.191636251033478,>30m
pitch,3.0,scene-1094_015,Car,vehicle,14.717636773507998,79,0.5822784810126582,70.37412042398313,9.320347102971997,<15m
pitch,3.0,scene-1094_015,Car,vehicle,19.519574606285946,20,0.15,68.6835835936113,12.71800500795635,15-30m
pitch,3.0,scene-1094_015,Car,vehicle,16.377003024253177,43,1.0,68.92255711093726,7.774333149468416,15-30m
roll,0.25,scene-1094_015,Car,vehicle,10.998462460711732,239,1.0,2.522919498744877,20.281393727589194,<15m
roll,0.25,scene-1094_015,Car,vehicle,26.237709028674914,18,1.0,0.6126804730886077,8.232554935326094,15-30m
roll,0.25,scene-1094_015,Car,vehicle,30.466185251712222,13,1.0,0.9947457990789146,6.129498070790463,>30m
roll,0.25,scene-1094_015,Car,vehicle,36.40980447684065,16,1.0,0.398160250947038,6.191636251033478,>30m
roll,0.25,scene-1094_015,Car,vehicle,14.717636773507998,79,1.0,1.1394271732569314,9.320347102971997,<15m
roll,0.25,scene-1094_015,Car,vehicle,19.519574606285946,20,1.0,1.3697480814825576,12.71800500795635,15-30m
roll,0.25,scene-1094_015,Car,vehicle,16.377003024253177,43,1.0,3.2413102397968037,7.774333149468416,15-30m
roll,0.5,scene-1094_015,Car,vehicle,10.998462460711732,239,1.0,5.045925668259103,20.281393727589194,<15m
roll,0.5,scene-1094_015,Car,vehicle,26.237709028674914,18,1.0,1.2253636740882512,8.232554935326094,15-30m
roll,0.5,scene-1094_015,Car,vehicle,30.466185251712222,13,1.0,1.9894993959824099,6.129498070790463,>30m
roll,0.5,scene-1094_015,Car,vehicle,36.40980447684065,16,1.0,0.7963192962376296,6.191636251033478,>30m
roll,0.5,scene-1094_015,Car,vehicle,14.717636773507998,79,1.0,2.2788307808615436,9.320347102971997,<15m
roll,0.5,scene-1094_015,Car,vehicle,19.519574606285946,20,1.0,2.739517153488908,12.71800500795635,15-30m
roll,0.5,scene-1094_015,Car,vehicle,16.377003024253177,43,1.0,6.48273339873117,7.774333149468416,15-30m
roll,1.0,scene-1094_015,Car,vehicle,10.998462460711732,239,1.0,10.092151037434311,20.281393727589194,<15m
roll,1.0,scene-1094_015,Car,vehicle,26.237709028674914,18,1.0,2.4507266721064402,8.232554935326094,15-30m
roll,1.0,scene-1094_015,Car,vehicle,30.466185251712222,13,1.0,3.9790113264607467,6.129498070790463,>30m
roll,1.0,scene-1094_015,Car,vehicle,36.40980447684065,16,1.0,1.592626258230323,6.191636251033478,>30m
roll,1.0,scene-1094_015,Car,vehicle,14.717636773507998,79,1.0,4.557545352152008,9.320347102971997,<15m
roll,1.0,scene-1094_015,Car,vehicle,19.519574606285946,20,1.0,5.479092579465806,12.71800500795635,15-30m
roll,1.0,scene-1094_015,Car,vehicle,16.377003024253177,43,1.0,12.965859794933607,7.774333149468416,15-30m
roll,2.0,scene-1094_015,Car,vehicle,10.998462460711732,239,1.0,20.185124769807427,20.281393727589194,<15m
roll,2.0,scene-1094_015,Car,vehicle,26.237709028674914,18,1.0,4.901357925462069,8.232554935326094,15-30m
roll,2.0,scene-1094_015,Car,vehicle,30.466185251712222,13,1.0,7.957923506790828,6.129498070790463,>30m
roll,2.0,scene-1094_015,Car,vehicle,36.40980447684065,16,1.0,3.1851430861255636,6.191636251033478,>30m
roll,2.0,scene-1094_015,Car,vehicle,14.717636773507998,79,1.0,9.114450343695685,9.320347102971997,<15m
roll,2.0,scene-1094_015,Car,vehicle,19.519574606285946,20,1.0,10.958212664048396,12.71800500795635,15-30m
roll,2.0,scene-1094_015,Car,vehicle,16.377003024253177,43,1.0,25.932821823396527,7.774333149468416,15-30m
roll,3.0,scene-1094_015,Car,vehicle,10.998462460711732,239,1.0,30.27816827694408,20.281393727589194,<15m
roll,3.0,scene-1094_015,Car,vehicle,26.237709028674914,18,1.0,7.3517082992525244,8.232554935326094,15-30m
roll,3.0,scene-1094_015,Car,vehicle,30.466185251712222,13,1.0,11.936437894694318,6.129498070790463,>30m
roll,3.0,scene-1094_015,Car,vehicle,36.40980447684065,16,1.0,4.777430298711209,6.191636251033478,>30m
roll,3.0,scene-1094_015,Car,vehicle,14.717636773507998,79,1.0,13.670364092573354,9.320347102971997,<15m
roll,3.0,scene-1094_015,Car,vehicle,19.519574606285946,20,1.0,16.436948899173103,12.71800500795635,15-30m
roll,3.0,scene-1094_015,Car,vehicle,16.377003024253177,43,1.0,38.89994566104735,7.774333149468416,15-30m
t_fwd,0.02,scene-1094_015,Car,vehicle,10.998462460711732,239,1.0,1.3966484188132244,20.281393727589194,<15m
t_fwd,0.02,scene-1094_015,Car,vehicle,26.237709028674914,18,1.0,0.11637894372540947,8.232554935326094,15-30m
t_fwd,0.02,scene-1094_015,Car,vehicle,30.466185251712222,13,1.0,0.1590719579692203,6.129498070790463,>30m
t_fwd,0.02,scene-1094_015,Car,vehicle,36.40980447684065,16,1.0,0.05551481117125168,6.191636251033478,>30m
t_fwd,0.02,scene-1094_015,Car,vehicle,14.717636773507998,79,1.0,0.40532236153142026,9.320347102971997,<15m
t_fwd,0.02,scene-1094_015,Car,vehicle,19.519574606285946,20,1.0,0.33983534354674283,12.71800500795635,15-30m
t_fwd,0.02,scene-1094_015,Car,vehicle,16.377003024253177,43,1.0,1.026762396588974,7.774333149468416,15-30m
t_fwd,0.05,scene-1094_015,Car,vehicle,10.998462460711732,239,1.0,3.4788455049143554,20.281393727589194,<15m
t_fwd,0.05,scene-1094_015,Car,vehicle,26.237709028674914,18,1.0,0.29058513073150694,8.232554935326094,15-30m
t_fwd,0.05,scene-1094_015,Car,vehicle,30.466185251712222,13,1.0,0.3972811338656698,6.129498070790463,>30m
t_fwd,0.05,scene-1094_015,Car,vehicle,36.40980447684065,16,1.0,0.13867065708289564,6.191636251033478,>30m
t_fwd,0.05,scene-1094_015,Car,vehicle,14.717636773507998,79,1.0,1.0108736088052137,9.320347102971997,<15m
t_fwd,0.05,scene-1094_015,Car,vehicle,19.519574606285946,20,1.0,0.8482083810610754,12.71800500795635,15-30m
t_fwd,0.05,scene-1094_015,Car,vehicle,16.377003024253177,43,1.0,2.5616354796607754,7.774333149468416,15-30m
t_fwd,0.1,scene-1094_015,Car,vehicle,10.998462460711732,239,1.0,6.91551885862243,20.281393727589194,<15m
t_fwd,0.1,scene-1094_015,Car,vehicle,26.237709028674914,18,1.0,0.5799668332294277,8.232554935326094,15-30m
t_fwd,0.1,scene-1094_015,Car,vehicle,30.466185251712222,13,1.0,0.7932366124558061,6.129498070790463,>30m
t_fwd,0.1,scene-1094_015,Car,vehicle,36.40980447684065,16,1.0,0.2769542775249778,6.191636251033478,>30m
t_fwd,0.1,scene-1094_015,Car,vehicle,14.717636773507998,79,1.0,2.013691257402333,9.320347102971997,<15m
t_fwd,0.1,scene-1094_015,Car,vehicle,19.519574606285946,20,1.0,1.6918367071601295,12.71800500795635,15-30m
t_fwd,0.1,scene-1094_015,Car,vehicle,16.377003024253177,43,1.0,5.105798451474836,7.774333149468416,15-30m
t_fwd,0.2,scene-1094_015,Car,vehicle,10.998462460711732,239,1.0,13.665379753859176,20.281393727589194,<15m
t_fwd,0.2,scene-1094_015,Car,vehicle,26.237709028674914,18,1.0,1.1551497335916847,8.232554935326094,15-30m
t_fwd,0.2,scene-1094_015,Car,vehicle,30.466185251712222,13,1.0,1.5811970563737967,6.129498070790463,>30m
t_fwd,0.2,scene-1094_015,Car,vehicle,36.40980447684065,16,1.0,0.552366872263494,6.191636251033478,>30m
t_fwd,0.2,scene-1094_015,Car,vehicle,14.717636773507998,79,1.0,3.9955408308760574,9.320347102971997,<15m
t_fwd,0.2,scene-1094_015,Car,vehicle,19.519574606285946,20,1.0,3.365500786578606,12.71800500795635,15-30m
t_fwd,0.2,scene-1094_015,Car,vehicle,16.377003024253177,43,1.0,10.142417090441677,7.774333149468416,15-30m
t_left,0.02,scene-1094_015,Car,vehicle,10.998462460711732,239,1.0,2.9998742330927595,20.281393727589194,<15m
t_left,0.02,scene-1094_015,Car,vehicle,26.237709028674914,18,1.0,1.0443256861661308,8.232554935326094,15-30m
t_left,0.02,scene-1094_015,Car,vehicle,30.466185251712222,13,1.0,0.8466008243817162,6.129498070790463,>30m
t_left,0.02,scene-1094_015,Car,vehicle,36.40980447684065,16,1.0,0.708388975638796,6.191636251033478,>30m
t_left,0.02,scene-1094_015,Car,vehicle,14.717636773507998,79,1.0,2.0295141064047,9.320347102971997,<15m
t_left,0.02,scene-1094_015,Car,vehicle,19.519574606285946,20,1.0,1.37054084056345,12.71800500795635,15-30m
t_left,0.02,scene-1094_015,Car,vehicle,16.377003024253177,43,1.0,1.7288079324127006,7.774333149468416,15-30m
t_left,0.05,scene-1094_015,Car,vehicle,10.998462460711732,239,1.0,7.49998666277482,20.281393727589194,<15m
t_left,0.05,scene-1094_015,Car,vehicle,26.237709028674914,18,1.0,2.610850503507044,8.232554935326094,15-30m
t_left,0.05,scene-1094_015,Car,vehicle,30.466185251712222,13,1.0,2.1165259223813564,6.129498070790463,>30m
t_left,0.05,scene-1094_015,Car,vehicle,36.40980447684065,16,1.0,1.7709891272231024,6.191636251033478,>30m
t_left,0.05,scene-1094_015,Car,vehicle,14.717636773507998,79,1.0,5.073921821917766,9.320347102971997,<15m
t_left,0.05,scene-1094_015,Car,vehicle,19.519574606285946,20,1.0,3.426414686005785,12.71800500795635,15-30m
t_left,0.05,scene-1094_015,Car,vehicle,16.377003024253177,43,1.0,4.322119787203937,7.774333149468416,15-30m
t_left,0.1,scene-1094_015,Car,vehicle,10.998462460711732,239,1.0,15.00097703314029,20.281393727589194,<15m
t_left,0.1,scene-1094_015,Car,vehicle,26.237709028674914,18,1.0,5.2218219718031325,8.232554935326094,15-30m
t_left,0.1,scene-1094_015,Car,vehicle,30.466185251712222,13,1.0,4.2331313852438335,6.129498070790463,>30m
t_left,0.1,scene-1094_015,Car,vehicle,36.40980447684065,16,1.0,3.5420338829308218,6.191636251033478,>30m
t_left,0.1,scene-1094_015,Car,vehicle,14.717636773507998,79,1.0,10.148298862859297,9.320347102971997,<15m
t_left,0.1,scene-1094_015,Car,vehicle,19.519574606285946,20,1.0,6.853037997497232,12.71800500795635,15-30m
t_left,0.1,scene-1094_015,Car,vehicle,16.377003024253177,43,1.0,8.644572782196185,7.774333149468416,15-30m
t_left,0.2,scene-1094_015,Car,vehicle,10.998462460711732,239,0.9916317991631799,30.005969702694152,20.281393727589194,<15m
t_left,0.2,scene-1094_015,Car,vehicle,26.237709028674914,18,1.0,10.444127836390475,8.232554935326094,15-30m
t_left,0.2,scene-1094_015,Car,vehicle,30.466185251712222,13,1.0,8.466580950347096,6.129498070790463,>30m
t_left,0.2,scene-1094_015,Car,vehicle,36.40980447684065,16,1.0,7.084290290285877,6.191636251033478,>30m
t_left,0.2,scene-1094_015,Car,vehicle,14.717636773507998,79,0.9493670886075949,20.29841884688283,9.320347102971997,<15m
t_left,0.2,scene-1094_015,Car,vehicle,19.519574606285946,20,1.0,13.706910573159458,12.71800500795635,15-30m
t_left,0.2,scene-1094_015,Car,vehicle,16.377003024253177,43,1.0,17.290478549686586,7.774333149468416,15-30m
t_up,0.02,scene-1094_015,Car,vehicle,10.998462460711732,239,1.0,3.0180930483801394,20.281393727589194,<15m
t_up,0.02,scene-1094_015,Car,vehicle,26.237709028674914,18,1.0,1.0456866573239596,8.232554935326094,15-30m
t_up,0.02,scene-1094_015,Car,vehicle,30.466185251712222,13,1.0,0.847876715423429,6.129498070790463,>30m
t_up,0.02,scene-1094_015,Car,vehicle,36.40980447684065,16,1.0,0.7082848592388343,6.191636251033478,>30m
t_up,0.02,scene-1094_015,Car,vehicle,14.717636773507998,79,1.0,2.0279084750211838,9.320347102971997,<15m
t_up,0.02,scene-1094_015,Car,vehicle,19.519574606285946,20,1.0,1.374952545681454,12.71800500795635,15-30m
t_up,0.02,scene-1094_015,Car,vehicle,16.377003024253177,43,1.0,1.7370242916700251,7.774333149468416,15-30m
t_up,0.05,scene-1094_015,Car,vehicle,10.998462460711732,239,1.0,7.5447673243472755,20.281393727589194,<15m
t_up,0.05,scene-1094_015,Car,vehicle,26.237709028674914,18,1.0,2.6141608072949922,8.232554935326094,15-30m
t_up,0.05,scene-1094_015,Car,vehicle,30.466185251712222,13,1.0,2.119655065400981,6.129498070790463,>30m
t_up,0.05,scene-1094_015,Car,vehicle,36.40980447684065,16,1.0,1.7706865101561962,6.191636251033478,>30m
t_up,0.05,scene-1094_015,Car,vehicle,14.717636773507998,79,1.0,5.069561521735053,9.320347102971997,<15m
t_up,0.05,scene-1094_015,Car,vehicle,19.519574606285946,20,1.0,3.437284883507319,12.71800500795635,15-30m
t_up,0.05,scene-1094_015,Car,vehicle,16.377003024253177,43,1.0,4.342406421456519,7.774333149468416,15-30m
t_up,0.1,scene-1094_015,Car,vehicle,10.998462460711732,239,1.0,15.087983915046914,20.281393727589194,<15m
t_up,0.1,scene-1094_015,Car,vehicle,26.237709028674914,18,1.0,5.228135505140436,8.232554935326094,15-30m
t_up,0.1,scene-1094_015,Car,vehicle,30.466185251712222,13,1.0,4.239187725931863,6.129498070790463,>30m
t_up,0.1,scene-1094_015,Car,vehicle,36.40980447684065,16,1.0,3.5412875638091137,6.191636251033478,>30m
t_up,0.1,scene-1094_015,Car,vehicle,14.717636773507998,79,1.0,10.138424234480382,9.320347102971997,<15m
t_up,0.1,scene-1094_015,Car,vehicle,19.519574606285946,20,1.0,6.874248188764458,12.71800500795635,15-30m
t_up,0.1,scene-1094_015,Car,vehicle,16.377003024253177,43,1.0,8.68429853258763,7.774333149468416,15-30m
t_up,0.2,scene-1094_015,Car,vehicle,10.998462460711732,239,1.0,30.16976680751567,20.281393727589194,<15m
t_up,0.2,scene-1094_015,Car,vehicle,26.237709028674914,18,1.0,10.455526651974676,8.232554935326094,15-30m
t_up,0.2,scene-1094_015,Car,vehicle,30.466185251712222,13,1.0,8.477885874792602,6.129498070790463,>30m
t_up,0.2,scene-1094_015,Car,vehicle,36.40980447684065,16,1.0,7.082233326350748,6.191636251033478,>30m
t_up,0.2,scene-1094_015,Car,vehicle,14.717636773507998,79,1.0,20.274053810882794,9.320347102971997,<15m
t_up,0.2,scene-1094_015,Car,vehicle,19.519574606285946,20,1.0,13.747210245028786,12.71800500795635,15-30m
t_up,0.2,scene-1094_015,Car,vehicle,16.377003024253177,43,1.0,17.366540189316655,7.774333149468416,15-30m
none,0.0,scene-1094_016,Car,vehicle,9.18103350084067,16,0.9375,0.0,1.8319313270064492,<15m
none,0.0,scene-1094_016,Car,vehicle,24.054500028618644,22,1.0,0.0,10.001290416369917,15-30m
none,0.0,scene-1094_016,Car,vehicle,28.34964354596788,20,1.0,0.0,7.643186977079498,15-30m
none,0.0,scene-1094_016,Car,vehicle,34.209905318612876,17,1.0,0.0,7.146023987557906,>30m
none,0.0,scene-1094_016,Car,vehicle,15.911762821104942,50,1.0,0.0,8.644764574374374,15-30m
none,0.0,scene-1094_016,Car,vehicle,17.506747103022423,32,1.0,0.0,11.992937178773087,15-30m
yaw,0.25,scene-1094_016,Car,vehicle,9.18103350084067,16,1.0,7.921355054145788,1.8319313270064492,<15m
yaw,0.25,scene-1094_016,Car,vehicle,24.054500028618644,22,1.0,6.173684455297983,10.001290416369917,15-30m
yaw,0.25,scene-1094_016,Car,vehicle,28.34964354596788,20,1.0,6.507420880634957,7.643186977079498,15-30m
yaw,0.25,scene-1094_016,Car,vehicle,34.209905318612876,17,1.0,5.928998716768331,7.146023987557906,>30m
yaw,0.25,scene-1094_016,Car,vehicle,15.911762821104942,50,1.0,5.780609931027141,8.644764574374374,15-30m
yaw,0.25,scene-1094_016,Car,vehicle,17.506747103022423,32,1.0,7.185455750072771,11.992937178773087,15-30m
yaw,0.5,scene-1094_016,Car,vehicle,9.18103350084067,16,1.0,15.800246390057698,1.8319313270064492,<15m
yaw,0.5,scene-1094_016,Car,vehicle,24.054500028618644,22,1.0,12.331226311124436,10.001290416369917,15-30m
yaw,0.5,scene-1094_016,Car,vehicle,28.34964354596788,20,1.0,12.992493881846157,7.643186977079498,15-30m
yaw,0.5,scene-1094_016,Car,vehicle,34.209905318612876,17,1.0,11.845825806729467,7.146023987557906,>30m
yaw,0.5,scene-1094_016,Car,vehicle,15.911762821104942,50,1.0,11.56395035037686,8.644764574374374,15-30m
yaw,0.5,scene-1094_016,Car,vehicle,17.506747103022423,32,1.0,14.338735290117235,11.992937178773087,15-30m
yaw,1.0,scene-1094_016,Car,vehicle,9.18103350084067,16,0.375,31.4332675776279,1.8319313270064492,<15m
yaw,1.0,scene-1094_016,Car,vehicle,24.054500028618644,22,1.0,24.599102178475476,10.001290416369917,15-30m
yaw,1.0,scene-1094_016,Car,vehicle,28.34964354596788,20,1.0,25.89706375089498,7.643186977079498,15-30m
yaw,1.0,scene-1094_016,Car,vehicle,34.209905318612876,17,0.8235294117647058,23.64403396027603,7.146023987557906,>30m
yaw,1.0,scene-1094_016,Car,vehicle,15.911762821104942,50,0.94,23.1397697689055,8.644764574374374,15-30m
yaw,1.0,scene-1094_016,Car,vehicle,17.506747103022423,32,0.96875,28.55075596860743,11.992937178773087,15-30m
yaw,2.0,scene-1094_016,Car,vehicle,9.18103350084067,16,0.0,62.21810655712815,1.8319313270064492,<15m
yaw,2.0,scene-1094_016,Car,vehicle,24.054500028618644,22,0.8636363636363636,48.954408587818605,10.001290416369917,15-30m
yaw,2.0,scene-1094_016,Car,vehicle,28.34964354596788,20,0.95,51.453941569282186,7.643186977079498,15-30m
yaw,2.0,scene-1094_016,Car,vehicle,34.209905318612876,17,0.5294117647058824,47.10603919071919,7.146023987557906,>30m
yaw,2.0,scene-1094_016,Car,vehicle,15.911762821104942,50,0.86,46.33462187025775,8.644764574374374,15-30m
yaw,2.0,scene-1094_016,Car,vehicle,17.506747103022423,32,0.84375,56.610197193975026,11.992937178773087,15-30m
yaw,3.0,scene-1094_016,Car,vehicle,9.18103350084067,16,0.0,92.39392401568324,1.8319313270064492,<15m
yaw,3.0,scene-1094_016,Car,vehicle,24.054500028618644,22,0.7272727272727273,73.08471402335091,10.001290416369917,15-30m
yaw,3.0,scene-1094_016,Car,vehicle,28.34964354596788,20,0.55,76.69302686895833,7.643186977079498,15-30m
yaw,3.0,scene-1094_016,Car,vehicle,34.209905318612876,17,0.35294117647058826,70.40260536743958,7.146023987557906,>30m
yaw,3.0,scene-1094_016,Car,vehicle,15.911762821104942,50,0.76,69.59986546691121,8.644764574374374,15-30m
yaw,3.0,scene-1094_016,Car,vehicle,17.506747103022423,32,0.71875,84.20838045055237,11.992937178773087,15-30m
pitch,0.25,scene-1094_016,Car,vehicle,9.18103350084067,16,0.875,5.900588091026429,1.8319313270064492,<15m
pitch,0.25,scene-1094_016,Car,vehicle,24.054500028618644,22,1.0,5.674114408023638,10.001290416369917,15-30m
pitch,0.25,scene-1094_016,Car,vehicle,28.34964354596788,20,1.0,5.651164966016092,7.643186977079498,15-30m
pitch,0.25,scene-1094_016,Car,vehicle,34.209905318612876,17,1.0,5.6265676239094455,7.146023987557906,>30m
pitch,0.25,scene-1094_016,Car,vehicle,15.911762821104942,50,1.0,5.7809310695136595,8.644764574374374,15-30m
pitch,0.25,scene-1094_016,Car,vehicle,17.506747103022423,32,1.0,5.749710874306874,11.992937178773087,15-30m
pitch,0.5,scene-1094_016,Car,vehicle,9.18103350084067,16,0.75,11.805410394990243,1.8319313270064492,<15m
pitch,0.5,scene-1094_016,Car,vehicle,24.054500028618644,22,1.0,11.349127442239833,10.001290416369917,15-30m
pitch,0.5,scene-1094_016,Car,vehicle,28.34964354596788,20,1.0,11.30330192367651,7.643186977079498,15-30m
pitch,0.5,scene-1094_016,Car,vehicle,34.209905318612876,17,1.0,11.251604248187018,7.146023987557906,>30m
pitch,0.5,scene-1094_016,Car,vehicle,15.911762821104942,50,1.0,11.565075683509445,8.644764574374374,15-30m
pitch,0.5,scene-1094_016,Car,vehicle,17.506747103022423,32,1.0,11.502585313361266,11.992937178773087,15-30m
pitch,1.0,scene-1094_016,Car,vehicle,9.18103350084067,16,0.75,23.595961427360386,1.8319313270064492,<15m
pitch,1.0,scene-1094_016,Car,vehicle,24.054500028618644,22,0.9545454545454546,22.702789986845485,10.001290416369917,15-30m
pitch,1.0,scene-1094_016,Car,vehicle,28.34964354596788,20,0.75,22.611439670245446,7.643186977079498,15-30m
pitch,1.0,scene-1094_016,Car,vehicle,34.209905318612876,17,1.0,22.497983612975112,7.146023987557906,>30m
pitch,1.0,scene-1094_016,Car,vehicle,15.911762821104942,50,1.0,23.143959088717267,8.644764574374374,15-30m
pitch,1.0,scene-1094_016,Car,vehicle,17.506747103022423,32,1.0,23.018845235462244,11.992937178773087,15-30m
pitch,2.0,scene-1094_016,Car,vehicle,9.18103350084067,16,0.6875,47.229530930067355,1.8319313270064492,<15m
pitch,2.0,scene-1094_016,Car,vehicle,24.054500028618644,22,0.8181818181818182,45.4312586612089,10.001290416369917,15-30m
pitch,2.0,scene-1094_016,Car,vehicle,28.34964354596788,20,0.75,45.24981942527404,7.643186977079498,15-30m
pitch,2.0,scene-1094_016,Car,vehicle,34.209905318612876,17,1.0,44.982252036731744,7.146023987557906,>30m
pitch,2.0,scene-1094_016,Car,vehicle,15.911762821104942,50,0.94,46.35081300230774,8.644764574374374,15-30m
pitch,2.0,scene-1094_016,Car,vehicle,17.506747103022423,32,1.0,46.092296549424915,11.992937178773087,15-30m
pitch,3.0,scene-1094_016,Car,vehicle,9.18103350084067,16,0.6875,71.10256344821839,1.8319313270064492,<15m
pitch,3.0,scene-1094_016,Car,vehicle,24.054500028618644,22,0.0,68.20053443944121,10.001290416369917,15-30m
pitch,3.0,scene-1094_016,Car,vehicle,28.34964354596788,20,0.25,67.93038606180684,7.643186977079498,15-30m
pitch,3.0,scene-1094_016,Car,vehicle,34.209905318612876,17,0.7647058823529411,67.47719180665496,7.146023987557906,>30m
pitch,3.0,scene-1094_016,Car,vehicle,15.911762821104942,50,0.66,69.6360053412516,8.644764574374374,15-30m
pitch,3.0,scene-1094_016,Car,vehicle,17.506747103022423,32,0.625,69.23249985856258,11.992937178773087,15-30m
roll,0.25,scene-1094_016,Car,vehicle,9.18103350084067,16,0.9375,3.402060557187264,1.8319313270064492,<15m
roll,0.25,scene-1094_016,Car,vehicle,24.054500028618644,22,1.0,1.6839040843564814,10.001290416369917,15-30m
roll,0.25,scene-1094_016,Car,vehicle,28.34964354596788,20,1.0,2.2072150475134684,7.643186977079498,15-30m
roll,0.25,scene-1094_016,Car,vehicle,34.209905318612876,17,1.0,1.3615332331044139,7.146023987557906,>30m
roll,0.25,scene-1094_016,Car,vehicle,15.911762821104942,50,1.0,0.41189327096259004,8.644764574374374,15-30m
roll,0.25,scene-1094_016,Car,vehicle,17.506747103022423,32,1.0,2.8584426325771837,11.992937178773087,15-30m
roll,0.5,scene-1094_016,Car,vehicle,9.18103350084067,16,1.0,6.804277290589901,1.8319313270064492,<15m
roll,0.5,scene-1094_016,Car,vehicle,24.054500028618644,22,1.0,3.367841677073076,10.001290416369917,15-30m
roll,0.5,scene-1094_016,Car,vehicle,28.34964354596788,20,1.0,4.414490498824133,7.643186977079498,15-30m
roll,0.5,scene-1094_016,Car,vehicle,34.209905318612876,17,1.0,2.723085656813911,7.146023987557906,>30m
roll,0.5,scene-1094_016,Car,vehicle,15.911762821104942,50,1.0,0.8237851266212339,8.644764574374374,15-30m
roll,0.5,scene-1094_016,Car,vehicle,17.506747103022423,32,1.0,5.716992766937551,11.992937178773087,15-30m
roll,1.0,scene-1094_016,Car,vehicle,9.18103350084067,16,1.0,13.609115061313897,1.8319313270064492,<15m
roll,1.0,scene-1094_016,Car,vehicle,24.054500028618644,22,1.0,6.735785559303494,10.001290416369917,15-30m
roll,1.0,scene-1094_016,Car,vehicle,28.34964354596788,20,1.0,8.829181031087508,7.643186977079498,15-30m
roll,1.0,scene-1094_016,Car,vehicle,34.209905318612876,17,1.0,5.446222432783012,7.146023987557906,>30m
roll,1.0,scene-1094_016,Car,vehicle,15.911762821104942,50,1.0,1.6475566740160255,8.644764574374374,15-30m
roll,1.0,scene-1094_016,Car,vehicle,17.506747103022423,32,1.0,11.434361564539353,11.992937178773087,15-30m
roll,2.0,scene-1094_016,Car,vehicle,9.18103350084067,16,0.9375,27.219957800245936,1.8319313270064492,<15m
roll,2.0,scene-1094_016,Car,vehicle,24.054500028618644,22,1.0,13.47172520886349,10.001290416369917,15-30m
roll,2.0,scene-1094_016,Car,vehicle,28.34964354596788,20,0.75,17.658829361900196,7.643186977079498,15-30m
roll,2.0,scene-1094_016,Car,vehicle,34.209905318612876,17,1.0,10.89244413288842,7.146023987557906,>30m
roll,2.0,scene-1094_016,Car,vehicle,15.911762821104942,50,1.0,3.2949956872462765,8.644764574374374,15-30m
roll,2.0,scene-1094_016,Car,vehicle,17.506747103022423,32,1.0,22.869795128945114,11.992937178773087,15-30m
roll,3.0,scene-1094_016,Car,vehicle,9.18103350084067,16,0.9375,40.83149848375656,1.8319313270064492,<15m
roll,3.0,scene-1094_016,Car,vehicle,24.054500028618644,22,0.9090909090909091,20.207309202943613,10.001290416369917,15-30m
roll,3.0,scene-1094_016,Car,vehicle,28.34964354596788,20,0.75,26.488278825710832,7.643186977079498,15-30m
roll,3.0,scene-1094_016,Car,vehicle,34.209905318612876,17,1.0,16.33825451092814,7.146023987557906,>30m
roll,3.0,scene-1094_016,Car,vehicle,15.911762821104942,50,1.0,4.942190356132571,8.644764574374374,15-30m
roll,3.0,scene-1094_016,Car,vehicle,17.506747103022423,32,1.0,34.30543557973725,11.992937178773087,15-30m
t_fwd,0.02,scene-1094_016,Car,vehicle,9.18103350084067,16,1.0,1.7242014921478428,1.8319313270064492,<15m
t_fwd,0.02,scene-1094_016,Car,vehicle,24.054500028618644,22,1.0,0.36240227274735326,10.001290416369917,15-30m
t_fwd,0.02,scene-1094_016,Car,vehicle,28.34964354596788,20,1.0,0.40399622981896555,7.643186977079498,15-30m
t_fwd,0.02,scene-1094_016,Car,vehicle,34.209905318612876,17,1.0,0.19209990261832463,7.146023987557906,>30m
t_fwd,0.02,scene-1094_016,Car,vehicle,15.911762821104942,50,1.0,0.1008310441742514,8.644764574374374,15-30m
t_fwd,0.02,scene-1094_016,Car,vehicle,17.506747103022423,32,1.0,0.8836797351075445,11.992937178773087,15-30m
t_fwd,0.05,scene-1094_016,Car,vehicle,9.18103350084067,16,1.0,4.29621573575848,1.8319313270064492,<15m
t_fwd,0.05,scene-1094_016,Car,vehicle,24.054500028618644,22,1.0,0.9047351445904253,10.001290416369917,15-30m
t_fwd,0.05,scene-1094_016,Car,vehicle,28.34964354596788,20,1.0,1.0087627663735965,7.643186977079498,15-30m
t_fwd,0.05,scene-1094_016,Car,vehicle,34.209905318612876,17,1.0,0.4798110454801514,7.146023987557906,>30m
t_fwd,0.05,scene-1094_016,Car,vehicle,15.911762821104942,50,1.0,0.251536773260396,8.644764574374374,15-30m
t_fwd,0.05,scene-1094_016,Car,vehicle,17.506747103022423,32,1.0,2.2047351501391788,11.992937178773087,15-30m
t_fwd,0.1,scene-1094_016,Car,vehicle,9.18103350084067,16,1.0,8.545223491037856,1.8319313270064492,<15m
t_fwd,0.1,scene-1094_016,Car,vehicle,24.054500028618644,22,1.0,1.8052509660921015,10.001290416369917,15-30m
t_fwd,0.1,scene-1094_016,Car,vehicle,28.34964354596788,20,1.0,2.0134460798488187,7.643186977079498,15-30m
t_fwd,0.1,scene-1094_016,Car,vehicle,34.209905318612876,17,1.0,0.9581632776827458,7.146023987557906,>30m
t_fwd,0.1,scene-1094_016,Car,vehicle,15.911762821104942,50,1.0,0.5012810336889222,8.644764574374374,15-30m
t_fwd,0.1,scene-1094_016,Car,vehicle,17.506747103022423,32,1.0,4.394669591618472,11.992937178773087,15-30m
t_fwd,0.2,scene-1094_016,Car,vehicle,9.18103350084067,16,0.9375,16.904693640753187,1.8319313270064492,<15m
t_fwd,0.2,scene-1094_016,Car,vehicle,24.054500028618644,22,1.0,3.593742158368353,10.001290416369917,15-30m
t_fwd,0.2,scene-1094_016,Car,vehicle,28.34964354596788,20,1.0,4.010672935714156,7.643186977079498,15-30m
t_fwd,0.2,scene-1094_016,Car,vehicle,34.209905318612876,17,1.0,1.910517833766857,7.146023987557906,>30m
t_fwd,0.2,scene-1094_016,Car,vehicle,15.911762821104942,50,1.0,0.9954681174140119,8.644764574374374,15-30m
t_fwd,0.2,scene-1094_016,Car,vehicle,17.506747103022423,32,1.0,8.730728530019212,11.992937178773087,15-30m
t_left,0.02,scene-1094_016,Car,vehicle,9.18103350084067,16,1.0,2.7983089306447106,1.8319313270064492,<15m
t_left,0.02,scene-1094_016,Car,vehicle,24.054500028618644,22,1.0,1.1853394733767946,10.001290416369917,15-30m
t_left,0.02,scene-1094_016,Car,vehicle,28.34964354596788,20,1.0,1.022736232718057,7.643186977079498,15-30m
t_left,0.02,scene-1094_016,Car,vehicle,34.209905318612876,17,1.0,0.7718745473867785,7.146023987557906,>30m
t_left,0.02,scene-1094_016,Car,vehicle,15.911762821104942,50,1.0,1.8195466251056485,8.644764574374374,15-30m
t_left,0.02,scene-1094_016,Car,vehicle,17.506747103022423,32,1.0,1.701768473794947,11.992937178773087,15-30m
t_left,0.05,scene-1094_016,Car,vehicle,9.18103350084067,16,1.0,6.995859252436937,1.8319313270064492,<15m
t_left,0.05,scene-1094_016,Car,vehicle,24.054500028618644,22,1.0,2.963364264216311,10.001290416369917,15-30m
t_left,0.05,scene-1094_016,Car,vehicle,28.34964354596788,20,1.0,2.5568521837058307,7.643186977079498,15-30m
t_left,0.05,scene-1094_016,Car,vehicle,34.209905318612876,17,1.0,1.9296929730278123,7.146023987557906,>30m
t_left,0.05,scene-1094_016,Car,vehicle,15.911762821104942,50,1.0,4.548903225859883,8.644764574374374,15-30m
t_left,0.05,scene-1094_016,Car,vehicle,17.506747103022423,32,1.0,4.254453321777488,11.992937178773087,15-30m
t_left,0.1,scene-1094_016,Car,vehicle,9.18103350084067,16,1.0,13.9920082672256,1.8319313270064492,<15m
t_left,0.1,scene-1094_016,Car,vehicle,24.054500028618644,22,1.0,5.926780465075026,10.001290416369917,15-30m
t_left,0.1,scene-1094_016,Car,vehicle,28.34964354596788,20,1.0,5.113743040914966,7.643186977079498,15-30m
t_left,0.1,scene-1094_016,Car,vehicle,34.209905318612876,17,1.0,3.859407961459813,7.146023987557906,>30m
t_left,0.1,scene-1094_016,Car,vehicle,15.911762821104942,50,1.0,9.097928664665599,8.644764574374374,15-30m
t_left,0.1,scene-1094_016,Car,vehicle,17.506747103022423,32,1.0,8.509013770014137,11.992937178773087,15-30m
t_left,0.2,scene-1094_016,Car,vehicle,9.18103350084067,16,0.625,27.98517565587288,1.8319313270064492,<15m
t_left,0.2,scene-1094_016,Car,vehicle,24.054500028618644,22,1.0,11.853768682180931,10.001290416369917,15-30m
t_left,0.2,scene-1094_016,Car,vehicle,28.34964354596788,20,1.0,10.227640779353859,7.643186977079498,15-30m
t_left,0.2,scene-1094_016,Car,vehicle,34.209905318612876,17,1.0,7.718903986042757,7.146023987557906,>30m
t_left,0.2,scene-1094_016,Car,vehicle,15.911762821104942,50,1.0,18.196346200815633,8.644764574374374,15-30m
t_left,0.2,scene-1094_016,Car,vehicle,17.506747103022423,32,1.0,17.018456062050433,11.992937178773087,15-30m
t_up,0.02,scene-1094_016,Car,vehicle,9.18103350084067,16,0.9375,2.8072401927444783,1.8319313270064492,<15m
t_up,0.02,scene-1094_016,Car,vehicle,24.054500028618644,22,1.0,1.186678937067773,10.001290416369917,15-30m
t_up,0.02,scene-1094_016,Car,vehicle,28.34964354596788,20,1.0,1.0242778405431592,7.643186977079498,15-30m
t_up,0.02,scene-1094_016,Car,vehicle,34.209905318612876,17,1.0,0.7718675375451652,7.146023987557906,>30m
t_up,0.02,scene-1094_016,Car,vehicle,15.911762821104942,50,1.0,1.8202683823036683,8.644764574374374,15-30m
t_up,0.02,scene-1094_016,Car,vehicle,17.506747103022423,32,1.0,1.7051804774722599,11.992937178773087,15-30m
t_up,0.05,scene-1094_016,Car,vehicle,9.18103350084067,16,0.9375,7.017669709195817,1.8319313270064492,<15m
t_up,0.05,scene-1094_016,Car,vehicle,24.054500028618644,22,1.0,2.9666202831942337,10.001290416369917,15-30m
t_up,0.05,scene-1094_016,Car,vehicle,28.34964354596788,20,1.0,2.5606371945785726,7.643186977079498,15-30m
t_up,0.05,scene-1094_016,Car,vehicle,34.209905318612876,17,1.0,1.9296362155815043,7.146023987557906,>30m
t_up,0.05,scene-1094_016,Car,vehicle,15.911762821104942,50,1.0,4.550489783708161,8.644764574374374,15-30m
t_up,0.05,scene-1094_016,Car,vehicle,17.506747103022423,32,1.0,4.262792113579634,11.992937178773087,15-30m
t_up,0.1,scene-1094_016,Car,vehicle,9.18103350084067,16,0.9375,14.033903744513449,1.8319313270064492,<15m
t_up,0.1,scene-1094_016,Car,vehicle,24.054500028618644,22,1.0,5.932983719262457,10.001290416369917,15-30m
t_up,0.1,scene-1094_016,Car,vehicle,28.34964354596788,20,1.0,5.121083044665491,7.643186977079498,15-30m
t_up,0.1,scene-1094_016,Car,vehicle,34.209905318612876,17,1.0,3.859163675129073,7.146023987557906,>30m
t_up,0.1,scene-1094_016,Car,vehicle,15.911762821104942,50,1.0,9.100375724689336,8.644764574374374,15-30m
t_up,0.1,scene-1094_016,Car,vehicle,17.506747103022423,32,1.0,8.525054012920432,11.992937178773087,15-30m
t_up,0.2,scene-1094_016,Car,vehicle,9.18103350084067,16,0.9375,28.062066555413807,1.8319313270064492,<15m
t_up,0.2,scene-1094_016,Car,vehicle,24.054500028618644,22,1.0,11.864940183438678,10.001290416369917,15-30m
t_up,0.2,scene-1094_016,Car,vehicle,28.34964354596788,20,0.75,10.24140079714752,7.643186977079498,15-30m
t_up,0.2,scene-1094_016,Car,vehicle,34.209905318612876,17,1.0,7.717892362897514,7.146023987557906,>30m
t_up,0.2,scene-1094_016,Car,vehicle,15.911762821104942,50,1.0,18.198336559180852,8.644764574374374,15-30m
t_up,0.2,scene-1094_016,Car,vehicle,17.506747103022423,32,1.0,17.047987564534342,11.992937178773087,15-30m
none,0.0,scene-1094_017,Car,vehicle,21.65965812324122,27,1.0,0.0,12.46897671059404,15-30m
none,0.0,scene-1094_017,Car,vehicle,26.06131640087972,22,1.0,0.0,9.622357972214866,15-30m
none,0.0,scene-1094_017,Car,vehicle,31.77303846656305,16,1.0,0.0,8.339784403890402,>30m
none,0.0,scene-1094_017,Car,vehicle,17.160915671188533,53,1.0,0.0,7.251212219350696,15-30m
yaw,0.25,scene-1094_017,Car,vehicle,21.65965812324122,27,1.0,6.702365401718896,12.46897671059404,15-30m
yaw,0.25,scene-1094_017,Car,vehicle,26.06131640087972,22,1.0,7.206160547840012,9.622357972214866,15-30m
yaw,0.25,scene-1094_017,Car,vehicle,31.77303846656305,16,1.0,6.306070010744447,8.339784403890402,>30m
yaw,0.25,scene-1094_017,Car,vehicle,17.160915671188533,53,1.0,5.741482566348157,7.251212219350696,15-30m
yaw,0.5,scene-1094_017,Car,vehicle,21.65965812324122,27,1.0,13.379709576941105,12.46897671059404,15-30m
yaw,0.5,scene-1094_017,Car,vehicle,26.06131640087972,22,1.0,14.379075760349803,9.622357972214866,15-30m
yaw,0.5,scene-1094_017,Car,vehicle,31.77303846656305,16,1.0,12.592927742742603,8.339784403890402,>30m
yaw,0.5,scene-1094_017,Car,vehicle,17.160915671188533,53,0.9811320754716981,11.482738793367751,7.251212219350696,15-30m
yaw,1.0,scene-1094_017,Car,vehicle,21.65965812324122,27,1.0,26.66094015311563,12.46897671059404,15-30m
yaw,1.0,scene-1094_017,Car,vehicle,26.06131640087972,22,1.0,28.62719824391911,9.622357972214866,15-30m
yaw,1.0,scene-1094_017,Car,vehicle,31.77303846656305,16,1.0,25.11033162619036,8.339784403890402,>30m
yaw,1.0,scene-1094_017,Car,vehicle,17.160915671188533,53,0.8867924528301887,22.966844045330095,7.251212219350696,15-30m
yaw,2.0,scene-1094_017,Car,vehicle,21.65965812324122,27,0.8888888888888888,52.940543702497024,12.46897671059404,15-30m
yaw,2.0,scene-1094_017,Car,vehicle,26.06131640087972,22,0.9545454545454546,56.74641496124275,9.622357972214866,15-30m
yaw,2.0,scene-1094_017,Car,vehicle,31.77303846656305,16,0.875,49.928980805240045,8.339784403890402,>30m
yaw,2.0,scene-1094_017,Car,vehicle,17.160915671188533,53,0.8679245283018868,45.94834300879296,7.251212219350696,15-30m
yaw,3.0,scene-1094_017,Car,vehicle,21.65965812324122,27,0.7777777777777778,78.86323912433325,12.46897671059404,15-30m
yaw,3.0,scene-1094_017,Car,vehicle,26.06131640087972,22,0.7727272727272727,84.38824213916683,9.622357972214866,15-30m
yaw,3.0,scene-1094_017,Car,vehicle,31.77303846656305,16,0.5625,74.47625862012077,8.339784403890402,>30m
yaw,3.0,scene-1094_017,Car,vehicle,17.160915671188533,53,0.660377358490566,68.97432276628656,7.251212219350696,15-30m
pitch,0.25,scene-1094_017,Car,vehicle,21.65965812324122,27,1.0,5.706332491661723,12.46897671059404,15-30m
pitch,0.25,scene-1094_017,Car,vehicle,26.06131640087972,22,1.0,5.680664187337042,9.622357972214866,15-30m
pitch,0.25,scene-1094_017,Car,vehicle,31.77303846656305,16,1.0,5.648811017569141,8.339784403890402,>30m
pitch,0.25,scene-1094_017,Car,vehicle,17.160915671188533,53,1.0,5.740817901600425,7.251212219350696,15-30m
pitch,0.5,scene-1094_017,Car,vehicle,21.65965812324122,27,1.0,11.41354814285817,12.46897671059404,15-30m
pitch,0.5,scene-1094_017,Car,vehicle,26.06131640087972,22,1.0,11.362271526467003,9.622357972214866,15-30m
pitch,0.5,scene-1094_017,Car,vehicle,31.77303846656305,16,1.0,11.295899777759693,8.339784403890402,>30m
pitch,0.5,scene-1094_017,Car,vehicle,17.160915671188533,53,1.0,11.483577983994554,7.251212219350696,15-30m
pitch,1.0,scene-1094_017,Car,vehicle,21.65965812324122,27,1.0,22.83162315737544,12.46897671059404,15-30m
pitch,1.0,scene-1094_017,Car,vehicle,26.06131640087972,22,0.9090909090909091,22.729304487008605,9.622357972214866,15-30m
pitch,1.0,scene-1094_017,Car,vehicle,31.77303846656305,16,1.0,22.585838772551476,8.339784403890402,>30m
pitch,1.0,scene-1094_017,Car,vehicle,17.160915671188533,53,1.0,22.975854934313006,7.251212219350696,15-30m
pitch,2.0,scene-1094_017,Car,vehicle,21.65965812324122,27,0.8518518518518519,45.68849542537208,12.46897671059404,15-30m
pitch,2.0,scene-1094_017,Car,vehicle,26.06131640087972,22,0.9090909090909091,45.485579534304904,9.622357972214866,15-30m
pitch,2.0,scene-1094_017,Car,vehicle,31.77303846656305,16,1.0,45.155250430723086,8.339784403890402,>30m
pitch,2.0,scene-1094_017,Car,vehicle,17.160915671188533,53,0.6792452830188679,45.99397118266284,7.251212219350696,15-30m
pitch,3.0,scene-1094_017,Car,vehicle,21.65965812324122,27,0.0,68.5862532793964,12.46897671059404,15-30m
pitch,3.0,scene-1094_017,Car,vehicle,26.06131640087972,22,0.4090909090909091,68.28472949266857,9.622357972214866,15-30m
pitch,3.0,scene-1094_017,Car,vehicle,31.77303846656305,16,0.75,67.72305146003578,8.339784403890402,>30m
pitch,3.0,scene-1094_017,Car,vehicle,17.160915671188533,53,0.39622641509433965,69.06936016763116,7.251212219350696,15-30m
roll,0.25,scene-1094_017,Car,vehicle,21.65965812324122,27,1.0,2.3495532581197094,12.46897671059404,15-30m
roll,0.25,scene-1094_017,Car,vehicle,26.06131640087972,22,1.0,2.915451790057257,9.622357972214866,15-30m
roll,0.25,scene-1094_017,Car,vehicle,31.77303846656305,16,1.0,1.9436428189850063,8.339784403890402,>30m
roll,0.25,scene-1094_017,Car,vehicle,17.160915671188533,53,1.0,0.23720548789107426,7.251212219350696,15-30m
roll,0.5,scene-1094_017,Car,vehicle,21.65965812324122,27,1.0,4.699170865910096,12.46897671059404,15-30m
roll,0.5,scene-1094_017,Car,vehicle,26.06131640087972,22,1.0,5.831006352247625,9.622357972214866,15-30m
roll,0.5,scene-1094_017,Car,vehicle,31.77303846656305,16,1.0,3.8873285856210216,8.339784403890402,>30m
roll,0.5,scene-1094_017,Car,vehicle,17.160915671188533,53,1.0,0.4744094506955027,7.251212219350696,15-30m
roll,1.0,scene-1094_017,Car,vehicle,21.65965812324122,27,1.0,9.398554122224848,12.46897671059404,15-30m
roll,1.0,scene-1094_017,Car,vehicle,26.06131640087972,22,1.0,11.662367916694567,9.622357972214866,15-30m
roll,1.0,scene-1094_017,Car,vehicle,31.77303846656305,16,1.0,7.7747919431463135,8.339784403890402,>30m
roll,1.0,scene-1094_017,Car,vehicle,17.160915671188533,53,1.0,0.9488083014030995,7.251212219350696,15-30m
roll,2.0,scene-1094_017,Car,vehicle,21.65965812324122,27,1.0,18.797597547041317,12.46897671059404,15-30m
roll,2.0,scene-1094_017,Car,vehicle,26.06131640087972,22,0.9090909090909091,23.32570937086094,9.622357972214866,15-30m
roll,2.0,scene-1094_017,Car,vehicle,31.77303846656305,16,1.0,15.549826692545514,8.339784403890402,>30m
roll,2.0,scene-1094_017,Car,vehicle,17.160915671188533,53,1.0,1.8975382076596081,7.251212219350696,15-30m
roll,3.0,scene-1094_017,Car,vehicle,21.65965812324122,27,0.9259259259259259,28.196409225398252,12.46897671059404,15-30m
roll,3.0,scene-1094_017,Car,vehicle,26.06131640087972,22,0.9090909090909091,34.989128905498475,9.622357972214866,15-30m
roll,3.0,scene-1094_017,Car,vehicle,31.77303846656305,16,1.0,23.324511324547228,8.339784403890402,>30m
roll,3.0,scene-1094_017,Car,vehicle,17.160915671188533,53,1.0,2.84611773572734,7.251212219350696,15-30m
t_fwd,0.02,scene-1094_017,Car,vehicle,21.65965812324122,27,1.0,0.5943192186410313,12.46897671059404,15-30m
t_fwd,0.02,scene-1094_017,Car,vehicle,26.06131640087972,22,1.0,0.6029595604162146,9.622357972214866,15-30m
t_fwd,0.02,scene-1094_017,Car,vehicle,31.77303846656305,16,1.0,0.3152181168705911,8.339784403890402,>30m
t_fwd,0.02,scene-1094_017,Car,vehicle,17.160915671188533,53,1.0,0.0586406784708005,7.251212219350696,15-30m
t_fwd,0.05,scene-1094_017,Car,vehicle,21.65965812324122,27,1.0,1.4833506458251693,12.46897671059404,15-30m
t_fwd,0.05,scene-1094_017,Car,vehicle,26.06131640087972,22,1.0,1.5053068365463067,9.622357972214866,15-30m
t_fwd,0.05,scene-1094_017,Car,vehicle,31.77303846656305,16,1.0,0.7872154651282088,8.339784403890402,>30m
t_fwd,0.05,scene-1094_017,Car,vehicle,17.160915671188533,53,1.0,0.14631176592021644,7.251212219350696,15-30m
t_fwd,0.1,scene-1094_017,Car,vehicle,21.65965812324122,27,1.0,2.9585790251667143,12.46897671059404,15-30m
t_fwd,0.1,scene-1094_017,Car,vehicle,26.06131640087972,22,1.0,3.003665874450798,9.622357972214866,15-30m
t_fwd,0.1,scene-1094_017,Car,vehicle,31.77303846656305,16,1.0,1.5716725938355234,8.339784403890402,>30m
t_fwd,0.1,scene-1094_017,Car,vehicle,17.160915671188533,53,1.0,0.2916621776830732,7.251212219350696,15-30m
t_fwd,0.2,scene-1094_017,Car,vehicle,21.65965812324122,27,1.0,5.8849343779377845,12.46897671059404,15-30m
t_fwd,0.2,scene-1094_017,Car,vehicle,26.06131640087972,22,1.0,5.979732079746409,9.622357972214866,15-30m
t_fwd,0.2,scene-1094_017,Car,vehicle,31.77303846656305,16,1.0,3.132369629541296,8.339784403890402,>30m
t_fwd,0.2,scene-1094_017,Car,vehicle,17.160915671188533,53,1.0,0.579516591303093,7.251212219350696,15-30m
t_left,0.02,scene-1094_017,Car,vehicle,21.65965812324122,27,1.0,1.3869154536341546,12.46897671059404,15-30m
t_left,0.02,scene-1094_017,Car,vehicle,26.06131640087972,22,1.0,1.175723818244619,9.622357972214866,15-30m
t_left,0.02,scene-1094_017,Car,vehicle,31.77303846656305,16,1.0,0.8882579338051504,8.339784403890402,>30m
t_left,0.02,scene-1094_017,Car,vehicle,17.160915671188533,53,1.0,1.6793673344567321,7.251212219350696,15-30m
t_left,0.05,scene-1094_017,Car,vehicle,21.65965812324122,27,1.0,3.467273474101118,12.46897671059404,15-30m
t_left,0.05,scene-1094_017,Car,vehicle,26.06131640087972,22,1.0,2.9392986521675724,9.622357972214866,15-30m
t_left,0.05,scene-1094_017,Car,vehicle,31.77303846656305,16,1.0,2.220638614427109,8.339784403890402,>30m
t_left,0.05,scene-1094_017,Car,vehicle,17.160915671188533,53,1.0,4.198396079226691,7.251212219350696,15-30m
t_left,0.1,scene-1094_017,Car,vehicle,21.65965812324122,27,1.0,6.93449641550957,12.46897671059404,15-30m
t_left,0.1,scene-1094_017,Car,vehicle,26.06131640087972,22,1.0,5.878560993213615,9.622357972214866,15-30m
t_left,0.1,scene-1094_017,Car,vehicle,31.77303846656305,16,1.0,4.441256495388893,8.339784403890402,>30m
t_left,0.1,scene-1094_017,Car,vehicle,17.160915671188533,53,1.0,8.3967179697847,7.251212219350696,15-30m
t_left,0.2,scene-1094_017,Car,vehicle,21.65965812324122,27,1.0,13.868790704666925,12.46897671059404,15-30m
t_left,0.2,scene-1094_017,Car,vehicle,26.06131640087972,22,1.0,11.75697674463306,9.622357972214866,15-30m
t_left,0.2,scene-1094_017,Car,vehicle,31.77303846656305,16,1.0,8.88243005807658,8.339784403890402,>30m
t_left,0.2,scene-1094_017,Car,vehicle,17.160915671188533,53,0.9245283018867925,16.793139192760542,7.251212219350696,15-30m
t_up,0.02,scene-1094_017,Car,vehicle,21.65965812324122,27,1.0,1.3849182575171242,12.46897671059404,15-30m
t_up,0.02,scene-1094_017,Car,vehicle,26.06131640087972,22,1.0,1.1739616937508641,9.622357972214866,15-30m
t_up,0.02,scene-1094_017,Car,vehicle,31.77303846656305,16,1.0,0.886515885810488,8.339784403890402,>30m
t_up,0.02,scene-1094_017,Car,vehicle,17.160915671188533,53,1.0,1.679396196908211,7.251212219350696,15-30m
t_up,0.05,scene-1094_017,Car,vehicle,21.65965812324122,27,1.0,3.4621967308485573,12.46897671059404,15-30m
t_up,0.05,scene-1094_017,Car,vehicle,26.06131640087972,22,1.0,2.9348331626945665,9.622357972214866,15-30m
t_up,0.05,scene-1094_017,Car,vehicle,31.77303846656305,16,1.0,2.2162491515004765,8.339784403890402,>30m
t_up,0.05,scene-1094_017,Car,vehicle,17.160915671188533,53,1.0,4.198345092328047,7.251212219350696,15-30m
t_up,0.1,scene-1094_017,Car,vehicle,21.65965812324122,27,1.0,6.924063776999805,12.46897671059404,15-30m
t_up,0.1,scene-1094_017,Car,vehicle,26.06131640087972,22,1.0,5.869429435078477,9.622357972214866,15-30m
t_up,0.1,scene-1094_017,Car,vehicle,31.77303846656305,16,1.0,4.432363099514021,8.339784403890402,>30m
t_up,0.1,scene-1094_017,Car,vehicle,17.160915671188533,53,1.0,8.396205562938441,7.251212219350696,15-30m
t_up,0.2,scene-1094_017,Car,vehicle,21.65965812324122,27,1.0,13.846809003555718,12.46897671059404,15-30m
t_up,0.2,scene-1094_017,Car,vehicle,26.06131640087972,22,1.0,11.737911423631907,9.622357972214866,15-30m
t_up,0.2,scene-1094_017,Car,vehicle,31.77303846656305,16,1.0,8.864185434566206,8.339784403890402,>30m
t_up,0.2,scene-1094_017,Car,vehicle,17.160915671188533,53,1.0,16.790472974610946,7.251212219350696,15-30m
none,0.0,scene-1094_018,Car,vehicle,19.114007088160925,41,1.0,0.0,12.403292471370174,15-30m
none,0.0,scene-1094_018,Car,vehicle,29.1574777824176,10,1.0,0.0,9.919160812175289,15-30m
none,0.0,scene-1094_018,Car,vehicle,18.15631805208314,43,0.9767441860465116,0.0,6.513670184666137,15-30m
yaw,0.25,scene-1094_018,Car,vehicle,19.114007088160925,41,1.0,7.287241525174924,12.403292471370174,15-30m
yaw,0.25,scene-1094_018,Car,vehicle,29.1574777824176,10,1.0,6.543140405621578,9.919160812175289,15-30m
yaw,0.25,scene-1094_018,Car,vehicle,18.15631805208314,43,0.9767441860465116,5.712159731008155,6.513670184666137,15-30m
yaw,0.5,scene-1094_018,Car,vehicle,19.114007088160925,41,1.0,14.540417768389064,12.403292471370174,15-30m
yaw,0.5,scene-1094_018,Car,vehicle,29.1574777824176,10,1.0,13.063145449634305,9.919160812175289,15-30m
yaw,0.5,scene-1094_018,Car,vehicle,18.15631805208314,43,0.9302325581395349,11.424385826248235,6.513670184666137,15-30m
yaw,1.0,scene-1094_018,Car,vehicle,19.114007088160925,41,0.975609756097561,28.946661350151846,12.403292471370174,15-30m
yaw,1.0,scene-1094_018,Car,vehicle,29.1574777824176,10,0.8,26.03524807040669,9.919160812175289,15-30m
yaw,1.0,scene-1094_018,Car,vehicle,18.15631805208314,43,0.9302325581395349,22.84892983946631,6.513670184666137,15-30m
yaw,2.0,scene-1094_018,Car,vehicle,19.114007088160925,41,0.926829268292683,57.37291316701855,12.403292471370174,15-30m
yaw,2.0,scene-1094_018,Car,vehicle,29.1574777824176,10,0.8,51.71807372879698,9.919160812175289,15-30m
yaw,2.0,scene-1094_018,Car,vehicle,18.15631805208314,43,0.7441860465116279,45.69996845933926,6.513670184666137,15-30m
yaw,3.0,scene-1094_018,Car,vehicle,19.114007088160925,41,0.8536585365853658,85.31021708364848,12.403292471370174,15-30m
yaw,3.0,scene-1094_018,Car,vehicle,29.1574777824176,10,0.5,77.07132020115324,9.919160812175289,15-30m
yaw,3.0,scene-1094_018,Car,vehicle,18.15631805208314,43,0.5116279069767442,68.567751146901,6.513670184666137,15-30m
pitch,0.25,scene-1094_018,Car,vehicle,19.114007088160925,41,1.0,5.732386519785527,12.403292471370174,15-30m
pitch,0.25,scene-1094_018,Car,vehicle,29.1574777824176,10,1.0,5.641363046442191,9.919160812175289,15-30m
pitch,0.25,scene-1094_018,Car,vehicle,18.15631805208314,43,0.9767441860465116,5.711969117922806,6.513670184666137,15-30m
pitch,0.5,scene-1094_018,Car,vehicle,19.114007088160925,41,1.0,11.467242425069934,12.403292471370174,15-30m
pitch,0.5,scene-1094_018,Car,vehicle,29.1574777824176,10,1.0,11.283001681894557,9.919160812175289,15-30m
pitch,0.5,scene-1094_018,Car,vehicle,18.15631805208314,43,0.9767441860465116,11.425880448555029,6.513670184666137,15-30m
pitch,1.0,scene-1094_018,Car,vehicle,19.114007088160925,41,1.0,22.945389465608507,12.403292471370174,15-30m
pitch,1.0,scene-1094_018,Car,vehicle,29.1574777824176,10,0.9,22.56852137382477,9.919160812175289,15-30m
pitch,1.0,scene-1094_018,Car,vehicle,18.15631805208314,43,0.9767441860465116,22.860448458828735,6.513670184666137,15-30m
pitch,2.0,scene-1094_018,Car,vehicle,19.114007088160925,41,1.0,45.94264275715343,12.403292471370174,15-30m
pitch,2.0,scene-1094_018,Car,vehicle,29.1574777824176,10,0.9,45.16192939605975,9.919160812175289,15-30m
pitch,2.0,scene-1094_018,Car,vehicle,18.15631805208314,43,0.627906976744186,45.76302000339052,6.513670184666137,15-30m
pitch,3.0,scene-1094_018,Car,vehicle,19.114007088160925,41,0.6829268292682927,68.99817538318615,12.403292471370174,15-30m
pitch,3.0,scene-1094_018,Car,vehicle,29.1574777824176,10,0.5,67.78134842641825,9.919160812175289,15-30m
pitch,3.0,scene-1094_018,Car,vehicle,18.15631805208314,43,0.3023255813953488,68.72253957784208,6.513670184666137,15-30m
roll,0.25,scene-1094_018,Car,vehicle,19.114007088160925,41,1.0,2.953184239045516,12.403292471370174,15-30m
roll,0.25,scene-1094_018,Car,vehicle,29.1574777824176,10,1.0,2.2442545949974173,9.919160812175289,15-30m
roll,0.25,scene-1094_018,Car,vehicle,18.15631805208314,43,0.9767441860465116,0.21977031019419438,6.513670184666137,15-30m
roll,0.5,scene-1094_018,Car,vehicle,19.114007088160925,41,1.0,5.906486391058204,12.403292471370174,15-30m
roll,0.5,scene-1094_018,Car,vehicle,29.1574777824176,10,1.0,4.488575129667931,9.919160812175289,15-30m
roll,0.5,scene-1094_018,Car,vehicle,18.15631805208314,43,0.9767441860465116,0.439540294536466,6.513670184666137,15-30m
roll,1.0,scene-1094_018,Car,vehicle,19.114007088160925,41,1.0,11.81338778864575,12.403292471370174,15-30m
roll,1.0,scene-1094_018,Car,vehicle,29.1574777824176,10,1.0,8.977371179942043,9.919160812175289,15-30m
roll,1.0,scene-1094_018,Car,vehicle,18.15631805208314,43,0.9767441860465116,0.8790750900754614,6.513670184666137,15-30m
roll,2.0,scene-1094_018,Car,vehicle,19.114007088160925,41,1.0,23.627982099037258,12.403292471370174,15-30m
roll,2.0,scene-1094_018,Car,vehicle,29.1574777824176,10,1.0,17.955283141716155,9.919160812175289,15-30m
roll,2.0,scene-1094_018,Car,vehicle,18.15631805208314,43,0.9767441860465116,1.7580946183684463,6.513670184666137,15-30m
roll,3.0,scene-1094_018,Car,vehicle,19.114007088160925,41,1.0,35.44287497139881,12.403292471370174,15-30m
roll,3.0,scene-1094_018,Car,vehicle,29.1574777824176,10,0.9,26.93304954272589,9.919160812175289,15-30m
roll,3.0,scene-1094_018,Car,vehicle,18.15631805208314,43,0.9767441860465116,2.6369914520363893,6.513670184666137,15-30m
t_fwd,0.02,scene-1094_018,Car,vehicle,19.114007088160925,41,1.0,0.8555467515224143,12.403292471370174,15-30m
t_fwd,0.02,scene-1094_018,Car,vehicle,29.1574777824176,10,1.0,0.39424021899436984,9.919160812175289,15-30m
t_fwd,0.02,scene-1094_018,Car,vehicle,18.15631805208314,43,0.9767441860465116,0.0591346687905965,6.513670184666137,15-30m
t_fwd,0.05,scene-1094_018,Car,vehicle,19.114007088160925,41,1.0,2.1347595174661294,12.403292471370174,15-30m
t_fwd,0.05,scene-1094_018,Car,vehicle,29.1574777824176,10,1.0,0.984471317250463,9.919160812175289,15-30m
t_fwd,0.05,scene-1094_018,Car,vehicle,18.15631805208314,43,0.9767441860465116,0.14756569512200893,6.513670184666137,15-30m
t_fwd,0.1,scene-1094_018,Car,vehicle,19.114007088160925,41,1.0,4.255897718330857,12.403292471370174,15-30m
t_fwd,0.1,scene-1094_018,Car,vehicle,29.1574777824176,10,1.0,1.9651900123369155,9.919160812175289,15-30m
t_fwd,0.1,scene-1094_018,Car,vehicle,18.15631805208314,43,0.9767441860465116,0.2942325356052538,6.513670184666137,15-30m
t_fwd,0.2,scene-1094_018,Car,vehicle,19.114007088160925,41,1.0,8.457828347283709,12.403292471370174,15-30m
t_fwd,0.2,scene-1094_018,Car,vehicle,29.1574777824176,10,1.0,3.9154550372186163,9.919160812175289,15-30m
t_fwd,0.2,scene-1094_018,Car,vehicle,18.15631805208314,43,0.9767441860465116,0.5849023044765779,6.513670184666137,15-30m
t_left,0.02,scene-1094_018,Car,vehicle,19.114007088160925,41,1.0,1.6110680226169505,12.403292471370174,15-30m
t_left,0.02,scene-1094_018,Car,vehicle,29.1574777824176,10,1.0,0.9699654645294722,9.919160812175289,15-30m
t_left,0.02,scene-1094_018,Car,vehicle,18.15631805208314,43,0.9767441860465116,1.5665381055548326,6.513670184666137,15-30m
t_left,0.05,scene-1094_018,Car,vehicle,19.114007088160925,41,1.0,4.027656877525032,12.403292471370174,15-30m
t_left,0.05,scene-1094_018,Car,vehicle,29.1574777824176,10,1.0,2.42490888318068,9.919160812175289,15-30m
t_left,0.05,scene-1094_018,Car,vehicle,18.15631805208314,43,0.9767441860465116,3.9163327929257896,6.513670184666137,15-30m
t_left,0.1,scene-1094_018,Car,vehicle,19.114007088160925,41,1.0,8.055269825372346,12.403292471370174,15-30m
t_left,0.1,scene-1094_018,Car,vehicle,29.1574777824176,10,1.0,4.849801839301168,9.919160812175289,15-30m
t_left,0.1,scene-1094_018,Car,vehicle,18.15631805208314,43,0.9302325581395349,7.832624016333725,6.513670184666137,15-30m
t_left,0.2,scene-1094_018,Car,vehicle,19.114007088160925,41,1.0,16.110363934911295,12.403292471370174,15-30m
t_left,0.2,scene-1094_018,Car,vehicle,29.1574777824176,10,1.0,9.699539970990273,9.919160812175289,15-30m
t_left,0.2,scene-1094_018,Car,vehicle,18.15631805208314,43,0.9302325581395349,15.665081757243058,6.513670184666137,15-30m
t_up,0.02,scene-1094_018,Car,vehicle,19.114007088160925,41,1.0,1.6110415274996157,12.403292471370174,15-30m
t_up,0.02,scene-1094_018,Car,vehicle,29.1574777824176,10,1.0,0.9690119521486928,9.919160812175289,15-30m
t_up,0.02,scene-1094_018,Car,vehicle,18.15631805208314,43,0.9767441860465116,1.5675813557640113,6.513670184666137,15-30m
t_up,0.05,scene-1094_018,Car,vehicle,19.114007088160925,41,1.0,4.027455626299415,12.403292471370174,15-30m
t_up,0.05,scene-1094_018,Car,vehicle,29.1574777824176,10,1.0,2.4224762029815627,9.919160812175289,15-30m
t_up,0.05,scene-1094_018,Car,vehicle,18.15631805208314,43,0.9767441860465116,3.9188130628525872,6.513670184666137,15-30m
t_up,0.1,scene-1094_018,Car,vehicle,19.114007088160925,41,1.0,8.054417326232297,12.403292471370174,15-30m
t_up,0.1,scene-1094_018,Car,vehicle,29.1574777824176,10,1.0,4.844773491901254,9.919160812175289,15-30m
t_up,0.1,scene-1094_018,Car,vehicle,18.15631805208314,43,0.9767441860465116,7.837158415174571,6.513670184666137,15-30m
t_up,0.2,scene-1094_018,Car,vehicle,19.114007088160925,41,1.0,16.106859310404143,12.403292471370174,15-30m
t_up,0.2,scene-1094_018,Car,vehicle,29.1574777824176,10,1.0,9.688831406833458,9.919160812175289,15-30m
t_up,0.2,scene-1094_018,Car,vehicle,18.15631805208314,43,0.9767441860465116,15.672446323115487,6.513670184666137,15-30m
none,0.0,scene-1094_019,Car,vehicle,16.437210398548768,20,1.0,0.0,6.381262651415991,15-30m
none,0.0,scene-1094_019,Car,vehicle,26.332464053887026,34,1.0,0.0,11.588714659987266,15-30m
none,0.0,scene-1094_019,Car,vehicle,19.15971828926305,31,1.0,0.0,6.13193123895276,15-30m
none,0.0,scene-1094_019,Car,vehicle,23.500503716018446,13,1.0,0.0,9.755843149594158,15-30m
yaw,0.25,scene-1094_019,Car,vehicle,16.437210398548768,20,1.0,7.470345193664036,6.381262651415991,15-30m
yaw,0.25,scene-1094_019,Car,vehicle,26.332464053887026,34,1.0,7.020410887474256,11.588714659987266,15-30m
yaw,0.25,scene-1094_019,Car,vehicle,19.15971828926305,31,0.9354838709677419,5.69888321201826,6.13193123895276,15-30m
yaw,0.25,scene-1094_019,Car,vehicle,23.500503716018446,13,1.0,6.679121286863501,9.755843149594158,15-30m
yaw,0.5,scene-1094_019,Car,vehicle,16.437210398548768,20,1.0,14.903837719438258,6.381262651415991,15-30m
yaw,0.5,scene-1094_019,Car,vehicle,26.332464053887026,34,1.0,14.01033206176555,11.588714659987266,15-30m
yaw,0.5,scene-1094_019,Car,vehicle,19.15971828926305,31,0.9354838709677419,11.397575057257209,6.13193123895276,15-30m
yaw,0.5,scene-1094_019,Car,vehicle,23.500503716018446,13,1.0,13.333288763481775,9.755843149594158,15-30m
yaw,1.0,scene-1094_019,Car,vehicle,16.437210398548768,20,0.95,29.662513698641618,6.381262651415991,15-30m
yaw,1.0,scene-1094_019,Car,vehicle,26.332464053887026,34,0.9705882352941176,27.90057887046337,11.588714659987266,15-30m
yaw,1.0,scene-1094_019,Car,vehicle,19.15971828926305,31,0.9032258064516129,22.795296334034603,6.13193123895276,15-30m
yaw,1.0,scene-1094_019,Car,vehicle,23.500503716018446,13,0.8461538461538461,26.568357006710144,9.755843149594158,15-30m
yaw,2.0,scene-1094_019,Car,vehicle,16.437210398548768,20,0.75,58.76191555234307,6.381262651415991,15-30m
yaw,2.0,scene-1094_019,Car,vehicle,26.332464053887026,34,0.8823529411764706,55.33545730736154,11.588714659987266,15-30m
yaw,2.0,scene-1094_019,Car,vehicle,19.15971828926305,31,0.7096774193548387,45.59504559864154,6.13193123895276,15-30m
yaw,2.0,scene-1094_019,Car,vehicle,23.500503716018446,13,0.8461538461538461,52.756323545413736,9.755843149594158,15-30m
yaw,3.0,scene-1094_019,Car,vehicle,16.437210398548768,20,0.4,87.33203268735008,6.381262651415991,15-30m
yaw,3.0,scene-1094_019,Car,vehicle,26.332464053887026,34,0.7058823529411765,82.33296685513173,11.588714659987266,15-30m
yaw,3.0,scene-1094_019,Car,vehicle,19.15971828926305,31,0.45161290322580644,68.40179149847467,6.13193123895276,15-30m
yaw,3.0,scene-1094_019,Car,vehicle,23.500503716018446,13,0.8461538461538461,78.58815701985301,9.755843149594158,15-30m
pitch,0.25,scene-1094_019,Car,vehicle,16.437210398548768,20,1.0,5.741692577163132,6.381262651415991,15-30m
pitch,0.25,scene-1094_019,Car,vehicle,26.332464053887026,34,1.0,5.6576265707542275,11.588714659987266,15-30m
pitch,0.25,scene-1094_019,Car,vehicle,19.15971828926305,31,1.0,5.698503712925733,6.13193123895276,15-30m
pitch,0.25,scene-1094_019,Car,vehicle,23.500503716018446,13,1.0,5.68012977892952,9.755843149594158,15-30m
pitch,0.5,scene-1094_019,Car,vehicle,16.437210398548768,20,1.0,11.487428373698318,6.381262651415991,15-30m
pitch,0.5,scene-1094_019,Car,vehicle,26.332464053887026,34,1.0,11.315436117484456,11.588714659987266,15-30m
pitch,0.5,scene-1094_019,Car,vehicle,19.15971828926305,31,1.0,11.398965851897641,6.13193123895276,15-30m
pitch,0.5,scene-1094_019,Car,vehicle,23.500503716018446,13,1.0,11.362572534900378,9.755843149594158,15-30m
pitch,1.0,scene-1094_019,Car,vehicle,16.437210398548768,20,1.0,22.99206283679417,6.381262651415991,15-30m
pitch,1.0,scene-1094_019,Car,vehicle,26.332464053887026,34,1.0,22.630827120521495,11.588714659987266,15-30m
pitch,1.0,scene-1094_019,Car,vehicle,19.15971828926305,31,1.0,22.806678741460825,6.13193123895276,15-30m
pitch,1.0,scene-1094_019,Car,vehicle,23.500503716018446,13,0.9230769230769231,22.73536316618345,9.755843149594158,15-30m
pitch,2.0,scene-1094_019,Car,vehicle,16.437210398548768,20,1.0,46.061258663491216,6.381262651415991,15-30m
pitch,2.0,scene-1094_019,Car,vehicle,26.332464053887026,34,0.8529411764705882,45.265423443918124,11.588714659987266,15-30m
pitch,2.0,scene-1094_019,Car,vehicle,19.15971828926305,31,0.5483870967741935,45.65567540120671,6.13193123895276,15-30m
pitch,2.0,scene-1094_019,Car,vehicle,23.500503716018446,13,0.9230769230769231,45.519354495561224,9.755843149594158,15-30m
pitch,3.0,scene-1094_019,Car,vehicle,16.437210398548768,20,0.95,69.22434282176613,6.381262651415991,15-30m
pitch,3.0,scene-1094_019,Car,vehicle,26.332464053887026,34,0.8529411764705882,67.91880800504582,11.588714659987266,15-30m
pitch,3.0,scene-1094_019,Car,vehicle,19.15971828926305,31,0.0967741935483871,68.56172851565344,6.13193123895276,15-30m
pitch,3.0,scene-1094_019,Car,vehicle,23.500503716018446,13,0.0,68.3675744965965,9.755843149594158,15-30m
roll,0.25,scene-1094_019,Car,vehicle,16.437210398548768,20,1.0,3.1247748612014457,6.381262651415991,15-30m
roll,0.25,scene-1094_019,Car,vehicle,26.332464053887026,34,1.0,2.7584235698012263,11.588714659987266,15-30m
roll,0.25,scene-1094_019,Car,vehicle,19.15971828926305,31,1.0,0.2752948034932197,6.13193123895276,15-30m
roll,0.25,scene-1094_019,Car,vehicle,23.500503716018446,13,1.0,2.3709871906010456,9.755843149594158,15-30m
roll,0.5,scene-1094_019,Car,vehicle,16.437210398548768,20,1.0,6.249671469662869,6.381262651415991,15-30m
roll,0.5,scene-1094_019,Car,vehicle,26.332464053887026,34,1.0,5.516940888836225,11.588714659987266,15-30m
roll,0.5,scene-1094_019,Car,vehicle,19.15971828926305,31,1.0,0.5505883180176642,6.13193123895276,15-30m
roll,0.5,scene-1094_019,Car,vehicle,23.500503716018446,13,1.0,4.742041793684468,9.755843149594158,15-30m
roll,1.0,scene-1094_019,Car,vehicle,16.437210398548768,20,1.0,12.499770008642454,6.381262651415991,15-30m
roll,1.0,scene-1094_019,Car,vehicle,26.332464053887026,34,1.0,11.034204093952738,11.588714659987266,15-30m
roll,1.0,scene-1094_019,Car,vehicle,19.15971828926305,31,1.0,1.1011662055761746,6.13193123895276,15-30m
roll,1.0,scene-1094_019,Car,vehicle,23.500503716018446,13,1.0,9.484307859015189,9.755843149594158,15-30m
roll,2.0,scene-1094_019,Car,vehicle,16.437210398548768,20,1.0,25.000768583388073,6.381262651415991,15-30m
roll,2.0,scene-1094_019,Car,vehicle,26.332464053887026,34,1.0,22.069275733019005,11.588714659987266,15-30m
roll,2.0,scene-1094_019,Car,vehicle,19.15971828926305,31,1.0,2.2022484936786713,6.13193123895276,15-30m
roll,2.0,scene-1094_019,Car,vehicle,23.500503716018446,13,0.9230769230769231,18.969149577219518,9.755843149594158,15-30m
roll,3.0,scene-1094_019,Car,vehicle,16.437210398548768,20,1.0,37.50203531878046,6.381262651415991,15-30m
roll,3.0,scene-1094_019,Car,vehicle,26.332464053887026,34,1.0,33.104370714705915,11.588714659987266,15-30m
roll,3.0,scene-1094_019,Car,vehicle,19.15971828926305,31,1.0,3.3031624783262252,6.13193123895276,15-30m
roll,3.0,scene-1094_019,Car,vehicle,23.500503716018446,13,0.9230769230769231,28.453798145033623,9.755843149594158,15-30m
t_fwd,0.02,scene-1094_019,Car,vehicle,16.437210398548768,20,1.0,0.9665214101311725,6.381262651415991,15-30m
t_fwd,0.02,scene-1094_019,Car,vehicle,26.332464053887026,34,1.0,0.565740885692311,11.588714659987266,15-30m
t_fwd,0.02,scene-1094_019,Car,vehicle,19.15971828926305,31,1.0,0.051058362208910246,6.13193123895276,15-30m
t_fwd,0.02,scene-1094_019,Car,vehicle,23.500503716018446,13,1.0,0.5440445499577212,9.755843149594158,15-30m
t_fwd,0.05,scene-1094_019,Car,vehicle,16.437210398548768,20,1.0,2.4114182062776255,6.381262651415991,15-30m
t_fwd,0.05,scene-1094_019,Car,vehicle,26.332464053887026,34,1.0,1.4124559590782613,11.588714659987266,15-30m
t_fwd,0.05,scene-1094_019,Car,vehicle,19.15971828926305,31,1.0,0.1274220680025282,6.13193123895276,15-30m
t_fwd,0.05,scene-1094_019,Car,vehicle,23.500503716018446,13,1.0,1.3580711485463581,9.755843149594158,15-30m
t_fwd,0.1,scene-1094_019,Car,vehicle,16.437210398548768,20,1.0,4.806639519264985,6.381262651415991,15-30m
t_fwd,0.1,scene-1094_019,Car,vehicle,26.332464053887026,34,1.0,2.8186136160404205,11.588714659987266,15-30m
t_fwd,0.1,scene-1094_019,Car,vehicle,19.15971828926305,31,1.0,0.2541014898150593,6.13193123895276,15-30m
t_fwd,0.1,scene-1094_019,Car,vehicle,23.500503716018446,13,1.0,2.7093686785662356,9.755843149594158,15-30m
t_fwd,0.2,scene-1094_019,Car,vehicle,16.437210398548768,20,1.0,9.549139860235222,6.381262651415991,15-30m
t_fwd,0.2,scene-1094_019,Car,vehicle,26.332464053887026,34,1.0,5.6122017852111545,11.588714659987266,15-30m
t_fwd,0.2,scene-1094_019,Car,vehicle,19.15971828926305,31,1.0,0.5052582143027259,6.13193123895276,15-30m
t_fwd,0.2,scene-1094_019,Car,vehicle,23.500503716018446,13,1.0,5.39184458467905,9.755843149594158,15-30m
t_left,0.02,scene-1094_019,Car,vehicle,16.437210398548768,20,1.0,1.7140634494585498,6.381262651415991,15-30m
t_left,0.02,scene-1094_019,Car,vehicle,26.332464053887026,34,1.0,1.1350212287765324,11.588714659987266,15-30m
t_left,0.02,scene-1094_019,Car,vehicle,19.15971828926305,31,1.0,1.479930405183615,6.13193123895276,15-30m
t_left,0.02,scene-1094_019,Car,vehicle,23.500503716018446,13,1.0,1.2704508250053326,9.755843149594158,15-30m
t_left,0.05,scene-1094_019,Car,vehicle,16.437210398548768,20,1.0,4.285148724423954,6.381262651415991,15-30m
t_left,0.05,scene-1094_019,Car,vehicle,26.332464053887026,34,1.0,2.837548731014714,11.588714659987266,15-30m
t_left,0.05,scene-1094_019,Car,vehicle,19.15971828926305,31,0.967741935483871,3.6998186290295654,6.13193123895276,15-30m
t_left,0.05,scene-1094_019,Car,vehicle,23.500503716018446,13,1.0,3.176121623432484,9.755843149594158,15-30m
t_left,0.1,scene-1094_019,Car,vehicle,16.437210398548768,20,1.0,8.570264451644064,6.381262651415991,15-30m
t_left,0.1,scene-1094_019,Car,vehicle,26.332464053887026,34,1.0,5.675082992333383,11.588714659987266,15-30m
t_left,0.1,scene-1094_019,Car,vehicle,19.15971828926305,31,0.9354838709677419,7.399612645091898,6.13193123895276,15-30m
t_left,0.1,scene-1094_019,Car,vehicle,23.500503716018446,13,1.0,6.352225116678929,9.755843149594158,15-30m
t_left,0.2,scene-1094_019,Car,vehicle,16.437210398548768,20,1.0,17.14039691599585,6.381262651415991,15-30m
t_left,0.2,scene-1094_019,Car,vehicle,26.332464053887026,34,1.0,11.35010810632507,11.588714659987266,15-30m
t_left,0.2,scene-1094_019,Car,vehicle,19.15971828926305,31,0.9032258064516129,14.799126839297031,6.13193123895276,15-30m
t_left,0.2,scene-1094_019,Car,vehicle,23.500503716018446,13,1.0,12.704377713233994,9.755843149594158,15-30m
t_up,0.02,scene-1094_019,Car,vehicle,16.437210398548768,20,1.0,1.713930893446753,6.381262651415991,15-30m
t_up,0.02,scene-1094_019,Car,vehicle,26.332464053887026,34,1.0,1.1340414216300434,11.588714659987266,15-30m
t_up,0.02,scene-1094_019,Car,vehicle,19.15971828926305,31,1.0,1.4804057964166883,6.13193123895276,15-30m
t_up,0.02,scene-1094_019,Car,vehicle,23.500503716018446,13,1.0,1.270301182337681,9.755843149594158,15-30m
t_up,0.05,scene-1094_019,Car,vehicle,16.437210398548768,20,1.0,4.284671988738073,6.381262651415991,15-30m
t_up,0.05,scene-1094_019,Car,vehicle,26.332464053887026,34,1.0,2.835035529528559,11.588714659987266,15-30m
t_up,0.05,scene-1094_019,Car,vehicle,19.15971828926305,31,1.0,3.7008986336729857,6.13193123895276,15-30m
t_up,0.05,scene-1094_019,Car,vehicle,23.500503716018446,13,1.0,3.175667659413506,9.755843149594158,15-30m
t_up,0.1,scene-1094_019,Car,vehicle,16.437210398548768,20,1.0,8.568826544542398,6.381262651415991,15-30m
t_up,0.1,scene-1094_019,Car,vehicle,26.332464053887026,34,1.0,5.669844325076086,11.588714659987266,15-30m
t_up,0.1,scene-1094_019,Car,vehicle,19.15971828926305,31,1.0,7.40141110835348,6.13193123895276,15-30m
t_up,0.1,scene-1094_019,Car,vehicle,23.500503716018446,13,1.0,6.351051017754725,9.755843149594158,15-30m
t_up,0.2,scene-1094_019,Car,vehicle,16.437210398548768,20,1.0,17.1355837322313,6.381262651415991,15-30m
t_up,0.2,scene-1094_019,Car,vehicle,26.332464053887026,34,1.0,11.338781823019227,11.588714659987266,15-30m
t_up,0.2,scene-1094_019,Car,vehicle,19.15971828926305,31,1.0,14.80127782246783,6.13193123895276,15-30m
t_up,0.2,scene-1094_019,Car,vehicle,23.500503716018446,13,1.0,12.700964983918631,9.755843149594158,15-30m
none,0.0,scene-1094_020,Car,vehicle,23.827037409407165,21,1.0,0.0,7.2827078020214495,15-30m
none,0.0,scene-1094_020,Car,vehicle,20.015528715343535,37,1.0,0.0,5.840713513366688,15-30m
none,0.0,scene-1094_020,Car,vehicle,20.886528396267757,24,1.0,0.0,12.010309646042247,15-30m
yaw,0.25,scene-1094_020,Car,vehicle,23.827037409407165,21,1.0,7.5155344932132815,7.2827078020214495,15-30m
yaw,0.25,scene-1094_020,Car,vehicle,20.015528715343535,37,0.9459459459459459,5.685866244426866,5.840713513366688,15-30m
yaw,0.25,scene-1094_020,Car,vehicle,20.886528396267757,24,1.0,7.167782797577878,12.010309646042247,15-30m
yaw,0.5,scene-1094_020,Car,vehicle,23.827037409407165,21,1.0,14.99303086408595,7.2827078020214495,15-30m
yaw,0.5,scene-1094_020,Car,vehicle,20.015528715343535,37,0.918918918918919,11.371293430243911,5.840713513366688,15-30m
yaw,0.5,scene-1094_020,Car,vehicle,20.886528396267757,24,1.0,14.303118015184598,12.010309646042247,15-30m
yaw,1.0,scene-1094_020,Car,vehicle,23.827037409407165,21,1.0,29.836213786080773,7.2827078020214495,15-30m
yaw,1.0,scene-1094_020,Car,vehicle,20.015528715343535,37,0.8378378378378378,22.743045480773333,5.840713513366688,15-30m
yaw,1.0,scene-1094_020,Car,vehicle,20.886528396267757,24,1.0,28.478435501941775,12.010309646042247,15-30m
yaw,2.0,scene-1094_020,Car,vehicle,23.827037409407165,21,0.8571428571428571,59.09099691746872,7.2827078020214495,15-30m
yaw,2.0,scene-1094_020,Car,vehicle,20.015528715343535,37,0.5945945945945946,45.488373744019405,5.840713513366688,15-30m
yaw,2.0,scene-1094_020,Car,vehicle,20.886528396267757,24,0.9166666666666666,56.46120649429924,12.010309646042247,15-30m
yaw,3.0,scene-1094_020,Car,vehicle,23.827037409407165,21,0.7142857142857143,87.79897700454326,7.2827078020214495,15-30m
yaw,3.0,scene-1094_020,Car,vehicle,20.015528715343535,37,0.43243243243243246,68.24407425468627,5.840713513366688,15-30m
yaw,3.0,scene-1094_020,Car,vehicle,20.886528396267757,24,0.7916666666666666,83.97835027390616,12.010309646042247,15-30m
pitch,0.25,scene-1094_020,Car,vehicle,23.827037409407165,21,1.0,5.671810415529441,7.2827078020214495,15-30m
pitch,0.25,scene-1094_020,Car,vehicle,20.015528715343535,37,1.0,5.686713024566757,5.840713513366688,15-30m
pitch,0.25,scene-1094_020,Car,vehicle,20.886528396267757,24,1.0,5.704603538740132,12.010309646042247,15-30m
pitch,0.5,scene-1094_020,Car,vehicle,23.827037409407165,21,1.0,11.344395914015799,7.2827078020214495,15-30m
pitch,0.5,scene-1094_020,Car,vehicle,20.015528715343535,37,1.0,11.375401270267298,5.840713513366688,15-30m
pitch,0.5,scene-1094_020,Car,vehicle,20.886528396267757,24,1.0,11.411645036658964,12.010309646042247,15-30m
pitch,1.0,scene-1094_020,Car,vehicle,23.827037409407165,21,1.0,22.69250447001022,7.2827078020214495,15-30m
pitch,1.0,scene-1094_020,Car,vehicle,20.015528715343535,37,1.0,22.7596126899885,5.840713513366688,15-30m
pitch,1.0,scene-1094_020,Car,vehicle,20.886528396267757,24,1.0,22.834045823481098,12.010309646042247,15-30m
pitch,2.0,scene-1094_020,Car,vehicle,23.827037409407165,21,0.9047619047619048,45.387113082707494,7.2827078020214495,15-30m
pitch,2.0,scene-1094_020,Car,vehicle,20.015528715343535,37,0.5945945945945946,45.56176318326078,5.840713513366688,15-30m
pitch,2.0,scene-1094_020,Car,vehicle,20.886528396267757,24,0.6666666666666666,45.71917393277856,12.010309646042247,15-30m
pitch,3.0,scene-1094_020,Car,vehicle,23.827037409407165,21,0.7619047619047619,68.10001528941353,7.2827078020214495,15-30m
pitch,3.0,scene-1094_020,Car,vehicle,20.015528715343535,37,0.24324324324324326,68.42112476253892,5.840713513366688,15-30m
pitch,3.0,scene-1094_020,Car,vehicle,20.886528396267757,24,0.6666666666666666,68.67159741671634,12.010309646042247,15-30m
roll,0.25,scene-1094_020,Car,vehicle,23.827037409407165,21,1.0,3.204325796154735,7.2827078020214495,15-30m
roll,0.25,scene-1094_020,Car,vehicle,20.015528715343535,37,1.0,0.26196526638759,5.840713513366688,15-30m
roll,0.25,scene-1094_020,Car,vehicle,20.886528396267757,24,1.0,2.860923951381601,12.010309646042247,15-30m
roll,0.5,scene-1094_020,Car,vehicle,23.827037409407165,21,1.0,6.408776414232874,7.2827078020214495,15-30m
roll,0.5,scene-1094_020,Car,vehicle,20.015528715343535,37,1.0,0.5239302174471895,5.840713513366688,15-30m
roll,0.5,scene-1094_020,Car,vehicle,20.886528396267757,24,1.0,5.721944568768807,12.010309646042247,15-30m
roll,1.0,scene-1094_020,Car,vehicle,23.827037409407165,21,1.0,12.817990794142395,7.2827078020214495,15-30m
roll,1.0,scene-1094_020,Car,vehicle,20.015528715343535,37,1.0,1.0478541862931448,5.840713513366688,15-30m
roll,1.0,scene-1094_020,Car,vehicle,20.886528396267757,24,1.0,11.444220807207891,12.010309646042247,15-30m
roll,2.0,scene-1094_020,Car,vehicle,23.827037409407165,21,1.0,25.637242512827427,7.2827078020214495,15-30m
roll,2.0,scene-1094_020,Car,vehicle,20.015528715343535,37,1.0,2.095643478381653,5.840713513366688,15-30m
roll,2.0,scene-1094_020,Car,vehicle,20.886528396267757,24,1.0,22.889328054141018,12.010309646042247,15-30m
roll,3.0,scene-1094_020,Car,vehicle,23.827037409407165,21,0.9047619047619048,38.456772272054984,7.2827078020214495,15-30m
roll,3.0,scene-1094_020,Car,vehicle,20.015528715343535,37,1.0,3.143288074510245,5.840713513366688,15-30m
roll,3.0,scene-1094_020,Car,vehicle,20.886528396267757,24,0.9166666666666666,34.33444047597409,12.010309646042247,15-30m
t_fwd,0.02,scene-1094_020,Car,vehicle,23.827037409407165,21,1.0,0.7321657237419477,7.2827078020214495,15-30m
t_fwd,0.02,scene-1094_020,Car,vehicle,20.015528715343535,37,1.0,0.05318716485549286,5.840713513366688,15-30m
t_fwd,0.02,scene-1094_020,Car,vehicle,20.886528396267757,24,1.0,0.7682201407213812,12.010309646042247,15-30m
t_fwd,0.05,scene-1094_020,Car,vehicle,23.827037409407165,21,1.0,1.8276879211501376,7.2827078020214495,15-30m
t_fwd,0.05,scene-1094_020,Car,vehicle,20.015528715343535,37,1.0,0.13274691088136034,5.840713513366688,15-30m
t_fwd,0.05,scene-1094_020,Car,vehicle,20.886528396267757,24,1.0,1.917180757547617,12.010309646042247,15-30m
t_fwd,0.1,scene-1094_020,Car,vehicle,23.827037409407165,21,1.0,3.6463238894232544,7.2827078020214495,15-30m
t_fwd,0.1,scene-1094_020,Car,vehicle,20.015528715343535,37,1.0,0.26476040693769004,5.840713513366688,15-30m
t_fwd,0.1,scene-1094_020,Car,vehicle,20.886528396267757,24,1.0,3.8231819316827096,12.010309646042247,15-30m
t_fwd,0.2,scene-1094_020,Car,vehicle,23.827037409407165,21,1.0,7.256707630230772,7.2827078020214495,15-30m
t_fwd,0.2,scene-1094_020,Car,vehicle,20.015528715343535,37,1.0,0.5266113332980471,5.840713513366688,15-30m
t_fwd,0.2,scene-1094_020,Car,vehicle,20.886528396267757,24,1.0,7.60203440957344,12.010309646042247,15-30m
t_left,0.02,scene-1094_020,Car,vehicle,23.827037409407165,21,1.0,1.2626477515694239,7.2827078020214495,15-30m
t_left,0.02,scene-1094_020,Car,vehicle,20.015528715343535,37,1.0,1.4070740114680809,5.840713513366688,15-30m
t_left,0.02,scene-1094_020,Car,vehicle,20.886528396267757,24,1.0,1.4871520827025058,12.010309646042247,15-30m
t_left,0.05,scene-1094_020,Car,vehicle,23.827037409407165,21,1.0,3.1566079010874537,7.2827078020214495,15-30m
t_left,0.05,scene-1094_020,Car,vehicle,20.015528715343535,37,1.0,3.517670756021755,5.840713513366688,15-30m
t_left,0.05,scene-1094_020,Car,vehicle,20.886528396267757,24,1.0,3.7178642821546353,12.010309646042247,15-30m
t_left,0.1,scene-1094_020,Car,vehicle,23.827037409407165,21,1.0,6.3131775430923,7.2827078020214495,15-30m
t_left,0.1,scene-1094_020,Car,vehicle,20.015528715343535,37,0.918918918918919,7.035293937063018,5.840713513366688,15-30m
t_left,0.1,scene-1094_020,Car,vehicle,20.886528396267757,24,1.0,7.435675482911398,12.010309646042247,15-30m
t_left,0.2,scene-1094_020,Car,vehicle,23.827037409407165,21,1.0,12.626202052636591,7.2827078020214495,15-30m
t_left,0.2,scene-1094_020,Car,vehicle,20.015528715343535,37,0.8648648648648649,14.07039757806506,5.840713513366688,15-30m
t_left,0.2,scene-1094_020,Car,vehicle,20.886528396267757,24,1.0,14.87113864477806,12.010309646042247,15-30m
t_up,0.02,scene-1094_020,Car,vehicle,23.827037409407165,21,1.0,1.26019406966555,7.2827078020214495,15-30m
t_up,0.02,scene-1094_020,Car,vehicle,20.015528715343535,37,1.0,1.407861159311515,5.840713513366688,15-30m
t_up,0.02,scene-1094_020,Car,vehicle,20.886528396267757,24,1.0,1.4857845271276813,12.010309646042247,15-30m
t_up,0.05,scene-1094_020,Car,vehicle,23.827037409407165,21,1.0,3.1504039946631477,7.2827078020214495,15-30m
t_up,0.05,scene-1094_020,Car,vehicle,20.015528715343535,37,1.0,3.5195516613411253,5.840713513366688,15-30m
t_up,0.05,scene-1094_020,Car,vehicle,20.886528396267757,24,1.0,3.714348572819026,12.010309646042247,15-30m
t_up,0.1,scene-1094_020,Car,vehicle,23.827037409407165,21,1.0,6.300537409582731,7.2827078020214495,15-30m
t_up,0.1,scene-1094_020,Car,vehicle,20.015528715343535,37,1.0,7.038765892105849,5.840713513366688,15-30m
t_up,0.1,scene-1094_020,Car,vehicle,20.886528396267757,24,1.0,7.428321359389159,12.010309646042247,15-30m
t_up,0.2,scene-1094_020,Car,vehicle,23.827037409407165,21,1.0,12.599992639615987,7.2827078020214495,15-30m
t_up,0.2,scene-1094_020,Car,vehicle,20.015528715343535,37,0.8378378378378378,14.076182255991077,5.840713513366688,15-30m
t_up,0.2,scene-1094_020,Car,vehicle,20.886528396267757,24,1.0,14.85513980187373,12.010309646042247,15-30m
none,0.0,scene-1094_021,Car,vehicle,20.959391910732244,25,1.0,0.0,5.551038560301348,15-30m
none,0.0,scene-1094_021,Car,vehicle,17.854106927282874,24,1.0,0.0,6.345477846870901,15-30m
none,0.0,scene-1094_021,Motorcycle,vru,16.96018532832526,16,1.0,0.0,7.22915552129741,15-30m
yaw,0.25,scene-1094_021,Car,vehicle,20.959391910732244,25,0.92,5.679289776605052,5.551038560301348,15-30m
yaw,0.25,scene-1094_021,Car,vehicle,17.854106927282874,24,1.0,7.45382874282943,6.345477846870901,15-30m
yaw,0.25,scene-1094_021,Motorcycle,vru,16.96018532832526,16,1.0,7.006859684538074,7.22915552129741,15-30m
yaw,0.5,scene-1094_021,Car,vehicle,20.959391910732244,25,0.92,11.357677427308934,5.551038560301348,15-30m
yaw,0.5,scene-1094_021,Car,vehicle,17.854106927282874,24,1.0,14.870926692114033,6.345477846870901,15-30m
yaw,0.5,scene-1094_021,Motorcycle,vru,16.96018532832526,16,1.0,13.983974732203349,7.22915552129741,15-30m
yaw,1.0,scene-1094_021,Car,vehicle,20.959391910732244,25,0.84,22.716657269325516,5.551038560301348,15-30m
yaw,1.0,scene-1094_021,Car,vehicle,17.854106927282874,24,1.0,29.59716787189469,6.345477846870901,15-30m
yaw,1.0,scene-1094_021,Motorcycle,vru,16.96018532832526,16,0.9375,27.850819719645834,7.22915552129741,15-30m
yaw,2.0,scene-1094_021,Car,vehicle,20.959391910732244,25,0.6,45.43327364667144,5.551038560301348,15-30m
yaw,2.0,scene-1094_021,Car,vehicle,17.854106927282874,24,0.7083333333333334,58.633041397379664,6.345477846870901,15-30m
yaw,2.0,scene-1094_021,Motorcycle,vru,16.96018532832526,16,0.6875,55.24757259935399,7.22915552129741,15-30m
yaw,3.0,scene-1094_021,Car,vehicle,20.959391910732244,25,0.36,68.16406385743923,5.551038560301348,15-30m
yaw,3.0,scene-1094_021,Car,vehicle,17.854106927282874,24,0.375,87.14128026260758,6.345477846870901,15-30m
yaw,3.0,scene-1094_021,Motorcycle,vru,16.96018532832526,16,0.4375,82.21824055280464,7.22915552129741,15-30m
pitch,0.25,scene-1094_021,Car,vehicle,20.959391910732244,25,1.0,5.691377701761522,5.551038560301348,15-30m
pitch,0.25,scene-1094_021,Car,vehicle,17.854106927282874,24,1.0,5.723159258406152,6.345477846870901,15-30m
pitch,0.25,scene-1094_021,Motorcycle,vru,16.96018532832526,16,1.0,5.73346971706789,7.22915552129741,15-30m
pitch,0.5,scene-1094_021,Car,vehicle,20.959391910732244,25,1.0,11.385969601157433,5.551038560301348,15-30m
pitch,0.5,scene-1094_021,Car,vehicle,17.854106927282874,24,1.0,11.449220830420462,6.345477846870901,15-30m
pitch,0.5,scene-1094_021,Motorcycle,vru,16.96018532832526,16,1.0,11.470017847733882,7.22915552129741,15-30m
pitch,1.0,scene-1094_021,Car,vehicle,20.959391910732244,25,1.0,22.78571112116295,5.551038560301348,15-30m
pitch,1.0,scene-1094_021,Car,vehicle,17.854106927282874,24,1.0,22.909452987932916,6.345477846870901,15-30m
pitch,1.0,scene-1094_021,Motorcycle,vru,16.96018532832526,16,1.0,22.95335842748949,7.22915552129741,15-30m
pitch,2.0,scene-1094_021,Car,vehicle,20.959391910732244,25,0.44,45.63386506295797,5.551038560301348,15-30m
pitch,2.0,scene-1094_021,Car,vehicle,17.854106927282874,24,1.0,45.87123906245094,6.345477846870901,15-30m
pitch,2.0,scene-1094_021,Motorcycle,vru,16.96018532832526,16,0.875,45.968114559881485,7.22915552129741,15-30m
pitch,3.0,scene-1094_021,Car,vehicle,20.959391910732244,25,0.0,68.55928279315371,5.551038560301348,15-30m
pitch,3.0,scene-1094_021,Car,vehicle,17.854106927282874,24,0.9583333333333334,68.90203144203198,6.345477846870901,15-30m
pitch,3.0,scene-1094_021,Motorcycle,vru,16.96018532832526,16,0.875,69.06059438139917,7.22915552129741,15-30m
roll,0.25,scene-1094_021,Car,vehicle,20.959391910732244,25,1.0,0.28130614190836123,5.551038560301348,15-30m
roll,0.25,scene-1094_021,Car,vehicle,17.854106927282874,24,1.0,3.1133401348935,6.345477846870901,15-30m
roll,0.25,scene-1094_021,Motorcycle,vru,16.96018532832526,16,1.0,2.677542177217483,7.22915552129741,15-30m
roll,0.5,scene-1094_021,Car,vehicle,20.959391910732244,25,1.0,0.5626103747003547,5.551038560301348,15-30m
roll,0.5,scene-1094_021,Car,vehicle,17.854106927282874,24,1.0,6.226802643602669,6.345477846870901,15-30m
roll,0.5,scene-1094_021,Motorcycle,vru,16.96018532832526,16,1.0,5.355173452546688,7.22915552129741,15-30m
roll,1.0,scene-1094_021,Car,vehicle,20.959391910732244,25,1.0,1.1252077259032602,5.551038560301348,15-30m
roll,1.0,scene-1094_021,Car,vehicle,17.854106927282874,24,1.0,12.454034693807031,6.345477846870901,15-30m
roll,1.0,scene-1094_021,Motorcycle,vru,16.96018532832526,16,1.0,10.71065177733953,7.22915552129741,15-30m
roll,2.0,scene-1094_021,Car,vehicle,20.959391910732244,25,1.0,2.250320264202015,5.551038560301348,15-30m
roll,2.0,scene-1094_021,Car,vehicle,17.854106927282874,24,1.0,24.90930594885834,6.345477846870901,15-30m
roll,2.0,scene-1094_021,Motorcycle,vru,16.96018532832526,16,1.0,21.422110619721632,7.22915552129741,15-30m
roll,3.0,scene-1094_021,Car,vehicle,20.959391910732244,25,1.0,3.3752514375751006,5.551038560301348,15-30m
roll,3.0,scene-1094_021,Car,vehicle,17.854106927282874,24,1.0,37.36485064611607,6.345477846870901,15-30m
roll,3.0,scene-1094_021,Motorcycle,vru,16.96018532832526,16,1.0,32.133550953277584,7.22915552129741,15-30m
t_fwd,0.02,scene-1094_021,Car,vehicle,20.959391910732244,25,1.0,0.048891648800214696,5.551038560301348,15-30m
t_fwd,0.02,scene-1094_021,Car,vehicle,17.854106927282874,24,1.0,0.9070446736642013,6.345477846870901,15-30m
t_fwd,0.02,scene-1094_021,Motorcycle,vru,16.96018532832526,16,1.0,0.8179943444923101,7.22915552129741,15-30m
t_fwd,0.05,scene-1094_021,Car,vehicle,20.959391910732244,25,1.0,0.12203587309910142,5.551038560301348,15-30m
t_fwd,0.05,scene-1094_021,Car,vehicle,17.854106927282874,24,1.0,2.2633208474776874,6.345477846870901,15-30m
t_fwd,0.05,scene-1094_021,Motorcycle,vru,16.96018532832526,16,1.0,2.0409066604395276,7.22915552129741,15-30m
t_fwd,0.1,scene-1094_021,Car,vehicle,20.959391910732244,25,1.0,0.24343029191316343,5.551038560301348,15-30m
t_fwd,0.1,scene-1094_021,Car,vehicle,17.854106927282874,24,1.0,4.512410850445404,6.345477846870901,15-30m
t_fwd,0.1,scene-1094_021,Motorcycle,vru,16.96018532832526,16,1.0,4.068288080181031,7.22915552129741,15-30m
t_fwd,0.2,scene-1094_021,Car,vehicle,20.959391910732244,25,1.0,0.4843148908735892,5.551038560301348,15-30m
t_fwd,0.2,scene-1094_021,Car,vehicle,17.854106927282874,24,1.0,8.968431837379264,6.345477846870901,15-30m
t_fwd,0.2,scene-1094_021,Motorcycle,vru,16.96018532832526,16,1.0,8.083009503355797,7.22915552129741,15-30m
t_left,0.02,scene-1094_021,Car,vehicle,20.959391910732244,25,1.0,1.3394891819897086,5.551038560301348,15-30m
t_left,0.02,scene-1094_021,Car,vehicle,17.854106927282874,24,1.0,1.6070500193143074,6.345477846870901,15-30m
t_left,0.02,scene-1094_021,Motorcycle,vru,16.96018532832526,16,1.0,1.675114637500472,7.22915552129741,15-30m
t_left,0.05,scene-1094_021,Car,vehicle,20.959391910732244,25,1.0,3.348706759037441,5.551038560301348,15-30m
t_left,0.05,scene-1094_021,Car,vehicle,17.854106927282874,24,1.0,4.017601775576058,6.345477846870901,15-30m
t_left,0.05,scene-1094_021,Motorcycle,vru,16.96018532832526,16,1.0,4.187761301922485,7.22915552129741,15-30m
t_left,0.1,scene-1094_021,Car,vehicle,20.959391910732244,25,0.92,6.697359532315016,5.551038560301348,15-30m
t_left,0.1,scene-1094_021,Car,vehicle,17.854106927282874,24,1.0,8.035125976652692,6.345477846870901,15-30m
t_left,0.1,scene-1094_021,Motorcycle,vru,16.96018532832526,16,1.0,8.37543829910598,7.22915552129741,15-30m
t_left,0.2,scene-1094_021,Car,vehicle,20.959391910732244,25,0.84,13.394503126813014,5.551038560301348,15-30m
t_left,0.2,scene-1094_021,Car,vehicle,17.854106927282874,24,1.0,16.06994166429349,6.345477846870901,15-30m
t_left,0.2,scene-1094_021,Motorcycle,vru,16.96018532832526,16,1.0,16.75053938943816,7.22915552129741,15-30m
t_up,0.02,scene-1094_021,Car,vehicle,20.959391910732244,25,1.0,1.339884098341122,5.551038560301348,15-30m
t_up,0.02,scene-1094_021,Car,vehicle,17.854106927282874,24,1.0,1.6052730162949636,6.345477846870901,15-30m
t_up,0.02,scene-1094_021,Motorcycle,vru,16.96018532832526,16,1.0,1.6727553629242653,7.22915552129741,15-30m
t_up,0.05,scene-1094_021,Car,vehicle,20.959391910732244,25,1.0,3.3496132838392216,5.551038560301348,15-30m
t_up,0.05,scene-1094_021,Car,vehicle,17.854106927282874,24,1.0,4.013043407658966,6.345477846870901,15-30m
t_up,0.05,scene-1094_021,Motorcycle,vru,16.96018532832526,16,1.0,4.181737249264746,7.22915552129741,15-30m
t_up,0.1,scene-1094_021,Car,vehicle,20.959391910732244,25,1.0,6.698903385914237,5.551038560301348,15-30m
t_up,0.1,scene-1094_021,Car,vehicle,17.854106927282874,24,1.0,8.02562308126401,6.345477846870901,15-30m
t_up,0.1,scene-1094_021,Motorcycle,vru,16.96018532832526,16,1.0,8.36297068694007,7.22915552129741,15-30m
t_up,0.2,scene-1094_021,Car,vehicle,20.959391910732244,25,1.0,13.39651423184289,5.551038560301348,15-30m
t_up,0.2,scene-1094_021,Car,vehicle,17.854106927282874,24,0.7083333333333334,16.049391547800596,6.345477846870901,15-30m
t_up,0.2,scene-1094_021,Motorcycle,vru,16.96018532832526,16,0.875,16.723926491670994,7.22915552129741,15-30m
none,0.0,scene-1094_022,Car,vehicle,21.830731364960084,23,1.0,0.0,5.308077434573449,15-30m
none,0.0,scene-1094_022,Car,vehicle,20.529883532165677,26,1.0,0.0,11.205355752969972,15-30m
yaw,0.25,scene-1094_022,Car,vehicle,21.830731364960084,23,0.9565217391304348,5.671559988894187,5.308077434573449,15-30m
yaw,0.25,scene-1094_022,Car,vehicle,20.529883532165677,26,1.0,7.195115375896055,11.205355752969972,15-30m
yaw,0.5,scene-1094_022,Car,vehicle,21.830731364960084,23,0.8695652173913043,11.341278594522516,5.308077434573449,15-30m
yaw,0.5,scene-1094_022,Car,vehicle,20.529883532165677,26,1.0,14.357321952416498,11.205355752969972,15-30m
yaw,1.0,scene-1094_022,Car,vehicle,21.830731364960084,23,0.8695652173913043,22.676090074398715,5.308077434573449,15-30m
yaw,1.0,scene-1094_022,Car,vehicle,20.529883532165677,26,1.0,28.585022849610134,11.205355752969972,15-30m
yaw,2.0,scene-1094_022,Car,vehicle,21.830731364960084,23,0.6521739130434783,45.34461428335927,5.308077434573449,15-30m
yaw,2.0,scene-1094_022,Car,vehicle,20.529883532165677,26,0.9615384615384616,56.66728657467157,11.205355752969972,15-30m
yaw,3.0,scene-1094_022,Car,vehicle,21.830731364960084,23,0.391304347826087,68.01972097447545,5.308077434573449,15-30m
yaw,3.0,scene-1094_022,Car,vehicle,20.529883532165677,26,0.8461538461538461,84.27718355740483,11.205355752969972,15-30m
pitch,0.25,scene-1094_022,Car,vehicle,21.830731364960084,23,1.0,5.680153585665579,5.308077434573449,15-30m
pitch,0.25,scene-1094_022,Car,vehicle,20.529883532165677,26,1.0,5.70645319395395,11.205355752969972,15-30m
pitch,0.5,scene-1094_022,Car,vehicle,21.830731364960084,23,1.0,11.363524556173155,5.308077434573449,15-30m
pitch,0.5,scene-1094_022,Car,vehicle,20.529883532165677,26,1.0,11.415381287575112,11.205355752969972,15-30m
pitch,1.0,scene-1094_022,Car,vehicle,21.830731364960084,23,1.0,22.7408292466322,5.308077434573449,15-30m
pitch,1.0,scene-1094_022,Car,vehicle,20.529883532165677,26,1.0,22.84167947297304,11.205355752969972,15-30m
pitch,2.0,scene-1094_022,Car,vehicle,21.830731364960084,23,0.43478260869565216,45.54409775733273,5.308077434573449,15-30m
pitch,2.0,scene-1094_022,Car,vehicle,20.529883532165677,26,0.5384615384615384,45.73519334097704,11.205355752969972,15-30m
pitch,3.0,scene-1094_022,Car,vehicle,21.830731364960084,23,0.0,68.42455313163671,5.308077434573449,15-30m
pitch,3.0,scene-1094_022,Car,vehicle,20.529883532165677,26,0.5384615384615384,68.69697119104381,11.205355752969972,15-30m
roll,0.25,scene-1094_022,Car,vehicle,21.830731364960084,23,1.0,0.29295755282467967,5.308077434573449,15-30m
roll,0.25,scene-1094_022,Car,vehicle,20.529883532165677,26,1.0,2.89130906270101,11.205355752969972,15-30m
roll,0.5,scene-1094_022,Car,vehicle,21.830731364960084,23,1.0,0.5859140550730638,5.308077434573449,15-30m
roll,0.5,scene-1094_022,Car,vehicle,20.529883532165677,26,1.0,5.782718885489183,11.205355752969972,15-30m
roll,1.0,scene-1094_022,Car,vehicle,21.830731364960084,23,1.0,1.171818295984837,5.308077434573449,15-30m
roll,1.0,scene-1094_022,Car,vehicle,20.529883532165677,26,1.0,11.565785000067503,11.205355752969972,15-30m
roll,2.0,scene-1094_022,Car,vehicle,21.830731364960084,23,0.9565217391304348,2.3435524407208996,5.308077434573449,15-30m
roll,2.0,scene-1094_022,Car,vehicle,20.529883532165677,26,1.0,23.132512130568404,11.205355752969972,15-30m
roll,3.0,scene-1094_022,Car,vehicle,21.830731364960084,23,0.9565217391304348,3.515112648169772,5.308077434573449,15-30m
roll,3.0,scene-1094_022,Car,vehicle,20.529883532165677,26,1.0,34.699287000540856,11.205355752969972,15-30m
t_fwd,0.02,scene-1094_022,Car,vehicle,21.830731364960084,23,1.0,0.054422252162157916,5.308077434573449,15-30m
t_fwd,0.02,scene-1094_022,Car,vehicle,20.529883532165677,26,1.0,0.7792732903712254,11.205355752969972,15-30m
t_fwd,0.05,scene-1094_022,Car,vehicle,21.830731364960084,23,1.0,0.13584943913168263,5.308077434573449,15-30m
t_fwd,0.05,scene-1094_022,Car,vehicle,20.529883532165677,26,1.0,1.9447511297958129,11.205355752969972,15-30m
t_fwd,0.1,scene-1094_022,Car,vehicle,21.830731364960084,23,1.0,0.2710143446318444,5.308077434573449,15-30m
t_fwd,0.1,scene-1094_022,Car,vehicle,20.529883532165677,26,1.0,3.8781155273897125,11.205355752969972,15-30m
t_fwd,0.2,scene-1094_022,Car,vehicle,21.830731364960084,23,1.0,0.5393111468121224,5.308077434573449,15-30m
t_fwd,0.2,scene-1094_022,Car,vehicle,20.529883532165677,26,1.0,7.711081826475013,11.205355752969972,15-30m
t_left,0.02,scene-1094_022,Car,vehicle,21.830731364960084,23,1.0,1.2801097048355767,5.308077434573449,15-30m
t_left,0.02,scene-1094_022,Car,vehicle,20.529883532165677,26,1.0,1.4945078638245943,11.205355752969972,15-30m
t_left,0.05,scene-1094_022,Car,vehicle,21.830731364960084,23,0.9565217391304348,3.200258176964416,5.308077434573449,15-30m
t_left,0.05,scene-1094_022,Car,vehicle,20.529883532165677,26,1.0,3.73624776788738,11.205355752969972,15-30m
t_left,0.1,scene-1094_022,Car,vehicle,21.830731364960084,23,0.9565217391304348,6.400462737564916,5.308077434573449,15-30m
t_left,0.1,scene-1094_022,Car,vehicle,20.529883532165677,26,1.0,7.47242256466706,11.205355752969972,15-30m
t_left,0.2,scene-1094_022,Car,vehicle,21.830731364960084,23,0.8695652173913043,12.800711015064188,5.308077434573449,15-30m
t_left,0.2,scene-1094_022,Car,vehicle,20.529883532165677,26,1.0,14.944553253455037,11.205355752969972,15-30m
t_up,0.02,scene-1094_022,Car,vehicle,21.830731364960084,23,1.0,1.2807621997092213,5.308077434573449,15-30m
t_up,0.02,scene-1094_022,Car,vehicle,20.529883532165677,26,1.0,1.492803905611163,11.205355752969972,15-30m
t_up,0.05,scene-1094_022,Car,vehicle,21.830731364960084,23,1.0,3.201819496785095,5.308077434573449,15-30m
t_up,0.05,scene-1094_022,Car,vehicle,20.529883532165677,26,1.0,3.7318929094403996,11.205355752969972,15-30m
t_up,0.1,scene-1094_022,Car,vehicle,21.830731364960084,23,1.0,6.40335233914233,5.308077434573449,15-30m
t_up,0.1,scene-1094_022,Car,vehicle,20.529883532165677,26,1.0,7.463396336111726,11.205355752969972,15-30m
t_up,0.2,scene-1094_022,Car,vehicle,21.830731364960084,23,1.0,12.80555821454216,5.308077434573449,15-30m
t_up,0.2,scene-1094_022,Car,vehicle,20.529883532165677,26,1.0,14.925234985017777,11.205355752969972,15-30m
none,0.0,scene-1094_023,Car,vehicle,22.867515395765853,22,1.0,0.0,5.044825035640512,15-30m
none,0.0,scene-1094_023,Car,vehicle,16.528740709195887,10,1.0,0.0,3.6423293270952715,15-30m
yaw,0.25,scene-1094_023,Car,vehicle,22.867515395765853,22,1.0,5.655880324218156,5.044825035640512,15-30m
yaw,0.25,scene-1094_023,Car,vehicle,16.528740709195887,10,1.0,7.666536168186353,3.6423293270952715,15-30m
yaw,0.5,scene-1094_023,Car,vehicle,22.867515395765853,22,0.9090909090909091,11.309995309479842,5.044825035640512,15-30m
yaw,0.5,scene-1094_023,Car,vehicle,16.528740709195887,10,1.0,15.292982716791858,3.6423293270952715,15-30m
yaw,1.0,scene-1094_023,Car,vehicle,22.867515395765853,22,0.8636363636363636,22.61382177432725,5.044825035640512,15-30m
yaw,1.0,scene-1094_023,Car,vehicle,16.528740709195887,10,1.0,30.42804265844776,3.6423293270952715,15-30m
yaw,2.0,scene-1094_023,Car,vehicle,22.867515395765853,22,0.6363636363636364,45.20000050283861,5.044825035640512,15-30m
yaw,2.0,scene-1094_023,Car,vehicle,16.528740709195887,10,0.5,60.24336625868062,3.6423293270952715,15-30m
yaw,3.0,scene-1094_023,Car,vehicle,22.867515395765853,22,0.36363636363636365,67.79870199637452,5.044825035640512,15-30m
yaw,3.0,scene-1094_023,Car,vehicle,16.528740709195887,10,0.0,89.48251653837255,3.6423293270952715,15-30m
pitch,0.25,scene-1094_023,Car,vehicle,22.867515395765853,22,1.0,5.662486818355931,5.044825035640512,15-30m
pitch,0.25,scene-1094_023,Car,vehicle,16.528740709195887,10,1.0,5.717930561867587,3.6423293270952715,15-30m
pitch,0.5,scene-1094_023,Car,vehicle,22.867515395765853,22,1.0,11.32818069729076,5.044825035640512,15-30m
pitch,0.5,scene-1094_023,Car,vehicle,16.528740709195887,10,1.0,11.439153638869174,3.6423293270952715,15-30m
pitch,1.0,scene-1094_023,Car,vehicle,22.867515395765853,22,0.45454545454545453,22.6700931847052,5.044825035640512,15-30m
pitch,1.0,scene-1094_023,Car,vehicle,16.528740709195887,10,1.0,22.892517513330496,3.6423293270952715,15-30m
pitch,2.0,scene-1094_023,Car,vehicle,22.867515395765853,22,0.45454545454545453,45.402375546444105,5.044825035640512,15-30m
pitch,2.0,scene-1094_023,Car,vehicle,16.528740709195887,10,1.0,45.850233437209305,3.6423293270952715,15-30m
pitch,3.0,scene-1094_023,Car,vehicle,22.867515395765853,22,0.045454545454545456,68.2114801554093,5.044825035640512,15-30m
pitch,3.0,scene-1094_023,Car,vehicle,16.528740709195887,10,1.0,68.88998108762698,3.6423293270952715,15-30m
roll,0.25,scene-1094_023,Car,vehicle,22.867515395765853,22,1.0,0.3162826219537387,5.044825035640512,15-30m
roll,0.25,scene-1094_023,Car,vehicle,16.528740709195887,10,1.0,3.304763471936886,3.6423293270952715,15-30m
roll,0.5,scene-1094_023,Car,vehicle,22.867515395765853,22,1.0,0.6325644288486703,5.044825035640512,15-30m
roll,0.5,scene-1094_023,Car,vehicle,16.528740709195887,10,1.0,6.6096664435624435,3.6423293270952715,15-30m
roll,1.0,scene-1094_023,Car,vehicle,22.867515395765853,22,1.0,1.2651195388741712,5.044825035640512,15-30m
roll,1.0,scene-1094_023,Car,vehicle,16.528740709195887,10,1.0,13.219827012218218,3.6423293270952715,15-30m
roll,2.0,scene-1094_023,Car,vehicle,22.867515395765853,22,1.0,2.5301533331609076,5.044825035640512,15-30m
roll,2.0,scene-1094_023,Car,vehicle,16.528740709195887,10,1.0,26.441119131697167,3.6423293270952715,15-30m
roll,3.0,scene-1094_023,Car,vehicle,22.867515395765853,22,1.0,3.795004445254395,5.044825035640512,15-30m
roll,3.0,scene-1094_023,Car,vehicle,16.528740709195887,10,1.0,39.6628524485817,3.6423293270952715,15-30m
t_fwd,0.02,scene-1094_023,Car,vehicle,22.867515395765853,22,1.0,0.057970952023434844,5.044825035640512,15-30m
t_fwd,0.02,scene-1094_023,Car,vehicle,16.528740709195887,10,1.0,1.0241320446897006,3.6423293270952715,15-30m
t_fwd,0.05,scene-1094_023,Car,vehicle,22.867515395765853,22,1.0,0.14471800388430253,5.044825035640512,15-30m
t_fwd,0.05,scene-1094_023,Car,vehicle,16.528740709195887,10,1.0,2.5551846574319033,3.6423293270952715,15-30m
t_fwd,0.1,scene-1094_023,Car,vehicle,22.867515395765853,22,1.0,0.28874076948618044,5.044825035640512,15-30m
t_fwd,0.1,scene-1094_023,Car,vehicle,16.528740709195887,10,1.0,5.09330941157228,3.6423293270952715,15-30m
t_fwd,0.2,scene-1094_023,Car,vehicle,22.867515395765853,22,1.0,0.5747205299582077,5.044825035640512,15-30m
t_fwd,0.2,scene-1094_023,Car,vehicle,16.528740709195887,10,1.0,10.119058090071205,3.6423293270952715,15-30m
t_left,0.02,scene-1094_023,Car,vehicle,22.867515395765853,22,1.0,1.2217138768115434,5.044825035640512,15-30m
t_left,0.02,scene-1094_023,Car,vehicle,16.528740709195887,10,1.0,1.7066000410296625,3.6423293270952715,15-30m
t_left,0.05,scene-1094_023,Car,vehicle,22.867515395765853,22,1.0,3.0542699961029833,5.044825035640512,15-30m
t_left,0.05,scene-1094_023,Car,vehicle,16.528740709195887,10,1.0,4.266471478491134,3.6423293270952715,15-30m
t_left,0.1,scene-1094_023,Car,vehicle,22.867515395765853,22,1.0,6.108491006414566,5.044825035640512,15-30m
t_left,0.1,scene-1094_023,Car,vehicle,16.528740709195887,10,1.0,8.532847545080061,3.6423293270952715,15-30m
t_left,0.2,scene-1094_023,Car,vehicle,22.867515395765853,22,0.9090909090909091,12.216786074377028,5.044825035640512,15-30m
t_left,0.2,scene-1094_023,Car,vehicle,16.528740709195887,10,1.0,17.065313455353095,3.6423293270952715,15-30m
t_up,0.02,scene-1094_023,Car,vehicle,22.867515395765853,22,1.0,1.2221019881899695,5.044825035640512,15-30m
t_up,0.02,scene-1094_023,Car,vehicle,16.528740709195887,10,1.0,1.7042279612328342,3.6423293270952715,15-30m
t_up,0.05,scene-1094_023,Car,vehicle,22.867515395765853,22,1.0,3.055173963790927,5.044825035640512,15-30m
t_up,0.05,scene-1094_023,Car,vehicle,16.528740709195887,10,1.0,4.260412382446962,3.6423293270952715,15-30m
t_up,0.1,scene-1094_023,Car,vehicle,22.867515395765853,22,1.0,6.110077924392481,5.044825035640512,15-30m
t_up,0.1,scene-1094_023,Car,vehicle,16.528740709195887,10,1.0,8.52029974787473,3.6423293270952715,15-30m
t_up,0.2,scene-1094_023,Car,vehicle,22.867515395765853,22,1.0,12.219075979185382,5.044825035640512,15-30m
t_up,0.2,scene-1094_023,Car,vehicle,16.528740709195887,10,1.0,17.038499815817254,3.6423293270952715,15-30m
none,0.0,scene-1094_024,Car,vehicle,23.52723605739711,21,1.0,0.0,4.891878525002808,15-30m
none,0.0,scene-1094_024,Pedestrian,vru,15.865150638761305,11,1.0,0.0,3.077796713592617,15-30m
yaw,0.25,scene-1094_024,Car,vehicle,23.52723605739711,21,1.0,5.659876596657718,4.891878525002808,15-30m
yaw,0.25,scene-1094_024,Pedestrian,vru,15.865150638761305,11,1.0,6.216520850154862,3.077796713592617,15-30m
yaw,0.5,scene-1094_024,Car,vehicle,23.52723605739711,21,0.9523809523809523,11.31753902989523,4.891878525002808,15-30m
yaw,0.5,scene-1094_024,Pedestrian,vru,15.865150638761305,11,1.0,12.450150863356926,3.077796713592617,15-30m
yaw,1.0,scene-1094_024,Car,vehicle,23.52723605739711,21,0.8095238095238095,22.62711579995172,4.891878525002808,15-30m
yaw,1.0,scene-1094_024,Pedestrian,vru,15.865150638761305,11,0.9090909090909091,24.970017485381387,3.077796713592617,15-30m
yaw,2.0,scene-1094_024,Car,vehicle,23.52723605739711,21,0.5714285714285714,45.22600496761756,4.891878525002808,15-30m
yaw,2.0,scene-1094_024,Pedestrian,vru,15.865150638761305,11,0.2727272727272727,50.229311743111445,3.077796713592617,15-30m
yaw,3.0,scene-1094_024,Car,vehicle,23.52723605739711,21,0.3333333333333333,67.80861991548414,4.891878525002808,15-30m
yaw,3.0,scene-1094_024,Pedestrian,vru,15.865150638761305,11,0.0,75.79925310400813,3.077796713592617,15-30m
pitch,0.25,scene-1094_024,Car,vehicle,23.52723605739711,21,1.0,5.652039474259186,4.891878525002808,15-30m
pitch,0.25,scene-1094_024,Pedestrian,vru,15.865150638761305,11,1.0,5.693554683283083,3.077796713592617,15-30m
pitch,0.5,scene-1094_024,Car,vehicle,23.52723605739711,21,1.0,11.30608860521264,4.891878525002808,15-30m
pitch,0.5,scene-1094_024,Pedestrian,vru,15.865150638761305,11,1.0,11.389150643436398,3.077796713592617,15-30m
pitch,1.0,scene-1094_024,Car,vehicle,23.52723605739711,21,1.0,22.621110727864604,4.891878525002808,15-30m
pitch,1.0,scene-1094_024,Pedestrian,vru,15.865150638761305,11,1.0,22.787405270349577,3.077796713592617,15-30m
pitch,2.0,scene-1094_024,Car,vehicle,23.52723605739711,21,0.42857142857142855,45.28513752359367,4.891878525002808,15-30m
pitch,2.0,scene-1094_024,Pedestrian,vru,15.865150638761305,11,0.9090909090909091,45.61876166588521,3.077796713592617,15-30m
pitch,3.0,scene-1094_024,Car,vehicle,23.52723605739711,21,0.42857142857142855,68.00652233794976,4.891878525002808,15-30m
pitch,3.0,scene-1094_024,Pedestrian,vru,15.865150638761305,11,0.45454545454545453,68.5092221076323,3.077796713592617,15-30m
roll,0.25,scene-1094_024,Car,vehicle,23.52723605739711,21,1.0,0.28307441372329833,4.891878525002808,15-30m
roll,0.25,scene-1094_024,Pedestrian,vru,15.865150638761305,11,1.0,1.7150110080479581,3.077796713592617,15-30m
roll,0.5,scene-1094_024,Car,vehicle,23.52723605739711,21,1.0,0.5661485887300787,4.891878525002808,15-30m
roll,0.5,scene-1094_024,Pedestrian,vru,15.865150638761305,11,1.0,3.4299720382303667,3.077796713592617,15-30m
roll,1.0,scene-1094_024,Car,vehicle,23.52723605739711,21,1.0,1.1322908300862489,4.891878525002808,15-30m
roll,1.0,scene-1094_024,Pedestrian,vru,15.865150638761305,11,1.0,6.859711793701142,3.077796713592617,15-30m
roll,2.0,scene-1094_024,Car,vehicle,23.52723605739711,21,1.0,2.264513128735166,4.891878525002808,15-30m
roll,2.0,scene-1094_024,Pedestrian,vru,15.865150638761305,11,1.0,13.718235603019998,3.077796713592617,15-30m
roll,3.0,scene-1094_024,Car,vehicle,23.52723605739711,21,1.0,3.39658060898209,4.891878525002808,15-30m
roll,3.0,scene-1094_024,Pedestrian,vru,15.865150638761305,11,0.9090909090909091,20.575054067999865,3.077796713592617,15-30m
t_fwd,0.02,scene-1094_024,Car,vehicle,23.52723605739711,21,1.0,0.056107436746013546,4.891878525002808,15-30m
t_fwd,0.02,scene-1094_024,Pedestrian,vru,15.865150638761305,11,1.0,0.5183588200686249,3.077796713592617,15-30m
t_fwd,0.05,scene-1094_024,Car,vehicle,23.52723605739711,21,1.0,0.14007352676957965,4.891878525002808,15-30m
t_fwd,0.05,scene-1094_024,Pedestrian,vru,15.865150638761305,11,1.0,1.2933536886913997,3.077796713592617,15-30m
t_fwd,0.1,scene-1094_024,Car,vehicle,23.52723605739711,21,1.0,0.27949924224983336,4.891878525002808,15-30m
t_fwd,0.1,scene-1094_024,Pedestrian,vru,15.865150638761305,11,1.0,2.5782737314990927,3.077796713592617,15-30m
t_fwd,0.2,scene-1094_024,Car,vehicle,23.52723605739711,21,1.0,0.5564251325544468,4.891878525002808,15-30m
t_fwd,0.2,scene-1094_024,Pedestrian,vru,15.865150638761305,11,0.9090909090909091,5.123140704359549,3.077796713592617,15-30m
t_left,0.02,scene-1094_024,Car,vehicle,23.52723605739711,21,1.0,1.1769328382083413,4.891878525002808,15-30m
t_left,0.02,scene-1094_024,Pedestrian,vru,15.865150638761305,11,1.0,1.672115196747235,3.077796713592617,15-30m
t_left,0.05,scene-1094_024,Car,vehicle,23.52723605739711,21,1.0,2.9423173374674567,4.891878525002808,15-30m
t_left,0.05,scene-1094_024,Pedestrian,vru,15.865150638761305,11,1.0,4.180258163995526,3.077796713592617,15-30m
t_left,0.1,scene-1094_024,Car,vehicle,23.52723605739711,21,1.0,5.884585482081356,4.891878525002808,15-30m
t_left,0.1,scene-1094_024,Pedestrian,vru,15.865150638761305,11,1.0,8.36041690364113,3.077796713592617,15-30m
t_left,0.2,scene-1094_024,Car,vehicle,23.52723605739711,21,0.9523809523809523,11.76897419768417,4.891878525002808,15-30m
t_left,0.2,scene-1094_024,Pedestrian,vru,15.865150638761305,11,0.9090909090909091,16.72043612407038,3.077796713592617,15-30m
t_up,0.02,scene-1094_024,Car,vehicle,23.52723605739711,21,1.0,1.1766678639304828,4.891878525002808,15-30m
t_up,0.02,scene-1094_024,Pedestrian,vru,15.865150638761305,11,1.0,1.6736264584234255,3.077796713592617,15-30m
t_up,0.05,scene-1094_024,Car,vehicle,23.52723605739711,21,1.0,2.9415959397401172,4.891878525002808,15-30m
t_up,0.05,scene-1094_024,Pedestrian,vru,15.865150638761305,11,1.0,4.183916927880736,3.077796713592617,15-30m
t_up,0.1,scene-1094_024,Car,vehicle,23.52723605739711,21,1.0,5.882946162281726,4.891878525002808,15-30m
t_up,0.1,scene-1094_024,Pedestrian,vru,15.865150638761305,11,1.0,8.367336509136148,3.077796713592617,15-30m
t_up,0.2,scene-1094_024,Car,vehicle,23.52723605739711,21,1.0,11.764909578909775,4.891878525002808,15-30m
t_up,0.2,scene-1094_024,Pedestrian,vru,15.865150638761305,11,1.0,16.732683986449675,3.077796713592617,15-30m
none,0.0,scene-1094_025,Car,vehicle,24.295846430705122,28,1.0,0.0,4.719609729016707,15-30m
none,0.0,scene-1094_025,Pedestrian,vru,11.317787630380964,19,1.0,0.0,4.995385635526629,<15m
yaw,0.25,scene-1094_025,Car,vehicle,24.295846430705122,28,0.9642857142857143,5.6502909940359505,4.719609729016707,15-30m
yaw,0.25,scene-1094_025,Pedestrian,vru,11.317787630380964,19,1.0,6.947834229927341,4.995385635526629,<15m
yaw,0.5,scene-1094_025,Car,vehicle,24.295846430705122,28,0.9642857142857143,11.298844463553174,4.719609729016707,15-30m
yaw,0.5,scene-1094_025,Pedestrian,vru,11.317787630380964,19,1.0,13.924284179719907,4.995385635526629,<15m
yaw,1.0,scene-1094_025,Car,vehicle,24.295846430705122,28,0.8928571428571429,22.59058629054214,4.719609729016707,15-30m
yaw,1.0,scene-1094_025,Pedestrian,vru,11.317787630380964,19,0.9473684210526315,27.964876810660936,4.995385635526629,<15m
yaw,2.0,scene-1094_025,Car,vehicle,24.295846430705122,28,0.6071428571428571,45.1590179491673,4.719609729016707,15-30m
yaw,2.0,scene-1094_025,Pedestrian,vru,11.317787630380964,19,0.5789473684210527,56.41010469167901,4.995385635526629,<15m
yaw,3.0,scene-1094_025,Car,vehicle,24.295846430705122,28,0.2857142857142857,67.72819463274901,4.719609729016707,15-30m
yaw,3.0,scene-1094_025,Pedestrian,vru,11.317787630380964,19,0.10526315789473684,85.36697548154234,4.995385635526629,<15m
pitch,0.25,scene-1094_025,Car,vehicle,24.295846430705122,28,1.0,5.640943717229044,4.719609729016707,15-30m
pitch,0.25,scene-1094_025,Pedestrian,vru,11.317787630380964,19,1.0,5.769518402435652,4.995385635526629,<15m
pitch,0.5,scene-1094_025,Car,vehicle,24.295846430705122,28,1.0,11.282702384894119,4.719609729016707,15-30m
pitch,0.5,scene-1094_025,Pedestrian,vru,11.317787630380964,19,1.0,11.541201225308264,4.995385635526629,<15m
pitch,1.0,scene-1094_025,Car,vehicle,24.295846430705122,28,1.0,22.56955303705758,4.719609729016707,15-30m
pitch,1.0,scene-1094_025,Pedestrian,vru,11.317787630380964,19,1.0,23.092084205412146,4.995385635526629,<15m
pitch,2.0,scene-1094_025,Car,vehicle,24.295846430705122,28,0.5714285714285714,45.16281909948006,4.719609729016707,15-30m
pitch,2.0,scene-1094_025,Pedestrian,vru,11.317787630380964,19,1.0,46.23111525685611,4.995385635526629,<15m
pitch,3.0,scene-1094_025,Car,vehicle,24.295846430705122,28,0.25,67.79408539613975,4.719609729016707,15-30m
pitch,3.0,scene-1094_025,Pedestrian,vru,11.317787630380964,19,1.0,69.43362571467341,4.995385635526629,<15m
roll,0.25,scene-1094_025,Car,vehicle,24.295846430705122,28,1.0,0.25059778643654074,4.719609729016707,15-30m
roll,0.25,scene-1094_025,Pedestrian,vru,11.317787630380964,19,1.0,2.5674385529214847,4.995385635526629,<15m
roll,0.5,scene-1094_025,Car,vehicle,24.295846430705122,28,1.0,0.5011951422129768,4.719609729016707,15-30m
roll,0.5,scene-1094_025,Pedestrian,vru,11.317787630380964,19,1.0,5.13476639520403,4.995385635526629,<15m
roll,1.0,scene-1094_025,Car,vehicle,24.295846430705122,28,1.0,1.0023837875423631,4.719609729016707,15-30m
roll,1.0,scene-1094_025,Pedestrian,vru,11.317787630380964,19,1.0,10.269041453839282,4.995385635526629,<15m
roll,2.0,scene-1094_025,Car,vehicle,24.295846430705122,28,1.0,2.0047033925309345,4.719609729016707,15-30m
roll,2.0,scene-1094_025,Pedestrian,vru,11.317787630380964,19,1.0,20.535729879839895,4.995385635526629,<15m
roll,3.0,scene-1094_025,Car,vehicle,24.295846430705122,28,1.0,3.0068824238707674,4.719609729016707,15-30m
roll,3.0,scene-1094_025,Pedestrian,vru,11.317787630380964,19,0.8947368421052632,30.799290706244356,4.995385635526629,<15m
t_fwd,0.02,scene-1094_025,Car,vehicle,24.295846430705122,28,1.0,0.05535861248350037,4.719609729016707,15-30m
t_fwd,0.02,scene-1094_025,Pedestrian,vru,11.317787630380964,19,1.0,1.1474799254697263,4.995385635526629,<15m
t_fwd,0.05,scene-1094_025,Car,vehicle,24.295846430705122,28,1.0,0.13821098397528145,4.719609729016707,15-30m
t_fwd,0.05,scene-1094_025,Pedestrian,vru,11.317787630380964,19,1.0,2.8604050570956217,4.995385635526629,<15m
t_fwd,0.1,scene-1094_025,Car,vehicle,24.295846430705122,28,1.0,0.2758056835057509,4.719609729016707,15-30m
t_fwd,0.1,scene-1094_025,Pedestrian,vru,11.317787630380964,19,1.0,5.693373094520218,4.995385635526629,<15m
t_fwd,0.2,scene-1094_025,Car,vehicle,24.295846430705122,28,1.0,0.5491626445050328,4.719609729016707,15-30m
t_fwd,0.2,scene-1094_025,Pedestrian,vru,11.317787630380964,19,1.0,11.278562164127438,4.995385635526629,<15m
t_left,0.02,scene-1094_025,Car,vehicle,24.295846430705122,28,1.0,1.140071894358261,4.719609729016707,15-30m
t_left,0.02,scene-1094_025,Pedestrian,vru,11.317787630380964,19,1.0,2.47807921833967,4.995385635526629,<15m
t_left,0.05,scene-1094_025,Car,vehicle,24.295846430705122,28,1.0,2.8501652251233036,4.719609729016707,15-30m
t_left,0.05,scene-1094_025,Pedestrian,vru,11.317787630380964,19,1.0,6.195129358193641,4.995385635526629,<15m
t_left,0.1,scene-1094_025,Car,vehicle,24.295846430705122,28,0.9642857142857143,5.700282081663103,4.719609729016707,15-30m
t_left,0.1,scene-1094_025,Pedestrian,vru,11.317787630380964,19,1.0,12.390029764305464,4.995385635526629,<15m
t_left,0.2,scene-1094_025,Car,vehicle,24.295846430705122,28,0.9642857142857143,11.400370693916921,4.719609729016707,15-30m
t_left,0.2,scene-1094_025,Pedestrian,vru,11.317787630380964,19,0.9473684210526315,24.779143771049526,4.995385635526629,<15m
t_up,0.02,scene-1094_025,Car,vehicle,24.295846430705122,28,1.0,1.1398871727443256,4.719609729016707,15-30m
t_up,0.02,scene-1094_025,Pedestrian,vru,11.317787630380964,19,1.0,2.4837666799774034,4.995385635526629,<15m
t_up,0.05,scene-1094_025,Car,vehicle,24.295846430705122,28,1.0,2.8496469440739824,4.719609729016707,15-30m
t_up,0.05,scene-1094_025,Pedestrian,vru,11.317787630380964,19,1.0,6.209079749007105,4.995385635526629,<15m
t_up,0.1,scene-1094_025,Car,vehicle,24.295846430705122,28,1.0,5.699057277909748,4.719609729016707,15-30m
t_up,0.1,scene-1094_025,Pedestrian,vru,11.317787630380964,19,1.0,12.417036490740568,4.995385635526629,<15m
t_up,0.2,scene-1094_025,Car,vehicle,24.295846430705122,28,1.0,11.39716823273326,4.719609729016707,15-30m
t_up,0.2,scene-1094_025,Pedestrian,vru,11.317787630380964,19,1.0,24.829582170844546,4.995385635526629,<15m
none,0.0,scene-1094_026,Car,vehicle,25.002321612180893,30,1.0,0.0,4.571907561881394,15-30m
yaw,0.25,scene-1094_026,Car,vehicle,25.002321612180893,30,1.0,5.643180483632999,4.571907561881394,15-30m
yaw,0.5,scene-1094_026,Car,vehicle,25.002321612180893,30,0.9333333333333333,11.284639457438722,4.571907561881394,15-30m
yaw,1.0,scene-1094_026,Car,vehicle,25.002321612180893,30,0.9,22.563280070638513,4.571907561881394,15-30m
yaw,2.0,scene-1094_026,Car,vehicle,25.002321612180893,30,0.6666666666666666,45.10804895415292,4.571907561881394,15-30m
yaw,3.0,scene-1094_026,Car,vehicle,25.002321612180893,30,0.36666666666666664,67.65773568700718,4.571907561881394,15-30m
pitch,0.25,scene-1094_026,Car,vehicle,25.002321612180893,30,1.0,5.635052794858138,4.571907561881394,15-30m
pitch,0.5,scene-1094_026,Car,vehicle,25.002321612180893,30,1.0,11.270930975343529,4.571907561881394,15-30m
pitch,1.0,scene-1094_026,Car,vehicle,25.002321612180893,30,1.0,22.546049173784752,4.571907561881394,15-30m
pitch,2.0,scene-1094_026,Car,vehicle,25.002321612180893,30,0.6666666666666666,45.115944936975936,4.571907561881394,15-30m
pitch,3.0,scene-1094_026,Car,vehicle,25.002321612180893,30,0.3,67.72392998095536,4.571907561881394,15-30m
roll,0.25,scene-1094_026,Car,vehicle,25.002321612180893,30,1.0,0.24797476658263157,4.571907561881394,15-30m
roll,0.5,scene-1094_026,Car,vehicle,25.002321612180893,30,1.0,0.49594915246143373,4.571907561881394,15-30m
roll,1.0,scene-1094_026,Car,vehicle,25.002321612180893,30,1.0,0.9918920524436022,4.571907561881394,15-30m
roll,2.0,scene-1094_026,Car,vehicle,25.002321612180893,30,1.0,1.98372125647873,4.571907561881394,15-30m
roll,3.0,scene-1094_026,Car,vehicle,25.002321612180893,30,1.0,2.975411933771329,4.571907561881394,15-30m
t_fwd,0.02,scene-1094_026,Car,vehicle,25.002321612180893,30,1.0,0.05131413213324775,4.571907561881394,15-30m
t_fwd,0.05,scene-1094_026,Car,vehicle,25.002321612180893,30,1.0,0.1281179532416853,4.571907561881394,15-30m
t_fwd,0.1,scene-1094_026,Car,vehicle,25.002321612180893,30,1.0,0.2556799197991071,4.571907561881394,15-30m
t_fwd,0.2,scene-1094_026,Car,vehicle,25.002321612180893,30,1.0,0.5091503070296479,4.571907561881394,15-30m
t_left,0.02,scene-1094_026,Car,vehicle,25.002321612180893,30,1.0,1.1021505328980625,4.571907561881394,15-30m
t_left,0.05,scene-1094_026,Car,vehicle,25.002321612180893,30,1.0,2.7553638465029118,4.571907561881394,15-30m
t_left,0.1,scene-1094_026,Car,vehicle,25.002321612180893,30,1.0,5.510686074367317,4.571907561881394,15-30m
t_left,0.2,scene-1094_026,Car,vehicle,25.002321612180893,30,0.9333333333333333,11.021205677952272,4.571907561881394,15-30m
t_up,0.02,scene-1094_026,Car,vehicle,25.002321612180893,30,1.0,1.1020399513038401,4.571907561881394,15-30m
t_up,0.05,scene-1094_026,Car,vehicle,25.002321612180893,30,1.0,2.7550335237506767,4.571907561881394,15-30m
t_up,0.1,scene-1094_026,Car,vehicle,25.002321612180893,30,1.0,5.509845880009353,4.571907561881394,15-30m
t_up,0.2,scene-1094_026,Car,vehicle,25.002321612180893,30,1.0,11.018807196571235,4.571907561881394,15-30m
none,0.0,scene-1094_027,Car,vehicle,25.766529025666756,29,1.0,0.0,4.425051183751005,15-30m
none,0.0,scene-1094_027,Pedestrian,vru,12.98345926546431,13,0.9230769230769231,0.0,3.215673740380362,<15m
none,0.0,scene-1094_027,Pedestrian,vru,14.168079105179508,20,1.0,0.0,4.837016778566314,<15m
yaw,0.25,scene-1094_027,Car,vehicle,25.766529025666756,29,1.0,5.636091666058768,4.425051183751005,15-30m
yaw,0.25,scene-1094_027,Pedestrian,vru,12.98345926546431,13,1.0,6.0450731232691854,3.215673740380362,<15m
yaw,0.25,scene-1094_027,Pedestrian,vru,14.168079105179508,20,1.0,6.805118789148219,4.837016778566314,<15m
yaw,0.5,scene-1094_027,Car,vehicle,25.766529025666756,29,0.9310344827586207,11.270455391138391,4.425051183751005,15-30m
yaw,0.5,scene-1094_027,Pedestrian,vru,12.98345926546431,13,1.0,12.103273540553303,3.215673740380362,<15m
yaw,0.5,scene-1094_027,Pedestrian,vru,14.168079105179508,20,1.0,13.637272285382549,4.837016778566314,<15m
yaw,1.0,scene-1094_027,Car,vehicle,25.766529025666756,29,0.8620689655172413,22.534685370709745,4.425051183751005,15-30m
yaw,1.0,scene-1094_027,Pedestrian,vru,12.98345926546431,13,1.0,24.260202009472003,3.215673740380362,<15m
yaw,1.0,scene-1094_027,Pedestrian,vru,14.168079105179508,20,1.0,27.38442575932148,4.837016778566314,<15m
yaw,2.0,scene-1094_027,Car,vehicle,25.766529025666756,29,0.5862068965517241,45.053117300050765,4.425051183751005,15-30m
yaw,2.0,scene-1094_027,Pedestrian,vru,12.98345926546431,13,0.46153846153846156,48.74432354416786,3.215673740380362,<15m
yaw,2.0,scene-1094_027,Pedestrian,vru,14.168079105179508,20,0.65,55.22263918761089,4.837016778566314,<15m
yaw,3.0,scene-1094_027,Car,vehicle,25.766529025666756,29,0.3103448275862069,67.58140558334307,4.425051183751005,15-30m
yaw,3.0,scene-1094_027,Pedestrian,vru,12.98345926546431,13,0.0,73.47136748538789,3.215673740380362,<15m
yaw,3.0,scene-1094_027,Pedestrian,vru,14.168079105179508,20,0.2,83.54413707418263,4.837016778566314,<15m
pitch,0.25,scene-1094_027,Car,vehicle,25.766529025666756,29,1.0,5.629020684869982,4.425051183751005,15-30m
pitch,0.25,scene-1094_027,Pedestrian,vru,12.98345926546431,13,0.9230769230769231,5.719295429526394,3.215673740380362,<15m
pitch,0.25,scene-1094_027,Pedestrian,vru,14.168079105179508,20,1.0,5.706267811237316,4.837016778566314,<15m
pitch,0.5,scene-1094_027,Car,vehicle,25.766529025666756,29,1.0,11.258880287153854,4.425051183751005,15-30m
pitch,0.5,scene-1094_027,Pedestrian,vru,12.98345926546431,13,0.9230769230769231,11.440513577247179,3.215673740380362,<15m
pitch,0.5,scene-1094_027,Pedestrian,vru,14.168079105179508,20,1.0,11.413231870571124,4.837016778566314,<15m
pitch,1.0,scene-1094_027,Car,vehicle,25.766529025666756,29,1.0,22.52199959892694,4.425051183751005,15-30m
pitch,1.0,scene-1094_027,Pedestrian,vru,12.98345926546431,13,0.9230769230769231,22.88965606895968,3.215673740380362,<15m
pitch,1.0,scene-1094_027,Pedestrian,vru,14.168079105179508,20,1.0,22.82871287936488,4.837016778566314,<15m
pitch,2.0,scene-1094_027,Car,vehicle,25.766529025666756,29,0.6206896551724138,45.068034440955216,4.425051183751005,15-30m
pitch,2.0,scene-1094_027,Pedestrian,vru,12.98345926546431,13,0.8461538461538461,45.82135576951621,3.215673740380362,<15m
pitch,2.0,scene-1094_027,Pedestrian,vru,14.168079105179508,20,0.85,45.656851532578955,4.837016778566314,<15m
pitch,3.0,scene-1094_027,Car,vehicle,25.766529025666756,29,0.27586206896551724,67.65232633430193,4.425051183751005,15-30m
pitch,3.0,scene-1094_027,Pedestrian,vru,12.98345926546431,13,0.6923076923076923,68.81023606775913,3.215673740380362,<15m
pitch,3.0,scene-1094_027,Pedestrian,vru,14.168079105179508,20,0.85,68.52415211820826,4.837016778566314,<15m
roll,0.25,scene-1094_027,Car,vehicle,25.766529025666756,29,1.0,0.2332336856906227,4.425051183751005,15-30m
roll,0.25,scene-1094_027,Pedestrian,vru,12.98345926546431,13,0.9230769230769231,1.3578301524517815,3.215673740380362,<15m
roll,0.25,scene-1094_027,Pedestrian,vru,14.168079105179508,20,1.0,2.4731018308722716,4.837016778566314,<15m
roll,0.5,scene-1094_027,Car,vehicle,25.766529025666756,29,1.0,0.4664669596448333,4.425051183751005,15-30m
roll,0.5,scene-1094_027,Pedestrian,vru,12.98345926546431,13,0.9230769230769231,2.7156285838383543,3.215673740380362,<15m
roll,0.5,scene-1094_027,Pedestrian,vru,14.168079105179508,20,1.0,4.946111364133067,4.837016778566314,<15m
roll,1.0,scene-1094_027,Car,vehicle,25.766529025666756,29,1.0,0.9329278290892676,4.425051183751005,15-30m
roll,1.0,scene-1094_027,Pedestrian,vru,12.98345926546431,13,0.9230769230769231,5.431104557206332,3.215673740380362,<15m
roll,1.0,scene-1094_027,Pedestrian,vru,14.168079105179508,20,0.9,9.891807098182284,4.837016778566314,<15m
roll,2.0,scene-1094_027,Car,vehicle,25.766529025666756,29,1.0,1.8657957503723335,4.425051183751005,15-30m
roll,2.0,scene-1094_027,Pedestrian,vru,12.98345926546431,13,0.9230769230769231,10.861392934987597,3.215673740380362,<15m
roll,2.0,scene-1094_027,Pedestrian,vru,14.168079105179508,20,0.9,19.781580380355585,4.837016778566314,<15m
roll,3.0,scene-1094_027,Car,vehicle,25.766529025666756,29,1.0,2.798532668938242,4.425051183751005,15-30m
roll,3.0,scene-1094_027,Pedestrian,vru,12.98345926546431,13,0.9230769230769231,16.290453874558004,3.215673740380362,<15m
roll,3.0,scene-1094_027,Pedestrian,vru,14.168079105179508,20,0.9,29.66857790452907,4.837016778566314,<15m
t_fwd,0.02,scene-1094_027,Car,vehicle,25.766529025666756,29,1.0,0.04715271265900818,4.425051183751005,15-30m
t_fwd,0.02,scene-1094_027,Pedestrian,vru,12.98345926546431,13,0.9230769230769231,0.4892758592352334,3.215673740380362,<15m
t_fwd,0.02,scene-1094_027,Pedestrian,vru,14.168079105179508,20,1.0,0.8721437015450815,4.837016778566314,<15m
t_fwd,0.05,scene-1094_027,Car,vehicle,25.766529025666756,29,1.0,0.11773312150274988,4.425051183751005,15-30m
t_fwd,0.05,scene-1094_027,Pedestrian,vru,12.98345926546431,13,0.9230769230769231,1.220280515549727,3.215673740380362,<15m
t_fwd,0.05,scene-1094_027,Pedestrian,vru,14.168079105179508,20,1.0,2.175339702712396,4.837016778566314,<15m
t_fwd,0.1,scene-1094_027,Car,vehicle,25.766529025666756,29,1.0,0.23497237213593355,4.425051183751005,15-30m
t_fwd,0.1,scene-1094_027,Pedestrian,vru,12.98345926546431,13,0.9230769230769231,2.4309251806115877,3.215673740380362,<15m
t_fwd,0.1,scene-1094_027,Pedestrian,vru,14.168079105179508,20,1.0,4.3340498942701435,4.837016778566314,<15m
t_fwd,0.2,scene-1094_027,Car,vehicle,25.766529025666756,29,1.0,0.46798163910510926,4.425051183751005,15-30m
t_fwd,0.2,scene-1094_027,Pedestrian,vru,12.98345926546431,13,0.9230769230769231,4.823759915019236,3.215673740380362,<15m
t_fwd,0.2,scene-1094_027,Pedestrian,vru,14.168079105179508,20,1.0,8.602338708931356,4.837016778566314,<15m
t_left,0.02,scene-1094_027,Car,vehicle,25.766529025666756,29,1.0,1.066504385743748,4.425051183751005,15-30m
t_left,0.02,scene-1094_027,Pedestrian,vru,12.98345926546431,13,1.0,2.009742346156073,3.215673740380362,<15m
t_left,0.02,scene-1094_027,Pedestrian,vru,14.168079105179508,20,1.0,1.948199778523401,4.837016778566314,<15m
t_left,0.05,scene-1094_027,Car,vehicle,25.766529025666756,29,1.0,2.6662484103773165,4.425051183751005,15-30m
t_left,0.05,scene-1094_027,Pedestrian,vru,12.98345926546431,13,1.0,5.02431123631047,3.215673740380362,<15m
t_left,0.05,scene-1094_027,Pedestrian,vru,14.168079105179508,20,1.0,4.870457476849145,4.837016778566314,<15m
t_left,0.1,scene-1094_027,Car,vehicle,25.766529025666756,29,1.0,5.332454974672617,4.425051183751005,15-30m
t_left,0.1,scene-1094_027,Pedestrian,vru,12.98345926546431,13,1.0,10.048473712545471,3.215673740380362,<15m
t_left,0.1,scene-1094_027,Pedestrian,vru,14.168079105179508,20,1.0,9.740775058714483,4.837016778566314,<15m
t_left,0.2,scene-1094_027,Car,vehicle,25.766529025666756,29,0.9310344827586207,10.664742568957864,4.425051183751005,15-30m
t_left,0.2,scene-1094_027,Pedestrian,vru,12.98345926546431,13,1.0,20.096352411214852,3.215673740380362,<15m
t_left,0.2,scene-1094_027,Pedestrian,vru,14.168079105179508,20,1.0,19.480990561602333,4.837016778566314,<15m
t_up,0.02,scene-1094_027,Car,vehicle,25.766529025666756,29,1.0,1.066218070406487,4.425051183751005,15-30m
t_up,0.02,scene-1094_027,Pedestrian,vru,12.98345926546431,13,0.9230769230769231,2.012765496876874,3.215673740380362,<15m
t_up,0.02,scene-1094_027,Pedestrian,vru,14.168079105179508,20,1.0,1.9510028622741276,4.837016778566314,<15m
t_up,0.05,scene-1094_027,Car,vehicle,25.766529025666756,29,1.0,2.6654885058624376,4.425051183751005,15-30m
t_up,0.05,scene-1094_027,Pedestrian,vru,12.98345926546431,13,0.9230769230769231,5.0317119289792895,3.215673740380362,<15m
t_up,0.05,scene-1094_027,Pedestrian,vru,14.168079105179508,20,1.0,4.877317381437882,4.837016778566314,<15m
t_up,0.1,scene-1094_027,Car,vehicle,25.766529025666756,29,1.0,5.3307881219213025,4.425051183751005,15-30m
t_up,0.1,scene-1094_027,Pedestrian,vru,12.98345926546431,13,0.9230769230769231,10.062751219191584,3.215673740380362,<15m
t_up,0.1,scene-1094_027,Pedestrian,vru,14.168079105179508,20,0.9,9.754002247680054,4.837016778566314,<15m
t_up,0.2,scene-1094_027,Car,vehicle,25.766529025666756,29,1.0,10.660820764936625,4.425051183751005,15-30m
t_up,0.2,scene-1094_027,Pedestrian,vru,12.98345926546431,13,0.9230769230769231,20.122812422752332,3.215673740380362,<15m
t_up,0.2,scene-1094_027,Pedestrian,vru,14.168079105179508,20,0.9,19.505474926680073,4.837016778566314,<15m
none,0.0,scene-1094_028,Pedestrian,vru,7.959343506219789,37,1.0,0.0,6.6212989229184105,<15m
yaw,0.25,scene-1094_028,Pedestrian,vru,7.959343506219789,37,1.0,6.713889135060987,6.6212989229184105,<15m
yaw,0.5,scene-1094_028,Pedestrian,vru,7.959343506219789,37,1.0,13.451826030274884,6.6212989229184105,<15m
yaw,1.0,scene-1094_028,Pedestrian,vru,7.959343506219789,37,0.972972972972973,27.001474540969937,6.6212989229184105,<15m
yaw,2.0,scene-1094_028,Pedestrian,vru,7.959343506219789,37,0.972972972972973,54.407572904325725,6.6212989229184105,<15m
yaw,3.0,scene-1094_028,Pedestrian,vru,7.959343506219789,37,0.8108108108108109,82.245809542147,6.6212989229184105,<15m
pitch,0.25,scene-1094_028,Pedestrian,vru,7.959343506219789,37,1.0,5.869723413329225,6.6212989229184105,<15m
pitch,0.5,scene-1094_028,Pedestrian,vru,7.959343506219789,37,1.0,11.74432063191914,6.6212989229184105,<15m
pitch,1.0,scene-1094_028,Pedestrian,vru,7.959343506219789,37,1.0,23.509184095801587,6.6212989229184105,<15m
pitch,2.0,scene-1094_028,Pedestrian,vru,7.959343506219789,37,1.0,47.10897466237139,6.6212989229184105,<15m
pitch,3.0,scene-1094_028,Pedestrian,vru,7.959343506219789,37,0.918918918918919,70.81641325890952,6.6212989229184105,<15m
roll,0.25,scene-1094_028,Pedestrian,vru,7.959343506219789,37,1.0,2.2666228683675507,6.6212989229184105,<15m
roll,0.5,scene-1094_028,Pedestrian,vru,7.959343506219789,37,1.0,4.533158690179821,6.6212989229184105,<15m
roll,1.0,scene-1094_028,Pedestrian,vru,7.959343506219789,37,1.0,9.065926131066426,6.6212989229184105,<15m
roll,2.0,scene-1094_028,Pedestrian,vru,7.959343506219789,37,1.0,18.12994297191165,6.6212989229184105,<15m
roll,3.0,scene-1094_028,Pedestrian,vru,7.959343506219789,37,0.918918918918919,27.19136255816043,6.6212989229184105,<15m
t_fwd,0.02,scene-1094_028,Pedestrian,vru,7.959343506219789,37,1.0,1.3669629654159174,6.6212989229184105,<15m
t_fwd,0.05,scene-1094_028,Pedestrian,vru,7.959343506219789,37,1.0,3.40361484615716,6.6212989229184105,<15m
t_fwd,0.1,scene-1094_028,Pedestrian,vru,7.959343506219789,37,0.972972972972973,6.761745974351598,6.6212989229184105,<15m
t_fwd,0.2,scene-1094_028,Pedestrian,vru,7.959343506219789,37,0.972972972972973,13.345155875601368,6.6212989229184105,<15m
t_left,0.02,scene-1094_028,Pedestrian,vru,7.959343506219789,37,1.0,3.415201882802482,6.6212989229184105,<15m
t_left,0.05,scene-1094_028,Pedestrian,vru,7.959343506219789,37,1.0,8.537864536379997,6.6212989229184105,<15m
t_left,0.1,scene-1094_028,Pedestrian,vru,7.959343506219789,37,1.0,17.075261857794445,6.6212989229184105,<15m
t_left,0.2,scene-1094_028,Pedestrian,vru,7.959343506219789,37,0.972972972972973,34.148655009121754,6.6212989229184105,<15m
t_up,0.02,scene-1094_028,Pedestrian,vru,7.959343506219789,37,1.0,3.428568572208662,6.6212989229184105,<15m
t_up,0.05,scene-1094_028,Pedestrian,vru,7.959343506219789,37,1.0,8.570805235987724,6.6212989229184105,<15m
t_up,0.1,scene-1094_028,Pedestrian,vru,7.959343506219789,37,1.0,17.1395568839076,6.6212989229184105,<15m
t_up,0.2,scene-1094_028,Pedestrian,vru,7.959343506219789,37,0.918918918918919,34.27090236710841,6.6212989229184105,<15m
none,0.0,scene-1094_029,Pedestrian,vru,12.974961278367891,19,1.0,0.0,4.5360475296298715,<15m
none,0.0,scene-1094_029,Car,vehicle,27.324944405401823,17,1.0,0.0,4.148701156192872,15-30m
yaw,0.25,scene-1094_029,Pedestrian,vru,12.974961278367891,19,1.0,6.204678553163748,4.5360475296298715,<15m
yaw,0.25,scene-1094_029,Car,vehicle,27.324944405401823,17,0.9411764705882353,5.622265392384985,4.148701156192872,15-30m
yaw,0.5,scene-1094_029,Pedestrian,vru,12.974961278367891,19,1.0,12.425970867738943,4.5360475296298715,<15m
yaw,0.5,scene-1094_029,Car,vehicle,27.324944405401823,17,0.9411764705882353,11.242956590142631,4.148701156192872,15-30m
yaw,1.0,scene-1094_029,Pedestrian,vru,12.974961278367891,19,0.8947368421052632,24.919662215247225,4.5360475296298715,<15m
yaw,1.0,scene-1094_029,Car,vehicle,27.324944405401823,17,0.8235294117647058,22.48082934918746,4.148701156192872,15-30m
yaw,2.0,scene-1094_029,Pedestrian,vru,12.974961278367891,19,0.2631578947368421,50.12050502091348,4.5360475296298715,<15m
yaw,2.0,scene-1094_029,Car,vehicle,27.324944405401823,17,0.5294117647058824,44.957762528200256,4.148701156192872,15-30m
yaw,3.0,scene-1094_029,Pedestrian,vru,12.974961278367891,19,0.0,75.62365179068081,4.5360475296298715,<15m
yaw,3.0,scene-1094_029,Car,vehicle,27.324944405401823,17,0.17647058823529413,67.44566866561901,4.148701156192872,15-30m
pitch,0.25,scene-1094_029,Pedestrian,vru,12.974961278367891,19,1.0,5.722671897642902,4.5360475296298715,<15m
pitch,0.25,scene-1094_029,Car,vehicle,27.324944405401823,17,1.0,5.616927374406261,4.148701156192872,15-30m
pitch,0.5,scene-1094_029,Pedestrian,vru,12.974961278367891,19,1.0,11.44866867685455,4.5360475296298715,<15m
pitch,0.5,scene-1094_029,Car,vehicle,27.324944405401823,17,1.0,11.234698478055602,4.148701156192872,15-30m
pitch,1.0,scene-1094_029,Pedestrian,vru,12.974961278367891,19,1.0,22.911594950178074,4.5360475296298715,<15m
pitch,1.0,scene-1094_029,Car,vehicle,27.324944405401823,17,1.0,22.473650727199907,4.148701156192872,15-30m
pitch,2.0,scene-1094_029,Pedestrian,vru,12.974961278367891,19,0.8421052631578947,45.88792124271117,4.5360475296298715,<15m
pitch,2.0,scene-1094_029,Car,vehicle,27.324944405401823,17,0.5294117647058824,44.97135957303268,4.148701156192872,15-30m
pitch,3.0,scene-1094_029,Pedestrian,vru,12.974961278367891,19,0.5789473684210527,68.94449880487849,4.5360475296298715,<15m
pitch,3.0,scene-1094_029,Car,vehicle,27.324944405401823,17,0.0,67.5072596122009,4.148701156192872,15-30m
roll,0.25,scene-1094_029,Pedestrian,vru,12.974961278367891,19,1.0,1.6730793900603118,4.5360475296298715,<15m
roll,0.25,scene-1094_029,Car,vehicle,27.324944405401823,17,1.0,0.17799035219692713,4.148701156192872,15-30m
roll,0.5,scene-1094_029,Pedestrian,vru,12.974961278367891,19,1.0,3.3461077046268746,4.5360475296298715,<15m
roll,0.5,scene-1094_029,Car,vehicle,27.324944405401823,17,1.0,0.35598030662137947,4.148701156192872,15-30m
roll,1.0,scene-1094_029,Pedestrian,vru,12.974961278367891,19,1.0,6.691979460495655,4.5360475296298715,<15m
roll,1.0,scene-1094_029,Car,vehicle,27.324944405401823,17,1.0,0.7119556322958807,4.148701156192872,15-30m
roll,2.0,scene-1094_029,Pedestrian,vru,12.974961278367891,19,0.9473684210526315,13.382762072247802,4.5360475296298715,<15m
roll,2.0,scene-1094_029,Car,vehicle,27.324944405401823,17,1.0,1.4238642214326398,4.148701156192872,15-30m
roll,3.0,scene-1094_029,Pedestrian,vru,12.974961278367891,19,0.9473684210526315,20.071842084596906,4.5360475296298715,<15m
roll,3.0,scene-1094_029,Car,vehicle,27.324944405401823,17,1.0,2.1356715286088575,4.148701156192872,15-30m
t_fwd,0.02,scene-1094_029,Pedestrian,vru,12.974961278367891,19,1.0,0.6134355420252524,4.5360475296298715,<15m
t_fwd,0.02,scene-1094_029,Car,vehicle,27.324944405401823,17,1.0,0.03428203734866977,4.148701156192872,15-30m
t_fwd,0.05,scene-1094_029,Pedestrian,vru,12.974961278367891,19,1.0,1.529900934123883,4.5360475296298715,<15m
t_fwd,0.05,scene-1094_029,Car,vehicle,27.324944405401823,17,1.0,0.08560357784768402,4.148701156192872,15-30m
t_fwd,0.1,scene-1094_029,Pedestrian,vru,12.974961278367891,19,1.0,3.0475873156119144,4.5360475296298715,<15m
t_fwd,0.1,scene-1094_029,Car,vehicle,27.324944405401823,17,1.0,0.17086983733275324,4.148701156192872,15-30m
t_fwd,0.2,scene-1094_029,Pedestrian,vru,12.974961278367891,19,1.0,6.046896903650183,4.5360475296298715,<15m
t_fwd,0.2,scene-1094_029,Car,vehicle,27.324944405401823,17,1.0,0.34039834507062944,4.148701156192872,15-30m
t_left,0.02,scene-1094_029,Pedestrian,vru,12.974961278367891,19,1.0,2.0385770714011495,4.5360475296298715,<15m
t_left,0.02,scene-1094_029,Car,vehicle,27.324944405401823,17,1.0,0.9975087370354261,4.148701156192872,15-30m
t_left,0.05,scene-1094_029,Pedestrian,vru,12.974961278367891,19,1.0,5.096396152539713,4.5360475296298715,<15m
t_left,0.05,scene-1094_029,Car,vehicle,27.324944405401823,17,1.0,2.493760716566635,4.148701156192872,15-30m
t_left,0.1,scene-1094_029,Pedestrian,vru,12.974961278367891,19,1.0,10.192637222310651,4.5360475296298715,<15m
t_left,0.1,scene-1094_029,Car,vehicle,27.324944405401823,17,0.9411764705882353,4.987484346834653,4.148701156192872,15-30m
t_left,0.2,scene-1094_029,Pedestrian,vru,12.974961278367891,19,0.9473684210526315,20.384654141860477,4.5360475296298715,<15m
t_left,0.2,scene-1094_029,Car,vehicle,27.324944405401823,17,0.9411764705882353,9.97482035178433,4.148701156192872,15-30m
t_up,0.02,scene-1094_029,Pedestrian,vru,12.974961278367891,19,1.0,2.0417554592224576,4.5360475296298715,<15m
t_up,0.02,scene-1094_029,Car,vehicle,27.324944405401823,17,1.0,0.9972823267817494,4.148701156192872,15-30m
t_up,0.05,scene-1094_029,Pedestrian,vru,12.974961278367891,19,1.0,5.104152760661317,4.5360475296298715,<15m
t_up,0.05,scene-1094_029,Car,vehicle,27.324944405401823,17,1.0,2.493149523857427,4.148701156192872,15-30m
t_up,0.1,scene-1094_029,Pedestrian,vru,12.974961278367891,19,1.0,10.207519326896817,4.5360475296298715,<15m
t_up,0.1,scene-1094_029,Car,vehicle,27.324944405401823,17,1.0,4.986111415355243,4.148701156192872,15-30m
t_up,0.2,scene-1094_029,Pedestrian,vru,12.974961278367891,19,0.9473684210526315,20.4118946025652,4.5360475296298715,<15m
t_up,0.2,scene-1094_029,Car,vehicle,27.324944405401823,17,1.0,9.971472385992525,4.148701156192872,15-30m
none,0.0,scene-1094_030,Pedestrian,vru,8.939236026349944,41,1.0,0.0,6.916974915227736,<15m
none,0.0,scene-1094_030,Bus,vehicle,42.38625569835097,32,1.0,0.0,9.021699857026672,>30m
yaw,0.25,scene-1094_030,Pedestrian,vru,8.939236026349944,41,1.0,7.290576331946045,6.916974915227736,<15m
yaw,0.25,scene-1094_030,Bus,vehicle,42.38625569835097,32,1.0,6.016371291082491,9.021699857026672,>30m
yaw,0.5,scene-1094_030,Pedestrian,vru,8.939236026349944,41,1.0,14.61500899577929,6.916974915227736,<15m
yaw,0.5,scene-1094_030,Bus,vehicle,42.38625569835097,32,1.0,12.018140950602904,9.021699857026672,>30m
yaw,1.0,scene-1094_030,Pedestrian,vru,8.939236026349944,41,0.926829268292683,29.36758961630554,6.916974915227736,<15m
yaw,1.0,scene-1094_030,Bus,vehicle,42.38625569835097,32,0.9375,23.97900948425852,9.021699857026672,>30m
yaw,2.0,scene-1094_030,Pedestrian,vru,8.939236026349944,41,0.4634146341463415,59.303081666300585,6.916974915227736,<15m
yaw,2.0,scene-1094_030,Bus,vehicle,42.38625569835097,32,0.6875,47.737867951570934,9.021699857026672,>30m
yaw,3.0,scene-1094_030,Pedestrian,vru,8.939236026349944,41,0.1951219512195122,89.84304492020702,6.916974915227736,<15m
yaw,3.0,scene-1094_030,Bus,vehicle,42.38625569835097,32,0.53125,71.29408847935471,9.021699857026672,>30m
pitch,0.25,scene-1094_030,Pedestrian,vru,8.939236026349944,41,1.0,5.839771305623806,6.916974915227736,<15m
pitch,0.25,scene-1094_030,Bus,vehicle,42.38625569835097,32,1.0,5.5922110362967405,9.021699857026672,>30m
pitch,0.5,scene-1094_030,Pedestrian,vru,8.939236026349944,41,1.0,11.684950943897542,6.916974915227736,<15m
pitch,0.5,scene-1094_030,Bus,vehicle,42.38625569835097,32,1.0,11.186001143818718,9.021699857026672,>30m
pitch,1.0,scene-1094_030,Pedestrian,vru,8.939236026349944,41,1.0,23.392613922259194,6.916974915227736,<15m
pitch,1.0,scene-1094_030,Bus,vehicle,42.38625569835097,32,0.4375,22.376321365544378,9.021699857026672,>30m
pitch,2.0,scene-1094_030,Pedestrian,vru,8.939236026349944,41,1.0,46.88476427051049,6.916974915227736,<15m
pitch,2.0,scene-1094_030,Bus,vehicle,42.38625569835097,32,0.4375,44.79288753155175,9.021699857026672,>30m
pitch,3.0,scene-1094_030,Pedestrian,vru,8.939236026349944,41,0.9024390243902439,70.49401198937235,6.916974915227736,<15m
pitch,3.0,scene-1094_030,Bus,vehicle,42.38625569835097,32,0.15625,67.27250021942712,9.021699857026672,>30m
roll,0.25,scene-1094_030,Pedestrian,vru,8.939236026349944,41,1.0,2.9171891219283874,6.916974915227736,<15m
roll,0.25,scene-1094_030,Bus,vehicle,42.38625569835097,32,1.0,1.5441334058402112,9.021699857026672,>30m
roll,0.5,scene-1094_030,Pedestrian,vru,8.939236026349944,41,1.0,5.8342378404486,6.916974915227736,<15m
roll,0.5,scene-1094_030,Bus,vehicle,42.38625569835097,32,1.0,3.0882931619668117,9.021699857026672,>30m
roll,1.0,scene-1094_030,Pedestrian,vru,8.939236026349944,41,1.0,11.667858989856867,6.916974915227736,<15m
roll,1.0,scene-1094_030,Bus,vehicle,42.38625569835097,32,1.0,6.176662085556473,9.021699857026672,>30m
roll,2.0,scene-1094_030,Pedestrian,vru,8.939236026349944,41,1.0,23.332810942357778,6.916974915227736,<15m
roll,2.0,scene-1094_030,Bus,vehicle,42.38625569835097,32,1.0,12.35339001735193,9.021699857026672,>30m
roll,3.0,scene-1094_030,Pedestrian,vru,8.939236026349944,41,1.0,34.993976320537065,6.916974915227736,<15m
roll,3.0,scene-1094_030,Bus,vehicle,42.38625569835097,32,0.84375,18.529709168004878,9.021699857026672,>30m
t_fwd,0.02,scene-1094_030,Pedestrian,vru,8.939236026349944,41,1.0,1.666084855174701,6.916974915227736,<15m
t_fwd,0.02,scene-1094_030,Bus,vehicle,42.38625569835097,32,1.0,0.19057278074302847,9.021699857026672,>30m
t_fwd,0.05,scene-1094_030,Pedestrian,vru,8.939236026349944,41,1.0,4.149675698350929,6.916974915227736,<15m
t_fwd,0.05,scene-1094_030,Bus,vehicle,42.38625569835097,32,1.0,0.4760482293185745,9.021699857026672,>30m
t_fwd,0.1,scene-1094_030,Pedestrian,vru,8.939236026349944,41,1.0,8.248075207989595,6.916974915227736,<15m
t_fwd,0.1,scene-1094_030,Bus,vehicle,42.38625569835097,32,1.0,0.9508201271296737,9.021699857026672,>30m
t_fwd,0.2,scene-1094_030,Pedestrian,vru,8.939236026349944,41,1.0,16.294800877946756,6.916974915227736,<15m
t_fwd,0.2,scene-1094_030,Bus,vehicle,42.38625569835097,32,1.0,1.896555406341101,9.021699857026672,>30m
t_left,0.02,scene-1094_030,Pedestrian,vru,8.939236026349944,41,1.0,3.18803779676772,6.916974915227736,<15m
t_left,0.02,scene-1094_030,Bus,vehicle,42.38625569835097,32,1.0,0.670809342249763,9.021699857026672,>30m
t_left,0.05,scene-1094_030,Pedestrian,vru,8.939236026349944,41,1.0,7.969999266553135,6.916974915227736,<15m
t_left,0.05,scene-1094_030,Bus,vehicle,42.38625569835097,32,1.0,1.6770191499452767,9.021699857026672,>30m
t_left,0.1,scene-1094_030,Pedestrian,vru,8.939236026349944,41,1.0,15.939681125331512,6.916974915227736,<15m
t_left,0.1,scene-1094_030,Bus,vehicle,42.38625569835097,32,1.0,3.3540242810538357,9.021699857026672,>30m
t_left,0.2,scene-1094_030,Pedestrian,vru,8.939236026349944,41,0.8780487804878049,31.878092695406888,6.916974915227736,<15m
t_left,0.2,scene-1094_030,Bus,vehicle,42.38625569835097,32,1.0,6.70799248746352,9.021699857026672,>30m
t_up,0.02,scene-1094_030,Pedestrian,vru,8.939236026349944,41,1.0,3.194754097687823,6.916974915227736,<15m
t_up,0.02,scene-1094_030,Bus,vehicle,42.38625569835097,32,1.0,0.6703506711954477,9.021699857026672,>30m
t_up,0.05,scene-1094_030,Pedestrian,vru,8.939236026349944,41,1.0,7.986328219873188,6.916974915227736,<15m
t_up,0.05,scene-1094_030,Bus,vehicle,42.38625569835097,32,1.0,1.6758521432913431,9.021699857026672,>30m
t_up,0.1,scene-1094_030,Pedestrian,vru,8.939236026349944,41,1.0,15.970800037201148,6.916974915227736,<15m
t_up,0.1,scene-1094_030,Bus,vehicle,42.38625569835097,32,1.0,3.3516225074517516,9.021699857026672,>30m
t_up,0.2,scene-1094_030,Pedestrian,vru,8.939236026349944,41,1.0,31.934177052717512,6.916974915227736,<15m
t_up,0.2,scene-1094_030,Bus,vehicle,42.38625569835097,32,0.96875,6.702917922324175,9.021699857026672,>30m
none,0.0,scene-1094_031,Bus,vehicle,34.15613496130212,44,1.0,0.0,13.264073550944005,>30m
yaw,0.25,scene-1094_031,Bus,vehicle,34.15613496130212,44,1.0,6.196989514491499,13.264073550944005,>30m
yaw,0.5,scene-1094_031,Bus,vehicle,34.15613496130212,44,0.9772727272727273,12.376148042731945,13.264073550944005,>30m
yaw,1.0,scene-1094_031,Bus,vehicle,34.15613496130212,44,0.9318181818181818,24.682228304793444,13.264073550944005,>30m
yaw,2.0,scene-1094_031,Bus,vehicle,34.15613496130212,44,0.7272727272727273,49.094063438642195,13.264073550944005,>30m
yaw,3.0,scene-1094_031,Bus,vehicle,34.15613496130212,44,0.5454545454545454,73.25479480979993,13.264073550944005,>30m
pitch,0.25,scene-1094_031,Bus,vehicle,34.15613496130212,44,1.0,5.610263526987802,13.264073550944005,>30m
pitch,0.5,scene-1094_031,Bus,vehicle,34.15613496130212,44,1.0,11.222117099497934,13.264073550944005,>30m
pitch,1.0,scene-1094_031,Bus,vehicle,34.15613496130212,44,1.0,22.451508762817078,13.264073550944005,>30m
pitch,2.0,scene-1094_031,Bus,vehicle,34.15613496130212,44,0.5681818181818182,44.93369678699706,13.264073550944005,>30m
pitch,3.0,scene-1094_031,Bus,vehicle,34.15613496130212,44,0.36363636363636365,67.469611498619,13.264073550944005,>30m
roll,0.25,scene-1094_031,Bus,vehicle,34.15613496130212,44,1.0,1.8214833320122497,13.264073550944005,>30m
roll,0.5,scene-1094_031,Bus,vehicle,34.15613496130212,44,1.0,3.643004648498245,13.264073550944005,>30m
roll,1.0,scene-1094_031,Bus,vehicle,34.15613496130212,44,1.0,7.286126229829136,13.264073550944005,>30m
roll,2.0,scene-1094_031,Bus,vehicle,34.15613496130212,44,1.0,14.572440032792795,13.264073550944005,>30m
roll,3.0,scene-1094_031,Bus,vehicle,34.15613496130212,44,1.0,21.858380772112376,13.264073550944005,>30m
t_fwd,0.02,scene-1094_031,Bus,vehicle,34.15613496130212,44,1.0,0.2588591127003549,13.264073550944005,>30m
t_fwd,0.05,scene-1094_031,Bus,vehicle,34.15613496130212,44,1.0,0.6465353424534562,13.264073550944005,>30m
t_fwd,0.1,scene-1094_031,Bus,vehicle,34.15613496130212,44,1.0,1.2910343649506475,13.264073550944005,>30m
t_fwd,0.2,scene-1094_031,Bus,vehicle,34.15613496130212,44,1.0,2.5739618147414545,13.264073550944005,>30m
t_left,0.02,scene-1094_031,Bus,vehicle,34.15613496130212,44,1.0,0.8012609681537866,13.264073550944005,>30m
t_left,0.05,scene-1094_031,Bus,vehicle,34.15613496130212,44,1.0,2.003144826469696,13.264073550944005,>30m
t_left,0.1,scene-1094_031,Bus,vehicle,34.15613496130212,44,1.0,4.006264340145124,13.264073550944005,>30m
t_left,0.2,scene-1094_031,Bus,vehicle,34.15613496130212,44,1.0,8.012427431032942,13.264073550944005,>30m
t_up,0.02,scene-1094_031,Bus,vehicle,34.15613496130212,44,1.0,0.8005843791831924,13.264073550944005,>30m
t_up,0.05,scene-1094_031,Bus,vehicle,34.15613496130212,44,1.0,2.0014264602097556,13.264073550944005,>30m
t_up,0.1,scene-1094_031,Bus,vehicle,34.15613496130212,44,1.0,4.002737966541297,13.264073550944005,>30m
t_up,0.2,scene-1094_031,Bus,vehicle,34.15613496130212,44,1.0,8.005016157187063,13.264073550944005,>30m
none,0.0,scene-1094_032,Bus,vehicle,26.18164641001332,108,1.0,0.0,16.21879782289619,15-30m
yaw,0.25,scene-1094_032,Bus,vehicle,26.18164641001332,108,1.0,6.813460694272049,16.21879782289619,15-30m
yaw,0.5,scene-1094_032,Bus,vehicle,26.18164641001332,108,1.0,13.599297235986722,16.21879782289619,15-30m
yaw,1.0,scene-1094_032,Bus,vehicle,26.18164641001332,108,0.9629629629629629,27.089811026055983,16.21879782289619,15-30m
yaw,2.0,scene-1094_032,Bus,vehicle,26.18164641001332,108,0.8796296296296297,53.75789047055426,16.21879782289619,15-30m
yaw,3.0,scene-1094_032,Bus,vehicle,26.18164641001332,108,0.8055555555555556,80.03021585072511,16.21879782289619,15-30m
pitch,0.25,scene-1094_032,Bus,vehicle,26.18164641001332,108,1.0,5.637402215509786,16.21879782289619,15-30m
pitch,0.5,scene-1094_032,Bus,vehicle,26.18164641001332,108,1.0,11.275202155578745,16.21879782289619,15-30m
pitch,1.0,scene-1094_032,Bus,vehicle,26.18164641001332,108,1.0,22.557199227968695,16.21879782289619,15-30m
pitch,2.0,scene-1094_032,Bus,vehicle,26.18164641001332,108,0.8333333333333334,45.142030362325144,16.21879782289619,15-30m
pitch,3.0,scene-1094_032,Bus,vehicle,26.18164641001332,108,0.8333333333333334,67.74132242241484,16.21879782289619,15-30m
roll,0.25,scene-1094_032,Bus,vehicle,26.18164641001332,108,1.0,2.5701469978676394,16.21879782289619,15-30m
roll,0.5,scene-1094_032,Bus,vehicle,26.18164641001332,108,1.0,5.140379383413569,16.21879782289619,15-30m
roll,1.0,scene-1094_032,Bus,vehicle,26.18164641001332,108,1.0,10.281050683851419,16.21879782289619,15-30m
roll,2.0,scene-1094_032,Bus,vehicle,26.18164641001332,108,1.0,20.562871714499277,16.21879782289619,15-30m
roll,3.0,scene-1094_032,Bus,vehicle,26.18164641001332,108,1.0,30.844667753328793,16.21879782289619,15-30m
t_fwd,0.02,scene-1094_032,Bus,vehicle,26.18164641001332,108,1.0,0.5261620621284719,16.21879782289619,15-30m
t_fwd,0.05,scene-1094_032,Bus,vehicle,26.18164641001332,108,1.0,1.313639904090556,16.21879782289619,15-30m
t_fwd,0.1,scene-1094_032,Bus,vehicle,26.18164641001332,108,1.0,2.6214166476412153,16.21879782289619,15-30m
t_fwd,0.2,scene-1094_032,Bus,vehicle,26.18164641001332,108,1.0,5.219536969509654,16.21879782289619,15-30m
t_left,0.02,scene-1094_032,Bus,vehicle,26.18164641001332,108,1.0,1.1281393797962807,16.21879782289619,15-30m
t_left,0.05,scene-1094_032,Bus,vehicle,26.18164641001332,108,1.0,2.8203346138931447,16.21879782289619,15-30m
t_left,0.1,scene-1094_032,Bus,vehicle,26.18164641001332,108,1.0,5.640623109730846,16.21879782289619,15-30m
t_left,0.2,scene-1094_032,Bus,vehicle,26.18164641001332,108,1.0,11.281061751763714,16.21879782289619,15-30m
t_up,0.02,scene-1094_032,Bus,vehicle,26.18164641001332,108,1.0,1.1262343153260066,16.21879782289619,15-30m
t_up,0.05,scene-1094_032,Bus,vehicle,26.18164641001332,108,1.0,2.815513616312491,16.21879782289619,15-30m
t_up,0.1,scene-1094_032,Bus,vehicle,26.18164641001332,108,1.0,5.630786675727512,16.21879782289619,15-30m
t_up,0.2,scene-1094_032,Bus,vehicle,26.18164641001332,108,1.0,11.26061124717798,16.21879782289619,15-30m
none,0.0,scene-1094_033,Bus,vehicle,18.774125146032034,67,1.0,0.0,8.415042174315934,15-30m
none,0.0,scene-1094_033,Car,vehicle,29.673825409051567,18,0.9444444444444444,0.0,3.8539304507789347,15-30m
yaw,0.25,scene-1094_033,Bus,vehicle,18.774125146032034,67,1.0,7.261171670671676,8.415042174315934,15-30m
yaw,0.25,scene-1094_033,Car,vehicle,29.673825409051567,18,0.9444444444444444,5.599701248661008,3.8539304507789347,15-30m
yaw,0.5,scene-1094_033,Bus,vehicle,18.774125146032034,67,1.0,14.487926460956093,8.415042174315934,15-30m
yaw,0.5,scene-1094_033,Car,vehicle,29.673825409051567,18,0.9444444444444444,11.198742390947732,3.8539304507789347,15-30m
yaw,1.0,scene-1094_033,Bus,vehicle,18.774125146032034,67,0.9552238805970149,28.840269963381523,8.415042174315934,15-30m
yaw,1.0,scene-1094_033,Car,vehicle,29.673825409051567,18,0.7222222222222222,22.394849932024528,3.8539304507789347,15-30m
yaw,2.0,scene-1094_033,Bus,vehicle,18.774125146032034,67,0.7910447761194029,57.15447338127972,8.415042174315934,15-30m
yaw,2.0,scene-1094_033,Car,vehicle,29.673825409051567,18,0.3888888888888889,44.79130006673299,3.8539304507789347,15-30m
yaw,3.0,scene-1094_033,Bus,vehicle,18.774125146032034,67,0.6119402985074627,84.97401987772824,8.415042174315934,15-30m
yaw,3.0,scene-1094_033,Car,vehicle,29.673825409051567,18,0.05555555555555555,67.19412264594985,3.8539304507789347,15-30m
pitch,0.25,scene-1094_033,Bus,vehicle,18.774125146032034,67,1.0,5.648395516715318,8.415042174315934,15-30m
pitch,0.25,scene-1094_033,Car,vehicle,29.673825409051567,18,0.9444444444444444,5.596372564768574,3.8539304507789347,15-30m
pitch,0.5,scene-1094_033,Bus,vehicle,18.774125146032034,67,1.0,11.298259442442044,8.415042174315934,15-30m
pitch,0.5,scene-1094_033,Car,vehicle,29.673825409051567,18,0.9444444444444444,11.19360550495645,3.8539304507789347,15-30m
pitch,1.0,scene-1094_033,Bus,vehicle,18.774125146032034,67,1.0,22.600024657706502,8.415042174315934,15-30m
pitch,1.0,scene-1094_033,Car,vehicle,29.673825409051567,18,0.9444444444444444,22.39152304475678,3.8539304507789347,15-30m
pitch,2.0,scene-1094_033,Bus,vehicle,18.774125146032034,67,1.0,45.211895443082625,8.415042174315934,15-30m
pitch,2.0,scene-1094_033,Car,vehicle,29.673825409051567,18,0.5,44.80727064959771,3.8539304507789347,15-30m
pitch,3.0,scene-1094_033,Bus,vehicle,18.774125146032034,67,1.0,67.87367348450714,8.415042174315934,15-30m
pitch,3.0,scene-1094_033,Car,vehicle,29.673825409051567,18,0.0,67.26124235729154,3.8539304507789347,15-30m
roll,0.25,scene-1094_033,Bus,vehicle,18.774125146032034,67,1.0,2.9982575046378304,8.415042174315934,15-30m
roll,0.25,scene-1094_033,Car,vehicle,29.673825409051567,18,0.9444444444444444,0.14584953419593444,3.8539304507789347,15-30m
roll,0.5,scene-1094_033,Bus,vehicle,18.774125146032034,67,1.0,5.99664121748174,8.415042174315934,15-30m
roll,0.5,scene-1094_033,Car,vehicle,29.673825409051567,18,0.9444444444444444,0.29169851933952995,3.8539304507789347,15-30m
roll,1.0,scene-1094_033,Bus,vehicle,18.774125146032034,67,0.9850746268656716,11.99372967004525,8.415042174315934,15-30m
roll,1.0,scene-1094_033,Car,vehicle,29.673825409051567,18,0.9444444444444444,0.5833920577489815,3.8539304507789347,15-30m
roll,2.0,scene-1094_033,Bus,vehicle,18.774125146032034,67,0.9850746268656716,23.98878713396751,8.415042174315934,15-30m
roll,2.0,scene-1094_033,Car,vehicle,29.673825409051567,18,0.9444444444444444,1.1667419141910065,3.8539304507789347,15-30m
roll,3.0,scene-1094_033,Bus,vehicle,18.774125146032034,67,0.9850746268656716,35.98424908326752,8.415042174315934,15-30m
roll,3.0,scene-1094_033,Car,vehicle,29.673825409051567,18,0.9444444444444444,1.7500050158580929,3.8539304507789347,15-30m
t_fwd,0.02,scene-1094_033,Bus,vehicle,18.774125146032034,67,1.0,0.7297061311066083,8.415042174315934,15-30m
t_fwd,0.02,scene-1094_033,Car,vehicle,29.673825409051567,18,0.9444444444444444,0.021579834285059427,3.8539304507789347,15-30m
t_fwd,0.05,scene-1094_033,Bus,vehicle,18.774125146032034,67,1.0,1.8213911688228108,8.415042174315934,15-30m
t_fwd,0.05,scene-1094_033,Car,vehicle,29.673825409051567,18,0.9444444444444444,0.05389128884316029,3.8539304507789347,15-30m
t_fwd,0.1,scene-1094_033,Bus,vehicle,18.774125146032034,67,1.0,3.633241953818914,8.415042174315934,15-30m
t_fwd,0.1,scene-1094_033,Car,vehicle,29.673825409051567,18,0.9444444444444444,0.10758881373424281,3.8539304507789347,15-30m
t_fwd,0.2,scene-1094_033,Bus,vehicle,18.774125146032034,67,1.0,7.228620643199916,8.415042174315934,15-30m
t_fwd,0.2,scene-1094_033,Car,vehicle,29.673825409051567,18,0.9444444444444444,0.21440673672084043,3.8539304507789347,15-30m
t_left,0.02,scene-1094_033,Bus,vehicle,18.774125146032034,67,1.0,1.3381468374365555,8.415042174315934,15-30m
t_left,0.02,scene-1094_033,Car,vehicle,29.673825409051567,18,0.9444444444444444,0.9122505180054773,3.8539304507789347,15-30m
t_left,0.05,scene-1094_033,Bus,vehicle,18.774125146032034,67,1.0,3.34534583442984,8.415042174315934,15-30m
t_left,0.05,scene-1094_033,Car,vehicle,29.673825409051567,18,0.9444444444444444,2.2806163940302615,3.8539304507789347,15-30m
t_left,0.1,scene-1094_033,Bus,vehicle,18.774125146032034,67,1.0,6.690620806187954,8.415042174315934,15-30m
t_left,0.1,scene-1094_033,Car,vehicle,29.673825409051567,18,0.9444444444444444,4.561199785165097,3.8539304507789347,15-30m
t_left,0.2,scene-1094_033,Bus,vehicle,18.774125146032034,67,1.0,13.38095817069408,8.415042174315934,15-30m
t_left,0.2,scene-1094_033,Car,vehicle,29.673825409051567,18,0.9444444444444444,9.122267561614532,3.8539304507789347,15-30m
t_up,0.02,scene-1094_033,Bus,vehicle,18.774125146032034,67,1.0,1.3343680783055254,8.415042174315934,15-30m
t_up,0.02,scene-1094_033,Car,vehicle,29.673825409051567,18,0.9444444444444444,0.9121125294949177,3.8539304507789347,15-30m
t_up,0.05,scene-1094_033,Bus,vehicle,18.774125146032034,67,1.0,3.33581603064853,8.415042174315934,15-30m
t_up,0.05,scene-1094_033,Car,vehicle,29.673825409051567,18,0.9444444444444444,2.2802326804831257,3.8539304507789347,15-30m
t_up,0.1,scene-1094_033,Bus,vehicle,18.774125146032034,67,1.0,6.6712848731563925,8.415042174315934,15-30m
t_up,0.1,scene-1094_033,Car,vehicle,29.673825409051567,18,0.9444444444444444,4.560303226009148,3.8539304507789347,15-30m
t_up,0.2,scene-1094_033,Bus,vehicle,18.774125146032034,67,1.0,13.341181210537425,8.415042174315934,15-30m
t_up,0.2,scene-1094_033,Car,vehicle,29.673825409051567,18,0.9444444444444444,9.119957981356528,3.8539304507789347,15-30m
none,0.0,scene-1094_034,Pedestrian,vru,13.422175969409919,13,1.0,0.0,5.309853471723246,<15m
yaw,0.25,scene-1094_034,Pedestrian,vru,13.422175969409919,13,1.0,6.938872128006009,5.309853471723246,<15m
yaw,0.5,scene-1094_034,Pedestrian,vru,13.422175969409919,13,1.0,13.907129581073935,5.309853471723246,<15m
yaw,1.0,scene-1094_034,Pedestrian,vru,13.422175969409919,13,1.0,27.933661981160768,5.309853471723246,<15m
yaw,2.0,scene-1094_034,Pedestrian,vru,13.422175969409919,13,0.5384615384615384,56.36018953308497,5.309853471723246,<15m
yaw,3.0,scene-1094_034,Pedestrian,vru,13.422175969409919,13,0.07692307692307693,85.31117661467378,5.309853471723246,<15m
pitch,0.25,scene-1094_034,Pedestrian,vru,13.422175969409919,13,1.0,5.6771157359123325,5.309853471723246,<15m
pitch,0.5,scene-1094_034,Pedestrian,vru,13.422175969409919,13,1.0,11.353397787159114,5.309853471723246,<15m
pitch,1.0,scene-1094_034,Pedestrian,vru,13.422175969409919,13,1.0,22.704435952762886,5.309853471723246,<15m
pitch,2.0,scene-1094_034,Pedestrian,vru,13.422175969409919,13,1.0,45.407233859823776,5.309853471723246,<15m
pitch,3.0,scene-1094_034,Pedestrian,vru,13.422175969409919,13,1.0,68.15584496052278,5.309853471723246,<15m
roll,0.25,scene-1094_034,Pedestrian,vru,13.422175969409919,13,1.0,2.653098780948619,5.309853471723246,<15m
roll,0.5,scene-1094_034,Pedestrian,vru,13.422175969409919,13,0.6153846153846154,5.306089175722831,5.309853471723246,<15m
roll,1.0,scene-1094_034,Pedestrian,vru,13.422175969409919,13,0.6153846153846154,10.61169461141918,5.309853471723246,<15m
roll,2.0,scene-1094_034,Pedestrian,vru,13.422175969409919,13,0.6153846153846154,21.221052964068832,5.309853471723246,<15m
roll,3.0,scene-1094_034,Pedestrian,vru,13.422175969409919,13,0.6153846153846154,31.82727323419222,5.309853471723246,<15m
t_fwd,0.02,scene-1094_034,Pedestrian,vru,13.422175969409919,13,1.0,1.006687975151644,5.309853471723246,<15m
t_fwd,0.05,scene-1094_034,Pedestrian,vru,13.422175969409919,13,1.0,2.5105164980917496,5.309853471723246,<15m
t_fwd,0.1,scene-1094_034,Pedestrian,vru,13.422175969409919,13,1.0,5.000490225708159,5.309853471723246,<15m
t_fwd,0.2,scene-1094_034,Pedestrian,vru,13.422175969409919,13,1.0,9.91980975403488,5.309853471723246,<15m
t_left,0.02,scene-1094_034,Pedestrian,vru,13.422175969409919,13,1.0,2.0834414823275593,5.309853471723246,<15m
t_left,0.05,scene-1094_034,Pedestrian,vru,13.422175969409919,13,1.0,5.2085622703886365,5.309853471723246,<15m
t_left,0.1,scene-1094_034,Pedestrian,vru,13.422175969409919,13,1.0,10.416986425606826,5.309853471723246,<15m
t_left,0.2,scene-1094_034,Pedestrian,vru,13.422175969409919,13,1.0,20.833420412505777,5.309853471723246,<15m
t_up,0.02,scene-1094_034,Pedestrian,vru,13.422175969409919,13,1.0,2.0875587394162385,5.309853471723246,<15m
t_up,0.05,scene-1094_034,Pedestrian,vru,13.422175969409919,13,0.6153846153846154,5.218679649967031,5.309853471723246,<15m
t_up,0.1,scene-1094_034,Pedestrian,vru,13.422175969409919,13,0.6153846153846154,10.436635385032597,5.309853471723246,<15m
t_up,0.2,scene-1094_034,Pedestrian,vru,13.422175969409919,13,0.6153846153846154,20.87037571288719,5.309853471723246,<15m
none,0.0,scene-1094_036,Car,vehicle,30.004920563479992,17,1.0,0.0,3.8595488632722006,>30m
yaw,0.25,scene-1094_036,Car,vehicle,30.004920563479992,17,1.0,5.590359217154096,3.8595488632722006,>30m
yaw,0.5,scene-1094_036,Car,vehicle,30.004920563479992,17,1.0,11.180685053017992,3.8595488632722006,>30m
yaw,1.0,scene-1094_036,Car,vehicle,30.004920563479992,17,0.8235294117647058,22.36160942656211,3.8595488632722006,>30m
yaw,2.0,scene-1094_036,Car,vehicle,30.004920563479992,17,0.47058823529411764,44.726597068373046,3.8595488632722006,>30m
yaw,3.0,scene-1094_036,Car,vehicle,30.004920563479992,17,0.11764705882352941,67.1024264791034,3.8595488632722006,>30m
pitch,0.25,scene-1094_036,Car,vehicle,30.004920563479992,17,1.0,5.588150171515536,3.8595488632722006,>30m
pitch,0.5,scene-1094_036,Car,vehicle,30.004920563479992,17,1.0,11.177158595229187,3.8595488632722006,>30m
pitch,1.0,scene-1094_036,Car,vehicle,30.004920563479992,17,0.5294117647058824,22.35861742728158,3.8595488632722006,>30m
pitch,2.0,scene-1094_036,Car,vehicle,30.004920563479992,17,0.5294117647058824,44.74138571009311,3.8595488632722006,>30m
pitch,3.0,scene-1094_036,Car,vehicle,30.004920563479992,17,0.0,67.16225109326291,3.8595488632722006,>30m
roll,0.25,scene-1094_036,Car,vehicle,30.004920563479992,17,1.0,0.12716188341546492,3.8595488632722006,>30m
roll,0.5,scene-1094_036,Car,vehicle,30.004920563479992,17,1.0,0.2543230943642241,3.8595488632722006,>30m
roll,1.0,scene-1094_036,Car,vehicle,30.004920563479992,17,1.0,0.5086410709883677,3.8595488632722006,>30m
roll,2.0,scene-1094_036,Car,vehicle,30.004920563479992,17,1.0,1.017242248699459,3.8595488632722006,>30m
roll,3.0,scene-1094_036,Car,vehicle,30.004920563479992,17,1.0,1.5257646914626053,3.8595488632722006,>30m
t_fwd,0.02,scene-1094_036,Car,vehicle,30.004920563479992,17,1.0,0.016641647503657625,3.8595488632722006,>30m
t_fwd,0.05,scene-1094_036,Car,vehicle,30.004920563479992,17,1.0,0.041559976848059274,3.8595488632722006,>30m
t_fwd,0.1,scene-1094_036,Car,vehicle,30.004920563479992,17,1.0,0.08297322956506044,3.8595488632722006,>30m
t_fwd,0.2,scene-1094_036,Car,vehicle,30.004920563479992,17,1.0,0.1653626596574771,3.8595488632722006,>30m
t_left,0.02,scene-1094_036,Car,vehicle,30.004920563479992,17,1.0,0.9027736509696134,3.8595488632722006,>30m
t_left,0.05,scene-1094_036,Car,vehicle,30.004920563479992,17,1.0,2.256924908278676,3.8595488632722006,>30m
t_left,0.1,scene-1094_036,Car,vehicle,30.004920563479992,17,1.0,4.513819086407947,3.8595488632722006,>30m
t_left,0.2,scene-1094_036,Car,vehicle,30.004920563479992,17,1.0,9.027515254728776,3.8595488632722006,>30m
t_up,0.02,scene-1094_036,Car,vehicle,30.004920563479992,17,1.0,0.9026834113789068,3.8595488632722006,>30m
t_up,0.05,scene-1094_036,Car,vehicle,30.004920563479992,17,1.0,2.256661462138548,3.8595488632722006,>30m
t_up,0.1,scene-1094_036,Car,vehicle,30.004920563479992,17,1.0,4.513166045306713,3.8595488632722006,>30m
t_up,0.2,scene-1094_036,Car,vehicle,30.004920563479992,17,1.0,9.025704640162878,3.8595488632722006,>30m
none,0.0,scene-1094_038,Car,vehicle,29.96593110516297,18,1.0,0.0,3.7525161878631788,15-30m
none,0.0,scene-1094_038,Car,vehicle,18.87295683713423,38,1.0,0.0,12.383208278766615,15-30m
yaw,0.25,scene-1094_038,Car,vehicle,29.96593110516297,18,0.9444444444444444,5.591231976174885,3.7525161878631788,15-30m
yaw,0.25,scene-1094_038,Car,vehicle,18.87295683713423,38,1.0,7.001102256664346,12.383208278766615,15-30m
yaw,0.5,scene-1094_038,Car,vehicle,29.96593110516297,18,0.8333333333333334,11.182393688895626,3.7525161878631788,15-30m
yaw,0.5,scene-1094_038,Car,vehicle,18.87295683713423,38,1.0,13.971936868714184,12.383208278766615,15-30m
yaw,1.0,scene-1094_038,Car,vehicle,29.96593110516297,18,0.7777777777777778,22.364630843296773,3.7525161878631788,15-30m
yaw,1.0,scene-1094_038,Car,vehicle,18.87295683713423,38,0.9736842105263158,27.82466243655032,12.383208278766615,15-30m
yaw,2.0,scene-1094_038,Car,vehicle,29.96593110516297,18,0.4444444444444444,44.73383223198806,3.7525161878631788,15-30m
yaw,2.0,scene-1094_038,Car,vehicle,18.87295683713423,38,0.9210526315789473,55.18700965356513,12.383208278766615,15-30m
yaw,3.0,scene-1094_038,Car,vehicle,29.96593110516297,18,0.1111111111111111,67.11159717949866,3.7525161878631788,15-30m
yaw,3.0,scene-1094_038,Car,vehicle,18.87295683713423,38,0.7894736842105263,82.11516280938342,12.383208278766615,15-30m
pitch,0.25,scene-1094_038,Car,vehicle,29.96593110516297,18,1.0,5.592164136904138,3.7525161878631788,15-30m
pitch,0.25,scene-1094_038,Car,vehicle,18.87295683713423,38,1.0,5.679172040887517,12.383208278766615,15-30m
pitch,0.5,scene-1094_038,Car,vehicle,29.96593110516297,18,1.0,11.185781375990503,3.7525161878631788,15-30m
pitch,0.5,scene-1094_038,Car,vehicle,18.87295683713423,38,1.0,11.36227038003253,12.383208278766615,15-30m
pitch,1.0,scene-1094_038,Car,vehicle,29.96593110516297,18,0.5,22.378245315581328,3.7525161878631788,15-30m
pitch,1.0,scene-1094_038,Car,vehicle,18.87295683713423,38,1.0,22.741248804755685,12.383208278766615,15-30m
pitch,2.0,scene-1094_038,Car,vehicle,29.96593110516297,18,0.5,44.790199423708785,3.7525161878631788,15-30m
pitch,2.0,scene-1094_038,Car,vehicle,18.87295683713423,38,0.631578947368421,45.5578307281426,12.383208278766615,15-30m
pitch,3.0,scene-1094_038,Car,vehicle,29.96593110516297,18,0.0,67.24988084715304,3.7525161878631788,15-30m
pitch,3.0,scene-1094_038,Car,vehicle,18.87295683713423,38,0.15789473684210525,68.46638213554509,12.383208278766615,15-30m
roll,0.25,scene-1094_038,Car,vehicle,29.96593110516297,18,1.0,0.1392695417975474,3.7525161878631788,15-30m
roll,0.25,scene-1094_038,Car,vehicle,18.87295683713423,38,1.0,2.750693463381774,12.383208278766615,15-30m
roll,0.5,scene-1094_038,Car,vehicle,29.96593110516297,18,1.0,0.27853848894260436,3.7525161878631788,15-30m
roll,0.5,scene-1094_038,Car,vehicle,18.87295683713423,38,1.0,5.50147493142576,12.383208278766615,15-30m
roll,1.0,scene-1094_038,Car,vehicle,29.96593110516297,18,1.0,0.5570719434214066,3.7525161878631788,15-30m
roll,1.0,scene-1094_038,Car,vehicle,18.87295683713423,38,1.0,11.003248571272504,12.383208278766615,15-30m
roll,2.0,scene-1094_038,Car,vehicle,29.96593110516297,18,1.0,1.1141025025121873,3.7525161878631788,15-30m
roll,2.0,scene-1094_038,Car,vehicle,18.87295683713423,38,1.0,22.007265233705382,12.383208278766615,15-30m
roll,3.0,scene-1094_038,Car,vehicle,29.96593110516297,18,1.0,1.6710491864624575,3.7525161878631788,15-30m
roll,3.0,scene-1094_038,Car,vehicle,18.87295683713423,38,0.6578947368421053,33.011195783215875,12.383208278766615,15-30m
t_fwd,0.02,scene-1094_038,Car,vehicle,29.96593110516297,18,1.0,0.017269991248109247,3.7525161878631788,15-30m
t_fwd,0.02,scene-1094_038,Car,vehicle,18.87295683713423,38,1.0,0.8244884218627104,12.383208278766615,15-30m
t_fwd,0.05,scene-1094_038,Car,vehicle,29.96593110516297,18,1.0,0.043128842506589014,3.7525161878631788,15-30m
t_fwd,0.05,scene-1094_038,Car,vehicle,18.87295683713423,38,1.0,2.0571854453062186,12.383208278766615,15-30m
t_fwd,0.1,scene-1094_038,Car,vehicle,29.96593110516297,18,1.0,0.0861043370737736,3.7525161878631788,15-30m
t_fwd,0.1,scene-1094_038,Car,vehicle,18.87295683713423,38,1.0,4.10098886400265,12.383208278766615,15-30m
t_fwd,0.2,scene-1094_038,Car,vehicle,29.96593110516297,18,1.0,0.17159854226335977,3.7525161878631788,15-30m
t_fwd,0.2,scene-1094_038,Car,vehicle,18.87295683713423,38,1.0,8.148968547845326,12.383208278766615,15-30m
t_left,0.02,scene-1094_038,Car,vehicle,29.96593110516297,18,1.0,0.9045788972499804,3.7525161878631788,15-30m
t_left,0.02,scene-1094_038,Car,vehicle,18.87295683713423,38,1.0,1.661951456864804,12.383208278766615,15-30m
t_left,0.05,scene-1094_038,Car,vehicle,29.96593110516297,18,1.0,2.261437551577,3.7525161878631788,15-30m
t_left,0.05,scene-1094_038,Car,vehicle,18.87295683713423,38,1.0,4.154845991515394,12.383208278766615,15-30m
t_left,0.1,scene-1094_038,Car,vehicle,29.96593110516297,18,0.9444444444444444,4.5228427983635235,3.7525161878631788,15-30m
t_left,0.1,scene-1094_038,Car,vehicle,18.87295683713423,38,1.0,8.309583149822231,12.383208278766615,15-30m
t_left,0.2,scene-1094_038,Car,vehicle,29.96593110516297,18,0.9444444444444444,9.045556380333933,3.7525161878631788,15-30m
t_left,0.2,scene-1094_038,Car,vehicle,18.87295683713423,38,1.0,16.618730983914283,12.383208278766615,15-30m
t_up,0.02,scene-1094_038,Car,vehicle,29.96593110516297,18,1.0,0.9045583511800093,3.7525161878631788,15-30m
t_up,0.02,scene-1094_038,Car,vehicle,18.87295683713423,38,1.0,1.6607586159410985,12.383208278766615,15-30m
t_up,0.05,scene-1094_038,Car,vehicle,29.96593110516297,18,1.0,2.2613531384902963,3.7525161878631788,15-30m
t_up,0.05,scene-1094_038,Car,vehicle,18.87295683713423,38,1.0,4.151752661572228,12.383208278766615,15-30m
t_up,0.1,scene-1094_038,Car,vehicle,29.96593110516297,18,1.0,4.5225638192949145,3.7525161878631788,15-30m
t_up,0.1,scene-1094_038,Car,vehicle,18.87295683713423,38,1.0,8.303025773192788,12.383208278766615,15-30m
t_up,0.2,scene-1094_038,Car,vehicle,29.96593110516297,18,1.0,9.044557861689645,3.7525161878631788,15-30m
t_up,0.2,scene-1094_038,Car,vehicle,18.87295683713423,38,1.0,16.604133678883798,12.383208278766615,15-30m
none,0.0,scene-1094_039,Car,vehicle,29.839715276989946,10,1.0,0.0,3.770009940011981,15-30m
none,0.0,scene-1094_039,Pedestrian,vru,19.64252625144386,11,1.0,0.0,2.493275101977189,15-30m
yaw,0.25,scene-1094_039,Car,vehicle,29.839715276989946,10,1.0,5.591063422917787,3.770009940011981,15-30m
yaw,0.25,scene-1094_039,Pedestrian,vru,19.64252625144386,11,1.0,6.107721337523629,2.493275101977189,15-30m
yaw,0.5,scene-1094_039,Car,vehicle,29.839715276989946,10,0.9,11.181617656661444,3.770009940011981,15-30m
yaw,0.5,scene-1094_039,Pedestrian,vru,19.64252625144386,11,1.0,12.231586161256198,2.493275101977189,15-30m
yaw,1.0,scene-1094_039,Car,vehicle,29.839715276989946,10,0.8,22.36379275154197,3.770009940011981,15-30m
yaw,1.0,scene-1094_039,Pedestrian,vru,19.64252625144386,11,0.6363636363636364,24.52896356206822,2.493275101977189,15-30m
yaw,2.0,scene-1094_039,Car,vehicle,29.839715276989946,10,0.5,44.73091717081061,3.770009940011981,15-30m
yaw,2.0,scene-1094_039,Pedestrian,vru,19.64252625144386,11,0.0,49.33099720718928,2.493275101977189,15-30m
yaw,3.0,scene-1094_039,Car,vehicle,29.839715276989946,10,0.2,67.10659809757951,3.770009940011981,15-30m
yaw,3.0,scene-1094_039,Pedestrian,vru,19.64252625144386,11,0.0,74.42641165893102,2.493275101977189,15-30m
pitch,0.25,scene-1094_039,Car,vehicle,29.839715276989946,10,1.0,5.595291019027015,3.770009940011981,15-30m
pitch,0.25,scene-1094_039,Pedestrian,vru,19.64252625144386,11,1.0,5.611441856447287,2.493275101977189,15-30m
pitch,0.5,scene-1094_039,Car,vehicle,29.839715276989946,10,1.0,11.192615029168724,3.770009940011981,15-30m
pitch,0.5,scene-1094_039,Pedestrian,vru,19.64252625144386,11,1.0,11.223664288352674,2.493275101977189,15-30m
pitch,1.0,scene-1094_039,Car,vehicle,29.839715276989946,10,1.0,22.394234604549652,3.770009940011981,15-30m
pitch,1.0,scene-1094_039,Pedestrian,vru,19.64252625144386,11,1.0,22.45135658303941,2.493275101977189,15-30m
pitch,2.0,scene-1094_039,Car,vehicle,29.839715276989946,10,0.2,44.83149041342995,3.770009940011981,15-30m
pitch,2.0,scene-1094_039,Pedestrian,vru,19.64252625144386,11,0.6363636363636364,44.92608301937737,2.493275101977189,15-30m
pitch,3.0,scene-1094_039,Car,vehicle,29.839715276989946,10,0.0,67.32584949317165,3.770009940011981,15-30m
pitch,3.0,scene-1094_039,Pedestrian,vru,19.64252625144386,11,0.6363636363636364,67.43874238899069,2.493275101977189,15-30m
roll,0.25,scene-1094_039,Car,vehicle,29.839715276989946,10,1.0,0.15420705786899766,3.770009940011981,15-30m
roll,0.25,scene-1094_039,Pedestrian,vru,19.64252625144386,11,1.0,1.656747103808443,2.493275101977189,15-30m
roll,0.5,scene-1094_039,Car,vehicle,29.839715276989946,10,1.0,0.3084133547124257,3.770009940011981,15-30m
roll,0.5,scene-1094_039,Pedestrian,vru,19.64252625144386,11,1.0,3.313446425672423,2.493275101977189,15-30m
roll,1.0,scene-1094_039,Car,vehicle,29.839715276989946,10,1.0,0.6168207213212624,3.770009940011981,15-30m
roll,1.0,scene-1094_039,Pedestrian,vru,19.64252625144386,11,1.0,6.626670515526206,2.493275101977189,15-30m
roll,2.0,scene-1094_039,Car,vehicle,29.839715276989946,10,1.0,1.233593938887322,3.770009940011981,15-30m
roll,2.0,scene-1094_039,Pedestrian,vru,19.64252625144386,11,1.0,13.252202134972702,2.493275101977189,15-30m
roll,3.0,scene-1094_039,Car,vehicle,29.839715276989946,10,1.0,1.8502725531955777,3.770009940011981,15-30m
roll,3.0,scene-1094_039,Pedestrian,vru,19.64252625144386,11,1.0,19.876096083039982,2.493275101977189,15-30m
t_fwd,0.02,scene-1094_039,Car,vehicle,29.839715276989946,10,1.0,0.017684075718191302,3.770009940011981,15-30m
t_fwd,0.02,scene-1094_039,Pedestrian,vru,19.64252625144386,11,1.0,0.40291906046048603,2.493275101977189,15-30m
t_fwd,0.05,scene-1094_039,Car,vehicle,29.839715276989946,10,1.0,0.04416276335767224,3.770009940011981,15-30m
t_fwd,0.05,scene-1094_039,Pedestrian,vru,19.64252625144386,11,1.0,1.005692240216246,2.493275101977189,15-30m
t_fwd,0.1,scene-1094_039,Car,vehicle,29.839715276989946,10,1.0,0.08816789167671245,3.770009940011981,15-30m
t_fwd,0.1,scene-1094_039,Pedestrian,vru,19.64252625144386,11,1.0,2.006055794146181,2.493275101977189,15-30m
t_fwd,0.2,scene-1094_039,Car,vehicle,29.839715276989946,10,1.0,0.17570860717844095,3.770009940011981,15-30m
t_fwd,0.2,scene-1094_039,Pedestrian,vru,19.64252625144386,11,1.0,3.990965355371633,2.493275101977189,15-30m
t_left,0.02,scene-1094_039,Car,vehicle,29.839715276989946,10,1.0,0.9077726834693967,3.770009940011981,15-30m
t_left,0.02,scene-1094_039,Pedestrian,vru,19.64252625144386,11,1.0,1.3398671075472433,2.493275101977189,15-30m
t_left,0.05,scene-1094_039,Car,vehicle,29.839715276989946,10,1.0,2.269423190453565,3.770009940011981,15-30m
t_left,0.05,scene-1094_039,Pedestrian,vru,19.64252625144386,11,1.0,3.3496491912378543,2.493275101977189,15-30m
t_left,0.1,scene-1094_039,Car,vehicle,29.839715276989946,10,1.0,4.538817987124878,3.770009940011981,15-30m
t_left,0.1,scene-1094_039,Pedestrian,vru,19.64252625144386,11,1.0,6.699236457957771,2.493275101977189,15-30m
t_left,0.2,scene-1094_039,Car,vehicle,29.839715276989946,10,1.0,9.077522401251452,3.770009940011981,15-30m
t_left,0.2,scene-1094_039,Pedestrian,vru,19.64252625144386,11,0.9090909090909091,13.398225224712727,2.493275101977189,15-30m
t_up,0.02,scene-1094_039,Car,vehicle,29.839715276989946,10,1.0,0.9081069428015196,3.770009940011981,15-30m
t_up,0.02,scene-1094_039,Pedestrian,vru,19.64252625144386,11,1.0,1.3404641503267634,2.493275101977189,15-30m
t_up,0.05,scene-1094_039,Car,vehicle,29.839715276989946,10,1.0,2.2702215132590644,3.770009940011981,15-30m
t_up,0.05,scene-1094_039,Pedestrian,vru,19.64252625144386,11,1.0,3.351060387454605,2.493275101977189,15-30m
t_up,0.1,scene-1094_039,Car,vehicle,29.839715276989946,10,1.0,4.540290222263846,3.770009940011981,15-30m
t_up,0.1,scene-1094_039,Pedestrian,vru,19.64252625144386,11,1.0,6.701787506885864,2.493275101977189,15-30m
t_up,0.2,scene-1094_039,Car,vehicle,29.839715276989946,10,1.0,9.079969289216319,3.770009940011981,15-30m
t_up,0.2,scene-1094_039,Pedestrian,vru,19.64252625144386,11,1.0,13.402242140522954,2.493275101977189,15-30m
