axis,level,frame,fov_ratio,n_edge_points,edge_score,edge_score_norm,est_yaw_deg,yaw_peak_prom,est_pitch_deg,pitch_peak_prom
none,0.0,scene-0103_000,0.08586556169429098,494,0.2664344906806946,1.0,0.0,1.504877859922703,-0.25,1.6412518460957892
yaw,0.25,scene-0103_000,0.08580801104972376,494,0.23403815925121307,0.8784078917608812,-0.25,1.504877859922703,-0.5,1.510991159021028
yaw,0.5,scene-0103_000,0.08552025782688766,494,0.1990274339914322,0.7470032632897907,-0.5,1.504877859922703,-0.25,1.5312170391523303
yaw,1.0,scene-0103_000,0.08514617863720074,494,0.16951735317707062,0.6362440266047491,-1.0,1.492482336778124,0.5,1.3318911096254384
yaw,2.0,scene-0103_000,0.0844267955801105,494,0.1770472526550293,0.6645057560029253,-2.0,1.5262167423695419,0.25,1.321795110784039
yaw,3.0,scene-0103_000,0.0838512891344383,494,0.1633395254611969,0.6130569846414866,-3.0,1.5253044489634566,1.25,1.4093042237109745
pitch,0.25,scene-0103_000,0.08520372928176796,494,0.24898596107959747,0.9345109953425358,0.0,1.3351475787354938,-0.5,1.6412518460957892
pitch,0.5,scene-0103_000,0.08431169429097606,494,0.23020292818546295,0.86401324241968,-0.25,1.2907574872480985,-0.75,1.6412518460957892
pitch,1.0,scene-0103_000,0.08177946593001842,494,0.19770394265651703,0.7420358458524542,-0.25,1.3305254291222532,-1.25,1.6412518460957892
pitch,2.0,scene-0103_000,0.07838397790055249,494,0.17387548089027405,0.6526012471060031,-2.25,1.2171141290956249,-2.25,1.6597366569024894
pitch,3.0,scene-0103_000,0.07501726519337017,494,0.13735747337341309,0.5155393846438133,0.25,1.0927865097359193,-3.25,1.9732714419180963
roll,0.25,scene-0103_000,0.08598066298342541,494,0.25692176818847656,0.9642962047897229,0.0,1.4364684280636806,-0.25,1.6483311077050309
roll,0.5,scene-0103_000,0.08609576427255985,494,0.2565428614616394,0.9628740663651175,0.0,1.4528947427494507,-0.25,1.5875205035974014
roll,1.0,scene-0103_000,0.08618209023941067,494,0.27135905623435974,1.0184832134198682,0.0,1.621234392792875,0.0,1.569713776703868
roll,2.0,scene-0103_000,0.08615331491712708,494,0.2289254069328308,0.8592183630128574,0.0,1.4199515127091973,0.25,1.4219324120803174
roll,3.0,scene-0103_000,0.0862396408839779,494,0.18824955821037292,0.7065510089531858,0.0,1.2508582239143842,0.5,1.4794930724994477
t_fwd,0.02,scene-0103_000,0.0862396408839779,494,0.26727357506752014,1.0031493084273055,0.0,1.505917234282782,-0.25,1.6868479067959858
t_fwd,0.05,scene-0103_000,0.08664249539594844,494,0.273451030254364,1.0263349521893481,0.0,1.539203025968941,-0.25,1.6409564572394293
t_fwd,0.1,scene-0103_000,0.08724677716390423,494,0.2532806396484375,0.9506300742120465,0.0,1.4372258544083605,-0.25,1.5654928869498483
t_fwd,0.2,scene-0103_000,0.09069981583793739,494,0.24011749029159546,0.9012252493216487,0.25,1.3744922929373717,-0.5,1.5045871999195073
t_left,0.02,scene-0103_000,0.0859231123388582,494,0.2541052997112274,0.9537252442881243,0.0,1.4425516896820616,-0.5,1.6409881123523662
t_left,0.05,scene-0103_000,0.08598066298342541,494,0.24930159747600555,0.9356956632719833,0.0,1.4269921437736839,-0.5,1.6826367089849923
t_left,0.1,scene-0103_000,0.08600943830570902,494,0.2612098753452301,0.9803906193897176,0.0,1.4991038471715215,-0.5,1.520542082566203
t_left,0.2,scene-0103_000,0.08589433701657459,494,0.20383179187774658,0.7650353051400786,-0.25,1.491914309686835,0.25,1.4500389708953751
t_up,0.02,scene-0103_000,0.08638351749539595,494,0.2709946930408478,1.017115660770881,0.0,1.5658814849217741,-0.25,1.6289985303715158
t_up,0.05,scene-0103_000,0.08698779926335175,494,0.2655945420265198,0.9968474477458648,0.0,1.4922179449279738,-0.25,1.6629370518996598
t_up,0.1,scene-0103_000,0.08995165745856354,494,0.2896611988544464,1.087176056352207,0.0,1.6586260854562789,0.0,1.6517471417707215
t_up,0.2,scene-0103_000,0.09651243093922653,494,0.2630484998226166,0.987291469473688,0.0,1.4952613048049672,0.25,1.749228366856696
none,0.0,scene-0103_001,0.08784017527675277,544,0.172734797000885,1.0,0.0,1.1909397627990697,-0.25,1.3314756597804942
yaw,0.25,scene-0103_001,0.0876960332103321,544,0.1539514660835266,0.8912591368763865,-0.25,1.194924555159482,0.75,1.4422915910939182
yaw,0.5,scene-0103_001,0.08752306273062731,544,0.1487061232328415,0.860892685288417,-0.5,1.2031529733884188,0.75,1.5321040863360167
yaw,1.0,scene-0103_001,0.08714829335793357,544,0.1469680219888687,0.8508304322036268,-1.0,1.2650495356152027,0.75,1.606332579973521
yaw,2.0,scene-0103_001,0.08662938191881919,544,0.11755399405956268,0.6805461094151192,-2.0,1.3229169543515182,1.0,1.4507915935934088
yaw,3.0,scene-0103_001,0.08631226937269372,544,0.1305711567401886,0.7559053474299079,-3.0,1.3575607360738908,2.5,1.5097495827829426
pitch,0.25,scene-0103_001,0.08703297970479705,544,0.17414350807666779,1.008155340442352,0.0,1.2519680087828438,-0.5,1.3314756597804942
pitch,0.5,scene-0103_001,0.08608164206642066,544,0.19465623795986176,1.1269080772350948,0.0,1.3674337622331387,-0.75,1.3314756597804942
pitch,1.0,scene-0103_001,0.0836600553505535,544,0.17455938458442688,1.0105629416609818,2.25,1.2011060974505425,-1.25,1.3314756597804942
pitch,2.0,scene-0103_001,0.08025830258302583,544,0.1579490602016449,0.9144020946794851,4.0,1.1851248576104345,-2.25,1.3314756597804942
pitch,3.0,scene-0103_001,0.07682772140221403,544,0.14144772291183472,0.8188721981194675,4.0,1.3547291168844084,-3.25,1.3923365095283855
roll,0.25,scene-0103_001,0.08784017527675277,544,0.1836453229188919,1.0631634511832089,0.0,1.3282873936293182,-0.25,1.3705400675817476
roll,0.5,scene-0103_001,0.08798431734317343,544,0.19261659681797028,1.1151001428912057,0.0,1.3714358799761877,-0.25,1.3360661046711584
roll,1.0,scene-0103_001,0.08801314575645756,544,0.20953349769115448,1.2130358290812762,0.0,1.540854031840868,0.0,1.3551127394651155
roll,2.0,scene-0103_001,0.08807080258302583,544,0.18586228787899017,1.0759979523873113,0.0,1.3716624786244893,0.0,1.2147594800953108
roll,3.0,scene-0103_001,0.0880419741697417,544,0.15692679584026337,0.9084839798634166,0.5,1.20563735731082,3.0,1.2310656526179702
t_fwd,0.02,scene-0103_001,0.08815728782287822,544,0.17238262295722961,0.9979611864559427,0.0,1.1863981228322424,-0.25,1.3584588254270606
t_fwd,0.05,scene-0103_001,0.08853205719557196,544,0.17466193437576294,1.0111566251174513,0.0,1.2228672942765202,-0.25,1.315578900394535
t_fwd,0.1,scene-0103_001,0.08907979704797048,544,0.19215382635593414,1.112421062184417,0.0,1.3659387118919546,-0.25,1.3398755276614167
t_fwd,0.2,scene-0103_001,0.09239506457564575,544,0.170527845621109,0.9872234696303566,-4.0,1.2511585721865721,1.0,1.2188546084449854
t_left,0.02,scene-0103_001,0.08784017527675277,544,0.166944682598114,0.9664797452319851,-3.75,1.220030630341,0.75,1.315575276545707
t_left,0.05,scene-0103_001,0.08789783210332103,544,0.1675894558429718,0.9702124803615172,-3.75,1.2000678063468107,0.75,1.2539047053140586
t_left,0.1,scene-0103_001,0.08789783210332103,544,0.15882311761379242,0.9194622066391098,-2.5,1.2619728378165196,0.75,1.3972955410800998
t_left,0.2,scene-0103_001,0.08772486162361623,544,0.1623571664094925,0.939921597897039,-2.75,1.3569332682171826,0.75,1.3476407008853817
t_up,0.02,scene-0103_001,0.08833025830258302,544,0.17432253062725067,1.0091917416405538,0.0,1.2253188360955913,-0.25,1.320957052849302
t_up,0.05,scene-0103_001,0.08890682656826568,544,0.19153109192848206,1.1088159146503687,0.0,1.3023156991171747,-0.25,1.3144902073109126
t_up,0.1,scene-0103_001,0.09193380996309963,544,0.20996277034282684,1.2155209835442196,0.0,1.4611517851828302,0.0,1.3283989000876495
t_up,0.2,scene-0103_001,0.09833371771217712,544,0.1969069540500641,1.1399379712071287,0.0,1.5152497337402682,0.25,1.2706674777375235
none,0.0,scene-0103_002,0.08874309392265194,588,0.2325737476348877,1.0,2.75,1.2464976500396616,-0.25,1.6515404739201152
yaw,0.25,scene-0103_002,0.08874309392265194,588,0.22104975581169128,0.9504501606892981,2.5,1.2387194326967732,-0.25,1.50841985440197
yaw,0.5,scene-0103_002,0.08857044198895028,588,0.1973143219947815,0.848394644715193,2.25,1.23549353754648,1.5,1.308345540471322
yaw,1.0,scene-0103_002,0.088369014732965,588,0.19315451383590698,0.8305086700461821,1.75,1.2118961021356556,1.5,1.3031509009730027
yaw,2.0,scene-0103_002,0.08776473296500921,588,0.16868148744106293,0.7252817188372963,0.75,1.2036020617391354,1.5,1.317934378958434
yaw,3.0,scene-0103_002,0.08727555248618785,588,0.23537178337574005,1.012030746244176,4.0,1.1355493673193995,1.5,1.3853298114055812
pitch,0.25,scene-0103_002,0.08805248618784531,588,0.20635546743869781,0.8872689610808983,3.0,1.2383993916232325,-0.5,1.6515404739201152
pitch,0.5,scene-0103_002,0.0871604511970534,588,0.1741848587989807,0.7489446275442472,0.25,1.2453142846427094,-0.75,1.6515404739201152
pitch,1.0,scene-0103_002,0.08462822283609577,588,0.2111774981021881,0.908002301419294,-0.25,1.2747722155587822,-1.25,1.5696041218762824
pitch,2.0,scene-0103_002,0.08100253222836096,588,0.14360840618610382,0.6174747048903878,3.75,1.29904171139241,-2.25,1.5696041218762824
pitch,3.0,scene-0103_002,0.07766459484346225,588,0.1651511788368225,0.710102410595755,3.0,1.3057585471512143,-3.25,1.6626714083199652
roll,0.25,scene-0103_002,0.08885819521178637,588,0.22538578510284424,0.9690938353741985,2.75,1.2410946591698657,-0.25,1.615658584381853
roll,0.5,scene-0103_002,0.08905962246777165,588,0.23431913554668427,1.0075046643464534,2.75,1.303792674849719,-0.25,1.4774088620773054
roll,1.0,scene-0103_002,0.08911717311233885,588,0.2171539068222046,0.9336991342767956,1.75,1.377482590378271,1.0,1.4628387394405116
roll,2.0,scene-0103_002,0.08900207182320442,588,0.21656149625778198,0.9311519398043024,-0.25,1.2588603833284309,-1.0,1.3225348246480284
roll,3.0,scene-0103_002,0.08911717311233885,588,0.21746531128883362,0.9350380836199429,1.5,1.3536627360938445,0.25,1.3602104850334125
t_fwd,0.02,scene-0103_002,0.08903084714548803,588,0.24133090674877167,1.0376532570977515,2.75,1.3003363388242684,-0.25,1.653454587654425
t_fwd,0.05,scene-0103_002,0.08937615101289134,588,0.2472059726715088,1.0629143451718888,2.75,1.3498667738926622,-0.25,1.653978293885964
t_fwd,0.1,scene-0103_002,0.09000920810313076,588,0.25349998474121094,1.0899767807808423,2.75,1.3682469352690712,-0.5,1.6208948993743377
t_fwd,0.2,scene-0103_002,0.09354857274401474,588,0.25945088267326355,1.1155639246118598,0.0,1.3621639966387635,-0.25,1.4345325376234657
t_left,0.02,scene-0103_002,0.08885819521178637,588,0.2348124235868454,1.0096256605688452,2.75,1.254207993535211,-0.25,1.6340777451685105
t_left,0.05,scene-0103_002,0.08882941988950276,588,0.2381749451160431,1.0240835328067577,2.75,1.274137611973498,-0.25,1.630419790862075
t_left,0.1,scene-0103_002,0.08877186924493555,588,0.23819155991077423,1.024154971629497,-0.25,1.2780366280594115,-0.25,1.5775016667378967
t_left,0.2,scene-0103_002,0.08874309392265194,588,0.18293608725070953,0.7865723845061687,-0.5,1.291501226176219,-0.25,1.3418556930893943
t_up,0.02,scene-0103_002,0.0892322744014733,588,0.23840366303920746,1.0250669538742267,2.75,1.289725720359797,-0.25,1.7193284895732979
t_up,0.05,scene-0103_002,0.0898653314917127,588,0.24505598843097687,1.053670033368017,-0.25,1.3536391567158095,-0.25,1.5778734713757339
t_up,0.1,scene-0103_002,0.09280041436464088,588,0.2507297396659851,1.0780655263791858,-0.25,1.4163931741676579,-0.25,1.5935148640183856
t_up,0.2,scene-0103_002,0.09910220994475138,588,0.24432629346847534,1.0505325556005474,0.0,1.324166293693395,0.25,1.6304301042211087
none,0.0,scene-0103_003,0.08928571428571429,619,0.28698164224624634,1.0,0.0,1.5874655990261726,1.75,1.3205118269131495
yaw,0.25,scene-0103_003,0.08919930875576036,619,0.2773313820362091,0.9663732490534821,-0.25,1.5913855845791287,0.0,1.3165547077700903
yaw,0.5,scene-0103_003,0.08928571428571429,619,0.212967649102211,0.742095025435365,-0.5,1.5913855845791287,1.75,1.2876048378300684
yaw,1.0,scene-0103_003,0.08940092165898618,619,0.18077975511550903,0.6299349104720429,-1.0,1.5913855845791287,1.75,1.3532659190841028
yaw,2.0,scene-0103_003,0.08934331797235023,619,0.15924246609210968,0.5548872912068387,-2.0,1.590406138390765,1.75,1.4900874879356707
yaw,3.0,scene-0103_003,0.08896889400921659,619,0.1748754382133484,0.6093610617200924,-3.0,1.6009342753671738,1.75,1.310866052573361
pitch,0.25,scene-0103_003,0.08856566820276497,619,0.28726357221603394,1.0009823972278535,0.0,1.5325313073767182,1.5,1.3205118269131495
pitch,0.5,scene-0103_003,0.08758640552995392,619,0.2457931637763977,0.8564769573849375,0.0,1.2821854199825942,1.25,1.3205118269131495
pitch,1.0,scene-0103_003,0.08510944700460829,619,0.22751013934612274,0.7927689644723208,-1.0,1.270027361121697,0.75,1.3205118269131495
pitch,2.0,scene-0103_003,0.08150921658986175,619,0.26264673471450806,0.9152039575031159,0.0,1.2826227733107651,-0.25,1.3205118269131495
pitch,3.0,scene-0103_003,0.07819700460829493,619,0.2562219798564911,0.8928166200841455,0.0,1.293240842477963,-1.25,1.4018177408224757
roll,0.25,scene-0103_003,0.0893721198156682,619,0.29498934745788574,1.027903196695656,0.25,1.5694847237545289,0.0,1.4188423996529367
roll,0.5,scene-0103_003,0.08945852534562213,619,0.27871203422546387,0.9711841915878136,0.0,1.4852048833449358,1.5,1.4831957585038638
roll,1.0,scene-0103_003,0.08945852534562213,619,0.24317093193531036,0.8473396766147713,0.0,1.393129948572874,1.5,1.357195293121902
roll,2.0,scene-0103_003,0.08928571428571429,619,0.2112758606672287,0.7361999151358336,0.25,1.205673406508086,0.75,1.373519155751712
roll,3.0,scene-0103_003,0.08931451612903225,619,0.18743586540222168,0.6531284159332784,2.25,1.239648238746673,2.0,1.507709657263415
t_fwd,0.02,scene-0103_003,0.08951612903225807,619,0.293720006942749,1.0234801245255987,0.0,1.6490077283580042,0.0,1.329805933172705
t_fwd,0.05,scene-0103_003,0.08980414746543779,619,0.2927563488483429,1.0201222160306043,0.0,1.6117781727852674,0.0,1.358547380771868
t_fwd,0.1,scene-0103_003,0.09046658986175116,619,0.27681246399879456,0.9645650566083037,0.0,1.5254516207467208,1.5,1.2957483031141726
t_fwd,0.2,scene-0103_003,0.09366359447004609,619,0.2648879587650299,0.923013600074604,0.0,1.4086187068476885,1.75,1.335418167177879
t_left,0.02,scene-0103_003,0.08925691244239631,619,0.2913358807563782,1.015172533253523,0.0,1.6169088170779906,0.25,1.3452562637638013
t_left,0.05,scene-0103_003,0.08922811059907834,619,0.28740552067756653,1.0014770228088543,0.0,1.633972988027389,0.25,1.370171893071626
t_left,0.1,scene-0103_003,0.0893721198156682,619,0.26217278838157654,0.9135524709159535,-0.25,1.5094781643299033,1.75,1.331285393510459
t_left,0.2,scene-0103_003,0.0893721198156682,619,0.21643394231796265,0.754173474734841,-0.5,1.7450271747244557,0.25,1.334866568993297
t_up,0.02,scene-0103_003,0.08977534562211982,619,0.28197523951530457,0.9825549721865275,0.0,1.5934356611751082,1.75,1.4019458170504058
t_up,0.05,scene-0103_003,0.09040898617511521,619,0.27148428559303284,0.9459987874767407,0.25,1.4991957462494745,0.25,1.3434049375956332
t_up,0.1,scene-0103_003,0.09328917050691245,619,0.26094192266464233,0.909263465851727,0.0,1.4049530456560584,0.25,1.4132739063991833
t_up,0.2,scene-0103_003,0.09962557603686636,619,0.2322847694158554,0.8094063703787089,0.5,1.3315942938195067,2.0,1.3663465751271626
none,0.0,scene-0103_004,0.08802897884084637,596,0.28904274106025696,1.0,0.0,1.3371530161776424,0.25,1.294423267105523
yaw,0.25,scene-0103_004,0.08788523459061638,596,0.22233806550502777,0.7692221042793003,-0.25,1.3371530161776424,0.75,1.1887987989351747
yaw,0.5,scene-0103_004,0.08774149034038639,596,0.23849014937877655,0.8251034034065513,-0.5,1.3371530161776424,3.5,1.2649223729238928
yaw,1.0,scene-0103_004,0.08785648574057038,596,0.20103684067726135,0.695526343058555,-1.0,1.3339091020744591,0.25,1.2786828888641923
yaw,2.0,scene-0103_004,0.08811522539098436,596,0.22097326815128326,0.7645003204049217,-2.0,1.2961015449585636,0.25,1.2134030010777561
yaw,3.0,scene-0103_004,0.08834521619135234,596,0.21668848395347595,0.7496762698783802,-3.0,1.3080439253058058,0.25,1.4886202248442835
pitch,0.25,scene-0103_004,0.08722401103955842,596,0.3142476975917816,1.0872014859777093,0.0,1.468029089644435,0.0,1.294423267105523
pitch,0.5,scene-0103_004,0.08633279668813247,596,0.3115865886211395,1.0779948580552066,0.0,1.5867619472572303,-0.25,1.294423267105523
pitch,1.0,scene-0103_004,0.08368790248390065,596,0.25840461254119873,0.8940013909130793,0.0,1.3165590098544304,-0.75,1.294423267105523
pitch,2.0,scene-0103_004,0.08026678932842686,596,0.28825467824935913,0.9972735422864899,0.0,1.4205966809736503,-1.75,1.294423267105523
pitch,3.0,scene-0103_004,0.07707566697332106,596,0.23591649532318115,0.8161993428992547,-1.5,1.2376247872257544,-2.75,1.3320293570879596
roll,0.25,scene-0103_004,0.08808647654093836,596,0.27022403478622437,0.934892998160056,0.0,1.341064894576107,0.5,1.3149566966821757
roll,0.5,scene-0103_004,0.08814397424103036,596,0.27161383628845215,0.9397012887856215,0.0,1.3120567559669059,0.25,1.291084036269119
roll,1.0,scene-0103_004,0.08811522539098436,596,0.28107115626335144,0.9724207403802482,0.0,1.485298413827827,1.0,1.3121488630585678
roll,2.0,scene-0103_004,0.08800022999080037,596,0.2579568028450012,0.8924521055217394,0.25,1.3699240300925923,-0.25,1.2500411060437997
roll,3.0,scene-0103_004,0.08823022079116835,596,0.24089910089969635,0.8334376432220311,0.25,1.3701370908288353,0.5,1.2807797440637696
t_fwd,0.02,scene-0103_004,0.08823022079116835,596,0.2821849286556244,0.9762740542126158,0.0,1.3374780763847607,0.25,1.2209916129392018
t_fwd,0.05,scene-0103_004,0.08854645814167433,596,0.27403807640075684,0.9480884224787638,0.0,1.2978150163165603,0.25,1.2047316363972262
t_fwd,0.1,scene-0103_004,0.08935142594296228,596,0.2561686336994171,0.8862655839747017,-0.25,1.3085508013926075,0.75,1.197238481685011
t_fwd,0.2,scene-0103_004,0.09280128794848207,596,0.25148913264274597,0.8700759331310031,-0.25,1.3363058624641404,0.75,1.2131059229695018
t_left,0.02,scene-0103_004,0.08791398344066237,596,0.2703053951263428,0.9351744801990789,0.0,1.274759080290079,0.25,1.2067910694213424
t_left,0.05,scene-0103_004,0.08791398344066237,596,0.2518250644207001,0.871238154941943,-0.25,1.3572731302283167,-0.75,1.1787232471919025
t_left,0.1,scene-0103_004,0.08802897884084637,596,0.24364697933197021,0.8429444670993379,-0.25,1.2636995392138053,-0.5,1.24677577044534
t_left,0.2,scene-0103_004,0.08805772769089236,596,0.22352245450019836,0.7733197300865634,-0.5,1.2443552216714153,2.75,1.1820700913547941
t_up,0.02,scene-0103_004,0.08848896044158233,596,0.2880965769290924,0.9967265597894143,0.0,1.424819666718745,0.5,1.312805090021656
t_up,0.05,scene-0103_004,0.0890926862925483,596,0.2703309953212738,0.9352630490897459,0.0,1.3953474742177767,0.5,1.414766363021169
t_up,0.1,scene-0103_004,0.09199632014719411,596,0.2783511281013489,0.9630102699701454,0.0,1.5028395320269075,0.75,1.3714195110296472
t_up,0.2,scene-0103_004,0.09823482060717571,596,0.25606992840766907,0.8859240936768101,0.0,1.4190822164606007,1.0,1.317089864032591
none,0.0,scene-0103_005,0.08879608294930876,640,0.23176249861717224,1.0,-0.75,1.3707815533801455,1.25,1.4423158295704228
yaw,0.25,scene-0103_005,0.08896889400921659,640,0.24328027665615082,1.0496964699107934,-1.0,1.3707815533801455,0.25,1.3112963564940716
yaw,0.5,scene-0103_005,0.08896889400921659,640,0.22290247678756714,0.9617711153337185,-1.25,1.3707815533801455,0.0,1.2700007691966786
yaw,1.0,scene-0103_005,0.08891129032258065,640,0.21311406791210175,0.9195364616090277,-1.75,1.3707815533801455,1.5,1.4054612189033322
yaw,2.0,scene-0103_005,0.08954493087557604,640,0.22693946957588196,0.979189778026785,-2.75,1.3492179899013124,0.0,1.3372441232565269
yaw,3.0,scene-0103_005,0.08991935483870968,640,0.1496400684118271,0.6456612666184798,-3.75,1.3633985389939298,3.0,1.700116683839373
pitch,0.25,scene-0103_005,0.08816244239631336,640,0.2663853168487549,1.1493892171432487,0.0,1.4356850718456264,1.0,1.4423158295704228
pitch,0.5,scene-0103_005,0.08735599078341014,640,0.252687007188797,1.0902842724619917,0.0,1.407578553622584,0.75,1.4423158295704228
pitch,1.0,scene-0103_005,0.0847926267281106,640,0.28824421763420105,1.2437051695336006,0.0,1.6659086841815625,0.25,1.4423158295704228
pitch,2.0,scene-0103_005,0.08168202764976959,640,0.19611822068691254,0.8462034274615873,-1.25,1.2298922609900427,-0.75,1.4423158295704228
pitch,3.0,scene-0103_005,0.07828341013824885,640,0.22548557817935944,0.9729165828153196,2.0,1.1369083552491528,-1.75,1.4423158295704228
roll,0.25,scene-0103_005,0.0888536866359447,640,0.24572519958019257,1.0602457302036774,-1.0,1.5399707513477288,1.5,1.3721160607277012
roll,0.5,scene-0103_005,0.08894009216589861,640,0.23585429787635803,1.0176551395657183,-1.0,1.5533205260952485,1.0,1.3147008335028387
roll,1.0,scene-0103_005,0.08902649769585254,640,0.22985497117042542,0.9917694732403722,-1.0,1.4161621130765645,0.75,1.414058596781258
roll,2.0,scene-0103_005,0.08902649769585254,640,0.22461247444152832,0.9691493480683672,0.5,1.3948199838626767,1.25,1.316280927155643
roll,3.0,scene-0103_005,0.08908410138248848,640,0.22677259147167206,0.978469738739991,-0.75,1.5455350506547376,2.75,1.4586615646416354
t_fwd,0.02,scene-0103_005,0.0890552995391705,640,0.22937296330928802,0.9896897240833114,-0.75,1.3467270309607986,1.25,1.443825431090613
t_fwd,0.05,scene-0103_005,0.08945852534562213,640,0.23691880702972412,1.022248243107998,0.25,1.3917331921509348,1.25,1.4051189802059691
t_fwd,0.1,scene-0103_005,0.09017857142857143,640,0.22840656340122223,0.9855199385751645,0.25,1.3770032726352956,1.25,1.4366681127801142
t_fwd,0.2,scene-0103_005,0.09478686635944701,640,0.23251785337924957,1.003259175952038,-0.75,1.4454171109346021,0.25,1.3811080149778967
t_left,0.02,scene-0103_005,0.08888248847926267,640,0.24278217554092407,1.047547282194063,-1.0,1.4062949242508018,1.25,1.5169691214414844
t_left,0.05,scene-0103_005,0.08891129032258065,640,0.2208397537469864,0.9528709565380198,-1.0,1.402594775313725,1.25,1.5211642659389621
t_left,0.1,scene-0103_005,0.08894009216589861,640,0.2128448486328125,0.9183748445187065,-1.0,1.4277035653098709,1.5,1.309340375640732
t_left,0.2,scene-0103_005,0.08908410138248848,640,0.24011720716953278,1.0360485781876254,-1.25,1.3828974814743293,0.25,1.4097167336618905
t_up,0.02,scene-0103_005,0.08928571428571429,640,0.24210220575332642,1.0446133744581059,-1.0,1.441741656257631,1.25,1.4467551454749803
t_up,0.05,scene-0103_005,0.09043778801843318,640,0.23684661090373993,1.0219367340139256,-1.0,1.3764773083379005,1.5,1.4519527611096616
t_up,0.1,scene-0103_005,0.09297235023041475,640,0.22001826763153076,0.9493264395417107,-1.75,1.5518534482140887,1.5,1.5478165758186162
t_up,0.2,scene-0103_005,0.09953917050691244,640,0.18926014006137848,0.8166124424383273,-1.0,1.6079536480104297,1.5,1.51431201055996
none,0.0,scene-0103_006,0.09167435424354244,713,0.3254971206188202,1.0,0.0,2.251569824691099,2.5,1.2122925863786915
yaw,0.25,scene-0103_006,0.09170318265682657,713,0.2292090803384781,0.7041815912310263,-0.25,2.251569824691099,2.5,1.182100096962291
yaw,0.5,scene-0103_006,0.09176083948339483,713,0.13990910351276398,0.4298320773061685,-0.5,2.251569824691099,1.0,1.416962909403054
yaw,1.0,scene-0103_006,0.09176083948339483,713,0.1745496392250061,0.5362555554812907,-1.0,2.251569824691099,1.0,1.474081060435581
yaw,2.0,scene-0103_006,0.09176083948339483,713,0.12147939950227737,0.37321190206330035,-2.0,2.3264899312940344,2.25,1.6075194284767829
yaw,3.0,scene-0103_006,0.09176083948339483,713,0.17703182995319366,0.5438814009064931,-3.0,2.4243206045379635,3.5,1.502025682978829
pitch,0.25,scene-0103_006,0.09095364391143912,713,0.29310792684555054,0.9004931481062173,0.0,2.000473926901352,2.25,1.2122925863786915
pitch,0.5,scene-0103_006,0.09017527675276753,713,0.28807637095451355,0.8850350823590574,0.0,1.7738998000787647,2.0,1.2122925863786915
pitch,1.0,scene-0103_006,0.08766720479704797,713,0.3227217495441437,0.9914734389373396,0.0,1.7512637487306717,1.5,1.2122925863786915
pitch,2.0,scene-0103_006,0.08469787822878229,713,0.30343666672706604,0.9322253485689402,0.0,1.5344909282230481,0.5,1.2122925863786915
pitch,3.0,scene-0103_006,0.08112315498154982,713,0.2851887047290802,0.876163525461892,-1.5,1.6268095031781717,-0.5,1.2122925863786915
roll,0.25,scene-0103_006,0.09176083948339483,713,0.30331239104270935,0.9318435458540025,0.0,2.021127812941704,1.25,1.250759245032359
roll,0.5,scene-0103_006,0.09187615313653137,713,0.28212782740592957,0.8667598253083194,0.0,1.9110680536350892,1.25,1.2803319374805997
roll,1.0,scene-0103_006,0.09187615313653137,713,0.24875986576080322,0.7642459794663387,0.0,1.7013098175936963,1.0,1.2513238783300995
roll,2.0,scene-0103_006,0.0917320110701107,713,0.21320286393165588,0.6550069122772096,0.25,1.7455994549370146,2.0,1.3178303371096765
roll,3.0,scene-0103_006,0.09176083948339483,713,0.24859610199928284,0.763742860541019,0.25,1.4897733251126961,1.5,1.4409743534062032
t_fwd,0.02,scene-0103_006,0.09202029520295203,713,0.31774967908859253,0.976198125760687,0.0,2.181993327693775,1.25,1.24816900512369
t_fwd,0.05,scene-0103_006,0.09233740774907749,713,0.303477019071579,0.93234932000204,0.0,2.1081556627679343,1.25,1.2546954854500574
t_fwd,0.1,scene-0103_006,0.0931446033210332,713,0.2806655466556549,0.8622673715886225,0.0,1.8991349852537118,1.5,1.2155072581323219
t_fwd,0.2,scene-0103_006,0.09882380073800738,713,0.22485436499118805,0.6908029311095141,0.25,1.6300251218584174,2.5,1.2367943614928427
t_left,0.02,scene-0103_006,0.09176083948339483,713,0.3227415084838867,0.9915341428222325,0.0,2.2080790955556155,1.5,1.2480945695412118
t_left,0.05,scene-0103_006,0.0918184963099631,713,0.27899259328842163,0.8571276844416126,0.0,1.9086230105636046,-0.25,1.2093124938724322
t_left,0.1,scene-0103_006,0.0919049815498155,713,0.24092528223991394,0.7401763855295489,-0.25,1.9661715155152089,2.5,1.2401015799314365
t_left,0.2,scene-0103_006,0.09216443726937269,713,0.16607342660427094,0.5102147333547521,-0.25,1.8332372620683315,2.5,1.2521807640547589
t_up,0.02,scene-0103_006,0.09216443726937269,713,0.33063334226608276,1.015779622374225,0.0,2.334818364778974,2.5,1.2310668480944147
t_up,0.05,scene-0103_006,0.09337523062730628,713,0.30411696434020996,0.9343153750854593,0.0,2.1663471289691794,1.5,1.3378120076890836
t_up,0.1,scene-0103_006,0.0956815036900369,713,0.2837256193161011,0.8716685996382855,0.0,2.008528848525279,1.75,1.3165116847747307
t_up,0.2,scene-0103_006,0.10211023985239852,713,0.2970283329486847,0.9125375130323367,0.0,2.105911982934844,2.0,1.325996820212202
none,0.0,scene-0103_007,0.09060770295202952,805,0.29984185099601746,1.0,0.5,1.4278585393584116,0.0,1.3397183641731285
yaw,0.25,scene-0103_007,0.09057887453874539,805,0.29808512330055237,0.9941411524454322,0.25,1.4278585393584116,0.0,1.3858974999374745
yaw,0.5,scene-0103_007,0.09055004612546126,805,0.3176872432231903,1.059516015419108,0.0,1.4433792830586307,0.0,1.4129539640740278
yaw,1.0,scene-0103_007,0.09052121771217712,805,0.22804133594036102,0.7605387146018849,-0.5,1.4433792830586307,2.25,1.4600720758326924
yaw,2.0,scene-0103_007,0.09049238929889299,805,0.22670674324035645,0.756087725870421,-1.5,1.456448596138855,2.75,1.7495369175621094
yaw,3.0,scene-0103_007,0.09049238929889299,805,0.2431756556034088,0.8110130550342645,-2.5,1.4876052837419085,3.25,1.5806769568442551
pitch,0.25,scene-0103_007,0.08997347785977859,805,0.24325096607208252,0.8112642223360388,0.5,1.32946543626337,-0.25,1.331018047219348
pitch,0.5,scene-0103_007,0.08916628228782288,805,0.22301240265369415,0.7437667620877122,-2.75,1.3240607290392523,-0.5,1.3307977116045864
pitch,1.0,scene-0103_007,0.0864564114391144,805,0.22739267349243164,0.7583753660040335,-2.25,1.3837821779226247,-1.0,1.322897835204465
pitch,2.0,scene-0103_007,0.08340059963099632,805,0.2569175362586975,0.8568434840075407,-0.25,1.3549333168954196,-2.0,1.322897835204465
pitch,3.0,scene-0103_007,0.07985470479704797,805,0.255648136138916,0.8526099184943718,-2.75,1.3916229197867278,-3.0,1.322897835204465
roll,0.25,scene-0103_007,0.09069418819188192,805,0.28767600655555725,0.9594257959652811,0.5,1.4311864169102682,0.0,1.3020952313120504
roll,0.5,scene-0103_007,0.09083833025830258,805,0.2725760340690613,0.9090660065084832,0.5,1.4291609883641616,2.0,1.3718149092999103
roll,1.0,scene-0103_007,0.09078067343173432,805,0.23343269526958466,0.778519391119571,0.5,1.3264027170823642,0.25,1.377740690203696
roll,2.0,scene-0103_007,0.09057887453874539,805,0.20893600583076477,0.6968206910967205,0.5,1.461787261907501,0.5,1.5373084810703794
roll,3.0,scene-0103_007,0.09069418819188192,805,0.20482231676578522,0.6831011617804671,0.5,1.2885613109602982,3.25,1.669596649586423
t_fwd,0.02,scene-0103_007,0.09092481549815498,805,0.3091491460800171,1.0310406804556556,0.5,1.428086317793086,0.0,1.4111955750816465
t_fwd,0.05,scene-0103_007,0.09132841328413284,805,0.2974652349948883,0.9920737682440444,0.5,1.4260364338161708,0.0,1.3829335139322425
t_fwd,0.1,scene-0103_007,0.09216443726937269,805,0.2854430377483368,0.9519786407406086,0.5,1.4541438330625016,0.0,1.3222360096848316
t_fwd,0.2,scene-0103_007,0.09801660516605167,805,0.252500981092453,0.8421138685400084,0.25,1.3242431178803642,-0.5,1.3591415979308161
t_left,0.02,scene-0103_007,0.09075184501845018,805,0.29509487748146057,0.9841684091170451,0.25,1.4239150332036798,0.0,1.3295686301680998
t_left,0.05,scene-0103_007,0.09066535977859778,805,0.3039693534374237,1.013765598190164,0.25,1.4246693042795324,-0.25,1.3927996170266514
t_left,0.1,scene-0103_007,0.09072301660516605,805,0.28503406047821045,0.9506146641350487,-0.25,1.4326566642626244,-0.5,1.4030029638574544
t_left,0.2,scene-0103_007,0.09086715867158672,805,0.2936338782310486,0.979295842977399,-0.25,1.3723617132287418,0.0,1.3409423407551369
t_up,0.02,scene-0103_007,0.09109778597785978,805,0.27789855003356934,0.9268170841076498,0.5,1.361991373628347,2.0,1.291081875135608
t_up,0.05,scene-0103_007,0.09253920664206643,805,0.2542847990989685,0.8480630647599156,0.5,1.4047241321746402,-0.25,1.3627262463977183
t_up,0.1,scene-0103_007,0.09481665129151291,805,0.3054174780845642,1.018595226350243,0.25,1.354843309662491,0.0,1.4120134768130117
t_up,0.2,scene-0103_007,0.10141835793357934,805,0.21904124319553375,0.7305225820475711,-3.25,1.2888807404543534,0.25,1.4691607784028191
none,0.0,scene-0103_008,0.08548387096774193,884,0.16798512637615204,1.0,-1.25,1.5225863576637626,3.0,1.3962219195796508
yaw,0.25,scene-0103_008,0.08551267281105991,884,0.16034698486328125,0.9545308464050116,-1.5,1.5225863576637626,3.0,1.3977613853635147
yaw,0.5,scene-0103_008,0.08554147465437788,884,0.14616289734840393,0.8700942785917617,-1.75,1.5225863576637626,3.25,1.5328899511278993
yaw,1.0,scene-0103_008,0.08559907834101382,884,0.08845662325620651,0.5265741388206869,-2.25,1.4898203870627391,3.25,1.7466010357208144
yaw,2.0,scene-0103_008,0.08577188940092166,884,0.09891465306282043,0.5888298279535231,-3.25,1.5448730951433376,3.5,1.6599252583546398
yaw,3.0,scene-0103_008,0.08585829493087557,884,0.07835997641086578,0.4664697292033001,-3.0,1.5014739650562365,3.0,1.8927925930373455
pitch,0.25,scene-0103_008,0.08482142857142858,884,0.18363648653030396,1.0931711068223113,0.0,1.4842915068894407,2.75,1.3779412318291844
pitch,0.5,scene-0103_008,0.0839573732718894,884,0.2103547304868698,1.2522223545901547,0.0,1.4594763729735034,2.5,1.3684522690158814
pitch,1.0,scene-0103_008,0.08127880184331797,884,0.18628644943237305,1.1089460921393761,-2.25,1.4154035021910008,2.0,1.3474051135427345
pitch,2.0,scene-0103_008,0.07816820276497696,884,0.17486199736595154,1.0409373802202038,-2.5,1.5090234327326377,1.0,1.3684522690158814
pitch,3.0,scene-0103_008,0.07491359447004609,884,0.2345445156097412,1.3962219195796508,-1.0,1.267165968711644,0.0,1.3469140467760352
roll,0.25,scene-0103_008,0.08557027649769586,884,0.1544395089149475,0.9193641856668119,-1.25,1.54707058083054,3.25,1.475033762298472
roll,0.5,scene-0103_008,0.08565668202764977,884,0.1696004420518875,1.0096158255827867,-1.25,1.5141517104535471,3.25,1.3654634064466824
roll,1.0,scene-0103_008,0.08559907834101382,884,0.1537850946187973,0.9154685175784072,0.25,1.7214513582652067,3.25,1.4298947440361853
roll,2.0,scene-0103_008,0.08568548387096774,884,0.16563080251216888,0.9859849266731427,0.25,1.3576800124869137,3.25,1.288602087120685
roll,3.0,scene-0103_008,0.08577188940092166,884,0.13366927206516266,0.7957208768938901,-1.25,1.4357310605953815,3.75,1.3425299355933253
t_fwd,0.02,scene-0103_008,0.08577188940092166,884,0.16118595004081726,0.9595251289086745,-1.25,1.527158255853004,3.0,1.3613678432492846
t_fwd,0.05,scene-0103_008,0.08617511520737327,884,0.16091659665107727,0.9579216929643704,-1.25,1.5058502694800522,3.0,1.3540871850561293
t_fwd,0.1,scene-0103_008,0.0869815668202765,884,0.17706450819969177,1.0540487245472507,0.25,1.7289792568943971,3.25,1.292482929645817
t_fwd,0.2,scene-0103_008,0.09182027649769585,884,0.16819924116134644,1.001274605614279,0.25,1.6115765199121976,0.5,1.3578687007942432
t_left,0.02,scene-0103_008,0.08554147465437788,884,0.16361065208911896,0.9739591570908619,-1.25,1.4353577182220036,3.0,1.3540053373816567
t_left,0.05,scene-0103_008,0.08565668202764977,884,0.16508091986179352,0.9827115258534531,0.25,1.5416616588296903,3.0,1.3689092933771014
t_left,0.1,scene-0103_008,0.08568548387096774,884,0.1559688299894333,0.9284680933012374,-1.5,1.5592945448347284,0.75,1.3826946851457613
t_left,0.2,scene-0103_008,0.08565668202764977,884,0.1730141043663025,1.0299370432289914,0.0,1.64313620655764,3.0,1.4213021864164164
t_up,0.02,scene-0103_008,0.08591589861751152,884,0.16255967319011688,0.9677027764119635,-1.25,1.5526960180561031,3.5,1.4794619750488822
t_up,0.05,scene-0103_008,0.08643433179723502,884,0.16195593774318695,0.9641087948497027,0.25,1.4530054119325366,3.25,1.4924416036408044
t_up,0.1,scene-0103_008,0.089573732718894,884,0.16363249719142914,0.9740891989748158,0.25,1.5597434283036744,3.5,1.4204292134400753
t_up,0.2,scene-0103_008,0.09608294930875576,884,0.16429784893989563,0.9780499767104388,-3.75,1.5852407727092053,3.5,1.3912012712132915
none,0.0,scene-0103_009,0.08767281105990783,780,0.14443670213222504,1.0,-1.5,1.5196252774720034,0.75,1.8368209737117804
yaw,0.25,scene-0103_009,0.08773041474654378,780,0.11743515729904175,0.8130562077742218,-1.75,1.5287079151115337,2.0,1.6433879376832121
yaw,0.5,scene-0103_009,0.08755760368663594,780,0.11589182913303375,0.8023710554325743,-2.0,1.5308812146774369,1.5,1.6576051390793407
yaw,1.0,scene-0103_009,0.08770161290322581,780,0.08138620853424072,0.5634731846739027,-2.5,1.6796892609471001,2.25,1.9770439953210948
yaw,2.0,scene-0103_009,0.08735599078341014,780,0.12455403059720993,0.8623433570449881,-3.5,2.1094599484331362,2.0,1.5040754942213062
yaw,3.0,scene-0103_009,0.08738479262672812,780,0.08128080517053604,0.5627434299637171,-4.0,1.7122896654448247,2.0,1.8744509348746305
pitch,0.25,scene-0103_009,0.0869815668202765,780,0.13068173825740814,0.9047682225378916,-3.0,1.326791411585106,0.5,1.8328260566433534
pitch,0.5,scene-0103_009,0.08608870967741936,780,0.16315241158008575,1.129577241598381,-3.25,1.2749247545926752,0.25,1.6634283474890101
pitch,1.0,scene-0103_009,0.08352534562211981,780,0.20738576352596283,1.4358245547320159,-1.5,1.2820191021195362,4.0,1.527857645047955
pitch,2.0,scene-0103_009,0.08015552995391705,780,0.19764184951782227,1.3683630725443343,-1.5,1.389148566082928,3.0,1.4597427850642057
pitch,3.0,scene-0103_009,0.07690092165898617,780,0.12604765594005585,0.8726843944738167,-3.25,1.7101788225091992,2.0,1.4321996738260816
roll,0.25,scene-0103_009,0.08775921658986176,780,0.1572345346212387,1.0886051280601647,-1.5,1.5411599212394262,1.0,1.7434965906578037
roll,0.5,scene-0103_009,0.08781682027649769,780,0.1489294171333313,1.031105078797724,-3.25,1.499053823731395,1.0,1.5040656869047948
roll,1.0,scene-0103_009,0.08781682027649769,780,0.13898828625679016,0.9622781758721748,-3.25,1.7002644648489589,1.25,1.4116551482061457
roll,2.0,scene-0103_009,0.08775921658986176,780,0.1257454752922058,0.8705922624645065,-4.0,1.6969109699719245,3.25,1.689930406984418
roll,3.0,scene-0103_009,0.08781682027649769,780,0.1262327879667282,0.8739661464380986,-4.0,1.5428397897342747,3.0,1.9254441073037523
t_fwd,0.02,scene-0103_009,0.08793202764976958,780,0.1520196795463562,1.0525003499954555,-1.5,1.5714663071148964,0.75,1.9350353344034386
t_fwd,0.05,scene-0103_009,0.08839285714285715,780,0.1476188451051712,1.022031401478781,-1.5,1.5809855966286772,0.75,1.798081231216225
t_fwd,0.1,scene-0103_009,0.08908410138248848,780,0.13226406276226044,0.9157233640046619,-1.5,1.6692761672125658,2.0,1.892766354189175
t_fwd,0.2,scene-0103_009,0.09271313364055299,780,0.11952167004346848,0.827502070312101,-1.25,1.539675595963288,2.0,1.9303000122918474
t_left,0.02,scene-0103_009,0.08758640552995392,780,0.14651226997375488,1.0143700860715428,-1.5,1.5056828751424582,1.0,1.854055684786854
t_left,0.05,scene-0103_009,0.08770161290322581,780,0.13680969178676605,0.947194790293143,-1.75,1.450204803294856,1.0,1.752119533606308
t_left,0.1,scene-0103_009,0.08767281105990783,780,0.11839717626571655,0.819716696088294,-1.75,1.5265276229200802,2.0,1.6403714484282659
t_left,0.2,scene-0103_009,0.08773041474654378,780,0.11675545573234558,0.8083503293052304,-2.0,1.5466635338465815,1.5,1.5832072682084324
t_up,0.02,scene-0103_009,0.08819124423963133,780,0.14553727209568024,1.007619738938983,-1.5,1.4538375677126842,0.75,1.7721289915717813
t_up,0.05,scene-0103_009,0.08873847926267281,780,0.13726010918617249,0.9503132317471309,-3.25,1.3194227695877925,1.0,1.7204834422156774
t_up,0.1,scene-0103_009,0.09170506912442396,780,0.13312511146068573,0.9216847899145185,-1.5,1.4154331350729086,1.0,1.8248012141529857
t_up,0.2,scene-0103_009,0.09801267281105991,780,0.13722606003284454,0.9500774942037967,-1.5,1.6953009606306964,1.75,1.8343087085975254
none,0.0,scene-0103_010,0.08986175115207373,780,0.15213946998119354,1.0,-3.25,1.5158793361826752,3.5,2.020701070048924
yaw,0.25,scene-0103_010,0.08991935483870968,780,0.13834160566329956,0.909307792911336,-3.5,1.525327476351829,3.5,2.0301588877753356
yaw,0.5,scene-0103_010,0.09003456221198157,780,0.10809722542762756,0.7105140134968908,-3.75,1.5475021905760913,3.5,2.5883761299152432
yaw,1.0,scene-0103_010,0.09000576036866359,780,0.10829197615385056,0.7117940937170143,-4.0,1.471887033401229,3.5,2.704512366024954
yaw,2.0,scene-0103_010,0.09003456221198157,780,0.11351750791072845,0.7461410765053982,-2.0,1.3903094413083898,3.25,2.5433804897584573
yaw,3.0,scene-0103_010,0.09023617511520737,780,0.08280627429485321,0.5442787089049881,-3.0,1.3903094413083898,3.25,2.3732474723574253
pitch,0.25,scene-0103_010,0.0891705069124424,780,0.1695563793182373,1.11447988703521,0.0,1.3391947461955818,3.25,1.9040584323593683
pitch,0.5,scene-0103_010,0.08824884792626728,780,0.20175769925117493,1.3261364672567537,0.0,1.4085405657889467,3.0,1.8491816602773579
pitch,1.0,scene-0103_010,0.08580069124423963,780,0.1737336665391922,1.1419368462415964,-3.25,1.4531509332725523,2.5,1.8131337259252698
pitch,2.0,scene-0103_010,0.08243087557603687,780,0.27717283368110657,1.8218338325706591,0.0,1.2262420454892307,1.5,1.8131337259252698
pitch,3.0,scene-0103_010,0.079176267281106,780,0.18336962163448334,1.2052731724196901,2.5,1.4130128962273236,0.5,1.7592764164505785
roll,0.25,scene-0103_010,0.08997695852534562,780,0.15592847764492035,1.0249048301811172,0.0,1.4205728172361993,3.5,2.0017560854965937
roll,0.5,scene-0103_010,0.09009216589861752,780,0.1592700481414795,1.0468686933191458,0.0,1.4994211862119429,2.0,1.7371784748221255
roll,1.0,scene-0103_010,0.09017857142857143,780,0.16178007423877716,1.0633668847326425,0.25,1.4295878718613932,3.75,1.5383294846206694
roll,2.0,scene-0103_010,0.09000576036866359,780,0.15963208675384521,1.0492483428105663,0.25,1.6060800560240898,4.0,1.587321230996988
roll,3.0,scene-0103_010,0.08997695852534562,780,0.1376670002937317,0.904873668291004,-1.0,1.3088757223698193,2.5,1.518561399780817
t_fwd,0.02,scene-0103_010,0.09014976958525346,780,0.15380889177322388,1.0109729696852283,-3.25,1.4909980712128341,3.5,2.0025669593119124
t_fwd,0.05,scene-0103_010,0.09055299539170507,780,0.14926552772521973,0.9811098181403611,-3.25,1.5381946065871985,3.5,2.079004176882592
t_fwd,0.1,scene-0103_010,0.09127304147465438,780,0.15723232924938202,1.033474937626758,-3.25,1.425146327319717,3.5,2.0560780895106032
t_fwd,0.2,scene-0103_010,0.09556451612903226,780,0.1532728672027588,1.0074497250562615,-3.0,1.5135735008685016,3.5,2.2788006784082278
t_left,0.02,scene-0103_010,0.08994815668202764,780,0.14667512476444244,0.9640833163318726,-3.25,1.49441686147033,3.5,2.06472995928865
t_left,0.05,scene-0103_010,0.09000576036866359,780,0.15496258437633514,1.0185560945853864,-3.25,1.4474362460016936,3.5,2.050276156337653
t_left,0.1,scene-0103_010,0.09012096774193548,780,0.14284007251262665,0.9388758389278179,-3.25,1.5104906859416405,3.5,2.015713877421657
t_left,0.2,scene-0103_010,0.09029377880184332,780,0.11966755986213684,0.7865648531372519,-3.5,1.6623360739046233,3.5,2.425841189551317
t_up,0.02,scene-0103_010,0.09038018433179723,780,0.15275675058364868,1.0040573337249792,-3.25,1.530587548979421,3.5,1.8889865238975774
t_up,0.05,scene-0103_010,0.09098502304147466,780,0.15011997520923615,0.986726029923681,-3.25,1.5906971278231532,3.5,1.9887214906801718
t_up,0.1,scene-0103_010,0.09400921658986175,780,0.1401805281639099,0.9213948765644976,-3.25,1.5241406928352228,3.5,1.8058086597033707
t_up,0.2,scene-0103_010,0.10040322580645161,780,0.13776111602783203,0.9054922831324517,-3.5,1.4577645253800855,3.75,1.9964156011285386
none,0.0,scene-0103_011,0.08928159594095941,681,0.1828669160604477,1.0,0.0,1.5700481620814923,3.0,1.430891272131213
yaw,0.25,scene-0103_011,0.08933925276752767,681,0.132023423910141,0.7219645125228661,-0.25,1.564149917608674,4.0,1.6447053088364623
yaw,0.5,scene-0103_011,0.08931042435424354,681,0.13353903591632843,0.7302525727080471,-0.5,1.5594502730437794,3.5,1.6094365847457341
yaw,1.0,scene-0103_011,0.08933925276752767,681,0.07390276342630386,0.40413413764726525,-1.0,1.5594502730437794,3.25,2.3233945495050286
yaw,2.0,scene-0103_011,0.08945456642066421,681,0.08190370351076126,0.44788694026910547,-2.0,1.564149917608674,3.25,2.0876254109305474
yaw,3.0,scene-0103_011,0.08945456642066421,681,0.10503906011581421,0.5744016598447635,-3.0,1.564149917608674,3.75,1.6074621044012847
pitch,0.25,scene-0103_011,0.08856088560885608,681,0.1828598976135254,0.9999616199197017,0.0,1.548797224576052,4.0,1.4448238133706148
pitch,0.5,scene-0103_011,0.08772486162361623,681,0.17716199159622192,0.9688028617361274,0.0,1.658792760778224,3.75,1.4330308163584582
pitch,1.0,scene-0103_011,0.08518796125461255,681,0.15542641282081604,0.8499427680479883,0.0,1.3046494057025761,3.25,1.3893165314480438
pitch,2.0,scene-0103_011,0.08178620848708487,681,0.2230440229177475,1.2197068104107964,0.0,1.4455895278660413,2.25,1.3491021929923195
pitch,3.0,scene-0103_011,0.07858625461254612,681,0.23871943354606628,1.3054271307728307,-2.25,1.3458559546647244,1.25,1.3122507542503627
roll,0.25,scene-0103_011,0.08936808118081181,681,0.17928722500801086,0.9804246108068365,0.0,1.5073501057746732,4.0,1.4888557609372859
roll,0.5,scene-0103_011,0.08939690959409594,681,0.1814420372247696,0.9922081103221148,0.0,1.50740992830116,4.0,1.515494543612824
roll,1.0,scene-0103_011,0.08954105166051661,681,0.18391776084899902,1.005746500303007,0.0,1.5584294632214792,4.0,1.4625962991226857
roll,2.0,scene-0103_011,0.08928159594095941,681,0.15312238037586212,0.8373432640229284,0.0,1.2985081624080885,3.5,1.4388296751207919
roll,3.0,scene-0103_011,0.08942573800738007,681,0.13098807632923126,0.7163027580447215,-3.5,1.2990182553915484,3.5,1.627276710507816
t_fwd,0.02,scene-0103_011,0.08945456642066421,681,0.17849987745285034,0.9761190339856018,0.0,1.5395989113106872,3.0,1.5089448657556608
t_fwd,0.05,scene-0103_011,0.09000230627306273,681,0.1780283898115158,0.9735407237505308,0.0,1.5576596493243207,3.0,1.5423797378667818
t_fwd,0.1,scene-0103_011,0.09080950184501844,681,0.17181281745433807,0.9395511290710692,0.0,1.41279937705373,1.75,1.5401838671688062
t_fwd,0.2,scene-0103_011,0.09452836715867159,681,0.14188073575496674,0.7758688056404214,-0.25,1.6434396202368646,3.0,1.6823691456341505
t_left,0.02,scene-0103_011,0.08925276752767528,681,0.17715489864349365,0.9687640742239788,0.0,1.525445500350706,4.0,1.4809633695058897
t_left,0.05,scene-0103_011,0.08936808118081181,681,0.1558961719274521,0.8525116258641324,3.75,1.3488707213581046,4.0,1.5936398048970388
t_left,0.1,scene-0103_011,0.08951222324723247,681,0.13352324068546295,0.7301661971557835,-0.25,1.4281739730945917,4.0,1.8266693741896638
t_left,0.2,scene-0103_011,0.08968519372693727,681,0.15526935458183289,0.849083901707555,3.5,1.3663290044496372,4.0,1.5190761542246416
t_up,0.02,scene-0103_011,0.08977167896678967,681,0.1927497833967209,1.0540440422422084,0.0,1.5876856838160616,4.0,1.5098914331825704
t_up,0.05,scene-0103_011,0.09040590405904059,681,0.1837034970521927,1.004574807787913,0.0,1.563576492981928,2.0,1.4715551987110425
t_up,0.1,scene-0103_011,0.0934040590405904,681,0.1844748705625534,1.0087930312204434,0.0,1.4976772505808689,2.0,1.4446933957902726
t_up,0.2,scene-0103_011,0.09977513837638377,681,0.18126532435417175,0.9912417634595723,0.0,1.6113321014391968,2.25,1.4511612459581638
none,0.0,scene-0103_012,0.08714829335793357,741,0.14258445799350739,1.0,0.25,1.469938045938528,3.5,1.457554808233235
yaw,0.25,scene-0103_012,0.08706180811808117,741,0.17480866611003876,1.2260008458846103,0.0,1.469938045938528,3.75,1.3591718606376288
yaw,0.5,scene-0103_012,0.08694649446494465,741,0.13536588847637177,0.949373377584643,-0.25,1.469938045938528,3.0,1.4053083434648843
yaw,1.0,scene-0103_012,0.08706180811808117,741,0.11730299890041351,0.8226913406351408,-0.75,1.4902318589352155,3.25,1.5236750402132928
yaw,2.0,scene-0103_012,0.08697532287822879,741,0.09789464622735977,0.6865730501413936,-1.75,1.5367388737115748,4.0,1.4764721535646717
yaw,3.0,scene-0103_012,0.08686000922509225,741,0.10114572197198868,0.7093741028674694,-2.75,1.5770825036188156,4.0,1.1969856927904021
pitch,0.25,scene-0103_012,0.086369926199262,741,0.12169616669416428,0.8535023270187396,0.25,1.34272730530621,3.25,1.4464533733245386
pitch,0.5,scene-0103_012,0.08544741697416974,741,0.1446656733751297,1.014596369133844,0.25,1.2718939389349055,3.0,1.436585870573874
pitch,1.0,scene-0103_012,0.08291051660516605,741,0.1509777307510376,1.0588652709814446,0.25,1.3893394875951561,3.75,1.468204365169592
pitch,2.0,scene-0103_012,0.07939345018450185,741,0.1489393413066864,1.044569256724098,0.5,1.1722875334542713,2.75,1.435505437200607
pitch,3.0,scene-0103_012,0.07622232472324723,741,0.17725591361522675,1.2431643399962857,0.5,1.3585922083262933,3.5,1.3937528083257034
roll,0.25,scene-0103_012,0.08720595018450185,741,0.1384393870830536,0.9709290131001337,0.25,1.5085979686201005,3.5,1.4306256531610715
roll,0.5,scene-0103_012,0.08729243542435425,741,0.13865843415260315,0.9724652749945368,0.5,1.4479218620659242,3.5,1.4892067314654864
roll,1.0,scene-0103_012,0.08729243542435425,741,0.14827825129032135,1.0399327765237445,0.25,1.3246645060630122,4.0,1.3818528253001114
roll,2.0,scene-0103_012,0.08726360701107011,741,0.15876451134681702,1.1134769776524058,0.5,1.2954440976188346,-1.0,1.2424192811333457
roll,3.0,scene-0103_012,0.08720595018450185,741,0.15195634961128235,1.0657287038830117,0.5,1.213167997300224,-0.75,1.4637387265183535
t_fwd,0.02,scene-0103_012,0.08746540590405905,741,0.15017803013324738,1.0532566609755305,0.25,1.4306863114831454,3.5,1.4746357210181062
t_fwd,0.05,scene-0103_012,0.0877825184501845,741,0.15926721692085266,1.1170026464462552,0.25,1.4512597604332114,3.5,1.4037705138873817
t_fwd,0.1,scene-0103_012,0.08844557195571956,741,0.18063293397426605,1.2668486910578376,0.0,1.548625066742705,3.5,1.396754519194016
t_fwd,0.2,scene-0103_012,0.09225092250922509,741,0.21736468374729156,1.5244626715009102,0.0,1.7974858039367227,0.0,1.3407656311855582
t_left,0.02,scene-0103_012,0.08711946494464945,741,0.16328878700733185,1.1452074742589915,0.25,1.4613330053980824,3.5,1.447273048548283
t_left,0.05,scene-0103_012,0.08714829335793357,741,0.1913459300994873,1.3419830800086239,0.0,1.7298297510998677,3.5,1.3853643480732698
t_left,0.1,scene-0103_012,0.08729243542435425,741,0.1767500638961792,1.239616620096333,0.0,1.4837509421599626,3.75,1.254219403779099
t_left,0.2,scene-0103_012,0.08729243542435425,741,0.1330721229314804,0.9332863118751686,-0.25,1.371836441773536,3.0,1.508619456930934
t_up,0.02,scene-0103_012,0.08766720479704797,741,0.1552344262599945,1.0887191244017853,0.25,1.34478212698877,3.5,1.4768875625541327
t_up,0.05,scene-0103_012,0.08818611623616236,741,0.14705274999141693,1.031337861508812,0.25,1.3751332208706946,3.5,1.4057548579891386
t_up,0.1,scene-0103_012,0.09127075645756458,741,0.15383104979991913,1.0788767020240302,-0.25,1.3253723401418671,3.75,1.4996903644976498
t_up,0.2,scene-0103_012,0.09769949261992619,741,0.14330850541591644,1.0050780248604798,0.25,1.2524739942136753,3.75,1.3387157663783107
none,0.0,scene-0103_013,0.08717712177121771,718,0.14323113858699799,1.0,0.25,1.433515770750027,3.75,1.3957211546014134
yaw,0.25,scene-0103_013,0.08706180811808117,718,0.15371571481227875,1.0732003971253252,0.0,1.4194422149364363,3.5,1.3763813758820347
yaw,0.5,scene-0103_013,0.08700415129151291,718,0.13017427921295166,0.9088406368695056,-0.25,1.4194422149364363,3.5,1.4329166456967055
yaw,1.0,scene-0103_013,0.08688883763837639,718,0.11391197890043259,0.7953017760257692,-0.75,1.3975566402889492,0.75,1.509616102704636
yaw,2.0,scene-0103_013,0.08688883763837639,718,0.10722987353801727,0.7486491736074995,-1.75,1.3799395435439918,4.0,1.4938142014410338
yaw,3.0,scene-0103_013,0.08674469557195572,718,0.0955050066113472,0.6667894115310538,-2.75,1.3690520871378458,3.5,1.8453257764413342
pitch,0.25,scene-0103_013,0.08642758302583026,718,0.14434915781021118,1.007805699474588,0.25,1.3769663737318178,3.5,1.3934096965275533
pitch,0.5,scene-0103_013,0.0854185885608856,718,0.1434687376022339,1.0016588502861867,-3.25,1.3726198556286444,3.25,1.3849109558807438
pitch,1.0,scene-0103_013,0.08293934501845018,718,0.16617470979690552,1.1601856372591195,0.75,1.2870290773093973,4.0,1.4694717787938587
pitch,2.0,scene-0103_013,0.07939345018450185,718,0.1580015867948532,1.1031231640938448,-3.5,1.3249096155778886,3.0,1.377022187511877
pitch,3.0,scene-0103_013,0.0761934963099631,718,0.16086147725582123,1.123090124415332,-3.75,1.2750669248784183,2.0,1.3213314788887704
roll,0.25,scene-0103_013,0.08720595018450185,718,0.13402001559734344,0.9356904994226535,0.25,1.4667427797494936,3.75,1.4973116414085144
roll,0.5,scene-0103_013,0.08726360701107011,718,0.13054849207401276,0.9114532870568376,0.5,1.406845861175481,3.75,1.6480136923218616
roll,1.0,scene-0103_013,0.08720595018450185,718,0.13288919627666473,0.9277954332252158,0.5,1.2570584559096905,3.75,1.5230960787071741
roll,2.0,scene-0103_013,0.08717712177121771,718,0.14175131916999817,0.9896683121310177,1.0,1.327280386187656,2.75,1.3358201193657295
roll,3.0,scene-0103_013,0.08723477859778597,718,0.14660878479480743,1.0235817870410762,0.25,1.2858466496710454,3.25,1.3450637476403648
t_fwd,0.02,scene-0103_013,0.08746540590405905,718,0.13998328149318695,0.9773243644793181,0.25,1.3783088270359432,3.75,1.4133359455057417
t_fwd,0.05,scene-0103_013,0.08775369003690037,718,0.1422446370124817,0.9931125201946426,0.25,1.389840902853691,3.75,1.3863930424428268
t_fwd,0.1,scene-0103_013,0.08853205719557196,718,0.1425742208957672,0.9954135832633086,0.25,1.3740412954872825,3.5,1.412747018863097
t_fwd,0.2,scene-0103_013,0.09236623616236163,718,0.13423122465610504,0.9371651023675523,0.25,1.2595249827344315,3.5,1.472722042690984
t_left,0.02,scene-0103_013,0.08711946494464945,718,0.1431785523891449,0.9996328577823799,0.25,1.4321312492032923,3.75,1.359156014947619
t_left,0.05,scene-0103_013,0.08723477859778597,718,0.14528249204158783,1.014321979667458,0.25,1.5129052953659379,3.5,1.2787019102864061
t_left,0.1,scene-0103_013,0.08732126383763837,718,0.15091180801391602,1.053624299176068,0.0,1.3780412435942129,3.5,1.36805564405538
t_left,0.2,scene-0103_013,0.08735009225092251,718,0.14715978503227234,1.0274287175542356,0.0,1.39947108841513,3.5,1.4670852356946982
t_up,0.02,scene-0103_013,0.08766720479704797,718,0.14996950328350067,1.0470453894521674,0.25,1.454488646393747,3.75,1.5102639875699095
t_up,0.05,scene-0103_013,0.0883014298892989,718,0.1449817568063736,1.0122223298414421,0.25,1.538081088980565,3.75,1.519427767739644
t_up,0.1,scene-0103_013,0.09132841328413284,718,0.1568441241979599,1.0950420819471,0.0,1.3884309283501786,3.5,1.4172242098267627
t_up,0.2,scene-0103_013,0.09778597785977859,718,0.1266455352306366,0.8842039271628958,1.0,1.2514719561028445,4.0,1.4724530089520664
none,0.0,scene-0103_014,0.08677995391705069,699,0.16095392405986786,1.0,-3.25,1.3199116565143363,-0.5,1.4060745124400928
yaw,0.25,scene-0103_014,0.08675115207373271,699,0.1293865293264389,0.8038730964913459,-3.5,1.3267265215571302,3.75,1.3075654968214996
yaw,0.5,scene-0103_014,0.08675115207373271,699,0.13800832629203796,0.8574399605237637,-3.75,1.3267265215571302,3.75,1.3343039410026425
yaw,1.0,scene-0103_014,0.08657834101382489,699,0.10475874692201614,0.6508617142074178,-1.25,1.2535229287923013,3.75,1.3667424648354516
yaw,2.0,scene-0103_014,0.0862615207373272,699,0.13025148212909698,0.8092470120868199,-2.25,1.3061251154415374,3.75,1.624436713902263
yaw,3.0,scene-0103_014,0.0863479262672811,699,0.10220420360565186,0.6349904433994187,-3.25,1.3378781308204062,0.5,1.355460792832843
pitch,0.25,scene-0103_014,0.08605990783410138,699,0.14634515345096588,0.9092363190631615,-3.25,1.3187453104178524,-0.75,1.4041180665108608
pitch,0.5,scene-0103_014,0.08516705069124424,699,0.1368761956691742,0.850406080303219,-2.75,1.297889835582455,-1.0,1.4041180665108608
pitch,1.0,scene-0103_014,0.08266129032258064,699,0.15649564564228058,0.9723009026115511,1.0,1.1679203900662627,-1.5,1.3968881250945422
pitch,2.0,scene-0103_014,0.07891705069124424,699,0.14126408100128174,0.8776678283950234,-3.75,1.3136365420009468,-2.5,1.3750097450650278
pitch,3.0,scene-0103_014,0.07580645161290323,699,0.12049268931150436,0.7486160403687103,-3.5,1.4837117636242516,-3.5,1.3544844956231352
roll,0.25,scene-0103_014,0.0868663594470046,699,0.15776436030864716,0.9801833737832056,-3.25,1.315836040178667,-0.5,1.2510367184362101
roll,0.5,scene-0103_014,0.0869815668202765,699,0.14994558691978455,0.9316056616551411,-3.25,1.391527707435245,1.0,1.2458265420108183
roll,1.0,scene-0103_014,0.08701036866359448,699,0.13374367356300354,0.8309438514419611,-0.75,1.2158106001044513,1.25,1.3137709143236642
roll,2.0,scene-0103_014,0.08695276497695853,699,0.13243120908737183,0.8227895645347123,0.75,1.1861381772116464,3.0,1.2098480214706187
roll,3.0,scene-0103_014,0.08695276497695853,699,0.10985424369573593,0.6825198225976455,-4.0,1.3311560054657114,-1.75,1.357295153566071
t_fwd,0.02,scene-0103_014,0.08709677419354839,699,0.16194479167461395,1.0061562190579307,-3.25,1.3164184259863407,-0.5,1.3690425760185692
t_fwd,0.05,scene-0103_014,0.08755760368663594,699,0.1511259824037552,0.9389394094395791,-3.25,1.2740158061026379,-0.5,1.3803492953822354
t_fwd,0.1,scene-0103_014,0.08830645161290322,699,0.15457123517990112,0.9603446208767631,-3.25,1.3125657976968614,-0.5,1.3691878521631788
t_fwd,0.2,scene-0103_014,0.09225230414746544,699,0.1527126431465149,0.9487972662891551,-3.75,1.2454162725855298,4.0,1.2218813004952018
t_left,0.02,scene-0103_014,0.08683755760368664,699,0.15938441455364227,0.9902487030658427,-3.25,1.3274120674531946,-0.5,1.3562326725751837
t_left,0.05,scene-0103_014,0.08683755760368664,699,0.1524738222360611,0.9473134819586472,-3.75,1.2844057878561312,4.0,1.3441271803403225
t_left,0.1,scene-0103_014,0.0868663594470046,699,0.1273331493139267,0.7911155323343612,-3.5,1.279037336297185,2.25,1.3117934092192063
t_left,0.2,scene-0103_014,0.08689516129032258,699,0.1257767379283905,0.7814456134763575,-4.0,1.1947768553553488,3.75,1.236575604235088
t_up,0.02,scene-0103_014,0.08726958525345622,699,0.1551906019449234,0.964192720689427,-3.25,1.3273366051797837,-0.5,1.280465811532407
t_up,0.05,scene-0103_014,0.08787442396313364,699,0.15992921590805054,0.9936335311002659,-3.25,1.3550401397898326,-0.25,1.3349109308644391
t_up,0.1,scene-0103_014,0.09092741935483871,699,0.17981483042240143,1.1171820225738525,0.0,1.3605695618231355,0.0,1.3022200236483383
t_up,0.2,scene-0103_014,0.09729262672811059,699,0.14591670036315918,0.9065743579441065,-3.5,1.3247248950549562,1.0,1.4562193516525301
none,0.0,scene-0103_015,0.08461139298892989,689,0.1318187564611435,1.0,-3.5,1.3533413383916506,2.5,1.2857944461577655
yaw,0.25,scene-0103_015,0.08472670664206643,689,0.14887608587741852,1.129399865953849,-3.75,1.3565157505112382,1.25,1.2930441380358897
yaw,0.5,scene-0103_015,0.08478436346863469,689,0.1251371055841446,0.9493118350045392,-4.0,1.3725364912378224,2.5,1.378609825491387
yaw,1.0,scene-0103_015,0.08484202029520295,689,0.09435698390007019,0.7158084815333848,-0.75,1.307794554530453,4.0,1.456063405575819
yaw,2.0,scene-0103_015,0.08484202029520295,689,0.11244983226060867,0.8530639741982072,-1.75,1.3412104072527269,2.5,1.544327882660456
yaw,3.0,scene-0103_015,0.08475553505535055,689,0.10773497819900513,0.8172962717241412,-2.75,1.3848772900558877,1.0,1.4927109052363061
pitch,0.25,scene-0103_015,0.08386185424354244,689,0.1545003205537796,1.1720662878451749,-3.25,1.399088064569628,2.25,1.2576968057345979
pitch,0.5,scene-0103_015,0.08299700184501844,689,0.14922238886356354,1.1320269806030991,-4.0,1.3653971673055145,2.0,1.2234336015465084
pitch,1.0,scene-0103_015,0.08046010147601476,689,0.1619001179933548,1.2282024374966583,-4.0,1.2330382525138444,1.5,1.1969726821411113
pitch,2.0,scene-0103_015,0.07639529520295203,689,0.12627603113651276,0.9579519222193196,-2.5,1.2864677158481734,3.75,1.359990474850316
pitch,3.0,scene-0103_015,0.07362776752767528,689,0.16385747492313385,1.2430512874048731,-3.5,1.2959732974713842,2.75,1.297830828777315
roll,0.25,scene-0103_015,0.08469787822878229,689,0.14566968381404877,1.1050755425460879,-4.0,1.4077751865153083,1.25,1.2079494846876193
roll,0.5,scene-0103_015,0.08475553505535055,689,0.14593486487865448,1.1070872521974673,-4.0,1.4270885341590853,1.25,1.2885725511530208
roll,1.0,scene-0103_015,0.08487084870848709,689,0.1463550329208374,1.110274720001465,-4.0,1.4437971539224543,2.75,1.4080124962899658
roll,2.0,scene-0103_015,0.08461139298892989,689,0.15233543515205383,1.155643090874993,0.0,1.3020491779006458,0.25,1.348134858330262
roll,3.0,scene-0103_015,0.08472670664206643,689,0.15511402487754822,1.1767219555228585,-0.75,1.211270278808136,0.0,1.179808778403688
t_fwd,0.02,scene-0103_015,0.08487084870848709,689,0.1390390843153,1.0547746621800733,-3.5,1.3780659903677617,1.5,1.302801986643429
t_fwd,0.05,scene-0103_015,0.0853321033210332,689,0.14702853560447693,1.1153840284316205,-3.5,1.3824666259014502,1.5,1.2595894656131632
t_fwd,0.1,scene-0103_015,0.0862834409594096,689,0.13919736444950104,1.0559754027912753,-3.75,1.3580593328996318,3.5,1.2813214152549974
t_fwd,0.2,scene-0103_015,0.08997347785977859,689,0.12612754106521606,0.9568254507270744,-3.25,1.3688022978486014,1.5,1.4254300696141788
t_left,0.02,scene-0103_015,0.08469787822878229,689,0.14469122886657715,1.0976528132339658,-3.5,1.373703261130771,1.5,1.30226410435325
t_left,0.05,scene-0103_015,0.08475553505535055,689,0.1433575302362442,1.0875351435931806,-3.5,1.3768261563994655,1.5,1.3898390605113098
t_left,0.1,scene-0103_015,0.08492850553505535,689,0.14143262803554535,1.0729325009012338,-3.5,1.4641874548935747,1.5,1.3605806982418995
t_left,0.2,scene-0103_015,0.08513030442804428,689,0.12162072211503983,0.9226359387701418,-3.75,1.3849187063346855,1.0,1.3675148377767907
t_up,0.02,scene-0103_015,0.08513030442804428,689,0.14264518022537231,1.0821311325859773,-4.0,1.3395066719905955,1.5,1.2792032602446741
t_up,0.05,scene-0103_015,0.08570687269372694,689,0.1575353890657425,1.1950908451497912,-4.0,1.541363903599666,1.25,1.2509068970795547
t_up,0.1,scene-0103_015,0.08870502767527676,689,0.15739460289478302,1.19402281678464,-4.0,1.4056121540214355,1.5,1.2878709635572587
t_up,0.2,scene-0103_015,0.09507610701107011,689,0.15438486635684967,1.1711904322383593,-4.0,1.4403314962301867,1.75,1.2698421424420343
none,0.0,scene-0103_016,0.0849942396313364,657,0.14476104080677032,1.0,0.0,1.2884553342401164,1.75,1.3503113369862167
yaw,0.25,scene-0103_016,0.08482142857142858,657,0.12939955294132233,0.8938838255110862,-0.25,1.2884553342401164,3.5,1.4376257281510776
yaw,0.5,scene-0103_016,0.08473502304147465,657,0.10363854467868805,0.7159284300603135,-0.5,1.2884553342401164,3.5,1.6624828485905088
yaw,1.0,scene-0103_016,0.0846774193548387,657,0.10344851762056351,0.7146157353113292,-1.0,1.2580258196560767,3.5,1.6105161638414272
yaw,2.0,scene-0103_016,0.08461981566820277,657,0.08220472931861877,0.5678650060850774,-2.0,1.2580258196560767,2.0,1.5695672469913609
yaw,3.0,scene-0103_016,0.08453341013824885,657,0.11579685658216476,0.7999172701219558,-3.0,1.266322193798576,1.5,1.4371927924926426
pitch,0.25,scene-0103_016,0.08421658986175115,657,0.12640692293643951,0.8732109290728973,-0.25,1.235260853377092,1.5,1.3503113369862167
pitch,0.5,scene-0103_016,0.08323732718894009,657,0.1393309235572815,0.9624890977625876,0.0,1.1803536210859287,1.25,1.348212479376781
pitch,1.0,scene-0103_016,0.0807315668202765,657,0.12286991626024246,0.8487775134488806,-4.0,1.4138168652829692,0.75,1.2862666106094094
pitch,2.0,scene-0103_016,0.07655529953917051,657,0.17284463346004486,1.1939996596927003,0.75,1.3248834419200808,-0.25,1.263638220642244
pitch,3.0,scene-0103_016,0.07373271889400922,657,0.13921645283699036,0.9616983413570438,-3.0,1.3082556332430495,-1.25,1.232586861486263
roll,0.25,scene-0103_016,0.08502304147465438,657,0.14668060839176178,1.0132602499560204,-0.25,1.2764781993995333,1.75,1.3098708632380456
roll,0.5,scene-0103_016,0.08508064516129032,657,0.1394517719745636,0.9633239108905438,-0.25,1.397424506146763,1.75,1.3932234677865667
roll,1.0,scene-0103_016,0.08522465437788018,657,0.12597522139549255,0.8702287624724016,-0.25,1.301262032823325,2.0,1.4155759094443965
roll,2.0,scene-0103_016,0.08513824884792627,657,0.13857783377170563,0.9572868017485577,-4.0,1.2227613480800867,2.5,1.3951814364649107
roll,3.0,scene-0103_016,0.08519585253456222,657,0.11604279279708862,0.8016161817459205,-3.5,1.1801231336006042,2.5,1.3294224612050014
t_fwd,0.02,scene-0103_016,0.08528225806451613,657,0.13865941762924194,0.9578503778121288,-0.5,1.2107488216895208,1.75,1.390672508870453
t_fwd,0.05,scene-0103_016,0.08574308755760368,657,0.1363917738199234,0.9421856395878061,0.0,1.1858456895944147,2.25,1.3593787602729333
t_fwd,0.1,scene-0103_016,0.0863479262672811,657,0.12834662199020386,0.8866102459260656,0.25,1.3024363422629408,1.75,1.3552479987563972
t_fwd,0.2,scene-0103_016,0.09012096774193548,657,0.1315796673297882,0.9089439161011778,-4.0,1.2154672306300454,2.0,1.3291046846863972
t_left,0.02,scene-0103_016,0.08505184331797234,657,0.13241273164749146,0.914698671061908,-0.25,1.2014122962184055,1.75,1.3435054184665751
t_left,0.05,scene-0103_016,0.0849942396313364,657,0.12111988663673401,0.836688420874281,-0.5,1.2486593717495755,1.75,1.4340114893571998
t_left,0.1,scene-0103_016,0.08505184331797234,657,0.1274009495973587,0.8800776015932064,-0.5,1.2819016370055993,2.0,1.369936975382994
t_left,0.2,scene-0103_016,0.08513824884792627,657,0.11124671250581741,0.7684851662147936,-0.75,1.245994605738529,1.75,1.4251415101319245
t_up,0.02,scene-0103_016,0.08551267281105991,657,0.14935436844825745,1.0317304132098524,0.0,1.3309036346555392,1.75,1.352697027114515
t_up,0.05,scene-0103_016,0.08600230414746544,657,0.14550000429153442,1.0051047124326116,0.0,1.288885917438274,2.0,1.327649546594778
t_up,0.1,scene-0103_016,0.08908410138248848,657,0.1395065188407898,0.9637020987366735,0.25,1.3536120126835645,2.25,1.374795835278436
t_up,0.2,scene-0103_016,0.0954205069124424,657,0.13442234694957733,0.9285809648813366,0.25,1.2420500619097332,2.0,1.3495050923053933
none,0.0,scene-0103_017,0.0846774193548387,653,0.13671204447746277,1.0,-2.0,1.4434132954130465,1.5,1.7541533216949532
yaw,0.25,scene-0103_017,0.08473502304147465,653,0.16582739353179932,1.2129684269269798,-2.25,1.489282070731571,1.5,1.525656012384721
yaw,0.5,scene-0103_017,0.08485023041474654,653,0.1486217975616455,1.0871156095258754,-2.5,1.4974614007212397,3.0,1.4029105831484852
yaw,1.0,scene-0103_017,0.08433179723502304,653,0.12215200811624527,0.893498510560145,-3.0,1.5448370887037575,3.0,1.3507012320991543
yaw,2.0,scene-0103_017,0.0836405529953917,653,0.09840169548988342,0.7197734176677105,-4.0,1.6115751174183899,1.5,1.5052300211520309
yaw,3.0,scene-0103_017,0.08358294930875576,653,0.08689799904823303,0.6356279681162864,-2.75,1.5474449124104355,3.75,1.6646168137355073
pitch,0.25,scene-0103_017,0.08392857142857142,653,0.15150390565395355,1.1081972055427,-2.75,1.220036139148125,1.25,1.71666591568268
pitch,0.5,scene-0103_017,0.08297811059907834,653,0.1281501203775406,0.9373725692374264,-2.75,1.6557603043818965,1.0,1.6499992347627424
pitch,1.0,scene-0103_017,0.08052995391705069,653,0.13421984016895294,0.9817704115388263,-2.75,1.6594089429829963,0.5,1.6424664262279438
pitch,2.0,scene-0103_017,0.07638248847926267,653,0.10995876044034958,0.8043092388869694,-4.0,1.3072712461131588,-0.5,1.4552018536324234
pitch,3.0,scene-0103_017,0.07341589861751152,653,0.12971565127372742,0.9488238711484654,-1.75,1.2235641047814099,-1.5,1.4471839702950853
roll,0.25,scene-0103_017,0.08476382488479263,653,0.14508791267871857,1.0612664980124453,-2.0,1.3551118865369849,1.5,1.5732090783493653
roll,0.5,scene-0103_017,0.08490783410138249,653,0.153175488114357,1.1204242369413784,-2.0,1.3148038883115996,1.5,1.4451790902184405
roll,1.0,scene-0103_017,0.08505184331797234,653,0.15276533365249634,1.117424102875442,0.25,1.370324386855784,0.0,1.303775731266163
roll,2.0,scene-0103_017,0.0847926267281106,653,0.13417500257492065,0.981442440479629,-2.5,1.3603243174725315,-0.25,1.5087352870816795
roll,3.0,scene-0103_017,0.08485023041474654,653,0.15862877666950226,1.1603131039098205,-1.75,1.2920534789002394,0.0,1.3541074545001246
t_fwd,0.02,scene-0103_017,0.08496543778801843,653,0.14038294553756714,1.0268513361360017,-2.0,1.4040209584810275,1.5,1.8012907081000804
t_fwd,0.05,scene-0103_017,0.08548387096774193,653,0.15054544806480408,1.1011864290393358,-2.0,1.3944742181341834,1.5,1.7603334075274633
t_fwd,0.1,scene-0103_017,0.0862615207373272,653,0.15780693292617798,1.1543016091182277,-2.0,1.3745811683705091,1.5,1.6384511291787929
t_fwd,0.2,scene-0103_017,0.09012096774193548,653,0.16776955127716064,1.2271746203372575,0.0,1.26547619301854,1.5,1.5338860984858913
t_left,0.02,scene-0103_017,0.08470622119815668,653,0.1456272453069687,1.0652115244386942,-2.0,1.3250430208325192,1.5,1.7647598183279725
t_left,0.05,scene-0103_017,0.08473502304147465,653,0.16423240303993225,1.2013016385473356,-2.0,1.3958475903657306,1.5,1.5345602969795378
t_left,0.1,scene-0103_017,0.08476382488479263,653,0.16496805846691132,1.2066826964474706,-2.25,1.3119163252601511,1.5,1.464139739333463
t_left,0.2,scene-0103_017,0.08487903225806452,653,0.13238835334777832,0.9683737365920438,-2.25,1.4434808527969274,1.5,1.3577158223724928
t_up,0.02,scene-0103_017,0.08516705069124424,653,0.14906804263591766,1.090379733590275,-2.0,1.4709020866238667,1.5,1.6121068356217714
t_up,0.05,scene-0103_017,0.08571428571428572,653,0.17566536366939545,1.2849296807813755,0.25,1.4994767986009525,1.75,1.6323450919826221
t_up,0.1,scene-0103_017,0.08876728110599079,653,0.1675005555152893,1.225207011975467,0.0,1.34781010587916,0.0,1.484957809420208
t_up,0.2,scene-0103_017,0.09513248847926267,653,0.11811106652021408,0.8639404594646736,-3.0,1.490456015792497,0.5,1.4731609769319047
none,0.0,scene-0103_018,0.08446412143514259,697,0.12739570438861847,1.0,0.25,1.3360778491937975,1.25,1.1559510732066187
yaw,0.25,scene-0103_018,0.08426287948482061,697,0.13429595530033112,1.054163921341206,0.0,1.3360778491937975,0.5,1.2363500480933258
yaw,0.5,scene-0103_018,0.08409038638454462,697,0.11130792647600174,0.8737180504647062,-0.25,1.3360778491937975,3.75,1.4234271933644402
yaw,1.0,scene-0103_018,0.0843203771849126,697,0.11435583233833313,0.8976427650142157,-0.75,1.3360778491937975,3.5,1.3607343897513948
yaw,2.0,scene-0103_018,0.08406163753449862,697,0.09600141644477844,0.7535687086585566,3.25,1.3656908388051683,3.5,1.4110461803689813
yaw,3.0,scene-0103_018,0.08331416743330267,697,0.07940755039453506,0.6233141908168557,2.25,1.2597380043080673,3.5,1.4690372282426039
pitch,0.25,scene-0103_018,0.08371665133394664,697,0.11729593575000763,0.9207212779498305,-3.0,1.3237186424933605,4.0,1.3159628980254119
pitch,0.5,scene-0103_018,0.0827391904323827,697,0.1327664703130722,1.0421581398700093,0.25,1.3466084807622258,3.75,1.3133528988229104
pitch,1.0,scene-0103_018,0.08012304507819687,697,0.12038788944482803,0.9449917485254196,-3.0,1.3453953443748417,3.75,1.4814992159014124
pitch,2.0,scene-0103_018,0.07606945722171113,697,0.11324021220207214,0.8888856397907638,0.5,1.3918497660748779,2.75,1.4336383909887107
pitch,3.0,scene-0103_018,0.07299333026678932,697,0.11981193721294403,0.9404707779428709,0.5,1.155746263533109,1.75,1.356895328950501
roll,0.25,scene-0103_018,0.08446412143514259,697,0.11627060920000076,0.912672917489582,-3.25,1.189650196040196,-0.5,1.2114567436609605
roll,0.5,scene-0103_018,0.08449287028518859,697,0.11576702445745468,0.9087199997286354,-3.0,1.2107677930483376,0.5,1.244745109693044
roll,1.0,scene-0103_018,0.08457911683532658,697,0.12429415434598923,0.9756542023334789,-3.0,1.2742507575116555,0.75,1.2863801346245944
roll,2.0,scene-0103_018,0.0845216191352346,697,0.13769808411598206,1.080869129589616,0.0,1.2839959215648786,0.0,1.19804369374383
roll,3.0,scene-0103_018,0.08457911683532658,697,0.12261402606964111,0.9624659375924409,-3.5,1.3359877904968434,2.0,1.1736820670498327
t_fwd,0.02,scene-0103_018,0.08466536338546458,697,0.13321498036384583,1.045678745630824,0.25,1.2962558268462034,3.25,1.2187215299525171
t_fwd,0.05,scene-0103_018,0.08503909843606255,697,0.13483262062072754,1.0583765070243096,-3.25,1.3596154088067138,3.25,1.3336602120055556
t_fwd,0.1,scene-0103_018,0.08572907083716651,697,0.13924525678157806,1.0930137515218938,0.0,1.3368739271993433,3.25,1.414998272210015
t_fwd,0.2,scene-0103_018,0.08995515179392824,697,0.13525588810443878,1.061698969785064,-0.25,1.4078650317814505,3.25,1.3607644748169059
t_left,0.02,scene-0103_018,0.0844066237350506,697,0.13498017191886902,1.0595347195311566,0.0,1.3077803361414055,1.25,1.2229692996430372
t_left,0.05,scene-0103_018,0.08446412143514259,697,0.1428682506084442,1.1214526525370667,0.0,1.369969784215734,0.5,1.3354694924151982
t_left,0.1,scene-0103_018,0.0845216191352346,697,0.11747010052204132,0.9220883944697282,-0.25,1.3978752050018852,1.25,1.24431071709282
t_left,0.2,scene-0103_018,0.08463661453541858,697,0.09286556392908096,0.7289536517322132,-0.75,1.4452779967207885,3.75,1.3877877311732267
t_up,0.02,scene-0103_018,0.08492410303587856,697,0.12830105423927307,1.0071065963722987,0.25,1.4045690604709706,1.75,1.2364994951480064
t_up,0.05,scene-0103_018,0.08549908003679853,697,0.14374645054340363,1.1283461340651446,0.25,1.4130068887227425,0.0,1.2831115464411724
t_up,0.1,scene-0103_018,0.08854645814167433,697,0.13511289656162262,1.060576549343163,-3.25,1.2106972420997733,0.25,1.3242713813427216
t_up,0.2,scene-0103_018,0.09501494940202392,697,0.10022469609975815,0.786719588236856,-3.25,1.4176582929558486,1.25,1.5041168438940105
none,0.0,scene-0103_019,0.08503909843606255,693,0.10500988364219666,1.0,0.5,1.3123239933704514,3.75,1.282651524015501
yaw,0.25,scene-0103_019,0.08472286108555657,693,0.12224247306585312,1.1641044521330353,0.25,1.3123239933704514,-0.75,1.2474761569048247
yaw,0.5,scene-0103_019,0.08478035878564857,693,0.13062432408332825,1.2439240912637182,0.0,1.3123239933704514,-1.25,1.235835166210189
yaw,1.0,scene-0103_019,0.08469411223551059,693,0.09826721996068954,0.9357901994779693,-0.5,1.3123239933704514,3.75,1.4829130830739705
yaw,2.0,scene-0103_019,0.08457911683532658,693,0.09972657263278961,0.9496874882043577,-1.5,1.2826577641029362,2.75,1.3553247768094479
yaw,3.0,scene-0103_019,0.0843203771849126,693,0.09534245729446411,0.9079379386737285,3.25,1.3145501713129812,1.0,1.3719898280648266
pitch,0.25,scene-0103_019,0.0842916283348666,693,0.12039002776145935,1.1464637764162078,0.5,1.289291317811148,3.5,1.279644431242514
pitch,0.5,scene-0103_019,0.08325666973321068,693,0.12781928479671478,1.2172119458034758,-2.25,1.3239645120723642,3.25,1.2612639980165807
pitch,1.0,scene-0103_019,0.08069802207911683,693,0.1371121108531952,1.3057067210966677,0.25,1.3000049323738525,2.75,1.2462031904072242
pitch,2.0,scene-0103_019,0.07661568537258509,693,0.1374935656785965,1.309339282263015,-3.5,1.3217328708606197,4.0,1.3471271853050553
pitch,3.0,scene-0103_019,0.0735395584176633,693,0.1260991096496582,1.2008308673050196,-3.75,1.339486172551455,3.5,1.5019491648228875
roll,0.25,scene-0103_019,0.08506784728610856,693,0.10482360422611237,0.9982260773022185,-4.0,1.4081972917617103,3.75,1.3822076841728494
roll,0.5,scene-0103_019,0.08518284268629255,693,0.1005236804485321,0.9572782766910729,-4.0,1.4199551763322724,2.25,1.327491725761213
roll,1.0,scene-0103_019,0.08509659613615456,693,0.10668192058801651,1.0159226625897142,-4.0,1.5285161962810097,2.75,1.2516262799917361
roll,2.0,scene-0103_019,0.08489535418583256,693,0.12621940672397614,1.2019764458938678,-3.75,1.2135444744985366,-0.25,1.2311654609541176
roll,3.0,scene-0103_019,0.08486660533578656,693,0.140158012509346,1.3347125779789513,0.0,1.300097460538572,1.0,1.177352432330021
t_fwd,0.02,scene-0103_019,0.08535533578656854,693,0.10920260846614838,1.0399269542878242,0.5,1.2885446899072492,3.75,1.2789277246012192
t_fwd,0.05,scene-0103_019,0.08561407543698252,693,0.10607510805130005,1.0101440395147276,0.5,1.3007890097303558,3.75,1.326932808969619
t_fwd,0.1,scene-0103_019,0.08641904323827047,693,0.10838515311479568,1.0321423979870283,-3.25,1.2643698048579677,3.75,1.404290123596227
t_fwd,0.2,scene-0103_019,0.09084636614535418,693,0.11183208227157593,1.0649672049216314,0.5,1.3989002316900714,3.75,1.2804225977387034
t_left,0.02,scene-0103_019,0.08503909843606255,693,0.11212193220853806,1.0677274206928415,0.5,1.2857077616595152,3.75,1.2929338528149255
t_left,0.05,scene-0103_019,0.08506784728610856,693,0.11011075973510742,1.048575199933476,-4.0,1.2715273417537754,3.75,1.3111801698006107
t_left,0.1,scene-0103_019,0.08501034958601655,693,0.11821650713682175,1.1257655283156434,-0.25,1.2493304657093227,3.75,1.3791793871989155
t_left,0.2,scene-0103_019,0.08526908923643055,693,0.09707774966955185,0.9244629772215327,-0.75,1.2945433909643023,2.0,1.2312080419660096
t_up,0.02,scene-0103_019,0.08549908003679853,693,0.11055426299571991,1.0527986429583598,-4.0,1.2258244711457666,4.0,1.2898529376059265
t_up,0.05,scene-0103_019,0.08604530818767249,693,0.11118704825639725,1.0588246020274457,-3.25,1.452635597821174,4.0,1.37629211593367
t_up,0.1,scene-0103_019,0.0891214351425943,693,0.11584660410881042,1.103197147646959,-4.0,1.4173547328700635,4.0,1.4190544051091578
t_up,0.2,scene-0103_019,0.09553242870285189,693,0.11966963857412338,1.1396035727634681,0.5,1.3633153626468444,4.0,1.3239031514615758
none,0.0,scene-0103_020,0.08603821362799263,748,0.10731919854879379,1.0,1.75,1.2623053326231195,2.0,1.3608549598139812
yaw,0.25,scene-0103_020,0.0859231123388582,748,0.10712558031082153,0.9981958657855218,1.5,1.2623053326231195,1.5,1.3413865839466201
yaw,0.5,scene-0103_020,0.08580801104972376,748,0.09932329505681992,0.9254941930232692,1.25,1.2623053326231195,3.5,1.4618376888601563
yaw,1.0,scene-0103_020,0.08554903314917127,748,0.10946357250213623,1.019981270661162,0.75,1.2492681774964736,2.0,1.354213781017242
yaw,2.0,scene-0103_020,0.0853188305709024,748,0.10091596096754074,0.9403346496448,-0.25,1.2492681774964736,3.75,1.5669699404949464
yaw,3.0,scene-0103_020,0.08517495395948435,748,0.07541836053133011,0.7027480781739193,-1.25,1.2143175332575482,3.75,1.4114877703085809
pitch,0.25,scene-0103_020,0.08529005524861878,748,0.10560460388660431,0.984023411604123,-4.0,1.2684051041565068,1.75,1.3383769664679692
pitch,0.5,scene-0103_020,0.0844267955801105,748,0.10166266560554504,0.9472924414295085,-2.5,1.490314099170637,1.5,1.323043862721354
pitch,1.0,scene-0103_020,0.08183701657458564,748,0.12069641053676605,1.1246488248967883,-0.25,1.3823318964722486,1.0,1.2868628469581416
pitch,2.0,scene-0103_020,0.07818255064456722,748,0.14604586362838745,1.3608549598139812,0.0,1.397793957935994,4.0,1.3941628991627577
pitch,3.0,scene-0103_020,0.07475828729281768,748,0.11869334429502487,1.1059842591077467,-3.75,1.2937055062880054,3.0,1.369509959133715
roll,0.25,scene-0103_020,0.08618209023941067,748,0.10264319181442261,0.9564289819752503,1.75,1.230644211042808,1.75,1.2899304277392725
roll,0.5,scene-0103_020,0.08629719152854512,748,0.09801722317934036,0.9133242188234924,1.75,1.1374731164442018,1.75,1.4178853898643382
roll,1.0,scene-0103_020,0.08626841620626151,748,0.1146201640367508,1.0680303765466301,-0.25,1.2655130392582077,1.75,1.280505685724591
roll,2.0,scene-0103_020,0.08606698895027624,748,0.12249904870986938,1.1414458024877432,0.0,1.3243721603483642,0.25,1.2704686991631038
roll,3.0,scene-0103_020,0.08609576427255985,748,0.1331520974636078,1.2407108817819656,0.0,1.5101972316584698,0.0,1.4061342875533938
t_fwd,0.02,scene-0103_020,0.08638351749539595,748,0.10478829592466354,0.9764170562364054,1.75,1.2107468856338153,1.5,1.3623432298758682
t_fwd,0.05,scene-0103_020,0.08672882136279926,748,0.10660284757614136,0.9933250435864303,1.75,1.255203261416603,1.5,1.4633943043859683
t_fwd,0.1,scene-0103_020,0.08747697974217311,748,0.10691452026367188,0.9962292088405978,0.75,1.2878238998918392,1.5,1.4665783761654536
t_fwd,0.2,scene-0103_020,0.09280041436464088,748,0.1096915677189827,1.0221057294712304,1.75,1.233637818532518,1.75,1.4447280928482185
t_left,0.02,scene-0103_020,0.08615331491712708,748,0.10515560209751129,0.979839614155348,-4.0,1.2290026256553195,1.5,1.4494677741827011
t_left,0.05,scene-0103_020,0.08615331491712708,748,0.10081504285335541,0.9393942949314776,0.75,1.2810278777006818,1.5,1.4207773225061355
t_left,0.1,scene-0103_020,0.08609576427255985,748,0.09861137717962265,0.9188605441810858,0.5,1.435546870632977,2.0,1.4974713958181773
t_left,0.2,scene-0103_020,0.08609576427255985,748,0.1006910651922226,0.9382390714224571,1.25,1.3321118777952348,2.0,1.3485612182124107
t_up,0.02,scene-0103_020,0.0865561694290976,748,0.1092415302991867,1.0179122820183837,1.75,1.2896705428852426,1.5,1.312699433575567
t_up,0.05,scene-0103_020,0.0871316758747698,748,0.10762128233909607,1.0028148159358918,0.5,1.2323210352336014,2.25,1.3267444272231916
t_up,0.1,scene-0103_020,0.09026818600368323,748,0.11210153251886368,1.0445617749176122,0.0,1.2620318393095822,1.75,1.480574495715254
t_up,0.2,scene-0103_020,0.09671385819521179,748,0.12045741081237793,1.1224218261153964,0.25,1.4299370363082806,2.0,1.574659340137989
none,0.0,scene-0103_021,0.08621086556169429,751,0.1223883405327797,1.0,-3.25,1.3421382283509198,1.25,1.2559251893247203
yaw,0.25,scene-0103_021,0.08626841620626151,751,0.10284681618213654,0.8403318137530488,-3.5,1.35182747660868,2.5,1.282849920703036
yaw,0.5,scene-0103_021,0.08629719152854512,751,0.10658103227615356,0.8708430215834784,-3.75,1.3522612885214746,2.5,1.336234421236231
yaw,1.0,scene-0103_021,0.0859518876611418,751,0.08289282768964767,0.6772935013972692,-1.0,1.3936103939690898,3.5,1.4748217441218574
yaw,2.0,scene-0103_021,0.08549148250460405,751,0.07011952251195908,0.5729264912549307,-2.0,1.3970449470644442,3.25,1.5023671520569146
yaw,3.0,scene-0103_021,0.08517495395948435,751,0.07363621145486832,0.601660347172908,-3.0,1.4593623707030963,4.0,1.753210192764855
pitch,0.25,scene-0103_021,0.08543393186003684,751,0.1265544593334198,1.0340401608723855,-3.0,1.3343969906195836,1.0,1.2559251893247203
pitch,0.5,scene-0103_021,0.08451312154696132,751,0.12383127212524414,1.011789779861244,0.0,1.2102821412306721,0.75,1.2559251893247203
pitch,1.0,scene-0103_021,0.08198089318600368,751,0.11788138747215271,0.9631749802227291,-3.0,1.4383748504119787,0.25,1.250424739998911
pitch,2.0,scene-0103_021,0.07821132596685083,751,0.12446019798517227,1.0169285525350975,0.0,1.161368051716332,4.0,1.2691845034798723
pitch,3.0,scene-0103_021,0.07498848987108656,751,0.10201050341129303,0.8334985421586888,-0.25,1.2146766794875898,3.25,1.4509258229550988
roll,0.25,scene-0103_021,0.08632596685082873,751,0.1227777898311615,1.0031820784290926,-3.75,1.3432337993482877,2.5,1.2291755585613418
roll,0.5,scene-0103_021,0.08641229281767956,751,0.11571209132671356,0.9454502840956651,-4.0,1.4161375685733757,0.5,1.295942020628517
roll,1.0,scene-0103_021,0.086527394106814,751,0.1320137232542038,1.078646239335569,0.0,1.40983700995789,0.25,1.3475123469238062
roll,2.0,scene-0103_021,0.08629719152854512,751,0.12366721034049988,1.0104492781105865,0.25,1.3262656059009121,2.75,1.3592093695933358
roll,3.0,scene-0103_021,0.08629719152854512,751,0.12616103887557983,1.0308256352392464,0.25,1.456056011506086,-0.25,1.2921893556846318
t_fwd,0.02,scene-0103_021,0.0865561694290976,751,0.11299601942300797,0.9232580401949633,-3.75,1.3677617709912862,2.5,1.251846683729035
t_fwd,0.05,scene-0103_021,0.08698779926335175,751,0.10912994295358658,0.891669439086462,-4.0,1.3486296654437133,2.5,1.2638234990355024
t_fwd,0.1,scene-0103_021,0.08756330570902394,751,0.10402406752109528,0.8499507965240705,-3.75,1.444182621239091,2.25,1.2161100163251368
t_fwd,0.2,scene-0103_021,0.09262776243093923,751,0.10591841489076614,0.865428965125952,-3.5,1.437606386403852,2.25,1.2764428873658762
t_left,0.02,scene-0103_021,0.08635474217311234,751,0.12166614830493927,0.9940991746052231,-3.25,1.4318521930019836,2.5,1.3303124421504524
t_left,0.05,scene-0103_021,0.08629719152854512,751,0.11442990601062775,0.9349739159179103,-3.25,1.4691142948696867,2.5,1.2858743695089068
t_left,0.1,scene-0103_021,0.08626841620626151,751,0.11198806762695312,0.9150223553930693,-3.25,1.458054485434531,2.5,1.3173577790916409
t_left,0.2,scene-0103_021,0.08632596685082873,751,0.10734126716852188,0.8770546826703014,-3.5,1.3621072034567625,2.0,1.2687333619334231
t_up,0.02,scene-0103_021,0.08670004604051565,751,0.12608499825000763,1.0302043291144867,0.0,1.3241195203705285,1.25,1.2773396793346827
t_up,0.05,scene-0103_021,0.08733310313075507,751,0.1175728291273117,0.9606538385559837,-3.5,1.2279090292807548,2.75,1.2263881381724193
t_up,0.1,scene-0103_021,0.09038328729281768,751,0.11241114884614944,0.9184792305933912,-3.0,1.3714253610846487,0.75,1.1948355629724046
t_up,0.2,scene-0103_021,0.096771408839779,751,0.10664894431829453,0.8713979113862597,-4.0,1.3766650247933523,2.75,1.2631162429923504
none,0.0,scene-0103_022,0.08468577348066299,779,0.10595545172691345,1.0,-4.0,1.3722878777633458,4.0,1.5870090978602645
yaw,0.25,scene-0103_022,0.08457067219152854,779,0.09724169224500656,0.9177601592000619,-4.0,1.3507765447905349,4.0,1.5767682751332097
yaw,0.5,scene-0103_022,0.08445557090239411,779,0.09176342934370041,0.8660567044743375,-4.0,1.3089666935930893,2.5,1.6448661389343486
yaw,1.0,scene-0103_022,0.08422536832412524,779,0.11521662771701813,1.0874063187798413,0.25,1.3499997877109233,2.75,1.5837000983612037
yaw,2.0,scene-0103_022,0.08425414364640885,779,0.08496808260679245,0.801922706401052,-0.75,1.3555729587514385,4.0,1.9036037316570238
yaw,3.0,scene-0103_022,0.08465699815837938,779,0.09629300236701965,0.9088064917622406,-1.75,1.3555729587514385,3.75,1.7017559085618916
pitch,0.25,scene-0103_022,0.08390883977900553,779,0.11971276998519897,1.1298405889839744,-4.0,1.3432744855497216,3.75,1.5661828978417338
pitch,0.5,scene-0103_022,0.08301680478821363,779,0.10352040827274323,0.9770182334699847,0.5,1.3169120251987352,3.5,1.5009238603494734
pitch,1.0,scene-0103_022,0.08034069981583794,779,0.10307767242193222,0.9728397240719776,1.0,1.1463616433640815,3.0,1.496352843289242
pitch,2.0,scene-0103_022,0.07674378453038674,779,0.1008964329957962,0.9522533418652566,-0.5,1.1923229924491938,3.75,1.581745498926402
pitch,3.0,scene-0103_022,0.07334829650092081,779,0.09542343765497208,0.9005996019998453,-2.0,1.366794575568926,2.75,1.4078356312115778
roll,0.25,scene-0103_022,0.08477209944751381,779,0.1021452471613884,0.9640395609341049,-4.0,1.4300913112642992,2.5,1.4981828336921499
roll,0.5,scene-0103_022,0.08488720073664825,779,0.10011867433786392,0.9449129110968912,-3.75,1.3812870495031129,2.75,1.4577887629717403
roll,1.0,scene-0103_022,0.08488720073664825,779,0.11399346590042114,1.0758622047520938,-4.0,1.3787197553518136,1.75,1.2624087073229917
roll,2.0,scene-0103_022,0.08477209944751381,779,0.0955277606844902,0.9015841953154116,-4.0,1.2976287019988793,3.5,1.4529664128287325
roll,3.0,scene-0103_022,0.08485842541436464,779,0.09639783948659897,0.9097959370231558,-3.25,1.410509636841107,0.75,1.4484130507409319
t_fwd,0.02,scene-0103_022,0.0850310773480663,779,0.10856011509895325,1.0245826272229293,-4.0,1.3722341260167934,2.5,1.5294603027652427
t_fwd,0.05,scene-0103_022,0.08529005524861878,779,0.1067647635936737,1.0076382277039047,-4.0,1.3360806849071776,2.5,1.4956093040919016
t_fwd,0.1,scene-0103_022,0.08600943830570902,779,0.10107815265655518,0.953968399068989,-3.75,1.424136313989885,4.0,1.504060387352404
t_fwd,0.2,scene-0103_022,0.09147674953959484,779,0.1015213206410408,0.9581509869138112,-4.0,1.3688018039139431,2.5,1.5301004024496532
t_left,0.02,scene-0103_022,0.0847145488029466,779,0.09894503653049469,0.933836201137746,-4.0,1.4768339358176903,4.0,1.6321656538041678
t_left,0.05,scene-0103_022,0.08459944751381215,779,0.09735327214002609,0.9188132422948998,-4.0,1.3618525959360306,4.0,1.6298024259189308
t_left,0.1,scene-0103_022,0.08468577348066299,779,0.09694714844226837,0.9149802757873864,-4.0,1.4185310804263722,4.0,1.6300135052091236
t_left,0.2,scene-0103_022,0.08454189686924493,779,0.10290466248989105,0.9712068686669808,-4.0,1.4878728223210618,4.0,1.5785544417852337
t_up,0.02,scene-0103_022,0.08511740331491713,779,0.10308701545000076,0.9729279029048385,-4.0,1.4872160236397933,1.5,1.6157671247079493
t_up,0.05,scene-0103_022,0.08569290976058933,779,0.11177799105644226,1.054952711112361,-4.0,1.4621384871135215,2.75,1.6227214713431986
t_up,0.1,scene-0103_022,0.08880064456721916,779,0.11844173073768616,1.1178446111763507,-3.75,1.3193981327587787,2.75,1.8122953133487034
t_up,0.2,scene-0103_022,0.09533264272559852,779,0.11973261833190918,1.1300279162652678,-4.0,1.413038754080491,3.0,1.4909568203190715
none,0.0,scene-0103_023,0.08617511520737327,815,0.1191965863108635,1.0,4.0,1.235252932649436,2.75,1.2712696778295554
yaw,0.25,scene-0103_023,0.08597350230414746,815,0.1233910471200943,1.0351894373744202,4.0,1.2497515562889072,1.75,1.5177618318196584
yaw,0.5,scene-0103_023,0.08597350230414746,815,0.10576126724481583,0.8872843637400111,3.75,1.2406443148020299,1.75,1.3384911965236197
yaw,1.0,scene-0103_023,0.08605990783410138,815,0.10457152128219604,0.8773029875996161,3.25,1.2157050282743176,1.75,1.52766643104955
yaw,2.0,scene-0103_023,0.08603110599078341,815,0.09046515822410583,0.7589576264220657,2.25,1.202029131731041,1.75,1.669759778972778
yaw,3.0,scene-0103_023,0.08580069124423963,815,0.10855821520090103,0.9107493642291257,1.25,1.2004855456045396,1.75,1.4280770778339325
pitch,0.25,scene-0103_023,0.08545506912442397,815,0.1100521832704544,0.9232830123460031,0.25,1.260924425913053,2.5,1.2712696778295554
pitch,0.5,scene-0103_023,0.08453341013824885,815,0.10369236767292023,0.8699273266307441,4.0,1.2823784022303788,2.25,1.2712696778295554
pitch,1.0,scene-0103_023,0.08185483870967741,815,0.11657461524009705,0.9780029684413245,4.0,1.4466393206026145,1.75,1.2712696778295554
pitch,2.0,scene-0103_023,0.07805299539170507,815,0.12515480816364288,1.049986514187918,1.5,1.3376514296850806,4.0,1.2328231436217638
pitch,3.0,scene-0103_023,0.07476958525345623,815,0.11772748082876205,0.9876749366104326,-3.75,1.2553225757188033,3.25,1.218964794911526
roll,0.25,scene-0103_023,0.0862615207373272,815,0.13203835487365723,1.1077360431220953,4.0,1.3161398260978303,0.0,1.352294573465954
roll,0.5,scene-0103_023,0.0862615207373272,815,0.12200301885604858,1.023544571468397,0.25,1.334834181234267,1.5,1.263628924903213
roll,1.0,scene-0103_023,0.0862615207373272,815,0.12674638628959656,1.0633390620688017,4.0,1.3821009064433967,0.25,1.270000005885687
roll,2.0,scene-0103_023,0.08611751152073732,815,0.11438582092523575,0.9596400741454011,0.75,1.2551403946948703,0.5,1.5287268353105032
roll,3.0,scene-0103_023,0.0861463133640553,815,0.09984871745109558,0.8376810153832017,-2.25,1.2790737954160567,0.75,1.3970814981129882
t_fwd,0.02,scene-0103_023,0.08640552995391705,815,0.1187068298459053,0.9958911871546312,0.25,1.2041268016956297,2.75,1.3012674350015676
t_fwd,0.05,scene-0103_023,0.08683755760368664,815,0.12502053380012512,1.0488600191457902,0.0,1.2556474860331432,-0.25,1.3122796707359023
t_fwd,0.1,scene-0103_023,0.08747119815668203,815,0.12464909255504608,1.0457438120749742,0.0,1.2500417860692232,2.5,1.3074666267271473
t_fwd,0.2,scene-0103_023,0.09202188940092165,815,0.12535473704338074,1.0516638179255977,4.0,1.2770312175274607,2.75,1.2993890243961943
t_left,0.02,scene-0103_023,0.08603110599078341,815,0.11743955314159393,0.9852593667012641,4.0,1.3265808118207254,2.0,1.2736879314518388
t_left,0.05,scene-0103_023,0.08600230414746544,815,0.11970570683479309,1.0042712676569596,4.0,1.2549128904047866,2.0,1.3222132200586403
t_left,0.1,scene-0103_023,0.08597350230414746,815,0.12556202709674835,1.0534028782442129,4.0,1.2826262245257951,1.75,1.4196628257132837
t_left,0.2,scene-0103_023,0.08597350230414746,815,0.11662545800209045,0.9784295138950745,3.5,1.225784528386539,1.75,1.3895178754227524
t_up,0.02,scene-0103_023,0.08663594470046083,815,0.1223919689655304,1.0268076691922483,0.25,1.2576661241525897,2.0,1.2966892405486528
t_up,0.05,scene-0103_023,0.08724078341013825,815,0.12694725394248962,1.0650242416457503,0.25,1.2939756709789534,0.0,1.2946791597466318
t_up,0.1,scene-0103_023,0.09026497695852534,815,0.13625937700271606,1.143148316742503,0.0,1.3869517921052361,2.25,1.4175902930920496
t_up,0.2,scene-0103_023,0.09657258064516129,815,0.10446157306432724,0.8763805768052159,-3.25,1.1729291187135056,2.25,1.3234559835433393
none,0.0,scene-0103_024,0.08510147601476015,822,0.12308073788881302,1.0,-0.25,1.2755269791125423,0.0,1.3937294220824337
yaw,0.25,scene-0103_024,0.08501499077490775,822,0.11335737258195877,0.9210001055109207,-0.5,1.2755269791125423,0.0,1.5149269588366305
yaw,0.5,scene-0103_024,0.08504381918819189,822,0.10178887844085693,0.8270090039012405,-0.75,1.2842985016012445,4.0,1.5939855726294982
yaw,1.0,scene-0103_024,0.08510147601476015,822,0.1007980927824974,0.818959119936013,-1.25,1.2755269791125423,4.0,1.4513541486437276
yaw,2.0,scene-0103_024,0.08527444649446494,822,0.09787250310182571,0.7951894405300074,-2.25,1.2666784269941807,4.0,1.6761004743679855
yaw,3.0,scene-0103_024,0.08521678966789668,822,0.11389386653900146,0.925358983806949,-3.25,1.2666784269941807,0.0,1.482223682261071
pitch,0.25,scene-0103_024,0.08435193726937269,822,0.09643050283193588,0.7834735514751946,-3.75,1.3512239456757569,-0.25,1.3887640999183453
pitch,0.5,scene-0103_024,0.08351591328413284,822,0.0833687111735344,0.6773497835936512,-3.75,1.5885508182070611,-0.5,1.3864726981082098
pitch,1.0,scene-0103_024,0.08080604243542436,822,0.0654783695936203,0.5319952635705779,-3.0,1.4386918715495154,-1.0,1.374178977652021
pitch,2.0,scene-0103_024,0.07714483394833949,822,0.0831511914730072,0.6755824908047202,-3.75,1.2776723898052291,-2.0,1.2835901855289256
pitch,3.0,scene-0103_024,0.07374308118081181,822,0.09149185568094254,0.7433482870698516,-4.0,1.3229934462870445,3.75,1.4679591372055318
roll,0.25,scene-0103_024,0.08515913284132841,822,0.12418363243341446,1.0089607404336312,-0.25,1.2052729462973262,0.0,1.3704773100512773
roll,0.5,scene-0103_024,0.08527444649446494,822,0.11172374337911606,0.9077272796336622,-0.25,1.182998508465911,0.0,1.256000599048508
roll,1.0,scene-0103_024,0.08536093173431734,822,0.10713431239128113,0.8704393086110894,1.75,1.2384469354865644,-0.25,1.280773687254677
roll,2.0,scene-0103_024,0.08524561808118081,822,0.09793016314506531,0.7956579138608358,-3.0,1.1887843202913444,-0.25,1.3323398104505813
roll,3.0,scene-0103_024,0.08515913284132841,822,0.09890948981046677,0.8036146963939903,-2.75,1.374472575560126,-0.25,1.2568135711870916
t_fwd,0.02,scene-0103_024,0.08536093173431734,822,0.12743742763996124,1.0353970070855758,0.0,1.300776928550727,0.0,1.4262417083319054
t_fwd,0.05,scene-0103_024,0.0857645295202952,822,0.12441345304250717,1.0108279750069267,0.0,1.257003799957243,0.0,1.4158610438280812
t_fwd,0.1,scene-0103_024,0.08651406826568266,822,0.12242034822702408,0.9946345003034877,0.0,1.2467633701697158,0.0,1.363886976960236
t_fwd,0.2,scene-0103_024,0.09118427121771218,822,0.1191193014383316,0.967814326445946,-0.25,1.260396069802662,0.0,1.3909766690974947
t_left,0.02,scene-0103_024,0.08507264760147601,822,0.12595313787460327,1.0233375265298221,-0.25,1.3014789163637233,0.0,1.4196025583363088
t_left,0.05,scene-0103_024,0.08501499077490775,822,0.12601305544376373,1.0238243416902462,0.0,1.2866298845545177,0.0,1.4975428454754303
t_left,0.1,scene-0103_024,0.08495733394833949,822,0.12383300065994263,1.0061119455735565,-0.25,1.2918474718263635,0.0,1.5602156363785193
t_left,0.2,scene-0103_024,0.08495733394833949,822,0.09879288822412491,0.8026673378686685,-0.5,1.329396618750184,0.0,1.3494841181840007
t_up,0.02,scene-0103_024,0.0855915590405904,822,0.10866126418113708,0.882845407372338,-0.25,1.2807324190217353,4.0,1.2738235390695936
t_up,0.05,scene-0103_024,0.08613929889298894,822,0.10244903713464737,0.8323726270409296,3.75,1.256755306219209,4.0,1.3491660111439014
t_up,0.1,scene-0103_024,0.08916628228782288,822,0.10901936143636703,0.8857548573916696,3.5,1.2143612087103637,0.25,1.5017962869755905
t_up,0.2,scene-0103_024,0.0955085332103321,822,0.11032203584909439,0.8963387589433823,-2.25,1.2135275820209757,0.5,1.3670634370644035
none,0.0,scene-0103_025,0.08478436346863469,804,0.09965148568153381,1.0,-0.25,1.2261014092621967,3.25,1.3451549166957277
yaw,0.25,scene-0103_025,0.08498616236162361,804,0.09319610893726349,0.93522046660799,-0.5,1.2318966524279975,2.0,1.4644946059167467
yaw,0.5,scene-0103_025,0.08521678966789668,804,0.08638210594654083,0.8668421284013842,-0.75,1.2261014092621967,3.25,1.5066267096954975
yaw,1.0,scene-0103_025,0.08515913284132841,804,0.07488910108804703,0.7515101312927496,-1.25,1.207498512014606,3.5,1.3463893874939399
yaw,2.0,scene-0103_025,0.08489967712177121,804,0.08102277666330338,0.8130614020370548,-2.25,1.2261014092621967,3.25,1.777771090440986
yaw,3.0,scene-0103_025,0.08489967712177121,804,0.08771292120218277,0.8801968239840969,-3.25,1.2234812789814886,1.5,1.508200937389004
pitch,0.25,scene-0103_025,0.08406365313653137,804,0.11513658612966537,1.1553925698370302,0.5,1.3499412549805792,3.0,1.3369918933531855
pitch,0.5,scene-0103_025,0.08314114391143912,804,0.09691350162029266,0.9725244029979523,0.75,1.5856651512736708,2.75,1.320885108502775
pitch,1.0,scene-0103_025,0.08051775830258302,804,0.08983146399259567,0.9014563443607759,4.0,1.250856853386116,2.25,1.280172531099342
pitch,2.0,scene-0103_025,0.07697186346863469,804,0.1180228739976883,1.1843563915832198,0.25,1.2689952471075119,3.25,1.2554070296544388
pitch,3.0,scene-0103_025,0.07371425276752767,804,0.09890937805175781,0.9925529697354676,-0.75,1.282635094466691,2.25,1.2305540623482745
roll,0.25,scene-0103_025,0.08484202029520295,804,0.10730864852666855,1.0768394248491737,0.0,1.2790334999018704,3.25,1.4906345928641218
roll,0.5,scene-0103_025,0.08492850553505535,804,0.11701954901218414,1.1742880521235297,0.0,1.363066914399741,3.25,1.3812758260851146
roll,1.0,scene-0103_025,0.08498616236162361,804,0.11602998524904251,1.1643578061630822,0.5,1.478791905036211,3.0,1.3043436746825599
roll,2.0,scene-0103_025,0.08487084870848709,804,0.09761260449886322,0.9795398817315534,-0.75,1.2249653589506975,-0.5,1.2942250591779432
roll,3.0,scene-0103_025,0.08507264760147601,804,0.097472183406353,0.9781307598148067,-3.75,1.2271553124620156,1.5,1.2780096172259543
t_fwd,0.02,scene-0103_025,0.08510147601476015,804,0.096115842461586,0.9645199146227782,-0.25,1.2095671451024514,3.25,1.348370449309274
t_fwd,0.05,scene-0103_025,0.08547624538745388,804,0.09487361460924149,0.9520541912685432,-0.25,1.2169151786126846,3.75,1.3796188431505116
t_fwd,0.1,scene-0103_025,0.08616812730627306,804,0.0951111689209938,0.9544380424487604,-0.25,1.2319649676028135,3.75,1.4709411923667748
t_fwd,0.2,scene-0103_025,0.09124192804428044,804,0.0839332863688469,0.8422682892764978,-2.25,1.266662519373103,2.0,1.4799114312447297
t_left,0.02,scene-0103_025,0.08478436346863469,804,0.09769027680158615,0.9803193212169933,-0.25,1.2348264698189622,2.0,1.3162044019558248
t_left,0.05,scene-0103_025,0.08481319188191883,804,0.09896323084831238,0.9930933811120393,-2.5,1.256888137932522,2.0,1.3798308787350984
t_left,0.1,scene-0103_025,0.08495733394833949,804,0.09378328919410706,0.9411128048187828,-0.5,1.2732930209901845,3.25,1.3673649321781023
t_left,0.2,scene-0103_025,0.08527444649446494,804,0.08788526058197021,0.8819262450620546,-0.75,1.2871278323736666,3.25,1.5105978758469145
t_up,0.02,scene-0103_025,0.08527444649446494,804,0.10310250520706177,1.0346308888615743,-0.25,1.1927334144648327,3.75,1.283108184235834
t_up,0.05,scene-0103_025,0.08582218634686346,804,0.10567816346883774,1.0604775507970245,-0.25,1.2124269361327833,4.0,1.3019589713392687
t_up,0.1,scene-0103_025,0.08887799815498156,804,0.11026547104120255,1.106511059891158,-3.25,1.2860150937267643,4.0,1.3921982801283208
t_up,0.2,scene-0103_025,0.09527790590405905,804,0.0985969677567482,0.9894179407605056,-3.25,1.2446393222878767,2.75,1.373060048041563
none,0.0,scene-0103_026,0.08308348708487084,866,0.1261969357728958,1.0,-0.25,1.380358880911615,0.25,1.3768701300807402
yaw,0.25,scene-0103_026,0.08319880073800738,866,0.11606035381555557,0.9196764810868145,-0.5,1.3587242899165743,0.5,1.2003361363947225
yaw,0.5,scene-0103_026,0.08325645756457564,866,0.12444726377725601,0.9861353844693305,-0.75,1.3587242899165743,0.0,1.3628279311764522
yaw,1.0,scene-0103_026,0.08322762915129152,866,0.09854131191968918,0.7808534439934759,-1.25,1.3774708060448495,1.5,1.4077029331388011
yaw,2.0,scene-0103_026,0.08319880073800738,866,0.06748834252357483,0.5347859051429501,-2.25,1.3587242899165743,1.5,1.427815140530575
yaw,3.0,scene-0103_026,0.08308348708487084,866,0.07781707495450974,0.6166320479805425,-3.25,1.3314628748802264,1.0,1.200714829816126
pitch,0.25,scene-0103_026,0.08233394833948339,866,0.13031068444252014,1.032597849103305,0.0,1.2923142490802515,0.0,1.3757388006706746
pitch,0.5,scene-0103_026,0.08141143911439114,866,0.12460897117853165,0.9874167737541435,0.0,1.2542356344793792,-0.25,1.3329845776996838
pitch,1.0,scene-0103_026,0.07887453874538745,866,0.11085359007120132,0.8784174464480945,2.75,1.3178482255972934,-0.75,1.3329845776996838
pitch,2.0,scene-0103_026,0.07518450184501844,866,0.09775858372449875,0.7746510097553021,-2.5,1.2880963226809814,-1.75,1.3296449947506024
pitch,3.0,scene-0103_026,0.0720710332103321,866,0.10771553218364716,0.8535510907926653,3.75,1.1728935486305292,-2.75,1.3011848740008443
roll,0.25,scene-0103_026,0.08319880073800738,866,0.12604235112667084,0.9987750522999769,0.0,1.289142111133227,0.5,1.3532760277753118
roll,0.5,scene-0103_026,0.08328528597785978,866,0.12047616392374039,0.9546679020840052,0.0,1.277923048660622,0.5,1.468761610226829
roll,1.0,scene-0103_026,0.08342942804428044,866,0.11973454058170319,0.9487911877446663,0.0,1.3142452822550736,0.5,1.3671823514288606
roll,2.0,scene-0103_026,0.08322762915129152,866,0.11419659107923508,0.9049077965311568,-3.5,1.2944876504567133,0.25,1.2941609398322542
roll,3.0,scene-0103_026,0.08319880073800738,866,0.12754656374454498,1.0106946176100342,-3.5,1.3019683590357223,1.5,1.505637687675675
t_fwd,0.02,scene-0103_026,0.08342942804428044,866,0.12793132662773132,1.0137435258963556,-0.25,1.3990598247564079,0.25,1.3281770835694116
t_fwd,0.05,scene-0103_026,0.0838330258302583,866,0.13632461428642273,1.0802529669321979,0.0,1.4456938586704156,0.0,1.352948540324339
t_fwd,0.1,scene-0103_026,0.08435193726937269,866,0.13111437857151031,1.0389664199728585,0.0,1.358123679817619,0.75,1.2793651681565708
t_fwd,0.2,scene-0103_026,0.0881284594095941,866,0.1305336356163025,1.0343645415544083,-0.25,1.3862667821594141,0.0,1.2552328810464215
t_left,0.02,scene-0103_026,0.08311231549815498,866,0.12605200707912445,0.9988515672517423,-0.25,1.4269552046726672,0.25,1.2671782636764253
t_left,0.05,scene-0103_026,0.08314114391143912,866,0.12081965804100037,0.9573897916065696,-0.25,1.387851026836575,0.5,1.2316225229363091
t_left,0.1,scene-0103_026,0.08325645756457564,866,0.1122845709323883,0.8897567143346157,0.25,1.4162727197297227,4.0,1.161519503225749
t_left,0.2,scene-0103_026,0.08340059963099632,866,0.12244910001754761,0.9703016897169927,-0.25,1.246655561442422,0.0,1.3477795495034777
t_up,0.02,scene-0103_026,0.08360239852398524,866,0.12320511043071747,0.9762924089728895,0.0,1.3318497157871811,0.25,1.431135150165619
t_up,0.05,scene-0103_026,0.0841789667896679,866,0.11781346797943115,0.933568372780845,0.0,1.2683450820700406,0.25,1.3721831789950913
t_up,0.1,scene-0103_026,0.08717712177121771,866,0.11825724691152573,0.937084931478381,0.0,1.332014121571802,0.5,1.4695940314482592
t_up,0.2,scene-0103_026,0.09351937269372694,866,0.11847913265228271,0.9388431813074918,0.0,1.3537764761969624,0.5,1.4480454939781022
none,0.0,scene-0103_027,0.0817219152854512,918,0.09766027331352234,1.0,-3.25,1.3585658005839285,2.0,1.4979345445006453
yaw,0.25,scene-0103_027,0.08163558931860036,918,0.10714064538478851,1.0970750106425669,-3.5,1.374912946268963,2.0,1.6277990761396421
yaw,0.5,scene-0103_027,0.0814341620626151,918,0.08685308694839478,0.8893389707150127,-3.75,1.39272551290362,2.0,1.4477379272098787
yaw,1.0,scene-0103_027,0.08169313996316759,918,0.08986423164606094,0.9201718221447786,-2.75,1.2832942184457825,1.0,1.6337910950966776
yaw,2.0,scene-0103_027,0.08238374769797421,918,0.05092547833919525,0.5214554148922698,-3.75,1.3688905397408142,2.5,1.4664877793405175
yaw,3.0,scene-0103_027,0.08267150092081031,918,0.06980425119400024,0.7147660847712878,-3.5,1.3329431999933194,2.25,1.784213917669887
pitch,0.25,scene-0103_027,0.08097375690607735,918,0.11117064207792282,1.1383404766954486,-3.25,1.3238866352634826,1.75,1.4684181644877494
pitch,0.5,scene-0103_027,0.08002417127071823,918,0.10466784983873367,1.0717546274186092,-3.25,1.3153715118001224,1.5,1.3949946081290392
pitch,1.0,scene-0103_027,0.0774919429097606,918,0.10160571336746216,1.0403996417383927,1.5,1.1989570401969334,1.0,1.3422829205402134
pitch,2.0,scene-0103_027,0.073923802946593,918,0.13342075049877167,1.3661722005471577,0.25,1.2545309305725587,0.0,1.3131225211347006
pitch,3.0,scene-0103_027,0.07067219152854512,918,0.1061822772026062,1.0872617247519405,0.75,1.1062157861099577,-1.0,1.3131225211347006
roll,0.25,scene-0103_027,0.0817219152854512,918,0.11003357917070389,1.1266974322041785,-3.25,1.351947295061319,1.5,1.45176139968496
roll,0.5,scene-0103_027,0.08180824125230203,918,0.1198553517460823,1.2272682399864507,-3.25,1.3140464487448986,1.5,1.4273641757818767
roll,1.0,scene-0103_027,0.08186579189686924,918,0.11026245355606079,1.1290410093578298,-4.0,1.4463024525455808,1.5,1.4822053256405032
roll,2.0,scene-0103_027,0.08175069060773481,918,0.09458021819591522,0.9684615349404245,-4.0,1.4073196699798451,2.0,1.2990340922313037
roll,3.0,scene-0103_027,0.08195211786372007,918,0.08947151899337769,0.916150610250127,-3.0,1.3961376572510493,2.75,1.643259514949075
t_fwd,0.02,scene-0103_027,0.08192334254143646,918,0.10301212221384048,1.0548006750210182,-3.25,1.386524495006537,2.0,1.420057073574762
t_fwd,0.05,scene-0103_027,0.08223987108655617,918,0.1092931479215622,1.1191157285695321,-3.25,1.460159036924498,2.0,1.399086844148379
t_fwd,0.1,scene-0103_027,0.08287292817679558,918,0.10945387184619904,1.1207614737552012,-3.25,1.4260965704824664,2.0,1.349640235353807
t_fwd,0.2,scene-0103_027,0.08693024861878453,918,0.10890505462884903,1.1151418169722622,-3.25,1.4825053069382668,1.25,1.3764856302738806
t_left,0.02,scene-0103_027,0.08166436464088397,918,0.10677281022071838,1.0933085337365556,-3.25,1.3400582570565391,2.0,1.4191577851820498
t_left,0.05,scene-0103_027,0.08166436464088397,918,0.1040056124329567,1.0649735957533488,-3.5,1.3707826465208421,2.0,1.4223179836143898
t_left,0.1,scene-0103_027,0.08163558931860036,918,0.10344908386468887,1.0592749779901036,-3.5,1.4667226234490467,2.0,1.5918914808025983
t_left,0.2,scene-0103_027,0.0817219152854512,918,0.10044397413730621,1.0285039221101426,-2.0,1.4168440192467004,2.0,1.4312342730089798
t_up,0.02,scene-0103_027,0.08212476979742173,918,0.0974184200167656,0.9975235242688671,-3.25,1.3697393222893872,2.0,1.4090043003022568
t_up,0.05,scene-0103_027,0.08270027624309392,918,0.09991517663002014,1.023089258712791,-3.25,1.4086173321222322,2.25,1.4348084888907022
t_up,0.1,scene-0103_027,0.08572168508287292,918,0.10602942854166031,1.0856966189442268,-3.25,1.3210585660277243,2.25,1.4622889677352213
t_up,0.2,scene-0103_027,0.09202348066298342,918,0.11425124108791351,1.1698845109835867,-4.0,1.4478765605533155,1.75,1.392589787184051
none,0.0,scene-0103_028,0.08038594470046083,919,0.07487799972295761,1.0,-2.5,1.3286313111859702,1.0,1.457385509336719
yaw,0.25,scene-0103_028,0.08050115207373272,919,0.08048437535762787,1.0748734695826996,-2.75,1.3325564916748134,1.25,1.6440988549510116
yaw,0.5,scene-0103_028,0.08052995391705069,919,0.06756145507097244,0.9022871246687174,-3.0,1.3342854212120683,1.25,1.5355254662155915
yaw,1.0,scene-0103_028,0.08070276497695852,919,0.04595169797539711,0.6136875737254545,-3.5,1.3630473590675072,1.0,1.8374356425881653
yaw,2.0,scene-0103_028,0.08084677419354838,919,0.06466872990131378,0.8636546133788658,-2.75,1.397047129563383,1.0,1.6191319008458263
yaw,3.0,scene-0103_028,0.08119239631336406,919,0.053171731531620026,0.7101115378128559,-3.75,1.5115606453647596,1.25,1.9434576168612323
pitch,0.25,scene-0103_028,0.07966589861751153,919,0.07487802952528,1.0000003980117325,-2.75,1.5009745237485947,0.75,1.4491760933806976
pitch,0.5,scene-0103_028,0.07871543778801843,919,0.08703362196683884,1.1623390353489145,-2.5,1.4868639094237524,0.5,1.385457049310171
pitch,1.0,scene-0103_028,0.07629608294930876,919,0.10374025255441666,1.385457049310171,-1.75,1.4348585771124458,0.0,1.3854564978822301
pitch,2.0,scene-0103_028,0.07252304147465438,919,0.08969374746084213,1.1978651645703886,-2.5,1.338843853604308,-1.0,1.306618336167481
pitch,3.0,scene-0103_028,0.06941244239631336,919,0.08268417418003082,1.1042519095856649,-3.5,1.3496847656845201,-2.0,1.254656693172502
roll,0.25,scene-0103_028,0.08038594470046083,919,0.0793115496635437,1.0592103148720566,-2.75,1.471807169944081,1.5,1.5829196705901825
roll,0.5,scene-0103_028,0.08044354838709677,919,0.08615528792142868,1.1506088335718916,-2.75,1.4493714284258659,1.5,1.5250907002784142
roll,1.0,scene-0103_028,0.08055875576036867,919,0.07546533644199371,1.0078439157190255,-2.75,1.4653896264113253,3.0,1.4863993909463933
roll,2.0,scene-0103_028,0.08050115207373272,919,0.07831040024757385,1.045839906745851,-2.5,1.5441244294584275,2.25,1.5496124690361504
roll,3.0,scene-0103_028,0.08044354838709677,919,0.08955837786197662,1.1960572957789364,-0.5,1.4743391477706649,3.75,1.4235057929396566
t_fwd,0.02,scene-0103_028,0.08061635944700461,919,0.07383593171834946,0.9860831217652218,-2.75,1.3180963726771027,1.5,1.430376834068448
t_fwd,0.05,scene-0103_028,0.08099078341013825,919,0.07689422369003296,1.0269267872343708,-2.5,1.306693810911098,1.25,1.422090959707107
t_fwd,0.1,scene-0103_028,0.08168202764976959,919,0.07971032708883286,1.0645360103602455,-2.75,1.3009534546432426,1.25,1.584536577901149
t_fwd,0.2,scene-0103_028,0.08508064516129032,919,0.08397627621889114,1.1215080067522691,-0.25,1.3929285673710068,1.5,1.6182208253069659
t_left,0.02,scene-0103_028,0.08029953917050692,919,0.0762617439031601,1.0184799832437061,-2.75,1.2683702245838342,1.0,1.4135697463897445
t_left,0.05,scene-0103_028,0.08038594470046083,919,0.08560982346534729,1.1433241243368752,-2.75,1.2592572849793122,1.5,1.4016934710939528
t_left,0.1,scene-0103_028,0.08050115207373272,919,0.0815320834517479,1.0888656715378326,-2.75,1.2909998033731251,1.25,1.5695088885777357
t_left,0.2,scene-0103_028,0.08052995391705069,919,0.06281663477420807,0.8389197762577046,-0.75,1.3864386354623333,1.25,1.6892421121973642
t_up,0.02,scene-0103_028,0.08084677419354838,919,0.0695849359035492,0.9293108277599252,-4.0,1.3691068886318039,2.75,1.4913042509267946
t_up,0.05,scene-0103_028,0.08139400921658986,919,0.06201653927564621,0.8282344547811408,-2.75,1.4166778311605988,2.75,1.5094144431116343
t_up,0.1,scene-0103_028,0.08436059907834101,919,0.06926076114177704,0.924981455140844,-2.75,1.4658086952733302,1.25,1.4445713999741026
t_up,0.2,scene-0103_028,0.09061059907834101,919,0.0790204182267189,1.0553222377612637,-3.0,1.202099141140654,3.0,1.409922240383749
none,0.0,scene-0103_029,0.08021313364055299,894,0.1279057264328003,1.0,-3.25,1.294724518839725,0.25,1.2891014825388267
yaw,0.25,scene-0103_029,0.0804147465437788,894,0.10768359899520874,0.8418981854716572,-3.5,1.3101238584533652,0.25,1.3465721151723427
yaw,0.5,scene-0103_029,0.08044354838709677,894,0.10983894020318985,0.858749199637262,-3.75,1.3206390790371692,1.75,1.535648960694447
yaw,1.0,scene-0103_029,0.08061635944700461,894,0.12180085480213165,0.9522705370515522,-1.0,1.1985644496586922,0.25,1.51488601556702
yaw,2.0,scene-0103_029,0.08078917050691244,894,0.08927534520626068,0.6979777035484379,-2.0,1.2123722132897967,1.75,1.8325736351144128
yaw,3.0,scene-0103_029,0.0810483870967742,894,0.08772077411413193,0.685823665293196,-3.0,1.2544173685698858,2.75,1.8216476716079781
pitch,0.25,scene-0103_029,0.07952188940092166,894,0.13108043372631073,1.0248206814663485,1.0,1.1833294422041276,0.0,1.2840763830996327
pitch,0.5,scene-0103_029,0.07860023041474655,894,0.12518471479415894,0.9787264283271091,-3.0,1.3642581601933348,-0.25,1.2840763830996327
pitch,1.0,scene-0103_029,0.07618087557603687,894,0.10445850342512131,0.8166835554466141,-2.0,1.339739316792737,-0.75,1.2840763830996327
pitch,2.0,scene-0103_029,0.07223502304147465,894,0.08689618855714798,0.6793768424653129,-2.0,1.2316240397539602,-1.75,1.2840763830996327
pitch,3.0,scene-0103_029,0.06921082949308756,894,0.0990959033370018,0.7747573631041865,1.0,1.2508427161832236,3.5,1.2441294528462246
roll,0.25,scene-0103_029,0.08032834101382488,894,0.12364287674427032,0.9666719402843187,-3.75,1.406446309890624,0.5,1.2756946155881206
roll,0.5,scene-0103_029,0.08038594470046083,894,0.10849744081497192,0.8482610109874542,-3.75,1.3668348459180806,0.5,1.3509186034234504
roll,1.0,scene-0103_029,0.08044354838709677,894,0.10824050009250641,0.8462521820660962,-2.75,1.2581935343727686,-0.25,1.3550917122073702
roll,2.0,scene-0103_029,0.08032834101382488,894,0.11867813020944595,0.927856269764416,-0.5,1.3775173558644422,-0.5,1.2975012016551086
roll,3.0,scene-0103_029,0.08032834101382488,894,0.12791991233825684,1.0001109090722688,-0.5,1.4362790494921664,2.75,1.2265423459766627
t_fwd,0.02,scene-0103_029,0.08044354838709677,894,0.12154991179704666,0.9503085998335432,-3.25,1.29660029101316,0.25,1.316461153948434
t_fwd,0.05,scene-0103_029,0.08093317972350231,894,0.12393838912248611,0.9689823323711894,-3.25,1.2392348481804685,0.25,1.4034173328244857
t_fwd,0.1,scene-0103_029,0.08150921658986175,894,0.11542399972677231,0.9024146372947134,-3.25,1.2033385069468403,0.25,1.334728619212611
t_fwd,0.2,scene-0103_029,0.08459101382488479,894,0.11316080391407013,0.8847203879767109,-1.0,1.1527155384298242,1.75,1.292867347061777
t_left,0.02,scene-0103_029,0.08038594470046083,894,0.12100782245397568,0.946070405358679,-3.25,1.2783442483183052,0.25,1.2991921829432969
t_left,0.05,scene-0103_029,0.08035714285714286,894,0.13011012971401215,1.017234594124056,-0.25,1.2200416565418128,0.25,1.3715886386506815
t_left,0.1,scene-0103_029,0.08032834101382488,894,0.1204780787229538,0.9419287320669816,-3.75,1.2099489318300072,0.25,1.3162769811572195
t_left,0.2,scene-0103_029,0.08058755760368663,894,0.10994220525026321,0.859556552442749,-0.25,1.221524205136773,0.25,1.551853310418114
t_up,0.02,scene-0103_029,0.08067396313364056,894,0.12329025566577911,0.9639150576307772,-3.25,1.2925824057774513,0.25,1.3143891495715507
t_up,0.05,scene-0103_029,0.08127880184331797,894,0.11827077716588974,0.9246714784738539,-4.0,1.395614083772025,0.5,1.2519184156414056
t_up,0.1,scene-0103_029,0.08421658986175115,894,0.12510786950588226,0.9781256320186104,-4.0,1.3477178966993197,0.75,1.2665943757826787
t_up,0.2,scene-0103_029,0.09038018433179723,894,0.11616911739110947,0.9082401596158631,-4.0,1.4053219801516719,4.0,1.2674354711160942
none,0.0,scene-0103_030,0.08146909594095941,934,0.1688915491104126,1.0,0.0,1.54755718213766,0.0,1.3591409082872001
yaw,0.25,scene-0103_030,0.08141143911439114,934,0.11996011435985565,0.7102789629896278,-0.25,1.5501494502491613,3.0,1.4315717523493492
yaw,0.5,scene-0103_030,0.08146909594095941,934,0.11469005793333054,0.6790751730174023,-0.5,1.5700424553879737,1.5,1.345230799609696
yaw,1.0,scene-0103_030,0.08167089483394833,934,0.11091403663158417,0.6567175043144065,-1.0,1.5739905194946953,1.5,1.5428380279950493
yaw,2.0,scene-0103_030,0.08181503690036901,934,0.1073015034198761,0.6353278419497941,-2.0,1.7884023947991399,1.5,1.6283459572703753
yaw,3.0,scene-0103_030,0.08190152214022141,934,0.07667771726846695,0.4540056484314618,-3.0,1.8594978375404423,1.75,1.6467756636664008
pitch,0.25,scene-0103_030,0.08066190036900368,934,0.16448792815208435,0.973926339230571,0.0,1.4065727528436542,-0.25,1.3591409082872001
pitch,0.5,scene-0103_030,0.07962407749077491,934,0.15482953190803528,0.9167393675027263,0.0,1.2672500407966731,-0.5,1.3494908565639998
pitch,1.0,scene-0103_030,0.07714483394833949,934,0.12880751490592957,0.762664062141569,1.5,1.3783360298218401,-1.0,1.3443049469044308
pitch,2.0,scene-0103_030,0.07357011070110701,934,0.13082101941108704,0.774585940505306,4.0,1.194355168294279,-2.0,1.3443049469044308
pitch,3.0,scene-0103_030,0.07042781365313654,934,0.16642239689826965,0.9853802500767593,-0.25,1.3554064306266125,-3.0,1.3443049469044308
roll,0.25,scene-0103_030,0.08149792435424354,934,0.15985913574695587,0.9465194474736459,0.0,1.4246926684993753,0.25,1.3290919217631882
roll,0.5,scene-0103_030,0.08158440959409594,934,0.15734493732452393,0.9316329807695701,0.0,1.4160672980778721,0.5,1.3359116134994247
roll,1.0,scene-0103_030,0.08164206642066421,934,0.1586429625749588,0.9393185355369451,0.0,1.432421032407228,0.25,1.4085035478961527
roll,2.0,scene-0103_030,0.08144026752767528,934,0.16282323002815247,0.9640697292776148,0.0,1.3985173789450915,1.25,1.3972095596215925
roll,3.0,scene-0103_030,0.08149792435424354,934,0.15788744390010834,0.9348451401608594,-0.5,1.2757149856483754,1.25,1.3712246831178336
t_fwd,0.02,scene-0103_030,0.08167089483394833,934,0.17077429592609406,1.0111476673972042,0.0,1.5669926908114953,0.0,1.3507690523422804
t_fwd,0.05,scene-0103_030,0.08195917896678967,934,0.16262400150299072,0.9628901052750456,0.0,1.508406000777595,3.0,1.3341046989384013
t_fwd,0.1,scene-0103_030,0.08270871771217712,934,0.15637168288230896,0.9258703807618059,0.0,1.4636465922694535,1.5,1.3955109904352931
t_fwd,0.2,scene-0103_030,0.0856780442804428,934,0.1431618630886078,0.8476555744954174,0.25,1.3317656863096938,1.5,1.4260368282768514
t_left,0.02,scene-0103_030,0.08135378228782288,934,0.16693787276744843,0.9884323617537135,0.0,1.591624706543151,0.0,1.3756140327719493
t_left,0.05,scene-0103_030,0.08152675276752767,934,0.15288850665092468,0.9052466358217488,0.0,1.400735701423914,0.25,1.3199950331267822
t_left,0.1,scene-0103_030,0.08149792435424354,934,0.13165852427482605,0.7795447727745957,-0.25,1.4764389900687485,0.25,1.3180784447456664
t_left,0.2,scene-0103_030,0.08172855166051661,934,0.10204528272151947,0.6042059727618907,-0.5,1.3758966356992812,1.5,1.2952533447664714
t_up,0.02,scene-0103_030,0.08195917896678967,934,0.15408970415592194,0.9123588774426246,0.0,1.38965613929748,0.25,1.4459439617255025
t_up,0.05,scene-0103_030,0.08253574723247233,934,0.14609777927398682,0.8650390149389631,0.0,1.3947550884712152,0.25,1.4188755848904069
t_up,0.1,scene-0103_030,0.08547624538745388,934,0.16259315609931946,0.9627074708931969,0.0,1.5510986041388817,0.25,1.378060223640233
t_up,0.2,scene-0103_030,0.09176083948339483,934,0.12778517603874207,0.7566108352479063,-0.75,1.2818865596880178,0.5,1.4056097896165147
none,0.0,scene-0103_031,0.08129612546125461,1002,0.1813267171382904,1.0,0.0,1.5476920893219352,3.5,1.284179664854833
yaw,0.25,scene-0103_031,0.08149792435424354,1002,0.13756565749645233,0.758661821421146,-0.25,1.5483693402605956,2.5,1.2902500304651006
yaw,0.5,scene-0103_031,0.08155558118081181,1002,0.13615934550762177,0.7509061414473116,-0.5,1.5642246610620327,3.5,1.4094407666179498
yaw,1.0,scene-0103_031,0.08164206642066421,1002,0.11592114716768265,0.639294357705017,-1.0,1.5642246610620327,2.5,1.7472541316915386
yaw,2.0,scene-0103_031,0.08167089483394833,1002,0.14401815831661224,0.7942467640153411,-2.0,1.5642246610620327,3.75,1.3334903146449004
yaw,3.0,scene-0103_031,0.08178620848708487,1002,0.10361657291650772,0.5714357737888325,-3.0,1.6735446275748,2.25,1.5194158505389839
pitch,0.25,scene-0103_031,0.0805754151291513,1002,0.16002240777015686,0.8825087129775496,0.0,1.233732341438566,3.25,1.284179664854833
pitch,0.5,scene-0103_031,0.07968173431734317,1002,0.1576695293188095,0.8695328068977363,-1.25,1.3276828422813574,3.0,1.284179664854833
pitch,1.0,scene-0103_031,0.07728897601476015,1002,0.14639537036418915,0.8073568676178009,2.5,1.1999601926656753,2.5,1.2761694025699326
pitch,2.0,scene-0103_031,0.07331065498154982,1002,0.16774873435497284,0.9251186863270557,-3.0,1.3162169807458248,1.5,1.2634130844375782
pitch,3.0,scene-0103_031,0.0703125,1002,0.14726880192756653,0.8121737615491638,-3.25,1.214956338849647,0.5,1.2634130844375782
roll,0.25,scene-0103_031,0.08141143911439114,1002,0.1805601865053177,0.9957726547688606,0.0,1.505313610806783,-0.5,1.289797306638779
roll,0.5,scene-0103_031,0.08152675276752767,1002,0.1700553148984909,0.9378392637462064,0.0,1.501957264660862,2.0,1.3225664350126276
roll,1.0,scene-0103_031,0.08152675276752767,1002,0.1612069457769394,0.8890413300429054,0.0,1.324356787961816,1.75,1.327976421843454
roll,2.0,scene-0103_031,0.08144026752767528,1002,0.1954825520515442,1.0780681144878266,0.0,1.3343768070538227,2.0,1.3585308608572717
roll,3.0,scene-0103_031,0.08144026752767528,1002,0.15030653774738312,0.8289265923937206,2.5,1.1921104530827338,2.5,1.437817237714705
t_fwd,0.02,scene-0103_031,0.08164206642066421,1002,0.18355968594551086,1.0123146155319045,0.0,1.6135742946373808,3.5,1.289558970927202
t_fwd,0.05,scene-0103_031,0.08201683579335793,1002,0.17335672676563263,0.9560462434965974,0.0,1.535293569588928,3.5,1.3221311343142046
t_fwd,0.1,scene-0103_031,0.08270871771217712,1002,0.16718119382858276,0.9219887530477958,0.0,1.4345639257297143,3.5,1.3785857183650425
t_fwd,0.2,scene-0103_031,0.08544741697416974,1002,0.15733487904071808,0.8676872417026403,0.25,1.3953766222412047,3.5,1.3263736064600784
t_left,0.02,scene-0103_031,0.08138261070110701,1002,0.1784423291683197,0.9840928683015261,0.0,1.5462757254239146,3.5,1.3734942591570038
t_left,0.05,scene-0103_031,0.08138261070110701,1002,0.15597885847091675,0.8602089142327444,-0.25,1.3833253947894002,3.5,1.3894175096115946
t_left,0.1,scene-0103_031,0.08152675276752767,1002,0.1395835429430008,0.7697902721999108,-0.25,1.5628624039331793,1.75,1.3495040040304287
t_left,0.2,scene-0103_031,0.08167089483394833,1002,0.1416991651058197,0.7814577318892924,-0.5,1.4016091245581626,2.5,1.3651002389462323
t_up,0.02,scene-0103_031,0.08178620848708487,1002,0.17421412467956543,0.9607747133407787,0.0,1.4586442169625153,2.25,1.307091522679284
t_up,0.05,scene-0103_031,0.08239160516605167,1002,0.1595079004764557,0.8796712530498503,0.0,1.360190429816554,2.5,1.2174468659371893
t_up,0.1,scene-0103_031,0.08524561808118081,1002,0.14553366601467133,0.8026046481814304,1.75,1.387665597110247,3.5,1.2784520398809895
t_up,0.2,scene-0103_031,0.0914725553505535,1002,0.17418372631072998,0.9606070691606203,0.0,1.5512455492637063,3.75,1.3512868061980037
none,0.0,scene-0103_032,0.08163558931860036,1067,0.16763275861740112,1.0,0.0,1.3155358118890312,-0.75,1.3718648813936791
yaw,0.25,scene-0103_032,0.08169313996316759,1067,0.15690666437149048,0.9360143307646002,-0.25,1.3291272508891552,-0.5,1.3572114832810205
yaw,0.5,scene-0103_032,0.08169313996316759,1067,0.14333519339561462,0.8550547910671662,-0.5,1.3706468933122316,1.5,1.3281325397015054
yaw,1.0,scene-0103_032,0.08146293738489871,1067,0.10660786181688309,0.6359607912925955,-1.0,1.374788237721729,1.0,1.483602225338182
yaw,2.0,scene-0103_032,0.08123273480662983,1067,0.10932302474975586,0.6521578816182984,-2.0,1.4435861714440508,1.0,1.2289279536655122
yaw,3.0,scene-0103_032,0.08117518416206261,1067,0.12193351238965988,0.7273847510196767,-3.0,1.4906746735435101,-1.0,1.2626481113080397
pitch,0.25,scene-0103_032,0.08100253222836096,1067,0.17630815505981445,1.051752393231288,0.0,1.3101051530835168,-1.0,1.3718648813936791
pitch,0.5,scene-0103_032,0.08002417127071823,1067,0.1510533094406128,0.9010966035903003,-3.75,1.2612165050616195,-1.25,1.3718648813936791
pitch,1.0,scene-0103_032,0.07766459484346225,1067,0.13913947343826294,0.8300255545864385,4.0,1.274461220426189,-1.75,1.3718648813936791
pitch,2.0,scene-0103_032,0.07383747697974218,1067,0.14237447082996368,0.8493236763758925,1.75,1.2727365876395054,-2.75,1.4222978853205375
pitch,3.0,scene-0103_032,0.07087361878453038,1067,0.12263569980859756,0.7315735946844184,0.5,1.3283632339255902,-3.75,1.5253202132819919
roll,0.25,scene-0103_032,0.0817219152854512,1067,0.16313715279102325,0.9731818180201969,0.25,1.3281050887081578,-0.75,1.5010305813275162
roll,0.5,scene-0103_032,0.08192334254143646,1067,0.17347244918346405,1.0348362134837334,0.25,1.3649796564291106,-0.5,1.5293860728220448
roll,1.0,scene-0103_032,0.08195211786372007,1067,0.17438267171382904,1.040266074197548,0.25,1.5427541079749731,-0.5,1.3727523764045704
roll,2.0,scene-0103_032,0.08180824125230203,1067,0.18884122371673584,1.126517425795874,-0.5,1.421050619506562,0.0,1.3910565246923148
roll,3.0,scene-0103_032,0.08183701657458564,1067,0.191175177693367,1.140440444159833,-4.0,1.1733209173952304,0.0,1.3328106828063975
t_fwd,0.02,scene-0103_032,0.08212476979742173,1067,0.17039117217063904,1.0164550984902279,0.0,1.3095161639056496,-0.75,1.4497093897114355
t_fwd,0.05,scene-0103_032,0.08247007366482505,1067,0.16855330765247345,1.0054914626631741,0.0,1.3271057149185956,-0.75,1.3956228022680628
t_fwd,0.1,scene-0103_032,0.08301680478821363,1067,0.15805880725383759,0.9428873482574204,0.25,1.2952320731066964,-0.75,1.3543137546913266
t_fwd,0.2,scene-0103_032,0.08589433701657459,1067,0.18569710850715637,1.1077614544958045,0.0,1.46284031322962,-0.75,1.4519043454211482
t_left,0.02,scene-0103_032,0.08177946593001842,1067,0.1743558645248413,1.0401061580259785,0.0,1.4362705944550849,-0.5,1.3548034426506261
t_left,0.05,scene-0103_032,0.0817219152854512,1067,0.17318473756313324,1.0331198925050429,-0.5,1.4212756145360725,-0.5,1.4536515863058996
t_left,0.1,scene-0103_032,0.08183701657458564,1067,0.1720382273197174,1.0262804760755095,-3.25,1.4279473758664591,-0.5,1.3971680386079477
t_left,0.2,scene-0103_032,0.08189456721915285,1067,0.13460692763328552,0.80298701007783,-0.5,1.3730627062037168,1.0,1.2753946006153911
t_up,0.02,scene-0103_032,0.08215354511970534,1067,0.17022763192653656,1.0154795120627818,0.25,1.406999538050813,-0.5,1.354385088948098
t_up,0.05,scene-0103_032,0.08278660220994476,1067,0.16781127452850342,1.0010649225877726,0.25,1.4527931107456542,-0.5,1.4116306612657048
t_up,0.1,scene-0103_032,0.08566413443830571,1067,0.16641682386398315,0.9927464371316994,-3.5,1.33223848495969,1.75,1.3233679753983028
t_up,0.2,scene-0103_032,0.09190837937384899,1067,0.17071038484573364,1.0183593365265604,-4.0,1.35781600506662,0.5,1.4472207689825314
none,0.0,scene-0103_033,0.08202046918123275,1214,0.16723737120628357,1.0,-3.75,1.4324270259579601,0.25,1.6081514868751514
yaw,0.25,scene-0103_033,0.08187672493100276,1214,0.15103308856487274,0.903106090914194,-4.0,1.4324270259579601,1.0,1.4897084951261965
yaw,0.5,scene-0103_033,0.08181922723091076,1214,0.13572944700717926,0.8115975874779807,-3.75,1.3443366855731598,1.0,1.6067292590031736
yaw,1.0,scene-0103_033,0.08193422263109476,1214,0.14051851630210876,0.8402339458492343,-1.25,1.3298290449000725,1.5,1.6952704854568268
yaw,2.0,scene-0103_033,0.08176172953081877,1214,0.1339644491672516,0.8010437392131058,-2.25,1.347349703599541,1.0,1.7040716670608593
yaw,3.0,scene-0103_033,0.08164673413063478,1214,0.11453094333410263,0.6848406101339112,-3.25,1.3663950597034844,2.5,1.4506686155118005
pitch,0.25,scene-0103_033,0.0813017479300828,1214,0.19979709386825562,1.1946916674611583,0.0,1.2838769415205071,0.0,1.5883824820319876
pitch,0.5,scene-0103_033,0.08029553817847286,1214,0.149293914437294,0.8927066561764074,2.75,1.3170388797974626,-0.25,1.5626831685083846
pitch,1.0,scene-0103_033,0.07779438822447102,1214,0.18469955027103424,1.1044155318802007,2.0,1.2693886374243275,-0.75,1.5626831685083846
pitch,2.0,scene-0103_033,0.07428702851885925,1214,0.13521099090576172,0.80849746638855,3.75,1.3691050747343623,-1.75,1.5626831685083846
pitch,3.0,scene-0103_033,0.07109590616375346,1214,0.12286224216222763,0.7346578176637314,2.75,1.5045338236434918,-2.75,1.6081514868751514
roll,0.25,scene-0103_033,0.08207796688132475,1214,0.1620226502418518,0.9688184469367225,-3.75,1.2622103867470087,0.25,1.6721987720288847
roll,0.5,scene-0103_033,0.08216421343146274,1214,0.15597562491893768,0.9326601093636256,2.5,1.1427069368512661,0.25,1.7682506242341598
roll,1.0,scene-0103_033,0.08213546458141674,1214,0.17633485794067383,1.0543986470773252,-1.75,1.1735775091119611,0.5,1.5955647888775017
roll,2.0,scene-0103_033,0.08193422263109476,1214,0.14227798581123352,0.8507547373232554,3.5,1.4003468055144552,0.75,1.6867911243270088
roll,3.0,scene-0103_033,0.08204921803127875,1214,0.13670110702514648,0.8174076526025318,-3.5,1.220447528002443,0.75,1.600344625466456
t_fwd,0.02,scene-0103_033,0.08225045998160073,1214,0.1761036515235901,1.0530161425843638,-3.75,1.321762643845349,0.25,1.6422059162243228
t_fwd,0.05,scene-0103_033,0.08256669733210671,1214,0.18755514919757843,1.1214906563332268,-3.25,1.3683317116473401,0.25,1.6251981463626735
t_fwd,0.1,scene-0103_033,0.08342916283348666,1214,0.18151481449604034,1.0853723254962306,-3.5,1.3507402540731468,0.25,1.6430922972448676
t_fwd,0.2,scene-0103_033,0.08685027598896045,1214,0.17084282636642456,1.0215589083596257,-3.5,1.382352606874532,1.0,1.6517435546112142
t_left,0.02,scene-0103_033,0.08190547378104876,1214,0.15643484890460968,0.9354060505510504,-3.5,1.3109249680480466,0.25,1.6127845897557873
t_left,0.05,scene-0103_033,0.08202046918123275,1214,0.15188880264759064,0.9082228544494352,-3.5,1.3446790483541642,0.25,1.6078917106369537
t_left,0.1,scene-0103_033,0.08204921803127875,1214,0.14451269805431366,0.8641172544865016,-3.75,1.3924500062563776,1.0,1.6003975933280419
t_left,0.2,scene-0103_033,0.08230795768169273,1214,0.1600084751844406,0.9567746373331456,-4.0,1.4047220559622895,1.25,1.6014374606510011
t_up,0.02,scene-0103_033,0.08248045078196872,1214,0.1587221473455429,0.9490830081857881,-3.75,1.40066822584642,0.25,1.4998715832920793
t_up,0.05,scene-0103_033,0.08311292548298069,1214,0.1395215541124344,0.8342725857627699,-3.5,1.297372632426765,1.25,1.5729948753740643
t_up,0.1,scene-0103_033,0.08607405703771849,1214,0.14728863537311554,0.880716040384528,-3.5,1.5488027511497566,0.5,1.6321903103357076
t_up,0.2,scene-0103_033,0.09228380864765409,1214,0.10073728114366531,0.6023610656939119,-3.5,1.443457237775204,0.5,1.6660080714260277
none,0.0,scene-0103_034,0.08198800738007381,1244,0.1888696551322937,1.0,0.0,1.4531746938030516,0.0,1.4646928540739352
yaw,0.25,scene-0103_034,0.08181503690036901,1244,0.16597560048103333,0.8787838383290093,-0.25,1.4406659774866601,-0.25,1.4915612331432997
yaw,0.5,scene-0103_034,0.08175738007380073,1244,0.16466395556926727,0.8718391287045473,-0.5,1.4406659774866601,4.0,1.764982635346288
yaw,1.0,scene-0103_034,0.08175738007380073,1244,0.13421794772148132,0.7106379668426269,-1.0,1.4406659774866601,4.0,1.583079592024041
yaw,2.0,scene-0103_034,0.08158440959409594,1244,0.12549959123134613,0.6644772615454821,-2.0,1.4531746938030516,3.5,1.5369778916172643
yaw,3.0,scene-0103_034,0.08141143911439114,1244,0.11326137185096741,0.5996800903333758,-3.0,1.475211455664144,4.0,1.435523309544591
pitch,0.25,scene-0103_034,0.08118081180811808,1244,0.18432047963142395,0.9759136770928962,4.0,1.4963304950485423,-0.25,1.4646928540739352
pitch,0.5,scene-0103_034,0.08025830258302583,1244,0.12720604240894318,0.6735123348419403,3.75,1.591693644842997,-0.5,1.4646928540739352
pitch,1.0,scene-0103_034,0.07783671586715867,1244,0.12481605261564255,0.6608581591797538,2.25,1.4336753646506606,-1.0,1.4512614008578073
pitch,2.0,scene-0103_034,0.07443496309963099,1244,0.1312030851840973,0.6946753044696149,0.5,1.38558448072575,-2.0,1.3814851662992829
pitch,3.0,scene-0103_034,0.07117735239852399,1244,0.12827631831169128,0.6791790784064289,-1.0,1.3212321679811725,-3.0,1.3699080879174088
roll,0.25,scene-0103_034,0.08204566420664207,1244,0.21454080939292908,1.1359199509452909,0.0,1.632351502292534,0.0,1.6638653578175122
roll,0.5,scene-0103_034,0.08213214944649447,1244,0.23006296157836914,1.218104419247346,0.0,1.7310775181847486,0.0,1.8199227863308796
roll,1.0,scene-0103_034,0.08221863468634687,1244,0.22318878769874573,1.1817080279117003,0.0,1.6178621351385303,0.0,1.7240969839704907
roll,2.0,scene-0103_034,0.08213214944649447,1244,0.150178000330925,0.7951409675934064,-1.0,1.316440119292318,-0.25,1.4991272186111204
roll,3.0,scene-0103_034,0.08213214944649447,1244,0.12375544011592865,0.6552425800176539,3.25,1.3098730216972385,-0.5,1.5350873958767346
t_fwd,0.02,scene-0103_034,0.08227629151291513,1244,0.1838206648826599,0.973267329544827,0.0,1.4389174335704817,0.0,1.4692958049780749
t_fwd,0.05,scene-0103_034,0.08270871771217712,1244,0.17413805425167084,0.922001229523588,0.25,1.3961920406510928,0.0,1.4166242996101261
t_fwd,0.1,scene-0103_034,0.08340059963099632,1244,0.17672055959701538,0.9356747089585752,0.25,1.377774549780977,0.0,1.401967444892806
t_fwd,0.2,scene-0103_034,0.08688883763837639,1244,0.16936077177524567,0.8967071584718941,0.0,1.298818235870809,0.0,1.3584288774193887
t_left,0.02,scene-0103_034,0.08210332103321033,1244,0.19011813402175903,1.0066102672162494,0.0,1.510022503676642,0.0,1.552002861056304
t_left,0.05,scene-0103_034,0.08207449261992619,1244,0.2020585983991623,1.0698309278832028,0.0,1.5485942145059561,0.0,1.6633851220273492
t_left,0.1,scene-0103_034,0.08210332103321033,1244,0.20193471014499664,1.0691749820983765,0.0,1.5410158921849069,0.0,1.6082365400650196
t_left,0.2,scene-0103_034,0.08221863468634687,1244,0.15581713616847992,0.8249982563865955,-0.25,1.631564329215881,4.0,1.499596416732604
t_up,0.02,scene-0103_034,0.08250691881918819,1244,0.18721188604831696,0.9912226816805719,4.0,1.4893929729336801,-0.5,1.5003823742597808
t_up,0.05,scene-0103_034,0.08308348708487084,1244,0.17488452792167664,0.9259535514012498,4.0,1.5383489925164493,-0.5,1.3782227950340582
t_up,0.1,scene-0103_034,0.0860239852398524,1244,0.20219308137893677,1.0705429691038018,0.25,1.6207618837398055,0.0,1.5552704833082582
t_up,0.2,scene-0103_034,0.09236623616236163,1244,0.20213022828102112,1.070210183522806,0.0,1.4951725302515302,0.25,1.8277963342596388
none,0.0,scene-0103_035,0.08090437788018433,1295,0.20808309316635132,1.0,0.0,1.2950602262146331,0.25,1.922828701091712
yaw,0.25,scene-0103_035,0.08081797235023042,1295,0.1767646223306656,0.8494905551473695,-0.25,1.2950602262146331,-0.5,1.564365027425948
yaw,0.5,scene-0103_035,0.08050115207373272,1295,0.1765509992837906,0.8484639313903677,-0.5,1.2950602262146331,0.25,1.5405556734376717
yaw,1.0,scene-0103_035,0.08021313364055299,1295,0.18128667771816254,0.8712225244231329,-1.0,1.2950602262146331,0.25,1.7192375190119944
yaw,2.0,scene-0103_035,0.0800979262672811,1295,0.18831102550029755,0.9049799415935871,-2.0,1.2950602262146331,1.0,1.303341028321428
yaw,3.0,scene-0103_035,0.07995391705069124,1295,0.15713189542293549,0.755140136720848,-3.0,1.3401398775351796,-3.25,1.4299160343547173
pitch,0.25,scene-0103_035,0.08021313364055299,1295,0.2518426477909088,1.2102984627856048,0.0,1.4288157277254285,0.0,1.922828701091712
pitch,0.5,scene-0103_035,0.07929147465437789,1295,0.24306721985340118,1.1681257528168418,0.0,1.6483047494863436,-0.25,1.922828701091712
pitch,1.0,scene-0103_035,0.07672811059907834,1295,0.18253907561302185,0.8772412637440544,2.5,1.540759540429128,-0.75,1.9890588589747815
pitch,2.0,scene-0103_035,0.07330069124423963,1295,0.07949548959732056,0.3820372351624366,2.75,1.5529595304612571,-1.75,1.9890588589747815
pitch,3.0,scene-0103_035,0.0699884792626728,1295,0.11990462243556976,0.5762343331743556,-2.75,1.5897397548258563,-2.75,2.102260217124885
roll,0.25,scene-0103_035,0.08096198156682027,1295,0.21754072606563568,1.045451231790963,0.0,1.4645153070821118,0.25,2.1558324147621097
roll,0.5,scene-0103_035,0.08107718894009217,1295,0.22520266473293304,1.0822727656825801,0.0,1.5036883563037458,0.25,2.0756935959833704
roll,1.0,scene-0103_035,0.08107718894009217,1295,0.23888710141181946,1.1480370547012293,0.0,1.549229315662691,0.75,1.840181037809398
roll,2.0,scene-0103_035,0.08096198156682027,1295,0.22727137804031372,1.0922145311374356,0.0,1.5165011800868045,-0.25,1.8730709055097998
roll,3.0,scene-0103_035,0.08101958525345622,1295,0.17321904003620148,0.8324512933769305,3.25,1.288009773984539,-0.25,1.6951652614834187
t_fwd,0.02,scene-0103_035,0.08122119815668202,1295,0.21068982779979706,1.012527373530351,0.75,1.3590684701707456,0.25,1.897303959489375
t_fwd,0.05,scene-0103_035,0.08153801843317972,1295,0.20771831274032593,0.9982469482720839,0.75,1.4759016315025133,0.25,1.975783850464586
t_fwd,0.1,scene-0103_035,0.08237327188940093,1295,0.22802506387233734,1.0958365737577895,0.0,1.4066690763041871,0.25,1.936848624509946
t_fwd,0.2,scene-0103_035,0.08597350230414746,1295,0.23076729476451874,1.1090151114777624,-0.25,1.4330295106214423,0.25,1.9485956445178065
t_left,0.02,scene-0103_035,0.08081797235023042,1295,0.22270333766937256,1.0702615684943377,-0.25,1.4896193825912327,0.5,1.864262533813448
t_left,0.05,scene-0103_035,0.08084677419354838,1295,0.20525099337100983,0.9863895727795752,0.5,1.4920638009862706,0.25,1.728677789131498
t_left,0.1,scene-0103_035,0.08081797235023042,1295,0.18137706816196442,0.8716569203292415,-0.25,1.5316309103387575,0.25,1.6104779769420539
t_left,0.2,scene-0103_035,0.08078917050691244,1295,0.20520368218421936,0.9861622059807136,-0.75,1.408189022682984,0.0,1.8371368704379616
t_up,0.02,scene-0103_035,0.08139400921658986,1295,0.20828446745872498,1.0009677590298636,0.75,1.3825181127118493,0.25,1.9607779083762271
t_up,0.05,scene-0103_035,0.0819700460829493,1295,0.20429179072380066,0.9817798631072842,0.25,1.4604239958234257,0.25,1.9190004376501661
t_up,0.1,scene-0103_035,0.08490783410138249,1295,0.1827748715877533,0.878374445547263,3.25,1.4134204204702068,0.75,1.905070066415874
t_up,0.2,scene-0103_035,0.0912442396313364,1295,0.16755138337612152,0.8052138250471562,2.75,1.4079558874664155,0.75,1.901217752151621
none,0.0,scene-0103_036,0.08042702578268876,1237,0.16926005482673645,1.0,3.75,1.3105598634032334,3.0,1.4714524872376697
yaw,0.25,scene-0103_036,0.0805421270718232,1237,0.15482312440872192,0.9147056260096753,3.5,1.3103003517682716,2.75,1.3304465522823667
yaw,0.5,scene-0103_036,0.08068600368324125,1237,0.16915343701839447,0.9993700946838808,3.25,1.3083599715980168,3.0,1.4746620409063174
yaw,1.0,scene-0103_036,0.08042702578268876,1237,0.15665772557258606,0.925544575375148,2.75,1.2628473138991787,3.0,1.4939057840077727
yaw,2.0,scene-0103_036,0.08042702578268876,1237,0.19373604655265808,1.144605835978114,4.0,1.2709982296611166,0.0,1.3208231048339742
yaw,3.0,scene-0103_036,0.08016804788213629,1237,0.17855019867420197,1.0548868063228232,3.0,1.262151217180376,0.25,1.205974837306177
pitch,0.25,scene-0103_036,0.07973641804788213,1237,0.16207151114940643,0.9575295914639246,3.25,1.5077487054371639,2.75,1.447906175968239
pitch,0.5,scene-0103_036,0.07884438305709024,1237,0.18856073915958405,1.11402976533716,3.75,1.4072611532769317,2.5,1.425015925411024
pitch,1.0,scene-0103_036,0.07639848066298342,1237,0.11606869846582413,0.6857418224556183,-4.0,1.4017080332301177,2.0,1.425015925411024
pitch,2.0,scene-0103_036,0.0730317679558011,1237,0.17176291346549988,1.0147870603098026,0.0,1.2353149525247524,1.0,1.425015925411024
pitch,3.0,scene-0103_036,0.069722605893186,1237,0.21763856709003448,1.2858235648855298,0.0,1.354128878078051,0.0,1.447906175968239
roll,0.25,scene-0103_036,0.08059967771639043,1237,0.18606877326965332,1.0993070601337283,3.75,1.4105964556347061,4.0,1.3052165423818782
roll,0.5,scene-0103_036,0.08074355432780847,1237,0.19563934206962585,1.1558506362880046,3.75,1.6541249498552062,3.75,1.3182254832608793
roll,1.0,scene-0103_036,0.08080110497237569,1237,0.20526786148548126,1.2127365886511399,3.75,1.664305613290844,3.75,1.6857448712409977
roll,2.0,scene-0103_036,0.0805133517495396,1237,0.14722536504268646,0.8698175431491745,2.75,1.3283656921485878,3.5,1.632209949615083
roll,3.0,scene-0103_036,0.08062845303867404,1237,0.13717935979366302,0.8104650558815373,-3.75,1.3037310618315794,2.25,1.4042184161612705
t_fwd,0.02,scene-0103_036,0.08088743093922653,1237,0.1717221885919571,1.014546454966832,3.75,1.2738730365121498,4.0,1.4715586623021868
t_fwd,0.05,scene-0103_036,0.08126151012891344,1237,0.1709756702184677,1.0101359732719422,3.75,1.3002780166388912,3.0,1.5035443171814464
t_fwd,0.1,scene-0103_036,0.08177946593001842,1237,0.18134671449661255,1.0714088133922008,3.75,1.2484080946506955,4.0,1.528076433109775
t_fwd,0.2,scene-0103_036,0.0859231123388582,1237,0.1736505627632141,1.0259394216844135,3.5,1.2890694058589696,2.75,1.3708019529210074
t_left,0.02,scene-0103_036,0.08065722836095764,1237,0.1589144766330719,0.9388776152515439,3.75,1.320014846847543,4.0,1.513331403111047
t_left,0.05,scene-0103_036,0.08068600368324125,1237,0.1579432487487793,0.9331395343718775,3.25,1.354675154952284,3.0,1.4491929574748643
t_left,0.1,scene-0103_036,0.08085865561694291,1237,0.1562732309103012,0.9232729545684643,3.0,1.251128949900832,3.0,1.356584275381265
t_left,0.2,scene-0103_036,0.0811176335174954,1237,0.17230656743049622,1.0179990051809822,3.0,1.3624947360272706,2.75,1.4196469190307301
t_up,0.02,scene-0103_036,0.08097375690607735,1237,0.15703366696834564,0.9277656628972123,3.75,1.3903851471558635,4.0,1.3780140738905238
t_up,0.05,scene-0103_036,0.08154926335174954,1237,0.1397763192653656,0.8258080703592353,3.25,1.3201713572605922,0.25,1.3242422508915253
t_up,0.1,scene-0103_036,0.08465699815837938,1237,0.14097654819488525,0.8328991051030694,2.5,1.333356925554675,0.75,1.4869354589269912
t_up,0.2,scene-0103_036,0.0910451197053407,1237,0.1757262647151947,1.0382028110240034,3.25,1.3878621300010228,1.0,1.2924597308811405
none,0.0,scene-0103_037,0.07836981566820277,1064,0.17634451389312744,1.0,0.5,1.5631736791716049,-0.25,1.3958649324518857
yaw,0.25,scene-0103_037,0.07822580645161291,1064,0.17203302681446075,0.9755507728395812,0.25,1.5357138591233017,0.75,1.2861154579991285
yaw,0.5,scene-0103_037,0.07816820276497696,1064,0.2030797302722931,1.1516078713702904,0.0,1.5357138591233017,0.5,1.5849397606683469
yaw,1.0,scene-0103_037,0.07811059907834102,1064,0.11041826754808426,0.6261508515938443,-0.5,1.5357138591233017,1.5,1.585959009726641
yaw,2.0,scene-0103_037,0.07796658986175115,1064,0.10328822582960129,0.5857183960494428,-1.5,1.4963558547875657,0.75,1.492309672015265
yaw,3.0,scene-0103_037,0.07802419354838709,1064,0.1429329216480255,0.8105322841778292,-2.5,1.3908985900215813,2.0,1.6410758992600067
pitch,0.25,scene-0103_037,0.07767857142857143,1064,0.18023216724395752,1.022045785632924,3.5,1.4313818701437537,-0.5,1.3958649324518857
pitch,0.5,scene-0103_037,0.0766705069124424,1064,0.16628414392471313,0.9429504794546014,0.5,1.5429490400281758,-0.75,1.3958649324518857
pitch,1.0,scene-0103_037,0.07419354838709677,1064,0.14749108254909515,0.8363803290102989,2.75,1.2201934671374108,-1.25,1.3958649324518857
pitch,2.0,scene-0103_037,0.07070852534562212,1064,0.16948559880256653,0.9611050270907905,3.0,1.300310076779758,-2.25,1.3958649324518857
pitch,3.0,scene-0103_037,0.06751152073732719,1064,0.15510627627372742,0.8795639447435755,3.0,1.4350247955229944,-3.25,1.3958649324518857
roll,0.25,scene-0103_037,0.07839861751152073,1064,0.16912710666656494,0.9590721193008784,3.75,1.666986192938033,0.5,1.5148559918755244
roll,0.5,scene-0103_037,0.07845622119815668,1064,0.18385779857635498,1.0426057183030992,3.75,1.6567154222606992,0.5,1.3546252163056802
roll,1.0,scene-0103_037,0.0785426267281106,1064,0.17632277309894562,0.9998767140882251,3.75,1.4475152990305575,1.75,1.6146258131813598
roll,2.0,scene-0103_037,0.07836981566820277,1064,0.14315292239189148,0.8117798463446868,0.75,1.4115566818880723,1.5,1.6130394248146074
roll,3.0,scene-0103_037,0.07845622119815668,1064,0.15717142820358276,0.8912748388579618,-3.25,1.4414856640147107,1.0,1.7777170347494002
t_fwd,0.02,scene-0103_037,0.07862903225806452,1064,0.17598113417625427,0.9979393761175163,3.75,1.5080044029654984,-0.25,1.3836994150776247
t_fwd,0.05,scene-0103_037,0.07900345622119816,1064,0.16314679384231567,0.9251594520325698,0.25,1.5500528217887193,1.25,1.4179208854976475
t_fwd,0.1,scene-0103_037,0.07972350230414746,1064,0.16557841002941132,0.9389484615878617,4.0,1.5967476838572185,-0.25,1.4493804082237631
t_fwd,0.2,scene-0103_037,0.08271889400921659,1064,0.1811491847038269,1.0272459330014163,0.25,1.4507168417198315,-0.25,1.4544055664536986
t_left,0.02,scene-0103_037,0.07831221198156682,1064,0.1767245978116989,1.0021553486988646,4.0,1.5213274217416985,-0.25,1.371878716064588
t_left,0.05,scene-0103_037,0.07842741935483871,1064,0.17052388191223145,0.9669928377560781,0.25,1.551870252419807,-0.25,1.3367827913780659
t_left,0.1,scene-0103_037,0.07834101382488479,1064,0.19973506033420563,1.1326411915215797,0.0,1.5625684002900382,0.0,1.3380229712031433
t_left,0.2,scene-0103_037,0.07848502304147466,1064,0.19481560587882996,1.1047443528461385,0.0,1.534614008104646,0.5,1.656331055826659
t_up,0.02,scene-0103_037,0.07883064516129032,1064,0.18382970988750458,1.0424464352710938,4.0,1.5126786586981482,-0.25,1.4016197437309108
t_up,0.05,scene-0103_037,0.07940668202764976,1064,0.19073590636253357,1.0816095275758222,3.5,1.6610680784338556,0.0,1.391577717614114
t_up,0.1,scene-0103_037,0.08237327188940093,1064,0.20675577223300934,1.1724536684952527,0.0,1.753068232177089,0.0,1.520856673443862
t_up,0.2,scene-0103_037,0.08850806451612903,1064,0.17062707245349884,0.9675780022105274,0.25,1.6969146829112647,0.25,1.733935249290957
none,0.0,scene-0103_038,0.07867173112338859,1051,0.14331457018852234,1.0,2.5,1.2265836930701985,1.25,1.510100397328826
yaw,0.25,scene-0103_038,0.0787292817679558,1051,0.16813308000564575,1.1731750636692142,2.25,1.2200304715793366,-0.25,1.620246966629883
yaw,0.5,scene-0103_038,0.07878683241252302,1051,0.1496017426252365,1.043869736541398,2.0,1.2052117094125718,0.5,1.2857887264666563
yaw,1.0,scene-0103_038,0.0787005064456722,1051,0.1607796847820282,1.1218655895944947,1.5,1.1675123633093378,1.25,1.5048848548150764
yaw,2.0,scene-0103_038,0.07893070902394107,1051,0.1440843641757965,1.0053713588664541,4.0,1.233951052331742,0.5,1.6981199061664976
yaw,3.0,scene-0103_038,0.07921846224677716,1051,0.16459128260612488,1.1484616141234922,3.5,1.3105308804486575,0.0,1.3016164363641678
pitch,0.25,scene-0103_038,0.07795234806629835,1051,0.14010867476463318,0.9776303594277121,4.0,1.189715487313562,1.0,1.510100397328826
pitch,0.5,scene-0103_038,0.07706031307550644,1051,0.1738603413105011,1.213137932045552,2.0,1.1940192926504591,0.75,1.510100397328826
pitch,1.0,scene-0103_038,0.07447053406998158,1051,0.15998075902462006,1.1162909592107366,-0.25,1.1757626608265266,0.25,1.510100397328826
pitch,2.0,scene-0103_038,0.07156422651933701,1051,0.1741248369216919,1.21498349185739,-0.25,1.4644754285412778,-0.75,1.510100397328826
pitch,3.0,scene-0103_038,0.06825506445672191,1051,0.12261124700307846,0.8555392996105713,-0.5,1.5553943274553768,-1.75,1.510100397328826
roll,0.25,scene-0103_038,0.0787005064456722,1051,0.14262551069259644,0.9951919787707594,2.75,1.23777212514689,1.25,1.6605730227742033
roll,0.5,scene-0103_038,0.0787005064456722,1051,0.13570460677146912,0.9469002809201972,3.75,1.2255044887379525,1.25,1.6275266415193015
roll,1.0,scene-0103_038,0.0787292817679558,1051,0.10624971985816956,0.7413741653650704,3.75,1.2254243283935007,1.75,1.8693525523509003
roll,2.0,scene-0103_038,0.07867173112338859,1051,0.15154244005680084,1.0574112587258588,-0.75,1.310077506969095,1.5,1.6995633430702541
roll,3.0,scene-0103_038,0.0787005064456722,1051,0.13276268541812897,0.9263725610277241,4.0,1.4359129048369497,1.0,1.503339309184477
t_fwd,0.02,scene-0103_038,0.07901703499079189,1051,0.1425112634897232,0.994394800907246,2.5,1.2326972765653375,1.25,1.4583902260624722
t_fwd,0.05,scene-0103_038,0.07947744014732964,1051,0.14229919016361237,0.9929150258513542,2.5,1.3179217938882348,1.25,1.468908578299565
t_fwd,0.1,scene-0103_038,0.0802543738489871,1051,0.136990487575531,0.95587271688655,2.5,1.304526808506565,1.25,1.5240874783106582
t_fwd,0.2,scene-0103_038,0.08569290976058933,1051,0.13726352155208588,0.9577778544883703,3.75,1.2999971798458227,1.25,1.5995137470280762
t_left,0.02,scene-0103_038,0.07867173112338859,1051,0.14584073424339294,1.0176267078186647,2.5,1.2747006233220985,2.0,1.4326648686276229
t_left,0.05,scene-0103_038,0.07867173112338859,1051,0.13987082242965698,0.9759707072746665,2.5,1.2287021883278817,1.25,1.4784437624893823
t_left,0.1,scene-0103_038,0.0787580570902394,1051,0.1693936139345169,1.1819706378192325,3.5,1.2845445824874688,1.25,1.516157940554432
t_left,0.2,scene-0103_038,0.0787005064456722,1051,0.16823242604732513,1.1738682663320605,3.75,1.306027646061267,1.5,1.5390427059018068
t_up,0.02,scene-0103_038,0.07910336095764273,1051,0.14207406342029572,0.991344168519678,2.5,1.2786737704007014,1.25,1.662752436907854
t_up,0.05,scene-0103_038,0.08008172191528545,1051,0.1457984745502472,1.0173318341495734,0.25,1.2753292502515448,0.75,1.6573065184674278
t_up,0.1,scene-0103_038,0.08267150092081031,1051,0.14408093690872192,1.0053474445703006,0.25,1.494457846906265,1.0,1.6376215285491322
t_up,0.2,scene-0103_038,0.08908839779005524,1051,0.13668765127658844,0.9537596288833957,-4.0,1.3301441749456255,1.25,1.7342908111141107
none,0.0,scene-0103_039,0.07762096774193548,1121,0.1612052172422409,1.0,0.0,1.5110886228004932,0.25,1.6032429998928204
yaw,0.25,scene-0103_039,0.07779377880184332,1121,0.11574546992778778,0.7180007688824278,-0.25,1.475126204821844,0.75,1.5674763105501806
yaw,0.5,scene-0103_039,0.07782258064516129,1121,0.12058982998132706,0.7480516576589351,-0.5,1.475126204821844,0.25,1.623745616600714
yaw,1.0,scene-0103_039,0.07828341013824885,1121,0.07251472026109695,0.4498286190832773,-1.0,1.4621013280656974,1.75,1.6169831788085292
yaw,2.0,scene-0103_039,0.07894585253456221,1121,0.08059423416852951,0.4999480509828763,-2.0,1.475126204821844,0.75,1.558818986697943
yaw,3.0,scene-0103_039,0.07929147465437789,1121,0.090263232588768,0.5599274895249244,-3.0,1.4403117580337799,2.0,1.5946755713560996
pitch,0.25,scene-0103_039,0.07690092165898617,1121,0.21576599776744843,1.3384554263105504,0.0,1.6787402281377461,0.0,1.6032429998928204
pitch,0.5,scene-0103_039,0.07597926267281106,1121,0.19456759095191956,1.2069559179312754,0.25,1.4310821971460643,-0.25,1.6032429998928204
pitch,1.0,scene-0103_039,0.07341589861751152,1121,0.1612667292356491,1.0003815756987304,4.0,1.2550478603154283,-0.75,1.5993074069111968
pitch,2.0,scene-0103_039,0.06993087557603686,1121,0.1601962447166443,0.9937410677963329,2.25,1.5056976980046672,-1.75,1.5993074069111968
pitch,3.0,scene-0103_039,0.066676267281106,1121,0.14538802206516266,0.9018816174335725,4.0,1.2795882963238054,-2.75,1.5993074069111968
roll,0.25,scene-0103_039,0.07756336405529954,1121,0.16366763412952423,1.0152750446257772,0.0,1.4605636605643122,0.25,1.9070228022203706
roll,0.5,scene-0103_039,0.07764976958525345,1121,0.169463649392128,1.0512293106337698,0.0,1.3651194230553974,0.25,1.8950702894692069
roll,1.0,scene-0103_039,0.0777073732718894,1121,0.17202237248420715,1.067101768956469,0.25,1.4036323548521334,1.5,1.8008711231395322
roll,2.0,scene-0103_039,0.07764976958525345,1121,0.18136422336101532,1.1250518219176602,0.25,1.5210480730019291,4.0,1.5802615378576756
roll,3.0,scene-0103_039,0.07762096774193548,1121,0.13006480038166046,0.8068274873896534,3.5,1.318828284490086,4.0,1.4210133097241897
t_fwd,0.02,scene-0103_039,0.07782258064516129,1121,0.1628423035144806,1.0101552933598896,0.0,1.4925445581727963,0.25,1.5517494909269545
t_fwd,0.05,scene-0103_039,0.07822580645161291,1121,0.15011751651763916,0.9312199635081264,0.0,1.3924082894753937,0.25,1.521978951480333
t_fwd,0.1,scene-0103_039,0.07891705069124424,1121,0.14027246832847595,0.870148440156812,0.0,1.2650612051544365,0.25,1.7632088835028092
t_fwd,0.2,scene-0103_039,0.08271889400921659,1121,0.1274482160806656,0.7905961001817383,-0.25,1.3392693858500528,0.25,1.8279633349142876
t_left,0.02,scene-0103_039,0.07753456221198157,1121,0.17594146728515625,1.091412984610612,0.0,1.6507946538904448,0.25,1.638737801196553
t_left,0.05,scene-0103_039,0.0777073732718894,1121,0.15104058384895325,0.936946002324395,0.0,1.4697600541958107,0.25,1.6802196369512512
t_left,0.1,scene-0103_039,0.07782258064516129,1121,0.130578875541687,0.8100164360404533,-0.25,1.3557844614326866,0.25,1.6033647012565513
t_left,0.2,scene-0103_039,0.07822580645161291,1121,0.13375632464885712,0.8297270208560514,-0.5,1.4346008142522209,0.25,1.7608584878706859
t_up,0.02,scene-0103_039,0.07811059907834102,1121,0.14927710592746735,0.9260066670370268,0.0,1.4957562478975341,0.25,1.4566347753063795
t_up,0.05,scene-0103_039,0.07868663594470046,1121,0.1408662348985672,0.8738317363940487,0.0,1.4973150998499338,0.5,1.6531888764080274
t_up,0.1,scene-0103_039,0.08168202764976959,1121,0.15604965388774872,0.9680186321343124,0.0,1.6274701929532287,0.5,1.57384010418138
t_up,0.2,scene-0103_039,0.08801843317972351,1121,0.1172117218375206,0.7270963300237866,2.25,1.4401793364958375,0.75,1.4895519709555334
none,0.0,scene-1094_000,0.10316860465116279,1078,0.2620173394680023,1.0,-0.25,1.3923138094293186,-0.75,1.3324744273800249
yaw,0.25,scene-1094_000,0.10343023255813953,1078,0.2532799541950226,0.9666534081648183,-0.5,1.3923138094293186,-0.75,1.2656213296334873
yaw,0.5,scene-1094_000,0.1034593023255814,1078,0.24394051730632782,0.9310090614675444,-0.75,1.3923138094293186,-1.25,1.3454396068535772
yaw,1.0,scene-1094_000,0.10377906976744186,1078,0.23147715628147125,0.8834421292554928,-1.25,1.3939026492260966,-2.5,1.3330735389497632
yaw,2.0,scene-1094_000,0.10427325581395348,1078,0.19338475167751312,0.7380608934895675,-2.25,1.3831241892658082,-2.5,1.256341539096395
yaw,3.0,scene-1094_000,0.10459302325581395,1078,0.22211112082004547,0.8476962680066057,-3.25,1.3559388013703857,-2.75,1.2286126245222342
pitch,0.25,scene-1094_000,0.10104651162790698,1078,0.24661588668823242,0.9412197192329299,0.25,1.309299050631244,-1.0,1.345291439039038
pitch,0.5,scene-1094_000,0.10061046511627907,1078,0.2249818593263626,0.8586525601059982,3.25,1.254786099289333,-1.25,1.4103432251211578
pitch,1.0,scene-1094_000,0.09933139534883721,1078,0.2033524513244629,0.776103030957218,-3.75,1.3659213638691292,-1.75,1.474201919987994
pitch,2.0,scene-1094_000,0.09523255813953488,1078,0.15485814213752747,0.5910224966483136,0.75,1.294205317278525,-2.75,1.8467340740378322
pitch,3.0,scene-1094_000,0.09090116279069767,1078,0.1623312085866928,0.6195437634634741,-3.5,1.224858677905983,-3.75,1.9306650042671603
roll,0.25,scene-1094_000,0.10316860465116279,1078,0.26943644881248474,1.0283153372961733,-0.25,1.3710575661258648,-0.5,1.2793075973177883
roll,0.5,scene-1094_000,0.10319767441860465,1078,0.2711637020111084,1.0349074704814452,-0.25,1.3549370992102996,-0.75,1.3153327137778796
roll,1.0,scene-1094_000,0.10311046511627907,1078,0.23741574585437775,0.9061070016832649,-0.25,1.319857669881366,-1.0,1.3273332176094894
roll,2.0,scene-1094_000,0.10316860465116279,1078,0.2638963758945465,1.0071714201447866,0.25,1.213084879580863,-1.25,1.3313638076799221
roll,3.0,scene-1094_000,0.10325581395348837,1078,0.25724032521247864,0.9817683277556253,0.25,1.253200948334135,-1.25,1.3554429707617737
t_fwd,0.02,scene-1094_000,0.10354651162790697,1078,0.2595415711402893,0.9905511279034441,-0.25,1.4044512567124119,-0.5,1.3413377116269072
t_fwd,0.05,scene-1094_000,0.10406976744186046,1078,0.26313167810440063,1.0042529194390755,-0.25,1.3586897680409729,-0.5,1.3184093661470422
t_fwd,0.1,scene-1094_000,0.10491279069767442,1078,0.26116999983787537,0.9967660932980719,-0.25,1.371258086122994,-0.75,1.3661977426129297
t_fwd,0.2,scene-1094_000,0.10799418604651163,1078,0.24543887376785278,0.9367276007999688,-0.25,1.2391772369358836,-0.75,1.3892577452179433
t_left,0.02,scene-1094_000,0.10311046511627907,1078,0.2546708285808563,0.971961737715289,-0.25,1.290075523530792,-0.75,1.3423628144811801
t_left,0.05,scene-1094_000,0.10319767441860465,1078,0.2515287697315216,0.959969940318543,-0.25,1.2088112113733795,-0.75,1.3393713703473522
t_left,0.1,scene-1094_000,0.10313953488372093,1078,0.2489755004644394,0.9502252826853255,-0.5,1.1851182728698784,-1.0,1.2776461736491775
t_left,0.2,scene-1094_000,0.10325581395348837,1078,0.21363775432109833,0.8153573147291188,-0.75,1.2559172515021617,-1.25,1.3294259107579578
t_up,0.02,scene-1094_000,0.10398255813953489,1078,0.2772045135498047,1.0579624772644372,-0.25,1.4948529182233852,-0.75,1.423631081928486
t_up,0.05,scene-1094_000,0.10482558139534884,1078,0.2809617817401886,1.0723022465255578,-0.25,1.3482924825538858,-0.5,1.3395336791511467
t_up,0.1,scene-1094_000,0.10593023255813953,1078,0.26489272713661194,1.0109740358193384,-0.25,1.2914081031277935,-0.75,1.2409469493017553
t_up,0.2,scene-1094_000,0.11340116279069767,1078,0.27553579211235046,1.0515937329636118,-0.25,1.406407575515929,-0.5,1.3543095621958299
none,0.0,scene-1094_001,0.10248500922509225,1062,0.3461122512817383,1.0,0.0,1.4568314155052267,-0.25,1.4177860641155127
yaw,0.25,scene-1094_001,0.10262915129151291,1062,0.2927379012107849,0.8457889026658401,-0.25,1.4568314155052267,-0.5,1.3550720745584568
yaw,0.5,scene-1094_001,0.10268680811808117,1062,0.2804725468158722,0.8103513983605428,-0.5,1.4466465021065165,-0.5,1.2545215473900568
yaw,1.0,scene-1094_001,0.10262915129151291,1062,0.24179111421108246,0.6985916081146243,-1.0,1.4329207673262578,-1.25,1.238054199013637
yaw,2.0,scene-1094_001,0.10283095018450185,1062,0.2375057339668274,0.6862101329475787,-2.0,1.402048892072803,-4.0,1.2192748275805134
yaw,3.0,scene-1094_001,0.10294626383763837,1062,0.21242479979991913,0.6137453933319557,-3.0,1.313695321232984,-4.0,1.2681501576721184
pitch,0.25,scene-1094_001,0.10040936346863469,1062,0.3452663719654083,0.9975560549700351,0.0,1.4807148964669283,-0.5,1.4352354970953718
pitch,0.5,scene-1094_001,0.10009225092250923,1062,0.309341698884964,0.893761193772818,0.0,1.336696822381765,-0.75,1.4398337817369384
pitch,1.0,scene-1094_001,0.09896794280442804,1062,0.25978362560272217,0.7505762209822966,3.0,1.2256100066861615,-1.25,1.4507343009130618
pitch,2.0,scene-1094_001,0.09481665129151291,1062,0.2096453458070755,0.6057148946063237,3.75,1.1432070540713901,-2.25,1.6584740177698323
pitch,3.0,scene-1094_001,0.09037707564575646,1062,0.2217625230550766,0.6407242801543018,-1.0,1.1741867197196443,-3.25,1.7568603903274
roll,0.25,scene-1094_001,0.10254266605166051,1062,0.3638626039028168,1.0512849590135702,0.0,1.5038069059788972,0.0,1.4209392381383108
roll,0.5,scene-1094_001,0.10251383763837639,1062,0.3456263840198517,0.9985962147826686,0.0,1.4333105598060922,0.0,1.3077753638436267
roll,1.0,scene-1094_001,0.10248500922509225,1062,0.3437259793281555,0.9931054970035131,0.0,1.3891255246619574,0.0,1.2685129154043162
roll,2.0,scene-1094_001,0.10239852398523985,1062,0.3067418336868286,0.8862495694702762,0.0,1.1824396157298833,-1.5,1.2448320384534861
roll,3.0,scene-1094_001,0.10239852398523985,1062,0.2767159640789032,0.7994977440242474,0.5,1.1822373064289284,-1.0,1.1834565833654267
t_fwd,0.02,scene-1094_001,0.10294626383763837,1062,0.34220314025878906,0.9887056554384515,0.0,1.412062596954981,-0.5,1.4000398823335811
t_fwd,0.05,scene-1094_001,0.10352283210332103,1062,0.34106120467185974,0.9854063339532961,0.0,1.4697024287025222,-0.5,1.4626818314207164
t_fwd,0.1,scene-1094_001,0.10427237084870848,1062,0.31303471326828003,0.9044311841289523,0.0,1.321087437742114,-0.5,1.4246499644597164
t_fwd,0.2,scene-1094_001,0.1072705258302583,1062,0.30737486481666565,0.888078545842805,0.0,1.3309724027279168,-0.5,1.2650514286647974
t_left,0.02,scene-1094_001,0.10265797970479705,1062,0.32515233755111694,0.9394418612661019,0.0,1.3657406738047486,-0.25,1.3609066020900786
t_left,0.05,scene-1094_001,0.10257149446494465,1062,0.3057267367839813,0.8833167148859957,-0.25,1.4203533179050278,0.25,1.2374499323142805
t_left,0.1,scene-1094_001,0.10260032287822879,1062,0.2761201858520508,0.7977764000826617,-0.25,1.2784164523774302,-0.5,1.2945106091618404
t_left,0.2,scene-1094_001,0.10239852398523985,1062,0.24858470261096954,0.7182198887511194,-0.25,1.197800990358787,-0.75,1.2019071715249412
t_up,0.02,scene-1094_001,0.10326337638376384,1062,0.34527885913848877,0.9975921333608873,0.0,1.4791632008994249,-0.25,1.3906736664483499
t_up,0.05,scene-1094_001,0.10409940036900368,1062,0.3441081941127777,0.9942098057449886,0.0,1.4173090760720264,-0.25,1.3612633580440667
t_up,0.1,scene-1094_001,0.10510839483394833,1062,0.3211962878704071,0.9280118998415651,0.0,1.2989988513068171,0.5,1.358927641357695
t_up,0.2,scene-1094_001,0.11263261070110701,1062,0.3032708764076233,0.8762211545085072,-0.25,1.2714966615313223,1.0,1.2634833817870676
none,0.0,scene-1094_002,0.10227534562211982,1084,0.30197006464004517,1.0,0.0,1.2497342331725103,-0.25,1.28161995219585
yaw,0.25,scene-1094_002,0.10241935483870968,1084,0.26442521810531616,0.8756669917613082,-0.25,1.2497342331725103,-0.25,1.357565175729792
yaw,0.5,scene-1094_002,0.10241935483870968,1084,0.2485186606645584,0.8229910503241373,-0.5,1.2497342331725103,-1.0,1.1833824683388026
yaw,1.0,scene-1094_002,0.10227534562211982,1084,0.269407719373703,0.8921669758717402,-1.0,1.2421836928568792,0.25,1.2873170951610577
yaw,2.0,scene-1094_002,0.10207373271889401,1084,0.23638752102851868,0.7828177316526316,-2.0,1.2084275985551727,-1.0,1.2633397233772097
yaw,3.0,scene-1094_002,0.10201612903225807,1084,0.289130836725235,0.9574817857190089,-3.0,1.1717458068110764,-4.0,1.1985782531340035
pitch,0.25,scene-1094_002,0.10028801843317972,1084,0.2986740171909332,0.9890848536491824,-0.25,1.291246022620156,-0.5,1.3215149449867065
pitch,0.5,scene-1094_002,0.09985599078341013,1084,0.2862136662006378,0.9478213230897926,-0.5,1.311852555797403,-0.75,1.3892169108273842
pitch,1.0,scene-1094_002,0.09873271889400921,1084,0.29934921860694885,0.9913208415667943,-0.25,1.2875078273311005,-1.25,1.3908504803720938
pitch,2.0,scene-1094_002,0.09461405529953917,1084,0.20707136392593384,0.6857347405371701,3.0,1.2129162478744233,-2.25,1.5147286416759544
pitch,3.0,scene-1094_002,0.09043778801843318,1084,0.22535152733325958,0.7462710835323477,-2.25,1.1474684039786744,-3.25,1.654792594057695
roll,0.25,scene-1094_002,0.10230414746543778,1084,0.3108081519603729,1.0292680909641256,0.0,1.2038269239604127,-0.5,1.289883164920803
roll,0.5,scene-1094_002,0.10233294930875576,1084,0.3284083604812622,1.0875527045130517,0.0,1.2742255414578236,-0.5,1.2211163502031703
roll,1.0,scene-1094_002,0.10227534562211982,1084,0.2991868257522583,0.9907830635758397,-0.5,1.2274735040904952,-1.0,1.3554208374290762
roll,2.0,scene-1094_002,0.10218894009216589,1084,0.262405127286911,0.8689772862078352,-0.25,1.2754938883286355,-1.0,1.4392378266046562
roll,3.0,scene-1094_002,0.10218894009216589,1084,0.2682766616344452,0.8884213802922378,1.75,1.240234564763767,-1.0,1.3049910004193992
t_fwd,0.02,scene-1094_002,0.10253456221198157,1084,0.29660165309906006,0.9822220406271583,0.0,1.2177396511462155,-0.25,1.3147273678414222
t_fwd,0.05,scene-1094_002,0.1030241935483871,1084,0.2887119948863983,0.9560947547252714,3.25,1.220275308498574,-0.25,1.303355242594148
t_fwd,0.1,scene-1094_002,0.10380184331797235,1084,0.2839682102203369,0.9403853013007536,3.25,1.25715544064592,-0.25,1.2985488510434071
t_fwd,0.2,scene-1094_002,0.10656682027649769,1084,0.2907155454158783,0.9627296856806568,-0.25,1.2033078331563916,-0.5,1.2798570969506096
t_left,0.02,scene-1094_002,0.10224654377880184,1084,0.30755311250686646,1.0184887461393777,0.0,1.2574602441184397,-0.25,1.3120838535623696
t_left,0.05,scene-1094_002,0.10218894009216589,1084,0.2834179699420929,0.9385631330043699,-0.25,1.2593789698177518,0.25,1.2654718165059429
t_left,0.1,scene-1094_002,0.10218894009216589,1084,0.2636672258377075,0.8731568347743494,-0.5,1.3194697109912386,-0.25,1.3059682809923077
t_left,0.2,scene-1094_002,0.10224654377880184,1084,0.22719772160053253,0.7523849156086286,3.75,1.242145992672789,0.25,1.2675737430006428
t_up,0.02,scene-1094_002,0.1030241935483871,1084,0.3265925943851471,1.0815396379586584,0.0,1.3210233353129062,-0.25,1.2603465885475167
t_up,0.05,scene-1094_002,0.1038594470046083,1084,0.3151872456073761,1.0437698385205372,0.0,1.294684608256118,0.25,1.3219720663647239
t_up,0.1,scene-1094_002,0.10483870967741936,1084,0.3146030306816101,1.0418351602388922,0.0,1.275938502291959,0.5,1.361284691573929
t_up,0.2,scene-1094_002,0.11232718894009217,1084,0.35386738181114197,1.1718624567404041,0.0,1.3872108750391816,0.0,1.360882902573442
none,0.0,scene-1094_003,0.1032345479704797,1095,0.24513152241706848,1.0,3.25,1.202213808631965,-0.5,1.4028219216620756
yaw,0.25,scene-1094_003,0.1032345479704797,1095,0.2751232981681824,1.122349730689004,3.0,1.1740412125129247,-0.75,1.2771499084311864
yaw,0.5,scene-1094_003,0.10329220479704797,1095,0.2528145909309387,1.0313426377730328,2.75,1.202213808631965,-0.75,1.29006204309319
yaw,1.0,scene-1094_003,0.1034075184501845,1095,0.2690003216266632,1.0973713987260447,2.25,1.1731158533924018,-0.75,1.2598205417204982
yaw,2.0,scene-1094_003,0.10346517527675277,1095,0.2656002342700958,1.0835009371752757,1.25,1.1716121756396505,-1.0,1.319960287182623
yaw,3.0,scene-1094_003,0.10309040590405905,1095,0.27491888403892517,1.121515834961349,0.25,1.1573664374204318,-1.5,1.2293741123948139
pitch,0.25,scene-1094_003,0.10124538745387454,1095,0.2947142422199249,1.2022698644138312,0.0,1.2225107598962304,-0.75,1.4081302253005197
pitch,0.5,scene-1094_003,0.10078413284132841,1095,0.2831733524799347,1.1551894659967132,0.0,1.144937332361076,-1.0,1.4081302253005197
pitch,1.0,scene-1094_003,0.0994580258302583,1095,0.2701769173145294,1.1021712534173738,4.0,1.2825152685643242,-1.5,1.4306272707996643
pitch,2.0,scene-1094_003,0.09545087638376384,1095,0.2222866714000702,0.9068057392548238,3.75,1.3841677294054517,-2.5,1.4794566830184819
pitch,3.0,scene-1094_003,0.09118427121771218,1095,0.16003161668777466,0.6528398106853665,-2.0,1.2337285524312007,-3.5,1.8612877900232239
roll,0.25,scene-1094_003,0.1032345479704797,1095,0.2419251948595047,0.9869199704470952,4.0,1.2091874624401895,-0.5,1.4253225769599118
roll,0.5,scene-1094_003,0.10320571955719557,1095,0.27009475231170654,1.1018360659963,3.0,1.2190444294606126,-0.5,1.423554432183857
roll,1.0,scene-1094_003,0.10311923431734317,1095,0.2752743363380432,1.1229658822486712,-0.25,1.2250468364243603,-0.75,1.4453478703356728
roll,2.0,scene-1094_003,0.10303274907749077,1095,0.24594470858573914,1.0033173463806384,0.25,1.1896830183374696,-1.25,1.4050980563301656
roll,3.0,scene-1094_003,0.10306157749077491,1095,0.21472099423408508,0.875941992759125,1.5,1.1581496396869038,-1.0,1.435080150505283
t_fwd,0.02,scene-1094_003,0.10360931734317343,1095,0.25346025824546814,1.033976600586803,3.25,1.2369194138513688,-0.5,1.467722174681687
t_fwd,0.05,scene-1094_003,0.10407057195571956,1095,0.2460695058107376,1.0038264495093097,3.25,1.2342729685750171,-0.5,1.4683022119672646
t_fwd,0.1,scene-1094_003,0.10479128228782288,1095,0.2537766695022583,1.0352673821789469,3.5,1.163034292515177,-0.25,1.488358466031756
t_fwd,0.2,scene-1094_003,0.1076164667896679,1095,0.2361745685338974,0.963460619854791,2.75,1.24023148543188,-1.0,1.3552064251889462
t_left,0.02,scene-1094_003,0.1032345479704797,1095,0.24904461205005646,1.015963224943099,3.25,1.3270980560272638,-0.75,1.297662964831689
t_left,0.05,scene-1094_003,0.10317689114391145,1095,0.25528013706207275,1.0414006919425782,3.25,1.2670734860158976,-0.75,1.2235599818544522
t_left,0.1,scene-1094_003,0.10317689114391145,1095,0.22566480934619904,0.9205866594433798,2.75,1.3035985554909215,-4.0,1.269067548436543
t_left,0.2,scene-1094_003,0.10329220479704797,1095,0.2417273223400116,0.9861127608416475,3.0,1.2979660937079103,-0.75,1.1582840586995529
t_up,0.02,scene-1094_003,0.10404174354243542,1095,0.2604343593120575,1.0624270462815169,3.5,1.1898961219172803,-0.25,1.3536808325598948
t_up,0.05,scene-1094_003,0.10490659594095941,1095,0.29144909977912903,1.1889499029147932,-0.25,1.2959367814511407,-0.25,1.4068080519021353
t_up,0.1,scene-1094_003,0.10600207564575646,1095,0.3008907735347748,1.227466670005978,0.0,1.2163416583343167,-0.25,1.3300203004871305
t_up,0.2,scene-1094_003,0.11341097785977859,1095,0.3210977613925934,1.309899919139226,0.0,1.2436184962611523,0.0,1.3788235011069425
none,0.0,scene-1094_004,0.1037442396313364,1101,0.2848147749900818,1.0,3.0,1.3219346709651631,-0.25,1.434270495093356
yaw,0.25,scene-1094_004,0.10360023041474654,1101,0.24196982383728027,0.8495690711470516,2.75,1.2852107682448766,-0.75,1.2799884903049261
yaw,0.5,scene-1094_004,0.10365783410138249,1101,0.26457151770591736,0.9289248344476885,2.5,1.283037095954192,-1.25,1.1883543029128174
yaw,1.0,scene-1094_004,0.10348502304147465,1101,0.2994741201400757,1.0514697495960468,2.0,1.2257534457908366,-0.25,1.244145285320546
yaw,2.0,scene-1094_004,0.10247695852534562,1101,0.3049164414405823,1.0705780325167489,1.0,1.1650484812324833,-0.5,1.2920953761246166
yaw,3.0,scene-1094_004,0.10169930875576037,1101,0.34003016352653503,1.1938642001222586,0.0,1.1473858662449687,0.0,1.2773673211705523
pitch,0.25,scene-1094_004,0.10181451612903226,1101,0.2674465775489807,0.9390193242548394,2.75,1.333029762741363,-0.5,1.434270495093356
pitch,0.5,scene-1094_004,0.10138248847926268,1101,0.27767765522003174,0.9749411884608213,2.75,1.2474478877244288,-0.75,1.441278951338747
pitch,1.0,scene-1094_004,0.10002880184331797,1101,0.25793901085853577,0.9056377460316729,2.75,1.3286486862850688,-1.25,1.477639480209836
pitch,2.0,scene-1094_004,0.09611175115207374,1101,0.25159186124801636,0.8833525622284786,4.0,1.26973768340781,-2.25,1.6078358485255921
pitch,3.0,scene-1094_004,0.09170506912442396,1101,0.19349630177021027,0.6793759269579622,3.0,1.2505448641483914,-3.25,1.9212877128837131
roll,0.25,scene-1094_004,0.10365783410138249,1101,0.2819899618625641,0.9900819291147516,2.5,1.331909190804591,-0.5,1.4018613560069353
roll,0.5,scene-1094_004,0.10365783410138249,1101,0.28885146975517273,1.0141730525224035,2.75,1.3675003257651972,-0.5,1.4108036166839855
roll,1.0,scene-1094_004,0.10362903225806451,1101,0.29084330797195435,1.0211665036762314,2.75,1.4367115511457071,-0.5,1.350215320852331
roll,2.0,scene-1094_004,0.10360023041474654,1101,0.30669280886650085,1.076814954130034,3.5,1.2910867866752582,-0.75,1.2270410369986946
roll,3.0,scene-1094_004,0.10360023041474654,1101,0.26687049865722656,0.9369966802688515,2.75,1.2940205671818845,-3.0,1.230430810276586
t_fwd,0.02,scene-1094_004,0.10408986175115208,1101,0.2810210883617401,0.9866801621212461,3.0,1.2813388431705064,-0.25,1.4486000128021714
t_fwd,0.05,scene-1094_004,0.10449308755760368,1101,0.2970435321331024,1.042935824321075,2.75,1.3071272337279713,-0.25,1.422463706387138
t_fwd,0.1,scene-1094_004,0.10535714285714286,1101,0.28608953952789307,1.0044757668834268,2.5,1.353305256753298,-0.25,1.3440968280887557
t_fwd,0.2,scene-1094_004,0.10806451612903226,1101,0.2573392391204834,0.9035319151874928,2.75,1.3410869129571188,-0.25,1.3233429516963309
t_left,0.02,scene-1094_004,0.10368663594470046,1101,0.2681732177734375,0.9415705971811897,3.0,1.319393171780792,-0.25,1.3761540945754438
t_left,0.05,scene-1094_004,0.10371543778801844,1101,0.23603671789169312,0.8287376169298546,2.25,1.3351974723173163,-0.25,1.348538257183222
t_left,0.1,scene-1094_004,0.10365783410138249,1101,0.2571021318435669,0.9026994187802232,2.0,1.2710104261230777,-0.25,1.2770782324059697
t_left,0.2,scene-1094_004,0.10299539170506912,1101,0.27574852108955383,0.9681678947279204,1.0,1.2011673494488297,-0.75,1.191826120564884
t_up,0.02,scene-1094_004,0.10455069124423963,1101,0.2882311940193176,1.0119952310386806,3.0,1.3309018901670873,-0.25,1.458874315704336
t_up,0.05,scene-1094_004,0.1054147465437788,1101,0.32414042949676514,1.138074488965865,3.0,1.2503268890640895,-0.25,1.388665662958703
t_up,0.1,scene-1094_004,0.10650921658986175,1101,0.36716994643211365,1.2891534382122547,0.0,1.2992826735052376,0.0,1.3716120727718697
t_up,0.2,scene-1094_004,0.11391129032258064,1101,0.3478442132472992,1.2212997491419197,0.0,1.1648657647053422,0.0,1.2624986032889585
none,0.0,scene-1094_005,0.10209484346224677,1108,0.35015562176704407,1.0,-0.25,1.2812215730071943,-1.25,1.349953382473193
yaw,0.25,scene-1094_005,0.10209484346224677,1108,0.31971484422683716,0.9130650041070626,-0.5,1.279150532429816,-0.75,1.2110187842585771
yaw,0.5,scene-1094_005,0.102152394106814,1108,0.2664376497268677,0.7609121006891235,-0.75,1.2639920806830676,-0.5,1.222042499892246
yaw,1.0,scene-1094_005,0.102152394106814,1108,0.26331856846809387,0.7520044006127017,-1.25,1.2302620066782644,1.0,1.2708439889241234
yaw,2.0,scene-1094_005,0.10226749539594844,1108,0.28936293721199036,0.8263838111515496,-2.25,1.211636854132625,-0.5,1.2806259327690137
yaw,3.0,scene-1094_005,0.10269912523020258,1108,0.2783036231994629,0.7947998144225604,-3.25,1.1978728113212864,-0.5,1.3940604620446344
pitch,0.25,scene-1094_005,0.10016689686924493,1108,0.323403924703598,0.9236005495829401,-0.25,1.232727030190683,-1.5,1.3593110191281923
pitch,0.5,scene-1094_005,0.09970649171270718,1108,0.3000933527946472,0.8570285157217813,1.0,1.1768052844884596,-1.75,1.3775041359977347
pitch,1.0,scene-1094_005,0.09861302946593002,1108,0.27569088339805603,0.7873381612632543,1.0,1.2756170341236621,-2.25,1.404265300273623
pitch,2.0,scene-1094_005,0.09446938305709024,1108,0.2754189372062683,0.786561517465804,0.5,1.1546483450327603,-3.25,1.4985993505109176
pitch,3.0,scene-1094_005,0.09021063535911603,1108,0.256551057100296,0.7326772473496871,0.0,1.3162765585593355,-3.5,1.5035071585772721
roll,0.25,scene-1094_005,0.102152394106814,1108,0.34620943665504456,0.9887301963278919,-0.25,1.285308069579641,-0.5,1.3078624782154045
roll,0.5,scene-1094_005,0.10220994475138122,1108,0.3517465591430664,1.00454351516047,1.25,1.1966661769275049,-0.75,1.3003138195912285
roll,1.0,scene-1094_005,0.10226749539594844,1108,0.3488481342792511,0.9962659817335081,1.25,1.1769296211040743,-1.25,1.304250259996571
roll,2.0,scene-1094_005,0.10223872007366483,1108,0.32671472430229187,0.9330557728976082,-0.5,1.3240123664880235,-0.75,1.2718792973141273
roll,3.0,scene-1094_005,0.10229627071823204,1108,0.2860219180583954,0.8168422846247594,-0.5,1.3973720413426038,-1.25,1.2829941849097732
t_fwd,0.02,scene-1094_005,0.10249769797421732,1108,0.3447842299938202,0.9846599870477093,-0.25,1.2863060427790514,-0.75,1.3400200041998829
t_fwd,0.05,scene-1094_005,0.1030732044198895,1108,0.3485879898071289,0.9955230421490759,-0.25,1.3104868147453728,-0.75,1.3462994476995627
t_fwd,0.1,scene-1094_005,0.10402279005524862,1108,0.3175886869430542,0.9069929688415616,-0.25,1.35357775116489,-1.25,1.2541895187239027
t_fwd,0.2,scene-1094_005,0.10701542357274402,1108,0.31517401337623596,0.9000969677017463,-0.25,1.2959029796641572,-0.75,1.3100304201065118
t_left,0.02,scene-1094_005,0.10200851749539595,1108,0.3566385805606842,1.0185145072380224,0.0,1.2682086068119396,-4.0,1.297678638715503
t_left,0.05,scene-1094_005,0.102152394106814,1108,0.351894348859787,1.0049655838280378,-0.25,1.2479294831718135,-1.25,1.2412379071667778
t_left,0.1,scene-1094_005,0.10195096685082873,1108,0.30439090728759766,0.8693017857360196,-0.25,1.2603300754646283,-1.75,1.25218961895035
t_left,0.2,scene-1094_005,0.10160566298342541,1108,0.3010844886302948,0.8598590738337597,-0.5,1.1756819008239774,-0.5,1.242404078496096
t_up,0.02,scene-1094_005,0.10292932780847146,1108,0.3442939519882202,0.9832598153094239,-0.25,1.4231656029787754,-0.75,1.3179622717076651
t_up,0.05,scene-1094_005,0.10382136279926335,1108,0.3677093982696533,1.050131357063539,-0.25,1.3980346640776888,-0.25,1.2872334957343392
t_up,0.1,scene-1094_005,0.10471339779005524,1108,0.3770560026168823,1.0768240724340987,-0.25,1.3958397984153228,-0.5,1.3733538014528974
t_up,0.2,scene-1094_005,0.1120798802946593,1108,0.3723108172416687,1.063272425451345,0.0,1.179066754944011,-3.75,1.260692434642483
none,0.0,scene-1094_006,0.1038399446494465,1141,0.3391376733779907,1.0,0.75,1.1541137270552253,-1.0,1.3008510475400852
yaw,0.25,scene-1094_006,0.10398408671586716,1141,0.31284263730049133,0.9224650101075857,0.5,1.1541137270552253,-2.0,1.3241405340906303
yaw,0.5,scene-1094_006,0.10427237084870848,1141,0.31740859150886536,0.9359284338637692,0.25,1.1541137270552253,-2.0,1.3042413510923747
yaw,1.0,scene-1094_006,0.10461831180811808,1141,0.34359607100486755,1.0131462765031936,-0.25,1.1541137270552253,-2.0,1.3355095257939666
yaw,2.0,scene-1094_006,0.10484893911439114,1141,0.26693910360336304,0.7871113254523106,-1.25,1.1541137270552253,-2.0,1.5375886723458243
yaw,3.0,scene-1094_006,0.10467596863468635,1141,0.3365163803100586,0.9922707110601348,-2.25,1.1686902291098993,0.25,1.2750952988849302
pitch,0.25,scene-1094_006,0.10202375461254612,1141,0.37952110171318054,1.1190767983189527,0.0,1.2571945342025004,-1.25,1.3008510475400852
pitch,0.5,scene-1094_006,0.1016489852398524,1141,0.32344263792037964,0.9537207550512444,-0.5,1.2296077717137737,-1.5,1.362220696752787
pitch,1.0,scene-1094_006,0.10043819188191883,1141,0.2670034170150757,0.7873009635160267,0.75,1.1275777624731964,-2.0,1.3783625707852363
pitch,2.0,scene-1094_006,0.09645987084870848,1141,0.27016204595565796,0.7966146705693324,0.75,1.1808178275370564,-3.0,1.5369374572951706
pitch,3.0,scene-1094_006,0.0919914667896679,1141,0.21634984016418457,0.6379410403132912,-1.25,1.2365795618036486,-4.0,1.6941982178294874
roll,0.25,scene-1094_006,0.10386877306273062,1141,0.34165704250335693,1.0074287503958848,0.75,1.208077548184255,-1.0,1.3865604884921134
roll,0.5,scene-1094_006,0.1039264298892989,1141,0.3248831033706665,0.9579681907192995,-0.25,1.2331658293541718,-1.0,1.505310557955294
roll,1.0,scene-1094_006,0.1040129151291513,1141,0.3332534432411194,0.982649435321469,-0.25,1.2021919115836917,-1.0,1.2749209538799324
roll,2.0,scene-1094_006,0.10409940036900368,1141,0.3773275315761566,1.112608716742598,-0.5,1.1866661142334716,-1.0,1.4580177080066787
roll,3.0,scene-1094_006,0.10412822878228782,1141,0.2984713017940521,0.8800888996528164,2.5,1.1614989820901784,-2.0,1.3130180773207483
t_fwd,0.02,scene-1094_006,0.10415705719557196,1141,0.33871421217918396,0.9987513590142054,3.0,1.1427020820083102,-1.0,1.3296883587016666
t_fwd,0.05,scene-1094_006,0.10470479704797048,1141,0.3349456489086151,0.9876391660424487,3.0,1.1849105214202842,-1.0,1.394640356872914
t_fwd,0.1,scene-1094_006,0.10571379151291513,1141,0.31887340545654297,0.940247664850664,3.0,1.235092600693959,-1.0,1.4375466399724204
t_fwd,0.2,scene-1094_006,0.10776060885608855,1141,0.31592488288879395,0.9315534890064406,3.0,1.2729589804941983,-1.0,1.4093744513259494
t_left,0.02,scene-1094_006,0.10381111623616236,1141,0.31639447808265686,0.9329381632279315,1.0,1.23226024122669,-1.0,1.3284899870124034
t_left,0.05,scene-1094_006,0.1040129151291513,1141,0.3266048729419708,0.9630450951933869,3.0,1.1759922735992379,-1.0,1.3770278274059682
t_left,0.1,scene-1094_006,0.10404174354243542,1141,0.3441452085971832,1.0147654938164634,2.75,1.2226235908954886,-2.0,1.334433875238239
t_left,0.2,scene-1094_006,0.10409940036900368,1141,0.30532315373420715,0.9002926472102817,1.25,1.1870935236603333,-2.0,1.411561094368087
t_up,0.02,scene-1094_006,0.10473362546125461,1141,0.32800599932670593,0.9671765335286775,1.0,1.2209477240413138,-1.0,1.3956778472075673
t_up,0.05,scene-1094_006,0.10568496309963099,1141,0.34573084115982056,1.0194409772177724,1.0,1.305758322081596,-0.75,1.509764823633565
t_up,0.1,scene-1094_006,0.10675161439114392,1141,0.3469674587249756,1.0230873357978665,0.25,1.2875484754213633,-0.5,1.3684085930561438
t_up,0.2,scene-1094_006,0.11401637453874539,1141,0.3881414532661438,1.1444952411215465,0.0,1.2742147316548955,-0.5,1.323687747947743
none,0.0,scene-1094_007,0.1059331797235023,1187,0.39381644129753113,1.0,-0.25,1.3008921809171594,-0.25,1.3041686652325317
yaw,0.25,scene-1094_007,0.10596198156682028,1187,0.34955593943595886,0.8876113406648425,-0.5,1.3008921809171594,-0.25,1.3540489045676893
yaw,0.5,scene-1094_007,0.10587557603686636,1187,0.32559287548065186,0.8267630330717048,-0.75,1.3008921809171594,-0.25,1.3563949981287686
yaw,1.0,scene-1094_007,0.1059331797235023,1187,0.30500391125679016,0.7744824219422508,-1.25,1.2903954154571373,-0.25,1.301312492797038
yaw,2.0,scene-1094_007,0.10601958525345623,1187,0.3013710379600525,0.7652576336506086,-2.25,1.2705674174395316,-1.25,1.3285453487086296
yaw,3.0,scene-1094_007,0.1060483870967742,1187,0.31998729705810547,0.8125290452674443,-3.25,1.2342815846699353,-1.5,1.3183692522984134
pitch,0.25,scene-1094_007,0.10403225806451613,1187,0.3560201823711395,0.9040256958245269,-0.25,1.2107349392718008,-0.5,1.3108195992090774
pitch,0.5,scene-1094_007,0.10362903225806451,1187,0.3861692547798157,0.9805818505379821,0.0,1.3400202197114885,-0.75,1.3108195992090774
pitch,1.0,scene-1094_007,0.10244815668202766,1187,0.31348833441734314,0.7960265279541756,-3.5,1.1674258635749941,-1.25,1.3778376206021936
pitch,2.0,scene-1094_007,0.09807027649769585,1187,0.3049635887145996,0.7743800327630238,1.75,1.1834241836308572,-2.25,1.5032386990501032
pitch,3.0,scene-1094_007,0.09360599078341014,1187,0.2414485216140747,0.6130991403471107,1.75,1.2501107280932466,-3.25,1.7046678956966048
roll,0.25,scene-1094_007,0.10590437788018434,1187,0.3926430642604828,0.9970204975871948,-0.25,1.2996114442511655,-0.75,1.3225363458580686
roll,0.5,scene-1094_007,0.10590437788018434,1187,0.3908337652683258,0.9924262277639346,-0.25,1.26572221350425,-0.5,1.333963696486762
roll,1.0,scene-1094_007,0.10610599078341014,1187,0.3856988549232483,0.9793873857893355,-0.25,1.3304412195406297,-0.75,1.3464326009287442
roll,2.0,scene-1094_007,0.10601958525345623,1187,0.36081016063690186,0.9161886676140756,-0.25,1.1696266492052083,-4.0,1.2247239660667644
roll,3.0,scene-1094_007,0.10601958525345623,1187,0.3463858664035797,0.8795617198264273,3.0,1.1831281490739491,-4.0,1.2160939695130824
t_fwd,0.02,scene-1094_007,0.10627880184331798,1187,0.39126068353652954,0.9935102817125131,-0.25,1.286918119970966,-0.25,1.3346357115740293
t_fwd,0.05,scene-1094_007,0.10685483870967742,1187,0.37864598631858826,0.9614783605048082,-0.25,1.3148745612116313,-0.25,1.3268310912942445
t_fwd,0.1,scene-1094_007,0.10769009216589862,1187,0.38840895891189575,0.9862690283630134,-0.25,1.2968961245474229,-0.25,1.3486422491296919
t_fwd,0.2,scene-1094_007,0.11146313364055299,1187,0.38424310088157654,0.975690856419268,-0.25,1.1794344624544477,-0.25,1.3368873532039642
t_left,0.02,scene-1094_007,0.1059331797235023,1187,0.37073180079460144,0.9413822327303774,-0.25,1.2448371056968381,-0.25,1.3401300502204405
t_left,0.05,scene-1094_007,0.1060483870967742,1187,0.3675422966480255,0.9332832713562222,-0.25,1.173736357897086,-0.25,1.3851904745939247
t_left,0.1,scene-1094_007,0.1059331797235023,1187,0.3704838454723358,0.9407526111700162,-0.25,1.2177826800384772,-0.25,1.2456917194545198
t_left,0.2,scene-1094_007,0.10596198156682028,1187,0.33860671520233154,0.859808478505121,-0.5,1.2194188646830648,-0.25,1.3744843903582136
t_up,0.02,scene-1094_007,0.10671082949308756,1187,0.4099460244178772,1.0409571095284975,-0.25,1.3508795696432327,-0.75,1.3162632379475987
t_up,0.05,scene-1094_007,0.1076036866359447,1187,0.41970008611679077,1.0657251503618772,-0.25,1.254984254498205,-0.25,1.3112976922530977
t_up,0.1,scene-1094_007,0.10858294930875576,1187,0.462795227766037,1.1751546640390056,0.0,1.3294549081382805,0.0,1.3608132860427533
t_up,0.2,scene-1094_007,0.11647465437788018,1187,0.39752623438835144,1.0094201071915572,-0.25,1.2288679989225835,0.25,1.2544970149999375
none,0.0,scene-1094_008,0.10491482504604052,1278,0.3865707814693451,1.0,-0.25,1.2157639788387862,-0.25,1.210742202931287
yaw,0.25,scene-1094_008,0.105173802946593,1278,0.39439815282821655,1.0202482229234187,-0.5,1.2157639788387862,0.25,1.1732681966177705
yaw,0.5,scene-1094_008,0.10502992633517495,1278,0.3885817229747772,1.0052020007766458,-0.75,1.2111546251677758,-1.0,1.2116765271157872
yaw,1.0,scene-1094_008,0.10508747697974218,1278,0.3265385329723358,0.844705675196588,-1.25,1.2111546251677758,-1.0,1.2401300643876163
yaw,2.0,scene-1094_008,0.10494360036832412,1278,0.3104458749294281,0.8030764088000436,-2.25,1.2111546251677758,-2.5,1.2703415320379257
yaw,3.0,scene-1094_008,0.10511625230202579,1278,0.33029988408088684,0.8544357202203071,-3.25,1.219137382703698,0.75,1.1914310126274066
pitch,0.25,scene-1094_008,0.10290055248618785,1278,0.387176513671875,1.0015669373671428,0.25,1.2196693447116533,-0.5,1.210742202931287
pitch,0.5,scene-1094_008,0.10252647329650091,1278,0.3557058274745941,0.9201570437438802,4.0,1.1651669445121444,-0.75,1.219726066098407
pitch,1.0,scene-1094_008,0.10134668508287292,1278,0.32488149404525757,0.8404191667316184,2.0,1.1131473727117274,-1.25,1.2769523938171783
pitch,2.0,scene-1094_008,0.09703038674033149,1278,0.33278608322143555,0.8608671404406837,-0.25,1.2033498356348957,-2.25,1.3505865123451894
pitch,3.0,scene-1094_008,0.09271408839779005,1278,0.24788694083690643,0.6412459314557993,-0.25,1.316182333991444,-3.25,1.6193779420509813
roll,0.25,scene-1094_008,0.10502992633517495,1278,0.3734988570213318,0.966184913411388,0.25,1.254496138203359,-0.25,1.2169525038767166
roll,0.5,scene-1094_008,0.10508747697974218,1278,0.3886406719684601,1.0053544928854876,0.25,1.2632184247421196,-0.5,1.2237453638396345
roll,1.0,scene-1094_008,0.105173802946593,1278,0.39740097522735596,1.028016069183619,-0.25,1.2320065492949337,-2.75,1.2409718893063069
roll,2.0,scene-1094_008,0.105173802946593,1278,0.3156134784221649,0.816444215526395,-0.5,1.179772998029624,-2.5,1.2131185410899323
roll,3.0,scene-1094_008,0.10528890423572744,1278,0.3600364327430725,0.9313596629693113,-0.25,1.1404453620394472,-2.0,1.174690398690902
t_fwd,0.02,scene-1094_008,0.10531767955801105,1278,0.3831689655780792,0.9912000180708546,0.25,1.202057482133464,-0.25,1.1980420967145133
t_fwd,0.05,scene-1094_008,0.10595073664825046,1278,0.3819504678249359,0.9880479491314695,-0.25,1.183107775003578,-0.25,1.2056361733669807
t_fwd,0.1,scene-1094_008,0.10669889502762431,1278,0.3803630471229553,0.9839415324593485,0.25,1.171733509598632,-2.5,1.2258902015839763
t_fwd,0.2,scene-1094_008,0.1100080570902394,1278,0.36215460300445557,0.9368390482796338,-0.25,1.222058765771102,-2.5,1.2818836213470401
t_left,0.02,scene-1094_008,0.10500115101289134,1278,0.3857148587703705,0.997785857752308,-0.25,1.1962262459576645,-2.5,1.2028752679257293
t_left,0.05,scene-1094_008,0.10500115101289134,1278,0.3771934509277344,0.9757422676748415,-0.25,1.1597293074905117,-2.5,1.179769592127752
t_left,0.1,scene-1094_008,0.10502992633517495,1278,0.4025040864944458,1.0412170443004996,-0.5,1.3393567231653465,0.25,1.1639364831406789
t_left,0.2,scene-1094_008,0.10500115101289134,1278,0.3680190145969391,0.9520093919103476,-0.75,1.2922453585493228,-2.5,1.1288519923410036
t_up,0.02,scene-1094_008,0.10574930939226519,1278,0.41430363059043884,1.0717406758360835,-0.25,1.2451302436586174,-0.25,1.195529776669712
t_up,0.05,scene-1094_008,0.10672767034990792,1278,0.39804816246032715,1.0296902444291234,0.25,1.2565221992345166,-0.25,1.1694374645167993
t_up,0.1,scene-1094_008,0.10761970534069981,1278,0.4387071430683136,1.1348688625684529,0.25,1.2744533910376243,0.0,1.239804768616903
t_up,0.2,scene-1094_008,0.11524516574585636,1278,0.40466323494911194,1.046802433983753,0.0,1.2056946511296058,-1.5,1.1513142575346431
none,0.0,scene-1094_009,0.10426267281105991,1264,0.34383824467658997,1.0,-0.25,1.2424179024747797,-2.25,1.276464417483796
yaw,0.25,scene-1094_009,0.10423387096774193,1264,0.376149445772171,1.0939720976239062,-0.5,1.2472688205259974,-0.5,1.335476807293622
yaw,0.5,scene-1094_009,0.10437788018433179,1264,0.3381239175796509,0.9833807693431139,-0.75,1.2472688205259974,-2.25,1.269151779946764
yaw,1.0,scene-1094_009,0.10463709677419354,1264,0.3223659098148346,0.93755105723637,-1.25,1.2472688205259974,-2.25,1.2928540125918324
yaw,2.0,scene-1094_009,0.10472350230414747,1264,0.3573230803012848,1.0392185448636713,-2.25,1.2674125255072246,0.75,1.151185774675671
yaw,3.0,scene-1094_009,0.10486751152073732,1264,0.33430200815200806,0.9722653408332992,-3.25,1.271919290057222,-2.25,1.2115484410875648
pitch,0.25,scene-1094_009,0.10224654377880184,1264,0.33308276534080505,0.9687193629495713,-1.75,1.209690303929993,-2.5,1.276464417483796
pitch,0.5,scene-1094_009,0.10178571428571428,1264,0.37229257822036743,1.0827549988528509,-0.25,1.1402538188087488,-2.75,1.2838976092309244
pitch,1.0,scene-1094_009,0.1006336405529954,1264,0.31508591771125793,0.9163783336772903,2.5,1.1268204388025675,-3.25,1.2838976092309244
pitch,2.0,scene-1094_009,0.09648617511520738,1264,0.3282342255115509,0.9546181397601189,2.25,1.1157249539285454,-2.75,1.3123070379783273
pitch,3.0,scene-1094_009,0.09216589861751152,1264,0.2715483605861664,0.7897561274534235,1.25,1.167730448433417,-3.75,1.4265995512122556
roll,0.25,scene-1094_009,0.10423387096774193,1264,0.36127492785453796,1.0507118781808251,0.25,1.2058108564610788,-2.25,1.3404702434681537
roll,0.5,scene-1094_009,0.10434907834101383,1264,0.3692193925380707,1.0738171167822064,-1.5,1.142631561778342,-2.25,1.2507048235813034
roll,1.0,scene-1094_009,0.10440668202764977,1264,0.4095591604709625,1.1911390510272901,0.0,1.1736588308731024,-1.0,1.25625431903931
roll,2.0,scene-1094_009,0.10437788018433179,1264,0.42975905537605286,1.2498873002922608,0.0,1.2095560348750356,-0.25,1.2753016933457497
roll,3.0,scene-1094_009,0.10455069124423963,1264,0.40191972255706787,1.168920935293596,0.25,1.18029397105948,-0.25,1.1847991452465367
t_fwd,0.02,scene-1094_009,0.10455069124423963,1264,0.353829950094223,1.0290593195269222,-0.25,1.2256790316641122,-0.75,1.2753971052258868
t_fwd,0.05,scene-1094_009,0.10515552995391705,1264,0.3452691435813904,1.004161546677701,-0.25,1.210614238623809,-0.75,1.2849043217588547
t_fwd,0.1,scene-1094_009,0.10622119815668203,1264,0.35353630781173706,1.0282053066675843,-0.25,1.2035175808909762,-2.25,1.2652412141466094
t_fwd,0.2,scene-1094_009,0.1089573732718894,1264,0.3872017562389374,1.1261160218030273,0.0,1.166253120669975,-2.25,1.329427378911222
t_left,0.02,scene-1094_009,0.10417626728110599,1264,0.34395265579223633,1.0003327469163705,-0.25,1.1985736497811972,-1.0,1.2667905346087924
t_left,0.05,scene-1094_009,0.10426267281105991,1264,0.3668905198574066,1.0670439531893823,-0.25,1.1919723865383658,-2.25,1.2619650861292975
t_left,0.1,scene-1094_009,0.10432027649769585,1264,0.4093388319015503,1.1904982596876894,0.0,1.2622414417222707,-1.0,1.2812329880753306
t_left,0.2,scene-1094_009,0.10414746543778802,1264,0.3432806134223938,0.998378216318779,-0.75,1.302473001262172,-2.25,1.1856956648600954
t_up,0.02,scene-1094_009,0.10509792626728111,1264,0.34960880875587463,1.016782787164099,-0.25,1.2651488272790086,-0.25,1.2586667312012003
t_up,0.05,scene-1094_009,0.10607718894009216,1264,0.3752983510494232,1.0914968211358345,0.25,1.353843410039726,-2.0,1.264958693690806
t_up,0.1,scene-1094_009,0.10702764976958526,1264,0.3913600444793701,1.138209755716612,-0.25,1.2795571414863887,-2.0,1.3090290130425604
t_up,0.2,scene-1094_009,0.11451612903225807,1264,0.39356523752212524,1.1446232163391477,0.25,1.244022248594228,-2.0,1.2041501069775546
none,0.0,scene-1094_010,0.10355166051660517,1232,0.37356069684028625,1.0,-1.5,1.1163608688899243,-0.25,1.290169493481804
yaw,0.25,scene-1094_010,0.1035804889298893,1232,0.3366130292415619,0.9010932683463723,-1.75,1.1146707461867045,-2.0,1.1911427679936204
yaw,0.5,scene-1094_010,0.10360931734317343,1232,0.33310720324516296,0.8917083784849589,-2.0,1.1136320515377838,-2.0,1.3031543811005926
yaw,1.0,scene-1094_010,0.10378228782287822,1232,0.35080423951148987,0.9390823030332718,-2.5,1.1122190873136297,-2.0,1.1960064410089737
yaw,2.0,scene-1094_010,0.10404174354243542,1232,0.36439797282218933,0.9754719270640658,-3.5,1.1080207564107973,0.0,1.3262609421541407
yaw,3.0,scene-1094_010,0.10430119926199262,1232,0.3416137397289276,0.9144798760105713,3.5,1.1121251560826684,-2.0,1.3276435992988502
pitch,0.25,scene-1094_010,0.1014760147601476,1232,0.3797156810760498,1.0164765305553412,0.0,1.3198866159664384,-0.5,1.290169493481804
pitch,0.5,scene-1094_010,0.10110124538745388,1232,0.34692469239234924,0.9286969837211619,-1.75,1.154624017088873,-0.75,1.3150361117887122
pitch,1.0,scene-1094_010,0.09983279520295203,1232,0.3014201521873474,0.8068840077044237,-1.75,1.1242863886561991,-1.25,1.3703799354200947
pitch,2.0,scene-1094_010,0.0957679889298893,1232,0.2654540538787842,0.7106048792715406,3.25,1.138263155701316,-2.25,1.4910905177064873
pitch,3.0,scene-1094_010,0.09135724169741698,1232,0.27701881527900696,0.7415630649105593,0.5,1.1936240497895658,-3.25,1.6227917267115304
roll,0.25,scene-1094_010,0.10360931734317343,1232,0.35598015785217285,0.952937931809165,1.75,1.146405566859819,-0.25,1.3167584404805321
roll,0.5,scene-1094_010,0.10363814575645756,1232,0.3639827072620392,0.9743602855994723,0.0,1.1562847130867668,-0.25,1.2729799096381615
roll,1.0,scene-1094_010,0.10363814575645756,1232,0.3923262655735016,1.0502343230750488,0.0,1.2081669547060085,0.0,1.2326540056127429
roll,2.0,scene-1094_010,0.10363814575645756,1232,0.36980140209198,0.9899365892073129,0.0,1.2223093234154867,-0.25,1.23765230001162
roll,3.0,scene-1094_010,0.1035804889298893,1232,0.29307207465171814,0.784536695457069,-1.5,1.1663739708427798,-0.5,1.179322539139486
t_fwd,0.02,scene-1094_010,0.1040129151291513,1232,0.36422568559646606,0.975010724300551,-1.5,1.1281797127545268,-0.25,1.2899224297351715
t_fwd,0.05,scene-1094_010,0.10447416974169742,1232,0.35518544912338257,0.9508105433137686,-1.5,1.104181317508496,-0.25,1.314332126478824
t_fwd,0.1,scene-1094_010,0.10554082103321033,1232,0.324629008769989,0.8690127508483108,1.75,1.1417198088732943,-0.25,1.2823096895919106
t_fwd,0.2,scene-1094_010,0.10822186346863469,1232,0.3064582049846649,0.8203705785346294,3.25,1.123468366150628,-0.5,1.1932800780657837
t_left,0.02,scene-1094_010,0.10346517527675277,1232,0.356844037771225,0.9552504875099096,-1.75,1.135337535620365,-0.25,1.222083845160359
t_left,0.05,scene-1094_010,0.1034940036900369,1232,0.32362017035484314,0.8663121497848718,-1.75,1.1200323719334622,-2.0,1.2896721372637783
t_left,0.1,scene-1094_010,0.10346517527675277,1232,0.30607783794403076,0.8193523583528719,1.75,1.1288662591227834,-2.0,1.2450327833996202
t_left,0.2,scene-1094_010,0.10326337638376384,1232,0.34019404649734497,0.9106794407838708,2.75,1.1146036028465407,-2.0,1.2801179455724392
t_up,0.02,scene-1094_010,0.10441651291512916,1232,0.3986458480358124,1.067151473395637,0.0,1.2228729847464677,-0.75,1.2222892853510945
t_up,0.05,scene-1094_010,0.10536785055350553,1232,0.3896523416042328,1.0430763859797232,0.0,1.2929747244907586,-0.75,1.2855785770560533
t_up,0.1,scene-1094_010,0.10626153136531365,1232,0.373945415019989,1.0010298679249634,0.0,1.2451028042465286,-0.5,1.2806135262141565
t_up,0.2,scene-1094_010,0.11384340405904059,1232,0.38115033507347107,1.020317014871695,0.0,1.3581469758827787,-0.25,1.2507907531085545
none,0.0,scene-1094_011,0.10260032287822879,1276,0.2735407054424286,1.0,-0.5,1.1566026913984238,-1.25,1.3284601313853903
yaw,0.25,scene-1094_011,0.10283095018450185,1276,0.23672141134738922,0.8653973856085246,-0.75,1.1566026913984238,-2.5,1.3349175563382154
yaw,0.5,scene-1094_011,0.10283095018450185,1276,0.229783296585083,0.8400332821158308,-1.0,1.155691705849983,-1.25,1.2487369702503233
yaw,1.0,scene-1094_011,0.10317689114391145,1276,0.26234784722328186,0.9590815626469806,-1.5,1.152853629483353,-2.5,1.2488314833009924
yaw,2.0,scene-1094_011,0.1037534594095941,1276,0.27026090025901794,0.9880098094427817,-2.5,1.1525941784660025,-1.25,1.1841752935883045
yaw,3.0,scene-1094_011,0.10395525830258302,1276,0.2458619922399521,0.8988131833698807,-3.5,1.1401838158674364,-3.5,1.2721915380459052
pitch,0.25,scene-1094_011,0.10055350553505535,1276,0.2630382180213928,0.9616053946923588,3.25,1.1726280948198964,-1.5,1.347257038096474
pitch,0.5,scene-1094_011,0.10009225092250923,1276,0.22894445061683655,0.8369666600315977,3.75,1.2976484944548516,-1.75,1.3676131003755014
pitch,1.0,scene-1094_011,0.09905442804428044,1276,0.19770310819149017,0.7227557151749038,3.75,1.1502935479839633,-2.25,1.3929956410220115
pitch,2.0,scene-1094_011,0.09478782287822879,1276,0.21800895035266876,0.7969890623776013,2.25,1.1970087472450648,-3.25,1.4219025498363014
pitch,3.0,scene-1094_011,0.09037707564575646,1276,0.20920154452323914,0.7647912736968109,1.5,1.1553897265116302,-4.0,1.3665071665366268
roll,0.25,scene-1094_011,0.10257149446494465,1276,0.2876020669937134,1.051405005805413,3.25,1.1480565989819314,-1.5,1.2457079499928667
roll,0.5,scene-1094_011,0.10257149446494465,1276,0.2719399333000183,0.9941479563715346,3.25,1.1689218138031825,-0.25,1.2498268726664998
roll,1.0,scene-1094_011,0.10262915129151291,1276,0.2578651010990143,0.9426937050627973,-0.75,1.18909266521728,-0.5,1.4263460789422755
roll,2.0,scene-1094_011,0.10257149446494465,1276,0.27502432465553284,1.0054237602798626,1.75,1.2241118131900834,-1.5,1.2471909600380204
roll,3.0,scene-1094_011,0.10245618081180811,1276,0.2908143103122711,1.0631482061944089,0.0,1.0839049466634305,-1.25,1.3403178113035465
t_fwd,0.02,scene-1094_011,0.10291743542435425,1276,0.2741691768169403,1.0022975424205887,1.25,1.161684108339663,-1.25,1.332487783658484
t_fwd,0.05,scene-1094_011,0.1034940036900369,1276,0.26864784955978394,0.9821128783201356,-0.5,1.209965036274793,-1.25,1.3058116838031473
t_fwd,0.1,scene-1094_011,0.10433002767527676,1276,0.2707001268863678,0.9896155179117989,-0.5,1.1706861041499046,-1.25,1.3076347850230705
t_fwd,0.2,scene-1094_011,0.10712638376383764,1276,0.26644715666770935,0.9740676665900747,-0.5,1.1271305677847425,-2.5,1.2286379507012632
t_left,0.02,scene-1094_011,0.10248500922509225,1276,0.25894472002983093,0.9466405360438407,1.5,1.1498623268347379,-1.25,1.3130889895098856
t_left,0.05,scene-1094_011,0.10262915129151291,1276,0.24333414435386658,0.8895719705054299,-0.5,1.1694325209669418,-1.25,1.3003722713499475
t_left,0.1,scene-1094_011,0.10262915129151291,1276,0.23644430935382843,0.8643843663830584,-1.25,1.1720019506632426,-1.25,1.3081017039000475
t_left,0.2,scene-1094_011,0.10285977859778597,1276,0.2511177957057953,0.9180271554086761,-1.5,1.2289032526877544,-1.25,1.3412199154398612
t_up,0.02,scene-1094_011,0.1034075184501845,1276,0.27388837933540344,1.0012710133667766,-2.0,1.0900482516892802,-1.25,1.3421923957081239
t_up,0.05,scene-1094_011,0.10435885608856088,1276,0.25674745440483093,0.938607853590068,-0.5,1.1326834940531223,-1.25,1.254196588797697
t_up,0.1,scene-1094_011,0.10528136531365313,1276,0.27020007371902466,0.9877874420262215,2.0,1.1138697919940375,-1.0,1.3668430727910887
t_up,0.2,scene-1094_011,0.11289206642066421,1276,0.24722281098365784,0.9037880142328221,2.0,1.1917055811381438,-0.75,1.192804319395001
none,0.0,scene-1094_012,0.09737569060773481,1315,0.23458988964557648,1.0,3.75,1.3443224909910605,-1.75,1.4151655054783976
yaw,0.25,scene-1094_012,0.09760589318600368,1315,0.2011214792728424,0.8573322557792287,3.5,1.3443224909910605,-1.75,1.3468078888597907
yaw,0.5,scene-1094_012,0.09772099447513811,1315,0.22465282678604126,0.9576407027832771,3.25,1.3443224909910605,-1.5,1.378032501724239
yaw,1.0,scene-1094_012,0.09838282688766115,1315,0.19230866432189941,0.8197653556700314,2.75,1.335793330593966,-1.5,1.3343549040605176
yaw,2.0,scene-1094_012,0.09953383977900553,1315,0.19023564457893372,0.8109285735474188,1.75,1.3341439662801953,-1.5,1.3897281776795505
yaw,3.0,scene-1094_012,0.10010934622467772,1315,0.20911385118961334,0.8914018055319738,0.75,1.3300622617564002,-1.25,1.4286052495872748
pitch,0.25,scene-1094_012,0.09544774401473297,1315,0.19904986023902893,0.8485014445411855,3.75,1.4202247305313902,-2.0,1.4151655054783976
pitch,0.5,scene-1094_012,0.09510244014732964,1315,0.1739274561405182,0.7414107078667865,2.25,1.390815929749765,-2.25,1.4151655054783976
pitch,1.0,scene-1094_012,0.09380755064456722,1315,0.19203731417655945,0.818608655584832,2.5,1.1172030122514098,-2.75,1.4810899783495588
pitch,2.0,scene-1094_012,0.08969267955801105,1315,0.14829903841018677,0.6321629573816681,1.25,1.2847449710532874,-3.75,1.4979201584352932
pitch,3.0,scene-1094_012,0.08537638121546962,1315,0.12005221843719482,0.5117535909947881,2.25,1.3934793898219242,-3.25,1.6196623252392943
roll,0.25,scene-1094_012,0.09743324125230203,1315,0.22859852015972137,0.9744602399749325,3.25,1.1505299430706541,-0.5,1.3848570706984578
roll,0.5,scene-1094_012,0.09740446593001842,1315,0.2231602519750595,0.951278217114194,3.25,1.4150753514739827,-1.25,1.4940186707124687
roll,1.0,scene-1094_012,0.0973469152854512,1315,0.24423769116401672,1.0411262460330937,0.0,1.2287582179531313,-1.5,1.492913335602185
roll,2.0,scene-1094_012,0.0973469152854512,1315,0.19201809167861938,0.8185267147221242,3.0,1.187146966749473,-1.75,1.506868300642352
roll,3.0,scene-1094_012,0.09728936464088397,1315,0.20456591248512268,0.8720150420556714,0.5,1.21371412449094,-1.25,1.3673814584191752
t_fwd,0.02,scene-1094_012,0.09774976979742173,1315,0.23169666528701782,0.9876668838417129,3.75,1.339381692440465,-1.75,1.4134284287042485
t_fwd,0.05,scene-1094_012,0.09823895027624309,1315,0.23496702313423157,1.0016076289102862,3.75,1.2655229314150298,-1.75,1.414004606864701
t_fwd,0.1,scene-1094_012,0.09921731123388582,1315,0.23712864518165588,1.0108221012419376,4.0,1.3075451750297455,-1.75,1.498156933955335
t_fwd,0.2,scene-1094_012,0.10149056169429098,1315,0.2375592291355133,1.0126575765665902,4.0,1.2839345626196974,-1.75,1.4227071664433575
t_left,0.02,scene-1094_012,0.0973469152854512,1315,0.2307012975215912,0.9834238716346205,4.0,1.2227472951219975,-1.75,1.4051267371206413
t_left,0.05,scene-1094_012,0.09746201657458564,1315,0.23855294287204742,1.0168935380482869,3.75,1.2474140306862493,-1.5,1.406317662606744
t_left,0.1,scene-1094_012,0.09743324125230203,1315,0.20259502530097961,0.863613626346236,3.25,1.222449301850333,-1.75,1.3247858497833318
t_left,0.2,scene-1094_012,0.09774976979742173,1315,0.1965303272008896,0.8377612841619555,3.0,1.2837088402508028,-1.5,1.3934035506768336
t_up,0.02,scene-1094_012,0.09821017495395948,1315,0.2233419269323349,0.9520526535468548,3.75,1.17467159035222,-0.25,1.5008354569377944
t_up,0.05,scene-1094_012,0.09921731123388582,1315,0.21467287838459015,0.9150985948666527,2.0,1.2390782114751742,-0.25,1.5346199679142312
t_up,0.1,scene-1094_012,0.10013812154696132,1315,0.2519618570804596,1.074052498430896,0.0,1.3842706258187676,-1.5,1.4628083605031845
t_up,0.2,scene-1094_012,0.1075621546961326,1315,0.20019672811031342,0.853390265082502,-0.5,1.2163383446986507,-0.5,1.3136518354095603
none,0.0,scene-1094_013,0.09141919889502763,1289,0.3207326829433441,1.0,-0.25,1.1971541030040915,-2.25,1.305438081970431
yaw,0.25,scene-1094_013,0.09147674953959484,1289,0.3119370937347412,0.9725765733386248,-0.5,1.1936048609945555,2.25,1.288703384898166
yaw,0.5,scene-1094_013,0.09153430018416206,1289,0.30277854204177856,0.9440214800163129,-0.75,1.1936048609945555,-0.5,1.4190756649457497
yaw,1.0,scene-1094_013,0.09170695211786371,1289,0.29393714666366577,0.9164552360745486,-1.25,1.1765442638231014,-2.5,1.4800976152252703
yaw,2.0,scene-1094_013,0.09216735727440148,1289,0.3138141632080078,0.9784290154908896,-2.25,1.1552403079919125,-2.25,1.356463038984571
yaw,3.0,scene-1094_013,0.09274286372007366,1289,0.2507937550544739,0.7819401276881265,-3.25,1.1548127657198872,-2.0,1.3532048514226238
pitch,0.25,scene-1094_013,0.08937615101289134,1289,0.30503445863723755,0.951055114926097,-0.25,1.1837611873006186,-2.5,1.305438081970431
pitch,0.5,scene-1094_013,0.08888697053406998,1289,0.26509034633636475,0.8265149154855281,-1.0,1.256982939741674,-2.75,1.305438081970431
pitch,1.0,scene-1094_013,0.08782228360957643,1289,0.2787015438079834,0.868952740488922,-2.25,1.1143176022795103,-3.25,1.319180142331767
pitch,2.0,scene-1094_013,0.08379373848987108,1289,0.2762047350406647,0.8611680372138903,0.5,1.2277262335231154,-2.5,1.2714204544688024
pitch,3.0,scene-1094_013,0.07936233885819521,1289,0.17124147713184357,0.5339071639359327,-3.5,1.2572351256254586,-3.5,1.42405510146801
roll,0.25,scene-1094_013,0.09141919889502763,1289,0.3252028822898865,1.0139374612699885,2.25,1.2120701408144006,-2.25,1.375521624586225
roll,0.5,scene-1094_013,0.0913616482504604,1289,0.3172241151332855,0.9890607724231261,2.25,1.1918597339908956,-2.25,1.2745665959843935
roll,1.0,scene-1094_013,0.09147674953959484,1289,0.2846958637237549,0.8876421982041819,2.5,1.1742118904340966,0.75,1.224259924411754
roll,2.0,scene-1094_013,0.09144797421731124,1289,0.27917036414146423,0.8704144572344015,-0.25,1.1333815504361298,2.75,1.2991067756224643
roll,3.0,scene-1094_013,0.09139042357274402,1289,0.31049132347106934,0.9680688622740581,-1.5,1.2246495131571287,-1.5,1.4227542617677102
t_fwd,0.02,scene-1094_013,0.0919371546961326,1289,0.3254440128803253,1.0146892729912824,-0.25,1.2133330950569565,-2.25,1.2984262401492144
t_fwd,0.05,scene-1094_013,0.09239755985267036,1289,0.3197738230228424,0.9970104078209233,-0.25,1.2225279382410166,-2.25,1.3148434146100616
t_fwd,0.1,scene-1094_013,0.09323204419889503,1289,0.31815433502197266,0.9919610689571449,-0.25,1.2312364575939732,-2.25,1.3517947547552687
t_fwd,0.2,scene-1094_013,0.09533264272559852,1289,0.3237207531929016,1.009316388408366,2.0,1.2691378554109014,-2.25,1.396946169869758
t_left,0.02,scene-1094_013,0.09141919889502763,1289,0.31981557607650757,0.9971405880485259,-0.25,1.1967237956607562,-2.25,1.2569402952910564
t_left,0.05,scene-1094_013,0.09147674953959484,1289,0.30997705459594727,0.9664654432822589,-0.25,1.1870582006724093,-2.25,1.3469011165760707
t_left,0.1,scene-1094_013,0.0913616482504604,1289,0.28382283449172974,0.8849202142017615,-0.25,1.18531334839199,-2.25,1.3117317951109844
t_left,0.2,scene-1094_013,0.09144797421731124,1289,0.28637269139289856,0.8928703141970876,-0.5,1.2608748656116153,-2.25,1.463809613287836
t_up,0.02,scene-1094_013,0.09228245856353591,1289,0.30250677466392517,0.9431741470430737,-0.25,1.1485299293083249,-2.25,1.4095284529020202
t_up,0.05,scene-1094_013,0.09326081952117864,1289,0.3091191053390503,0.9637904765497649,1.75,1.2012530471569136,-2.25,1.4681109117009346
t_up,0.1,scene-1094_013,0.09418162983425414,1289,0.2959288954734802,0.922665232485068,2.5,1.1654329206579965,-2.0,1.477693893163703
t_up,0.2,scene-1094_013,0.10123158379373849,1289,0.3079462945461273,0.9601338152386688,0.5,1.1444620945705544,-0.25,1.3392039961327746
none,0.0,scene-1094_014,0.08349654377880185,1284,0.25826025009155273,1.0,-0.25,1.3619972399414213,2.25,1.3431559751713111
yaw,0.25,scene-1094_014,0.0837557603686636,1284,0.2728098928928375,1.056337135877964,-0.5,1.356259711381721,0.25,1.3075667654784267
yaw,0.5,scene-1094_014,0.08361175115207373,1284,0.24103255569934845,0.9332932792170026,-0.75,1.3380180846203082,-0.75,1.2605392880441788
yaw,1.0,scene-1094_014,0.08392857142857142,1284,0.22151966392993927,0.8577381298570376,-1.25,1.3164727603924906,-0.5,1.342224750187744
yaw,2.0,scene-1094_014,0.0846774193548387,1284,0.20751403272151947,0.8035074412262676,-2.25,1.295418011879745,4.0,1.3866765053158363
yaw,3.0,scene-1094_014,0.08565668202764977,1284,0.2330138385295868,0.9022442998757411,-3.25,1.2793916456164005,1.25,1.3477316001578044
pitch,0.25,scene-1094_014,0.08173963133640554,1284,0.27538949251174927,1.0663255085291843,0.25,1.379526471228295,2.0,1.3431559751713111
pitch,0.5,scene-1094_014,0.08127880184331797,1284,0.2147463709115982,0.8315115114907193,3.0,1.2045977487843444,1.75,1.3431559751713111
pitch,1.0,scene-1094_014,0.0800979262672811,1284,0.2048213630914688,0.7930812543504471,1.0,1.2562930931185399,1.25,1.3431559751713111
pitch,2.0,scene-1094_014,0.07586405529953917,1284,0.22707116603851318,0.8792338966527637,-0.5,1.2270580514186766,0.25,1.3632562807404085
pitch,3.0,scene-1094_014,0.07165898617511521,1284,0.21484796702861786,0.8319048980726019,-2.25,1.27376591911004,-0.75,1.436737346777908
roll,0.25,scene-1094_014,0.08335253456221198,1284,0.28682801127433777,1.110616175631588,-0.25,1.2961523915037052,2.25,1.3559461199335567
roll,0.5,scene-1094_014,0.0834389400921659,1284,0.28617745637893677,1.108097185987729,0.0,1.3174415693193566,-2.0,1.4354345791859515
roll,1.0,scene-1094_014,0.08349654377880185,1284,0.23419198393821716,0.9068061533092939,0.25,1.3168683305502091,-2.0,1.4561391709971645
roll,2.0,scene-1094_014,0.08352534562211981,1284,0.22592005133628845,0.8747767078216654,-0.25,1.3844168972369797,-2.0,1.3281373030640746
roll,3.0,scene-1094_014,0.0836405529953917,1284,0.22060169279575348,0.854183687646669,0.5,1.1316562839850064,-0.5,1.289710199150524
t_fwd,0.02,scene-1094_014,0.08381336405529954,1284,0.25975868105888367,1.0058020193459882,-0.25,1.4088981358398842,2.25,1.3191179004328415
t_fwd,0.05,scene-1094_014,0.08433179723502304,1284,0.2733866572380066,1.0585704038507342,-0.25,1.4154553516657582,2.25,1.3598690646979936
t_fwd,0.1,scene-1094_014,0.08551267281105991,1284,0.2751260995864868,1.0653056344867442,-0.25,1.4019380145375702,2.25,1.4430240620097576
t_fwd,0.2,scene-1094_014,0.08732718894009217,1284,0.27237337827682495,1.0546469237146217,-0.25,1.4515810308819588,2.25,1.4179756308633906
t_left,0.02,scene-1094_014,0.08335253456221198,1284,0.26444298028945923,1.0239399218258123,0.25,1.3346372531660993,2.25,1.3803958628784976
t_left,0.05,scene-1094_014,0.08352534562211981,1284,0.26133614778518677,1.0119100701425932,-0.25,1.35218479912867,2.25,1.29929286943725
t_left,0.1,scene-1094_014,0.08361175115207373,1284,0.27745959162712097,1.0743410630507875,-0.5,1.2568844668444077,-0.5,1.3516378580893527
t_left,0.2,scene-1094_014,0.08372695852534562,1284,0.2580329179763794,0.9991197556918157,-0.5,1.3122309207913523,-0.25,1.3760306629580195
t_up,0.02,scene-1094_014,0.08441820276497695,1284,0.24670971930027008,0.9552756152478439,-0.25,1.2426576106895741,0.25,1.378537226877855
t_up,0.05,scene-1094_014,0.08551267281105991,1284,0.20873622596263885,0.8082398506492667,0.25,1.1900600797606982,0.25,1.5119243334799402
t_up,0.1,scene-1094_014,0.08649193548387096,1284,0.18880508840084076,0.731065227164884,1.25,1.27050821598239,0.5,1.4401839424667564
t_up,0.2,scene-1094_014,0.0930299539170507,1284,0.21847054362297058,0.845931743446865,2.25,1.199984286088461,0.75,1.4960700155123399
none,0.0,scene-1094_015,0.08129028545119706,1325,0.14012780785560608,1.0,0.25,1.2948891956443298,0.25,1.4519863777769615
yaw,0.25,scene-1094_015,0.08146293738489871,1325,0.16010507941246033,1.142564647678209,0.0,1.2531737651663957,0.5,1.569703115261832
yaw,0.5,scene-1094_015,0.08166436464088397,1325,0.1530832052230835,1.0924541500058806,-0.25,1.2448934546889148,0.5,1.4415827668194647
yaw,1.0,scene-1094_015,0.08149171270718232,1325,0.15448448061943054,1.1024541308647189,4.0,1.5474081540131384,-3.75,1.4062687909505132
yaw,2.0,scene-1094_015,0.0814341620626151,1325,0.15539149940013885,1.1089269273395126,3.0,1.3962544130334156,0.25,1.6919289696070994
yaw,3.0,scene-1094_015,0.08129028545119706,1325,0.1277596801519394,0.911736807326556,3.75,1.4283315254013638,-2.25,1.4006128890118328
pitch,0.25,scene-1094_015,0.07956376611418048,1325,0.17992033064365387,1.2839730628559591,2.0,1.5324366535737757,0.0,1.4695360529129173
pitch,0.5,scene-1094_015,0.07916091160220995,1325,0.17555885016918182,1.2528480453364792,0.25,1.405559361032128,-0.25,1.4767286719292436
pitch,1.0,scene-1094_015,0.07795234806629835,1325,0.11308085173368454,0.8069836634439331,3.75,1.247463491467395,-0.75,1.563147277892894
pitch,2.0,scene-1094_015,0.073923802946593,1325,0.10421094298362732,0.7436849585987308,4.0,1.3562865413709175,-1.75,1.6828338873441626
pitch,3.0,scene-1094_015,0.069722605893186,1325,0.1239132359623909,0.8842872650236319,3.0,1.152616758507254,-2.75,1.7286047695565678
roll,0.25,scene-1094_015,0.08129028545119706,1325,0.14145034551620483,1.0094380814260762,1.75,1.3293458972680086,0.5,1.487860207563636
roll,0.5,scene-1094_015,0.08131906077348067,1325,0.1355561763048172,0.9673752724691184,1.75,1.421052323820372,0.5,1.6118891902192694
roll,1.0,scene-1094_015,0.08152048802946593,1325,0.1291433721780777,0.9216113072371244,2.5,1.2844939777873035,0.5,1.5400810035311943
roll,2.0,scene-1094_015,0.08160681399631677,1325,0.16366663575172424,1.1679811327696898,2.0,1.1764124809500818,0.25,1.3356079703446118
roll,3.0,scene-1094_015,0.08163558931860036,1325,0.18173740804195404,1.2969403491220268,-0.25,1.3315315952514972,0.0,1.358879973313067
t_fwd,0.02,scene-1094_015,0.08177946593001842,1325,0.14265422523021698,1.0180293791309019,2.0,1.335982422965465,0.25,1.418823896412366
t_fwd,0.05,scene-1094_015,0.08244129834254144,1325,0.14072218537330627,1.004241681410678,2.0,1.300537844038337,0.5,1.365842917122075
t_fwd,0.1,scene-1094_015,0.083505985267035,1325,0.14610372483730316,1.0426461890266272,2.0,1.3074530289610744,0.5,1.3397314964230114
t_fwd,0.2,scene-1094_015,0.08566413443830571,1325,0.12896989285945892,0.9203732994407166,1.0,1.253136935626861,0.5,1.344205847739617
t_left,0.02,scene-1094_015,0.08137661141804788,1325,0.15465299785137177,1.1036567275121658,1.0,1.2777677313987752,0.25,1.4815723162350012
t_left,0.05,scene-1094_015,0.0814341620626151,1325,0.1605708748102188,1.1458887230697148,1.0,1.2742238657629017,0.25,1.5373487455700499
t_left,0.1,scene-1094_015,0.08160681399631677,1325,0.16090217232704163,1.1482529755467408,0.75,1.306140093908707,0.5,1.6292480321806753
t_left,0.2,scene-1094_015,0.08186579189686924,1325,0.16920405626296997,1.20749806089399,0.5,1.313280906927717,0.0,1.4053976113632438
t_up,0.02,scene-1094_015,0.08226864640883978,1325,0.14523060619831085,1.0364153155665072,0.75,1.3610454530520801,0.75,1.5270379740207567
t_up,0.05,scene-1094_015,0.08333333333333333,1325,0.1548788845539093,1.1052687323382906,0.75,1.317652736343202,0.75,1.5609484779593306
t_up,0.1,scene-1094_015,0.08431169429097606,1325,0.14816030859947205,1.0573226746838358,0.25,1.2769256222562653,1.0,1.3863105801757598
t_up,0.2,scene-1094_015,0.09087246777163904,1325,0.1328074038028717,0.9477590910415323,-2.75,1.2050190102635003,0.5,1.3536020728575953
none,0.0,scene-1094_016,0.08013556985294118,1354,0.1815086007118225,1.0,0.5,1.2067551133213028,-0.25,1.3503571133782626
yaw,0.25,scene-1094_016,0.080078125,1354,0.20062993466854095,1.1053467101929622,0.25,1.2067551133213028,-0.5,1.272600174960093
yaw,0.5,scene-1094_016,0.08016429227941177,1354,0.20394526422023773,1.1236121231744685,0.0,1.2067551133213028,3.0,1.3677778421886195
yaw,1.0,scene-1094_016,0.08048023897058823,1354,0.18453526496887207,1.016675045949227,-0.5,1.2058789012217086,3.0,1.3084294001657186
yaw,2.0,scene-1094_016,0.08114085477941177,1354,0.1938309520483017,1.0678885258778625,-1.5,1.138092752180885,0.0,1.3466808680734108
yaw,3.0,scene-1094_016,0.0812844669117647,1354,0.18518474698066711,1.020253289675684,-2.5,1.138092752180885,-0.25,1.5137609731552368
pitch,0.25,scene-1094_016,0.07818244485294118,1354,0.1857907623052597,1.0235920588701795,0.5,1.2027307593453656,-0.5,1.3503571133782626
pitch,0.5,scene-1094_016,0.07780905330882353,1354,0.14671649038791656,0.8083170153509989,3.75,1.4370974933621712,-0.75,1.3503571133782626
pitch,1.0,scene-1094_016,0.07680376838235294,1354,0.15904755890369415,0.876253567489128,-0.75,1.1339732452913587,-1.25,1.3503571133782626
pitch,2.0,scene-1094_016,0.07263901654411764,1354,0.13707177340984344,0.7551805967997599,-1.5,1.1178108442655075,-2.25,1.3503571133782626
pitch,3.0,scene-1094_016,0.06838809742647059,1354,0.18678711354732513,1.0290813372743874,0.5,1.3856465448652924,-3.25,1.3792568281789093
roll,0.25,scene-1094_016,0.08016429227941177,1354,0.20497317612171173,1.129275281269693,0.5,1.190695916328666,-0.5,1.3409872444528674
roll,0.5,scene-1094_016,0.08019301470588236,1354,0.1966792494058609,1.083580880655482,1.5,1.1887314152050623,-0.25,1.330929137383155
roll,1.0,scene-1094_016,0.08036534926470588,1354,0.1931127905845642,1.0639319008974426,0.25,1.3070530636688924,0.0,1.2183033448023013
roll,2.0,scene-1094_016,0.0803366268382353,1354,0.16730737686157227,0.9217600499670138,4.0,1.3298755863706337,3.5,1.2251768682352062
roll,3.0,scene-1094_016,0.08045151654411764,1354,0.2023923248052597,1.115056388576285,4.0,1.3261544780423107,0.0,1.304746680284436
t_fwd,0.02,scene-1094_016,0.08050896139705882,1354,0.18527908623218536,1.0207730405367907,0.25,1.2073245906139358,-0.25,1.3183220116536016
t_fwd,0.05,scene-1094_016,0.08116957720588236,1354,0.19415271282196045,1.069661228506812,0.25,1.2145492244949887,-0.25,1.2851832887355759
t_fwd,0.1,scene-1094_016,0.08217486213235294,1354,0.19266267120838165,1.0614520218480898,0.25,1.1844571635139902,-0.25,1.3255217265808954
t_fwd,0.2,scene-1094_016,0.08450137867647059,1354,0.20603445172309875,1.1351222526926723,-0.25,1.2514708725650354,0.25,1.2988475126605221
t_left,0.02,scene-1094_016,0.080078125,1354,0.19891291856765747,1.0958870146515396,1.75,1.2075083971277873,-0.25,1.3829556381722345
t_left,0.05,scene-1094_016,0.08002068014705882,1354,0.2112952470779419,1.1641059776192701,1.75,1.2393865552654932,0.0,1.3256361748250938
t_left,0.1,scene-1094_016,0.080078125,1354,0.20930595695972443,1.1531462208341037,0.25,1.3203547057456047,-0.5,1.3221834441624325
t_left,0.2,scene-1094_016,0.080078125,1354,0.20628219842910767,1.1364871836382988,-0.75,1.3191953266001173,-0.5,1.325587109900332
t_up,0.02,scene-1094_016,0.08102596507352941,1354,0.1990077644586563,1.0964095567824736,2.25,1.243015660611711,-0.25,1.338402001953638
t_up,0.05,scene-1094_016,0.08203125,1354,0.21414639055728912,1.1798140127656263,3.0,1.2107228364626406,0.0,1.3724942473387436
t_up,0.1,scene-1094_016,0.08295036764705882,1354,0.1919865906238556,1.0577272364556916,3.25,1.2330739984296923,0.25,1.3403526458001525
t_up,0.2,scene-1094_016,0.09021714154411764,1354,0.14954695105552673,0.8239111010114577,0.25,1.259625001050535,-0.25,1.2546493069767861
none,0.0,scene-1094_017,0.08042702578268876,1378,0.20303888618946075,1.0,0.5,1.142327163648138,-0.25,1.1912009036973294
yaw,0.25,scene-1094_017,0.08034069981583794,1378,0.20854409039020538,1.0271140386162658,0.25,1.142327163648138,-0.25,1.1955609083011451
yaw,0.5,scene-1094_017,0.08036947513812155,1378,0.2145911604166031,1.0568968557893024,0.0,1.142327163648138,2.0,1.2924227043901633
yaw,1.0,scene-1094_017,0.08031192449355433,1378,0.19049294292926788,0.9382091603453442,-0.5,1.142327163648138,2.25,1.2639021855356911
yaw,2.0,scene-1094_017,0.08016804788213629,1378,0.19942504167556763,0.98220121976772,-1.5,1.142327163648138,0.75,1.221698127501372
yaw,3.0,scene-1094_017,0.08016804788213629,1378,0.18785437941551208,0.9252137998837345,-2.5,1.142327163648138,0.5,1.468794481213119
pitch,0.25,scene-1094_017,0.07835520257826888,1378,0.21909686923027039,1.0790882147857408,0.25,1.2234050790848772,-0.5,1.1912009036973294
pitch,0.5,scene-1094_017,0.0778372467771639,1378,0.19461689889431,0.9585203236029772,3.0,1.3191171509469855,-0.75,1.1912009036973294
pitch,1.0,scene-1094_017,0.07683011049723756,1378,0.17635424435138702,0.8685737380711712,4.0,1.2564256765870498,-1.25,1.1912009036973294
pitch,2.0,scene-1094_017,0.07262891344383057,1378,0.21284909546375275,1.0483168985922127,-0.5,1.2062352881148635,-2.25,1.2301896771370215
pitch,3.0,scene-1094_017,0.06842771639042357,1378,0.15453945100307465,0.7611322830980759,-3.0,1.1865711837746025,-3.25,1.2976033617344722
roll,0.25,scene-1094_017,0.08042702578268876,1378,0.20675846934318542,1.0183195604720459,-0.5,1.1590731522289315,-0.25,1.2050729723938596
roll,0.5,scene-1094_017,0.08042702578268876,1378,0.2060491144657135,1.014825870712489,0.25,1.2586242732011284,-0.25,1.3716284878714773
roll,1.0,scene-1094_017,0.08057090239410682,1378,0.21051068603992462,1.0367998465254176,0.25,1.1946873418358774,-0.25,1.3238877498433312
roll,2.0,scene-1094_017,0.08071477900552486,1378,0.2265101969242096,1.1156000762969471,0.0,1.232655251019175,0.0,1.3307827493184057
roll,3.0,scene-1094_017,0.0808298802946593,1378,0.18198561668395996,0.8963091755445534,-3.75,1.1904534603159789,0.75,1.3095065022321526
t_fwd,0.02,scene-1094_017,0.08077232965009208,1378,0.20252899825572968,0.997488717834793,-0.5,1.1572139689140104,-0.5,1.2091197768447886
t_fwd,0.05,scene-1094_017,0.08137661141804788,1378,0.20342974364757538,1.0019250374420883,0.75,1.1519433227058855,0.25,1.2839768734687635
t_fwd,0.1,scene-1094_017,0.0823549723756906,1378,0.21190446615219116,1.0436644434429063,-0.25,1.1679201132913162,0.25,1.2254928750668248
t_fwd,0.2,scene-1094_017,0.08494475138121547,1378,0.22492004930973053,1.1077683370458007,0.0,1.2390856686527385,0.25,1.2554976810061844
t_left,0.02,scene-1094_017,0.08034069981583794,1378,0.21583430469036102,1.0630195463590189,0.0,1.163479795733092,0.25,1.245431757377494
t_left,0.05,scene-1094_017,0.08045580110497237,1378,0.20752432942390442,1.0220915476765282,0.75,1.1976755604966474,0.25,1.1998972958175553
t_left,0.1,scene-1094_017,0.08045580110497237,1378,0.20725639164447784,1.0207719099241002,0.5,1.2862336788257802,-0.25,1.2456204542328124
t_left,0.2,scene-1094_017,0.08045580110497237,1378,0.2208806276321411,1.08787351909541,0.25,1.2632130499679541,-0.25,1.2560506528806765
t_up,0.02,scene-1094_017,0.08126151012891344,1378,0.2130526602268219,1.0493194886225736,0.75,1.2657238158907884,-0.25,1.26143051372128
t_up,0.05,scene-1094_017,0.08218232044198895,1378,0.20396709442138672,1.0045715786239087,0.25,1.3511229582918398,-0.25,1.2755414984536617
t_up,0.1,scene-1094_017,0.08333333333333333,1378,0.22972744703292847,1.131445563676723,0.0,1.2984107872690498,-0.25,1.20446378534412
t_up,0.2,scene-1094_017,0.09041206261510129,1378,0.1989699900150299,0.9799600152916813,4.0,1.220366164948205,0.5,1.2846887992697191
none,0.0,scene-1094_018,0.07973939114391145,1438,0.20094962418079376,1.0,-0.25,1.1970058806120736,-0.5,1.2423389296907656
yaw,0.25,scene-1094_018,0.07947993542435425,1438,0.20394283533096313,1.01489533091874,-0.5,1.1970058806120736,-0.5,1.264927083434993
yaw,0.5,scene-1094_018,0.07947993542435425,1438,0.20469172298908234,1.0186220741817453,-0.75,1.1970058806120736,0.75,1.2040877146202413
yaw,1.0,scene-1094_018,0.07947993542435425,1438,0.1640084981918335,0.8161672302719788,-1.25,1.1970058806120736,2.25,1.2382168315513304
yaw,2.0,scene-1094_018,0.07898985239852399,1438,0.2049449235200882,1.0198820941098148,-2.25,1.1751226592783426,0.25,1.1609425751196407
yaw,3.0,scene-1094_018,0.0786439114391144,1438,0.1965876817703247,0.9782933537285712,-3.25,1.2159984668778727,1.5,1.2179223101206036
pitch,0.25,scene-1094_018,0.07824031365313654,1438,0.19652073085308075,0.9779601810863385,1.5,1.2038239102573132,-0.75,1.23640551069884
pitch,0.5,scene-1094_018,0.07697186346863469,1438,0.19287073612213135,0.959796451018023,1.25,1.167857666243119,-1.0,1.2048148947072068
pitch,1.0,scene-1094_018,0.0760205258302583,1438,0.15553246438503265,0.7739873364734465,3.25,1.1958156706886407,-1.5,1.1719238314935698
pitch,2.0,scene-1094_018,0.07184040590405905,1438,0.21899442374706268,1.0897976278374826,1.25,1.2857278305340765,-2.5,1.1719238314935698
pitch,3.0,scene-1094_018,0.06742965867158672,1438,0.1982838213443756,0.9867339745108469,2.75,1.1027282268439729,-3.5,1.152916643285731
roll,0.25,scene-1094_018,0.07976821955719557,1438,0.20624567568302155,1.0263551202139245,-0.25,1.1844011211421364,-0.5,1.2842387427744333
roll,0.5,scene-1094_018,0.07982587638376384,1438,0.23503442108631134,1.169618614836779,-0.25,1.2599300178432926,-0.75,1.268515813541981
roll,1.0,scene-1094_018,0.07991236162361623,1438,0.22726184129714966,1.1309393696237167,0.5,1.3389123687102389,-0.25,1.2500169863035495
roll,2.0,scene-1094_018,0.07991236162361623,1438,0.21634551882743835,1.0766156926613257,0.0,1.2255177980169485,-0.5,1.2438886544283525
roll,3.0,scene-1094_018,0.0799700184501845,1438,0.1734924167394638,0.8633627330567845,2.25,1.0953296445468446,0.75,1.2324534192636605
t_fwd,0.02,scene-1094_018,0.08008533210332103,1438,0.19910463690757751,0.9908186577569494,-0.25,1.2270195230447818,-0.5,1.255865475061783
t_fwd,0.05,scene-1094_018,0.08060424354243542,1438,0.1971035748720169,0.9808606295012695,-0.25,1.2795550482745783,-0.75,1.2755726837881005
t_fwd,0.1,scene-1094_018,0.08149792435424354,1438,0.2088298797607422,1.0392150799588387,-0.25,1.2244856015244205,-0.5,1.2851304978409885
t_fwd,0.2,scene-1094_018,0.08556273062730628,1438,0.22477640211582184,1.1185709007029105,2.75,1.1583518149653127,-1.0,1.230680739552557
t_left,0.02,scene-1094_018,0.07973939114391145,1438,0.20282825827598572,1.009348781331891,-0.25,1.1189576874910936,-0.75,1.2448008856310189
t_left,0.05,scene-1094_018,0.07968173431734317,1438,0.20374734699726105,1.0139225083295014,-0.5,1.2294942402723357,3.25,1.3047425215138877
t_left,0.1,scene-1094_018,0.07959524907749077,1438,0.206177219748497,1.0260144580464605,-0.5,1.2150009555872452,-0.75,1.213846753939892
t_left,0.2,scene-1094_018,0.07965290590405905,1438,0.21900439262390137,1.0898472366729275,-1.0,1.1700423560554039,3.75,1.1870796012463924
t_up,0.02,scene-1094_018,0.08054658671586716,1438,0.20376887917518616,1.0140296604479138,-1.5,1.1544869140174598,-0.75,1.2313500193942866
t_up,0.05,scene-1094_018,0.08135378228782288,1438,0.19914233684539795,0.9910062666563149,2.75,1.1914938100408963,-0.5,1.262477415029851
t_up,0.1,scene-1094_018,0.08305465867158672,1438,0.20183393359184265,1.004400652226417,-0.25,1.182886657033029,-0.5,1.1713417771509254
t_up,0.2,scene-1094_018,0.09023293357933579,1438,0.1996096968650818,0.9933320237787235,-0.5,1.2751684173370061,3.5,1.2458225773524725
none,0.0,scene-1094_019,0.08155558118081181,1629,0.19667652249336243,1.0,2.75,1.1500792683433438,3.25,1.2326007442726892
yaw,0.25,scene-1094_019,0.08135378228782288,1629,0.20613780617713928,1.0481058113283255,2.5,1.1416977845036838,3.25,1.1816823522653535
yaw,0.5,scene-1094_019,0.08138261070110701,1629,0.19997923076152802,1.0167925903218928,2.25,1.141081681306598,3.25,1.25303027455617
yaw,1.0,scene-1094_019,0.08112315498154982,1629,0.19004538655281067,0.9662840492780446,1.75,1.141081681306598,3.25,1.1895411139804155
yaw,2.0,scene-1094_019,0.08083487084870848,1629,0.17040257155895233,0.8664103340789097,0.75,1.141081681306598,3.25,1.2287120794462918
yaw,3.0,scene-1094_019,0.08028713099630996,1629,0.21290546655654907,1.0825159193250142,-0.25,1.141081681306598,0.0,1.3209508250162048
pitch,0.25,scene-1094_019,0.0801429889298893,1629,0.17941127717494965,0.9122150163144386,1.75,1.179694101984726,3.0,1.229550935458253
pitch,0.5,scene-1094_019,0.07887453874538745,1629,0.17955024540424347,0.9129215990195426,3.75,1.0865975521391942,2.75,1.229550935458253
pitch,1.0,scene-1094_019,0.07800968634686346,1629,0.1868089735507965,0.9498285366373664,3.75,1.1682666284257752,2.25,1.229550935458253
pitch,2.0,scene-1094_019,0.07380073800738007,1629,0.19735237956047058,1.0034363891456894,0.75,1.1531918439435143,1.25,1.2026082569486094
pitch,3.0,scene-1094_019,0.06950530442804428,1629,0.21599015593528748,1.098199994575239,-0.75,1.2017509437003986,0.25,1.2439656891918187
roll,0.25,scene-1094_019,0.08155558118081181,1629,0.18914903700351715,0.9617265681006775,1.75,1.1043050188017063,3.25,1.2793228717865384
roll,0.5,scene-1094_019,0.08167089483394833,1629,0.20210154354572296,1.0275834704802838,0.25,1.1643369084858508,-0.25,1.2081343877694273
roll,1.0,scene-1094_019,0.08169972324723247,1629,0.21456094086170197,1.0909331634585064,0.0,1.2191834849451517,-0.5,1.1764602714385912
roll,2.0,scene-1094_019,0.08164206642066421,1629,0.20553669333457947,1.0450494585164127,0.25,1.216789406351298,-1.25,1.1640160162765114
roll,3.0,scene-1094_019,0.08175738007380073,1629,0.2006169706583023,1.0200351730597275,0.0,1.195117737922106,-1.0,1.2306596932519234
t_fwd,0.02,scene-1094_019,0.08190152214022141,1629,0.19231045246124268,0.9778007564056503,2.75,1.135203370036393,3.25,1.2301874170827218
t_fwd,0.05,scene-1094_019,0.08244926199261993,1629,0.19475525617599487,0.9902313387840564,-0.25,1.0916087082087005,2.25,1.1975536506537012
t_fwd,0.1,scene-1094_019,0.08337177121771218,1629,0.1985403150320053,1.0094764363077742,-0.25,1.1142259798719836,3.25,1.1786228832842476
t_fwd,0.2,scene-1094_019,0.08732126383763837,1629,0.19661585986614227,0.9996915614204934,-0.75,1.111462764388955,2.25,1.2455368171418895
t_left,0.02,scene-1094_019,0.08161323800738007,1629,0.20177049934864044,1.025900279253971,2.75,1.1358912728048256,3.25,1.2147749344806529
t_left,0.05,scene-1094_019,0.08164206642066421,1629,0.2173110544681549,1.1049160912202363,0.0,1.1134073935574826,3.25,1.1652690954473142
t_left,0.1,scene-1094_019,0.08158440959409594,1629,0.20491667091846466,1.0418969601487658,4.0,1.1198104428281237,3.0,1.1549714395660455
t_left,0.2,scene-1094_019,0.08155558118081181,1629,0.19958500564098358,1.0147881562616061,2.5,1.133336521340002,3.25,1.1746175866119828
t_up,0.02,scene-1094_019,0.08233394833948339,1629,0.20978854596614838,1.0666679647705712,2.75,1.117803672639994,3.25,1.2353590689567047
t_up,0.05,scene-1094_019,0.08314114391143912,1629,0.21787366271018982,1.1077766677389913,0.0,1.174313964704531,3.0,1.1570620974858759
t_up,0.1,scene-1094_019,0.08464022140221403,1629,0.20143480598926544,1.0241934494040263,0.25,1.2499110714299106,0.25,1.160258326269214
t_up,0.2,scene-1094_019,0.0920779520295203,1629,0.19675295054912567,1.0003885977583615,-0.25,1.1958017684295317,3.0,1.2451722457965573
none,0.0,scene-1094_020,0.08078917050691244,1697,0.20008261501789093,1.0,3.75,1.166423028468086,-0.25,1.2047592963448923
yaw,0.25,scene-1094_020,0.08070276497695852,1697,0.18448223173618317,0.9220302909360075,3.5,1.166423028468086,0.25,1.2305517567513484
yaw,0.5,scene-1094_020,0.0804147465437788,1697,0.19194138050079346,0.9593106351775266,3.25,1.166423028468086,4.0,1.2253562078080356
yaw,1.0,scene-1094_020,0.08044354838709677,1697,0.17568156123161316,0.8780451075967001,2.75,1.166423028468086,0.5,1.2620889278115524
yaw,2.0,scene-1094_020,0.08015552995391705,1697,0.19880293309688568,0.9936042323272773,1.75,1.166423028468086,0.0,1.3275724165381362
yaw,3.0,scene-1094_020,0.07963709677419355,1697,0.19617964327335358,0.9804931990508603,0.75,1.1872235213689133,-0.75,1.3342796160435955
pitch,0.25,scene-1094_020,0.07943548387096774,1697,0.19074144959449768,0.9533134579305754,0.25,1.1353846269734322,4.0,1.2399979575469298
pitch,0.5,scene-1094_020,0.07808179723502304,1697,0.1902310997247696,0.9507627622107976,-0.25,1.2298342482247258,3.75,1.1925229271172133
pitch,1.0,scene-1094_020,0.07713133640552995,1697,0.1831270158290863,0.9152570092744515,0.0,1.1489436534128623,3.25,1.182456072949222
pitch,2.0,scene-1094_020,0.07301267281105991,1697,0.17776711285114288,0.8884685600258041,3.5,1.1866517255762432,2.25,1.134945515560209
pitch,3.0,scene-1094_020,0.06877880184331797,1697,0.16497088968753815,0.8245138623002645,-2.5,1.2467194905751688,1.25,1.1249643429188574
roll,0.25,scene-1094_020,0.08081797235023042,1697,0.18958693742752075,0.9475432806122027,3.75,1.1540364644642365,1.75,1.1881143647517411
roll,0.5,scene-1094_020,0.08093317972350231,1697,0.19927310943603516,0.9959541433333257,3.75,1.2062425227817823,1.75,1.1771885016973354
roll,1.0,scene-1094_020,0.08093317972350231,1697,0.21506661176681519,1.0748890489440295,0.0,1.223202208681632,-0.25,1.26321045775434
roll,2.0,scene-1094_020,0.08101958525345622,1697,0.18770848214626312,0.9381548823193793,2.75,1.1215631667784365,0.25,1.2034135153104588
roll,3.0,scene-1094_020,0.08093317972350231,1697,0.16465258598327637,0.8229230009241608,1.75,1.1428750244422583,0.75,1.198592517066072
t_fwd,0.02,scene-1094_020,0.08122119815668202,1697,0.19752615690231323,0.9872229872877806,3.75,1.1930679070795782,4.0,1.1895911069384177
t_fwd,0.05,scene-1094_020,0.0819700460829493,1697,0.19666120409965515,0.9829000089891375,3.75,1.168353148865329,4.0,1.1951438410756956
t_fwd,0.1,scene-1094_020,0.08289170506912442,1697,0.1862412393093109,0.9308216972906799,3.25,1.1390578265265954,4.0,1.2383965529556369
t_fwd,0.2,scene-1094_020,0.08701036866359448,1697,0.1972011774778366,0.9855987610927782,3.75,1.1918099671313096,4.0,1.2459729683889011
t_left,0.02,scene-1094_020,0.08070276497695852,1697,0.19430775940418243,0.9711376442516402,3.75,1.187327590391088,4.0,1.2079110382876979
t_left,0.05,scene-1094_020,0.08058755760368663,1697,0.19100674986839294,0.9546394115816287,-0.25,1.1426704348157608,4.0,1.2053166760352614
t_left,0.1,scene-1094_020,0.08061635944700461,1697,0.2005968540906906,1.002570133705788,2.25,1.1244291559730408,4.0,1.248451887682917
t_left,0.2,scene-1094_020,0.08027073732718894,1697,0.19593492150306702,0.9792700954330638,1.75,1.188403162788739,4.0,1.2935402515213879
t_up,0.02,scene-1094_020,0.08159562211981566,1697,0.20037536323070526,1.0014631366787572,3.5,1.1832472586427012,-0.25,1.1774109437443796
t_up,0.05,scene-1094_020,0.08237327188940093,1697,0.2001517117023468,1.0003453407706095,3.5,1.2302575689734756,-0.25,1.181274688803853
t_up,0.1,scene-1094_020,0.0841589861751152,1697,0.19838672876358032,0.9915240699240213,-0.25,1.3178362425286332,0.25,1.2328110849989329
t_up,0.2,scene-1094_020,0.09115783410138249,1697,0.18106627464294434,0.9049575577905846,3.75,1.2316287153966141,0.75,1.2999341447626014
none,0.0,scene-1094_021,0.08025830258302583,1856,0.2064066231250763,1.0,0.0,1.2999317549891496,0.75,1.2596744794988541
yaw,0.25,scene-1094_021,0.0803159594095941,1856,0.18166708946228027,0.8801417644054735,-0.25,1.2999317549891496,0.0,1.1717262662774839
yaw,0.5,scene-1094_021,0.08025830258302583,1856,0.165064737200737,0.7997065922672096,-0.5,1.2999317549891496,-0.5,1.274324995763369
yaw,1.0,scene-1094_021,0.08043127306273062,1856,0.17311348021030426,0.8387011888925804,-1.0,1.2999317549891496,-0.5,1.3152191497354575
yaw,2.0,scene-1094_021,0.0798835332103321,1856,0.15752363204956055,0.7631714024704813,-2.0,1.3002757463809167,2.0,1.3927856612625908
yaw,3.0,scene-1094_021,0.07962407749077491,1856,0.15667282044887543,0.7590493855128687,-3.0,1.3121094707614824,3.0,1.1880319221806135
pitch,0.25,scene-1094_021,0.0783844557195572,1856,0.20247846841812134,0.9809688533852201,0.0,1.262446921502914,0.5,1.2222779808492006
pitch,0.5,scene-1094_021,0.07766374538745388,1856,0.20582087337970734,0.9971621562501218,-0.5,1.2742987139190454,0.25,1.2222779808492006
pitch,1.0,scene-1094_021,0.07671240774907749,1856,0.20039987564086914,0.9708984750912414,-0.5,1.190932007230986,-0.25,1.2222779808492006
pitch,2.0,scene-1094_021,0.07264760147601476,1856,0.20496055483818054,0.9929940800106037,-1.5,1.238463095446438,-1.25,1.2222779808492006
pitch,3.0,scene-1094_021,0.06858279520295203,1856,0.15807925164699554,0.7658632715056057,-0.75,1.166574367556934,-2.25,1.1956908773399817
roll,0.25,scene-1094_021,0.08025830258302583,1856,0.20687495172023773,1.0022689610830833,0.0,1.3295356613646356,0.5,1.3007949546932538
roll,0.5,scene-1094_021,0.0802294741697417,1856,0.19900916516780853,0.9641607529580816,0.0,1.2784427466330657,0.75,1.2695820289602724
roll,1.0,scene-1094_021,0.08011416051660517,1856,0.20262199640274048,0.9816642185941754,0.0,1.3054613098495436,0.75,1.3549242559079622
roll,2.0,scene-1094_021,0.07994119003690037,1856,0.1931951642036438,0.9359930475030022,-0.5,1.2192264197051215,1.0,1.2793561875225503
roll,3.0,scene-1094_021,0.07999884686346863,1856,0.16071723401546478,0.778643783722361,1.25,1.198455347659684,1.25,1.2646490705413382
t_fwd,0.02,scene-1094_021,0.08066190036900368,1856,0.20910455286502838,1.0130709455883944,0.0,1.3147372356053906,0.0,1.2274423469594826
t_fwd,0.05,scene-1094_021,0.08115198339483395,1856,0.20953847467899323,1.0151732124991897,0.0,1.3127108888743466,-0.25,1.278356746284952
t_fwd,0.1,scene-1094_021,0.08204566420664207,1856,0.2040642350912094,0.9886515849229922,-0.25,1.3163844710361454,-0.25,1.2932489800631914
t_fwd,0.2,scene-1094_021,0.08504381918819189,1856,0.20723144710063934,1.0039961119613068,0.0,1.3412354969423796,-0.25,1.287861591221295
t_left,0.02,scene-1094_021,0.08017181734317343,1856,0.19680975377559662,0.9535050319404516,-0.25,1.300115590258243,-0.25,1.2461076888727578
t_left,0.05,scene-1094_021,0.08020064575645756,1856,0.19002069532871246,0.920613362360788,-0.25,1.3168300174865373,-0.25,1.2436721217954487
t_left,0.1,scene-1094_021,0.08025830258302583,1856,0.18112128973007202,0.877497470710123,-0.5,1.2507032235148254,0.5,1.1850452618318679
t_left,0.2,scene-1094_021,0.08020064575645756,1856,0.16794385015964508,0.8136553353613856,-0.75,1.232083326050322,1.75,1.2736580747898545
t_up,0.02,scene-1094_021,0.08109432656826568,1856,0.2080327719449997,1.0078783751960227,0.0,1.3091097943912158,0.5,1.289759827947059
t_up,0.05,scene-1094_021,0.08190152214022141,1856,0.20286069810390472,0.9828206819748083,0.0,1.3057153281353135,0.5,1.2717605365625888
t_up,0.1,scene-1094_021,0.08267988929889299,1856,0.19812355935573578,0.9598701648041534,1.0,1.3427131377705337,0.75,1.2800160861045045
t_up,0.2,scene-1094_021,0.09034824723247233,1856,0.14587120711803436,0.7067176668533584,1.25,1.2333688486452614,2.25,1.3742930467816288
none,0.0,scene-1094_022,0.0829005078485688,2033,0.15339553356170654,1.0,1.5,1.2113974869128512,-0.5,1.322968709313586
yaw,0.25,scene-1094_022,0.08281394275161588,2033,0.1491609513759613,0.9723943579879932,1.25,1.2111427183763472,-0.5,1.4397409754935402
yaw,0.5,scene-1094_022,0.08269852262234534,2033,0.13060534000396729,0.8514285714285714,1.0,1.2086107234072307,1.5,1.3318902724604902
yaw,1.0,scene-1094_022,0.0826696675900277,2033,0.1428813487291336,0.9314570340580133,0.5,1.2086107234072307,-0.5,1.3637260333238714
yaw,2.0,scene-1094_022,0.08255424746075715,2033,0.14610213041305542,0.952453614656797,-0.5,1.2079419428069886,-1.0,1.3604001375867412
yaw,3.0,scene-1094_022,0.08235226223453371,2033,0.13603924214839935,0.8868526937498785,-1.5,1.2056252350274477,-0.25,1.4484794515248318
pitch,0.25,scene-1094_022,0.08111149584487534,2033,0.1513075828552246,0.9863884517495288,0.25,1.252175843337903,-0.75,1.322968709313586
pitch,0.5,scene-1094_022,0.08036126500461681,2033,0.1298186480998993,0.8463000524567232,-1.25,1.2196506530442186,-1.0,1.322968709313586
pitch,1.0,scene-1094_022,0.07938019390581717,2033,0.14571291208267212,0.9499162635270346,-0.5,1.2338216694217063,-1.5,1.322968709313586
pitch,2.0,scene-1094_022,0.07551361957525392,2033,0.11801344156265259,0.7693407938450778,1.75,1.1807901217323766,-2.5,1.322968709313586
pitch,3.0,scene-1094_022,0.07132963988919667,2033,0.1331382393836975,0.8679407821880282,-2.25,1.2116441832195846,-3.5,1.342898676428334
roll,0.25,scene-1094_022,0.0829005078485688,2033,0.1458682268857956,0.9509287754269394,1.5,1.158587624272325,-0.25,1.3857525476135129
roll,0.5,scene-1094_022,0.08287165281625115,2033,0.14131636917591095,0.9212547842474403,-2.75,1.1126984627431347,-0.25,1.465219532356387
roll,1.0,scene-1094_022,0.08287165281625115,2033,0.14104941487312317,0.9195144838841289,1.5,1.2059428750363461,-0.25,1.3703218402946162
roll,2.0,scene-1094_022,0.08295821791320407,2033,0.170068621635437,1.1086934390239165,0.0,1.2803789157440861,0.0,1.4450852421627243
roll,3.0,scene-1094_022,0.08295821791320407,2033,0.14860814809799194,0.9687905811039226,0.0,1.187012769679085,0.25,1.3585104353717334
t_fwd,0.02,scene-1094_022,0.08336218836565097,2033,0.14749778807163239,0.9615520390122594,1.5,1.2196352269594954,-0.25,1.3190660178152216
t_fwd,0.05,scene-1094_022,0.08391043397968606,2033,0.14567603170871735,0.9496758368790192,1.5,1.2469029109206797,-0.25,1.3215007251962392
t_fwd,0.1,scene-1094_022,0.08463180978762697,2033,0.13524191081523895,0.8816548153329059,1.25,1.2571131061877123,-0.5,1.3686642997972658
t_fwd,0.2,scene-1094_022,0.08780586334256694,2033,0.1365671306848526,0.8902940490761788,1.5,1.2394308042523419,-0.5,1.3606470732512443
t_left,0.02,scene-1094_022,0.08287165281625115,2033,0.1472063958644867,0.9596524256377378,1.25,1.2132140472001214,-0.5,1.3735379605266933
t_left,0.05,scene-1094_022,0.08261195752539242,2033,0.15298250317573547,0.9973074158263877,1.25,1.2098364809428381,-0.25,1.314143482040351
t_left,0.1,scene-1094_022,0.08249653739612188,2033,0.15089569985866547,0.983703347516077,1.25,1.2802890877577668,-0.25,1.3943292481079406
t_left,0.2,scene-1094_022,0.08206371191135733,2033,0.14853480458259583,0.968312447786132,1.0,1.216977329581395,1.5,1.2923038513778922
t_up,0.02,scene-1094_022,0.0836218836565097,2033,0.14723199605941772,0.9598193157311884,1.5,1.175761089022354,-0.25,1.3148332622819956
t_up,0.05,scene-1094_022,0.08431440443213296,2033,0.15922950208187103,1.038032192885314,1.5,1.1110704118480885,-0.25,1.32489907926459
t_up,0.1,scene-1094_022,0.08532433056325023,2033,0.1602245271205902,1.0445188552777291,3.25,1.1512947242211253,0.0,1.2943699678330136
t_up,0.2,scene-1094_022,0.09288434903047091,2033,0.15113231539726257,0.9852458666044958,-0.5,1.198591341820454,0.0,1.1968869170861403
none,0.0,scene-1094_023,0.08616812730627306,2211,0.14150966703891754,1.0,1.5,1.2093298395391963,0.0,1.2917290492211788
yaw,0.25,scene-1094_023,0.08596632841328414,2211,0.1436186283826828,1.0149033022824177,1.25,1.2106886319857164,0.0,1.2371525071280383
yaw,0.5,scene-1094_023,0.08582218634686346,2211,0.14974164962768555,1.058172581146022,1.0,1.2106886319857164,0.0,1.2986789494817492
yaw,1.0,scene-1094_023,0.0855915590405904,2211,0.14496581256389618,1.0244233881493632,0.5,1.2093298395391963,1.25,1.190875740831347
yaw,2.0,scene-1094_023,0.08498616236162361,2211,0.1270912140607834,0.8981097667753762,3.75,1.1340653023709044,-1.25,1.2816695640220523
yaw,3.0,scene-1094_023,0.08452490774907749,2211,0.11091024428606033,0.7837644353693387,2.75,1.1340653023709044,0.25,1.2722925814146604
pitch,0.25,scene-1094_023,0.08481319188191883,2211,0.12756508588790894,0.9014584555048553,-1.25,1.2129955254417544,-0.25,1.2682399707905125
pitch,0.5,scene-1094_023,0.0834870848708487,2211,0.12282606214284897,0.8679694095320691,-1.75,1.2625788175664687,-0.5,1.2533851868819021
pitch,1.0,scene-1094_023,0.08242043357933579,2211,0.12484478950500488,0.8822350593947088,-1.5,1.2321179827157684,4.0,1.251336998764463
pitch,2.0,scene-1094_023,0.07818265682656826,2211,0.09509710967540741,0.6720184681747156,-2.0,1.2630027618676025,4.0,1.235448503482013
pitch,3.0,scene-1094_023,0.07388722324723247,2211,0.11157956719398499,0.7884943094615489,-3.75,1.3651858664318077,3.5,1.426043078228046
roll,0.25,scene-1094_023,0.0861969557195572,2211,0.13055509328842163,0.9225878063335191,-0.25,1.1995435486989807,0.25,1.374699307939727
roll,0.5,scene-1094_023,0.08625461254612546,2211,0.11968015134334564,0.8457383431651463,1.5,1.1913418098568664,0.25,1.39986613734575
roll,1.0,scene-1094_023,0.0861969557195572,2211,0.12435596436262131,0.878780700744786,1.5,1.2022749911958546,4.0,1.2882645480092711
roll,2.0,scene-1094_023,0.0862834409594096,2211,0.12372598797082901,0.8743288749086116,-4.0,1.1971123132758215,0.5,1.3940257909367368
roll,3.0,scene-1094_023,0.08642758302583026,2211,0.11374189704656601,0.8037747485850919,-4.0,1.1185967521266649,-0.75,1.3351620736768255
t_fwd,0.02,scene-1094_023,0.08657172509225092,2211,0.13881395757198334,0.9809503511431991,1.5,1.257969457091067,0.0,1.27109251307555
t_fwd,0.05,scene-1094_023,0.08700415129151291,2211,0.13832876086235046,0.9775216333758154,0.5,1.2124282958193229,0.75,1.263129669692862
t_fwd,0.1,scene-1094_023,0.08792666051660517,2211,0.13569341599941254,0.958898560351319,-0.25,1.2302970172643248,0.75,1.2424732493635713
t_fwd,0.2,scene-1094_023,0.09222209409594095,2211,0.14321333169937134,1.012039210437724,-0.25,1.2194264615749941,0.0,1.3219061095603946
t_left,0.02,scene-1094_023,0.08613929889298894,2211,0.13976404070854187,0.9876642609165662,0.5,1.229306688774961,0.0,1.2707414256779184
t_left,0.05,scene-1094_023,0.0861104704797048,2211,0.14460864663124084,1.0218994197157643,-0.25,1.1621142687908426,0.0,1.2585540336957641
t_left,0.1,scene-1094_023,0.08599515682656826,2211,0.13807299733161926,0.9757142407355596,1.25,1.2111068945726575,4.0,1.3050858950061803
t_left,0.2,scene-1094_023,0.0861104704797048,2211,0.14911822974681854,1.05376708791074,0.5,1.181950766117452,0.0,1.2972796634047639
t_up,0.02,scene-1094_023,0.08691766605166051,2211,0.1367359608411789,0.9662658650986311,1.5,1.242815821119054,0.25,1.2522515893183401
t_up,0.05,scene-1094_023,0.08775369003690037,2211,0.12453461438417435,0.880043158817731,1.5,1.2236543537865114,0.25,1.2969981905387595
t_up,0.1,scene-1094_023,0.08936808118081181,2211,0.11380822956562042,0.8042434976143449,1.5,1.3188155574785716,0.25,1.3228854385907376
t_up,0.2,scene-1094_023,0.09669049815498156,2211,0.12481232732534409,0.8820056603696099,-0.5,1.2753769800073675,0.75,1.2617875678411692
none,0.0,scene-1094_024,0.08599515682656826,2032,0.14628498256206512,1.0,-0.25,1.3063763656855512,0.75,1.1590403464151384
yaw,0.25,scene-1094_024,0.08564921586715867,2032,0.13915075361728668,0.9512306128774937,-0.5,1.3120228239774263,-0.5,1.2186388062057125
yaw,0.5,scene-1094_024,0.08556273062730628,2032,0.1432180255651474,0.9790343687834362,-0.75,1.3293288219082642,-0.5,1.301953804136173
yaw,1.0,scene-1094_024,0.08530327490774908,2032,0.12051638215780258,0.823846577051547,-1.25,1.3428427505518308,1.25,1.25712760757925
yaw,2.0,scene-1094_024,0.08446725092250923,2032,0.14188681542873383,0.9699342539726163,-2.25,1.395246910222559,2.75,1.2797804248106583
yaw,3.0,scene-1094_024,0.08429428044280443,2032,0.08926979452371597,0.6102457884618538,-3.25,1.436223179700406,4.0,1.5143949697858026
pitch,0.25,scene-1094_024,0.08394833948339483,2032,0.14417320489883423,0.9855639476708765,-1.25,1.2254452673310434,0.5,1.1590403464151384
pitch,0.5,scene-1094_024,0.0835735701107011,2032,0.14791730046272278,1.0111584789639299,-1.5,1.2732120081834486,0.25,1.1566345372816127
pitch,1.0,scene-1094_024,0.08259340405904059,2032,0.15509594976902008,1.0602315224204006,-0.25,1.2966729043927667,-0.25,1.1475816703159465
pitch,2.0,scene-1094_024,0.07844211254612546,2032,0.13768064975738525,0.9411810245044855,-1.25,1.2461350948256662,-1.25,1.117077108369454
pitch,3.0,scene-1094_024,0.07414667896678967,2032,0.14680880308151245,1.0035808222434937,-1.5,1.205085090350616,3.25,1.1965022335576305
roll,0.25,scene-1094_024,0.08596632841328414,2032,0.15028586983680725,1.027349952159612,-0.25,1.240709489005057,1.25,1.1930275781198099
roll,0.5,scene-1094_024,0.08608164206642066,2032,0.15419639647006989,1.0540822015318498,-0.25,1.2522685811019028,-0.5,1.2740603993227535
roll,1.0,scene-1094_024,0.08616812730627306,2032,0.16278362274169922,1.1127842372516545,-0.25,1.331793244561315,-0.5,1.2532967685717715
roll,2.0,scene-1094_024,0.086369926199262,2032,0.16743697226047516,1.1445944028426551,0.0,1.2665691495837057,0.25,1.254512980833941
roll,3.0,scene-1094_024,0.08642758302583026,2032,0.16978375613689423,1.1606369509929644,-0.75,1.3149724505602238,0.0,1.2610464742424448
t_fwd,0.02,scene-1094_024,0.08642758302583026,2032,0.1438944935798645,0.9836586849837002,-0.25,1.3187036033596689,0.75,1.1873290634919238
t_fwd,0.05,scene-1094_024,0.08688883763837639,2032,0.1480315774679184,1.0119396733366819,-1.0,1.2934715802422168,-0.25,1.1717473299117906
t_fwd,0.1,scene-1094_024,0.08789783210332103,2032,0.14935699105262756,1.0210001630841297,-0.25,1.2749644380149396,-0.25,1.2290419942273658
t_fwd,0.2,scene-1094_024,0.09023293357933579,2032,0.15769696235656738,1.078011970843695,-0.25,1.2277876278808812,-0.25,1.2774586701531925
t_left,0.02,scene-1094_024,0.08599515682656826,2032,0.14348448812961578,0.9808558993315588,-0.25,1.3148009474132378,0.75,1.1362438842773719
t_left,0.05,scene-1094_024,0.08596632841328414,2032,0.1288236528635025,0.8806348444471789,-0.25,1.3383649207913322,0.75,1.1581511615608455
t_left,0.1,scene-1094_024,0.08590867158671586,2032,0.1321331113576889,0.9032582090347385,-0.5,1.332356653220817,2.5,1.1847844637545306
t_left,0.2,scene-1094_024,0.08587984317343174,2032,0.13163577020168304,0.8998583989701966,-0.75,1.3809524181150734,-0.25,1.193009523196135
t_up,0.02,scene-1094_024,0.08688883763837639,2032,0.14507707953453064,0.9917428090951032,-0.25,1.2719956163691495,0.75,1.2045841687886076
t_up,0.05,scene-1094_024,0.0878690036900369,2032,0.14277632534503937,0.9760149185816998,-0.25,1.3014613871032115,-0.5,1.1647710906399773
t_up,0.1,scene-1094_024,0.08879151291512916,2032,0.14808940887451172,1.0123350071951578,-0.5,1.2102854229024536,1.0,1.2080978054291587
t_up,0.2,scene-1094_024,0.09605627306273062,2032,0.15803033113479614,1.0802908703752128,-0.25,1.318589165456165,1.25,1.1608418947600498
none,0.0,scene-1094_025,0.08620391705069125,1640,0.152089923620224,1.0,-2.25,1.2157227542003317,-0.5,1.428978065433554
yaw,0.25,scene-1094_025,0.08603110599078341,1640,0.12350376695394516,0.8120443748945534,-2.5,1.2157227542003317,-0.5,1.3243348497476608
yaw,0.5,scene-1094_025,0.0859447004608295,1640,0.12562809884548187,0.8260119793286332,-2.75,1.2157227542003317,-0.75,1.2612897501967737
yaw,1.0,scene-1094_025,0.08565668202764977,1640,0.14543038606643677,0.9562131573527749,-3.25,1.2180256145301331,0.5,1.2711771868877229
yaw,2.0,scene-1094_025,0.08513824884792627,1640,0.1360052525997162,0.89424236242848,-2.25,1.2317421615807356,-1.0,1.2214550150953112
yaw,3.0,scene-1094_025,0.08418778801843319,1640,0.11802823841571808,0.7760424596598547,-3.25,1.2590852524574576,1.25,1.1609957590492155
pitch,0.25,scene-1094_025,0.08424539170506913,1640,0.13672739267349243,0.8989904749699753,-2.25,1.2177100090383246,-0.75,1.3781418485438912
pitch,0.5,scene-1094_025,0.08378456221198156,1640,0.14990761876106262,0.985651219967664,-0.75,1.1507576958527725,-1.0,1.3781418485438912
pitch,1.0,scene-1094_025,0.08277649769585253,1640,0.14113344252109528,0.9279605062693858,-2.0,1.1711433556348554,-1.5,1.3472459619772397
pitch,2.0,scene-1094_025,0.07871543778801843,1640,0.1488388627767563,0.9786240878680051,-2.25,1.2156597026791647,-2.5,1.3400695538830074
pitch,3.0,scene-1094_025,0.07482718894009216,1640,0.10293382406234741,0.6767958166602689,-3.75,1.4877985298699958,-3.5,1.342418151425717
roll,0.25,scene-1094_025,0.08617511520737327,1640,0.15453487634658813,1.0160757048735807,-2.0,1.1984884111415615,-0.5,1.4559081668833471
roll,0.5,scene-1094_025,0.08623271889400921,1640,0.1568455994129181,1.0312688420080298,-2.0,1.2342517757407188,-0.5,1.3320220372204699
roll,1.0,scene-1094_025,0.0862615207373272,1640,0.16640226542949677,1.09410447101684,-0.25,1.207979978989152,-0.25,1.2967403549567116
roll,2.0,scene-1094_025,0.08623271889400921,1640,0.150514617562294,0.9896422720162342,-3.5,1.1268443864769813,0.5,1.230492011996869
roll,3.0,scene-1094_025,0.08631912442396314,1640,0.15620695054531097,1.027069688951698,-0.25,1.190119941733641,0.5,1.304987223120333
t_fwd,0.02,scene-1094_025,0.08654953917050691,1640,0.15391983091831207,1.0120317457891388,-2.25,1.2186393685921308,-0.5,1.4366545285977947
t_fwd,0.05,scene-1094_025,0.08709677419354839,1640,0.15604178607463837,1.025983723052438,-2.0,1.1795373434597907,-0.5,1.3907327089287722
t_fwd,0.1,scene-1094_025,0.08816244239631336,1640,0.1621926724910736,1.0664261552006342,-2.0,1.2007858257632362,-0.5,1.3552328102251376
t_fwd,0.2,scene-1094_025,0.09003456221198157,1640,0.15354497730731964,1.009567061725463,-2.0,1.2642162509568462,-0.25,1.260494660678599
t_left,0.02,scene-1094_025,0.08617511520737327,1640,0.14173106849193573,0.9318899314187649,-2.25,1.2388568430123656,-0.5,1.4365772536425185
t_left,0.05,scene-1094_025,0.0861463133640553,1640,0.1318470984697342,0.8669022597378828,-2.25,1.2786973103565398,-0.5,1.3956703460595878
t_left,0.1,scene-1094_025,0.08608870967741936,1640,0.13075658679008484,0.8597320826893862,-2.25,1.1992889120691284,-0.75,1.4206818675614996
t_left,0.2,scene-1094_025,0.08600230414746544,1640,0.13576865196228027,0.8926866996218714,-2.75,1.22585525504618,-0.25,1.194032281100101
t_up,0.02,scene-1094_025,0.08706797235023042,1640,0.15324905514717102,1.0076213564932903,-2.0,1.2287343645687823,-0.5,1.3928438713643094
t_up,0.05,scene-1094_025,0.08793202764976958,1640,0.16310380399227142,1.0724168972531647,-0.25,1.1972719183033314,-0.25,1.364066838963294
t_up,0.1,scene-1094_025,0.08882488479262673,1640,0.16265645623207092,1.0694755599866832,-0.25,1.1433897078035298,-0.25,1.4057090121312326
t_up,0.2,scene-1094_025,0.09567972350230415,1640,0.17451612651348114,1.1474535745659027,0.0,1.1956998791597293,2.25,1.3502768142162331
none,0.0,scene-1094_026,0.08644106813996316,1569,0.13192959129810333,1.0,0.0,1.3024827900317675,-0.5,1.210374869382355
yaw,0.25,scene-1094_026,0.08635474217311234,1569,0.1215495616197586,0.9213214444446327,-0.25,1.3283796419382696,-0.75,1.2423263801513067
yaw,0.5,scene-1094_026,0.08632596685082873,1569,0.11844603717327118,0.8977973478719782,-0.5,1.3403846894801092,0.75,1.171127393028065
yaw,1.0,scene-1094_026,0.08609576427255985,1569,0.1204439252614975,0.9129409412733399,-1.0,1.3431735028301985,-2.0,1.3202494418149202
yaw,2.0,scene-1094_026,0.08552025782688766,1569,0.10691364854574203,0.8103841412209322,-2.0,1.343974698138147,-0.75,1.2469110293238592
yaw,3.0,scene-1094_026,0.08494475138121547,1569,0.08891206234693527,0.673935706706108,-3.0,1.3283796419382696,3.75,1.272152760727592
pitch,0.25,scene-1094_026,0.08459944751381215,1569,0.10621201246976852,0.8050658796461796,-4.0,1.2874604946623271,-0.75,1.192957648215369
pitch,0.5,scene-1094_026,0.0841390423572744,1569,0.12143253535032272,0.9204344086531593,-4.0,1.229083136223696,-1.0,1.192957648215369
pitch,1.0,scene-1094_026,0.08316068139963168,1569,0.12495141476392746,0.9471068130696453,-1.25,1.2681908524686791,-1.5,1.1858575389757104
pitch,2.0,scene-1094_026,0.07927601289134438,1569,0.13157400488853455,0.9973047259066746,-0.75,1.1948151929587358,-2.5,1.138725582920974
pitch,3.0,scene-1094_026,0.07516114180478821,1569,0.08804555237293243,0.6673677338542487,-4.0,1.4085273647922667,3.75,1.2392113239379137
roll,0.25,scene-1094_026,0.08641229281767956,1569,0.1295456886291504,0.9819304930342249,0.0,1.2735207603332903,0.75,1.2262801026110146
roll,0.5,scene-1094_026,0.08644106813996316,1569,0.13244661688804626,1.0039189508953656,0.0,1.3152638502290561,0.0,1.177848943372466
roll,1.0,scene-1094_026,0.08646984346224677,1569,0.12918782234191895,0.9792179379227426,1.0,1.3523576278862548,0.75,1.2547388719766834
roll,2.0,scene-1094_026,0.0865561694290976,1569,0.12844589352607727,0.9735942654127199,0.25,1.2517779225066148,1.0,1.1802917442602712
roll,3.0,scene-1094_026,0.0868151473296501,1569,0.11844911426305771,0.8978206715990984,0.25,1.2700328795278277,1.0,1.1880496081984462
t_fwd,0.02,scene-1094_026,0.0868151473296501,1569,0.13290461897850037,1.0073905154317797,0.0,1.3211024910466427,-0.5,1.2390043232646246
t_fwd,0.05,scene-1094_026,0.08739065377532228,1569,0.13319090008735657,1.0095604691627007,0.0,1.3289084407628324,-2.0,1.2020685164450167
t_fwd,0.1,scene-1094_026,0.08845534069981584,1569,0.13552524149417877,1.0272543116422672,0.0,1.3506389919880413,-2.0,1.1713226338189244
t_fwd,0.2,scene-1094_026,0.09029696132596685,1569,0.13133637607097626,0.9955035468442658,0.0,1.322198644188469,-1.0,1.2384548521166123
t_left,0.02,scene-1094_026,0.08638351749539595,1569,0.1365354359149933,1.0349113839554218,0.0,1.356459785953615,0.0,1.2481512176463088
t_left,0.05,scene-1094_026,0.08635474217311234,1569,0.12810063362121582,0.9709772641663406,0.0,1.2458419223269004,-0.5,1.246028062529499
t_left,0.1,scene-1094_026,0.08621086556169429,1569,0.12175574153661728,0.9228842471095238,-0.25,1.2098371159926635,-0.5,1.2254608881118576
t_left,0.2,scene-1094_026,0.08632596685082873,1569,0.11350633949041367,0.8603554242348773,-0.25,1.3571359060600447,-0.75,1.3132685456604567
t_up,0.02,scene-1094_026,0.08736187845303868,1569,0.1391371339559555,1.0546317364204234,0.0,1.374556932173194,-0.5,1.2726697836577514
t_up,0.05,scene-1094_026,0.08811003683241252,1569,0.13305826485157013,1.0085551205181595,0.0,1.3445933034671649,-0.5,1.199803927210954
t_up,0.1,scene-1094_026,0.08917472375690608,1569,0.12901261448860168,0.9778898973247742,1.0,1.377630365164958,0.25,1.1670793107329653
t_up,0.2,scene-1094_026,0.0958505985267035,1569,0.13269291818141937,1.0057858655954695,-0.25,1.43905108556028,-0.5,1.174314216418996
none,0.0,scene-1094_027,0.08687269797421732,1600,0.11633356660604477,1.0,-1.75,1.2272053810338197,-0.25,1.258425146196808
yaw,0.25,scene-1094_027,0.08670004604051565,1600,0.11423946917057037,0.9819991985411579,-2.0,1.2425616687966339,1.0,1.311980903149299
yaw,0.5,scene-1094_027,0.08667127071823204,1600,0.1115991622209549,0.9593031957739026,-2.25,1.2429439334346741,1.0,1.21303683532878
yaw,1.0,scene-1094_027,0.08603821362799263,1600,0.125045508146286,1.074887599464251,-2.75,1.2429439334346741,-4.0,1.2687380881342152
yaw,2.0,scene-1094_027,0.08526127992633517,1600,0.11240755766630173,0.9662521398227376,-3.75,1.2515624639068066,3.5,1.1998879349119689
yaw,3.0,scene-1094_027,0.08480087476979742,1600,0.1036161482334137,0.8906814366338678,-2.25,1.2646582010541307,3.5,1.2947635750804254
pitch,0.25,scene-1094_027,0.08497352670349909,1600,0.1229289174079895,1.0566934462198636,0.75,1.1859711893961102,-0.5,1.258425146196808
pitch,0.5,scene-1094_027,0.08462822283609577,1600,0.10891265422105789,0.9362100501043068,0.75,1.2661436751252757,-0.75,1.258425146196808
pitch,1.0,scene-1094_027,0.08367863720073665,1600,0.13744638860225677,1.1814852119827897,0.5,1.2908744120308655,-1.25,1.258425146196808
pitch,2.0,scene-1094_027,0.0796213167587477,1600,0.12122395634651184,1.0420376498644457,-1.5,1.2127977156384588,-2.25,1.2369363784201752
pitch,3.0,scene-1094_027,0.07562154696132596,1600,0.09420470148324966,0.8097809104595503,-2.0,1.3158821191557388,-3.25,1.2369363784201752
roll,0.25,scene-1094_027,0.08695902394106814,1600,0.1263006180524826,1.0856764881987202,-0.75,1.210946476340868,-0.25,1.1996078323150194
roll,0.5,scene-1094_027,0.08695902394106814,1600,0.12980492413043976,1.1157994026781175,-1.75,1.14839981925445,1.0,1.188930233418063
roll,1.0,scene-1094_027,0.08698779926335175,1600,0.1292964518070221,1.1114285891781794,-4.0,1.2278098994293514,1.25,1.1772550689126533
roll,2.0,scene-1094_027,0.08704534990791897,1600,0.12800174951553345,1.1002993654359634,-0.75,1.1437707360748666,1.75,1.2879429261148607
roll,3.0,scene-1094_027,0.0871604511970534,1600,0.12892885506153107,1.1082687381032452,-1.75,1.245124720396765,2.25,1.2259860843242105
t_fwd,0.02,scene-1094_027,0.08747697974217311,1600,0.11438176035881042,0.9832223295117909,-0.75,1.182175030582215,-0.25,1.2384112550781956
t_fwd,0.05,scene-1094_027,0.08822513812154696,1600,0.11759788542985916,1.010868048326034,-0.75,1.2937581216313079,-0.25,1.2784321665420628
t_fwd,0.1,scene-1094_027,0.0892322744014733,1600,0.1205805242061615,1.0365067256512366,-0.75,1.3105154747241805,-0.25,1.1892275562469081
t_fwd,0.2,scene-1094_027,0.09130409760589318,1600,0.11810366064310074,1.0152156775443004,-1.5,1.1783467406540442,1.0,1.1496895573468884
t_left,0.02,scene-1094_027,0.0868151473296501,1600,0.12101899832487106,1.0402758365923153,-1.0,1.2495853230581433,-0.25,1.1931643711958944
t_left,0.05,scene-1094_027,0.08667127071823204,1600,0.13130353391170502,1.1286814093507076,-1.0,1.232375055413002,1.25,1.166770187836402
t_left,0.1,scene-1094_027,0.08644106813996316,1600,0.10936520993709564,0.9401002060519045,-1.25,1.211982959590232,1.0,1.1501696371059553
t_left,0.2,scene-1094_027,0.08586556169429098,1600,0.10590479522943497,0.9103545805319794,-1.75,1.2247471180595302,1.0,1.3213297782629345
t_up,0.02,scene-1094_027,0.08779350828729282,1600,0.12879320979118347,1.107102735252091,-1.75,1.2679978164657406,-0.25,1.1792937562520653
t_up,0.05,scene-1094_027,0.08859921731123388,1600,0.13733409345149994,1.1805199260895347,-0.25,1.2074756787908902,-0.25,1.2656658413919826
t_up,0.1,scene-1094_027,0.08949125230202579,1600,0.14486871659755707,1.2452873304241117,-0.25,1.3730975476367488,0.0,1.217527837307706
t_up,0.2,scene-1094_027,0.09659875690607735,1600,0.13064371049404144,1.1230095861881115,-0.75,1.3951419414473352,0.75,1.186632118334424
none,0.0,scene-1094_028,0.08577923572744015,1696,0.13835012912750244,1.0,-1.0,1.3994712209104823,4.0,1.2203071520358397
yaw,0.25,scene-1094_028,0.0856353591160221,1696,0.15028339624404907,1.0862541089900177,-1.25,1.384877022022066,0.0,1.2487406077609553
yaw,0.5,scene-1094_028,0.08560658379373849,1696,0.15283560752868652,1.1047015893121024,-1.5,1.384877022022066,0.0,1.214628610461063
yaw,1.0,scene-1094_028,0.08537638121546962,1696,0.1544448435306549,1.1163332083941873,-2.0,1.384877022022066,1.5,1.2647494155598096
yaw,2.0,scene-1094_028,0.08491597605893186,1696,0.13002896308898926,0.939854295106263,-3.0,1.3765511610961925,4.0,1.2135769776108734
yaw,3.0,scene-1094_028,0.0850310773480663,1696,0.13128067553043365,0.9489017202827933,-4.0,1.3994712209104823,2.75,1.2459980732307454
pitch,0.25,scene-1094_028,0.08376496316758748,1696,0.13891734182834625,1.0040998349941623,-1.0,1.2799972027462376,3.75,1.2154287840864662
pitch,0.5,scene-1094_028,0.08336210865561694,1696,0.13617347180843353,0.9842670380375076,-1.5,1.1594271771280273,3.5,1.2128810752600303
pitch,1.0,scene-1094_028,0.0822974217311234,1696,0.12293316423892975,0.888565590897537,-3.5,1.2301045833561115,3.0,1.1955132478228907
pitch,2.0,scene-1094_028,0.07824010128913444,1696,0.12875819206237793,0.9306691137506301,-3.25,1.2295320877222986,3.5,1.2636683830295654
pitch,3.0,scene-1094_028,0.073923802946593,1696,0.126648411154747,0.9154195370358403,-3.25,1.4207039539547122,4.0,1.225119427712378
roll,0.25,scene-1094_028,0.08580801104972376,1696,0.13106660544872284,0.9473544135830393,-1.0,1.345761136359097,4.0,1.203322314107453
roll,0.5,scene-1094_028,0.08586556169429098,1696,0.14155302941799164,1.0231506852265921,-1.0,1.311097398044813,4.0,1.2053732709187508
roll,1.0,scene-1094_028,0.08589433701657459,1696,0.12557187676429749,0.9076383054805203,-2.25,1.1605126223894375,4.0,1.1480320081342
roll,2.0,scene-1094_028,0.08577923572744015,1696,0.1293354481458664,0.9348415426968761,0.5,1.2067056545930026,2.75,1.318803598346913
roll,3.0,scene-1094_028,0.08583678637200737,1696,0.13220426440238953,0.9555774558081624,-2.5,1.1991929624572524,1.75,1.2951863137361956
t_fwd,0.02,scene-1094_028,0.08621086556169429,1696,0.14528454840183258,1.0501222464920104,-1.0,1.4200073065619196,4.0,1.2204297368396735
t_fwd,0.05,scene-1094_028,0.0868151473296501,1696,0.14687064290046692,1.0615865979070538,-1.0,1.3346414478759756,-0.25,1.1545160882418437
t_fwd,0.1,scene-1094_028,0.0877359576427256,1696,0.15387490391731262,1.112213663172679,-0.75,1.2269337911328018,-0.25,1.1887596876442605
t_fwd,0.2,scene-1094_028,0.09009553406998158,1696,0.1649765521287918,1.192456799059079,-0.75,1.2688610463273875,-0.25,1.2211564114935953
t_left,0.02,scene-1094_028,0.08569290976058933,1696,0.14430512487888336,1.0430429359837665,-1.0,1.3283416153441094,4.0,1.1977259784882939
t_left,0.05,scene-1094_028,0.08557780847145488,1696,0.15331052243709564,1.1081342923489852,-1.0,1.2406600389040305,0.0,1.2019540861143247
t_left,0.1,scene-1094_028,0.08549148250460405,1696,0.14719682931900024,1.0639442857573682,-1.75,1.234236087712434,0.25,1.2344374583746842
t_left,0.2,scene-1094_028,0.08526127992633517,1696,0.15352144837379456,1.109658873048903,-1.25,1.2759436270633464,1.0,1.2004654053865462
t_up,0.02,scene-1094_028,0.08670004604051565,1696,0.13706184923648834,0.9906882639059423,-1.0,1.42267541284872,4.0,1.1998763019267862
t_up,0.05,scene-1094_028,0.08753453038674033,1696,0.14778092503547668,1.0681661518312202,-1.0,1.254722126935139,4.0,1.1975998652736526
t_up,0.1,scene-1094_028,0.08839779005524862,1696,0.1445605754852295,1.0448893426908445,-1.0,1.2120416947190007,4.0,1.2497827078070842
t_up,0.2,scene-1094_028,0.09562039594843462,1696,0.131045401096344,0.9472011477168448,2.75,1.1727846703920222,0.25,1.234366007008318
none,0.0,scene-1094_029,0.08778801843317972,1659,0.1317550092935562,1.0,-3.5,1.2960352422309336,3.0,1.3779401602935646
yaw,0.25,scene-1094_029,0.08767281105990783,1659,0.11159588396549225,0.8469953784971582,-3.75,1.2874788264933814,4.0,1.5669357949979938
yaw,0.5,scene-1094_029,0.08752880184331797,1659,0.10275110602378845,0.7798648914733425,-4.0,1.2874788264933814,4.0,1.5001548752514178
yaw,1.0,scene-1094_029,0.08752880184331797,1659,0.09709717333316803,0.7369524229384787,-1.25,1.2290806034710529,2.75,1.603884896955477
yaw,2.0,scene-1094_029,0.08755760368663594,1659,0.09208697825670242,0.6989258226344047,-2.25,1.2397153450846115,3.5,1.3908420883062695
yaw,3.0,scene-1094_029,0.08764400921658987,1659,0.09480635076761246,0.7195654364562303,-3.25,1.3104531789526808,4.0,1.2921100299591324
pitch,0.25,scene-1094_029,0.08577188940092166,1659,0.11423112452030182,0.8669964438755389,-3.5,1.2413995656881933,4.0,1.4158406008293345
pitch,0.5,scene-1094_029,0.08533986175115207,1659,0.11258070170879364,0.8544699917857291,-3.75,1.32987128280346,3.75,1.4040487853407404
pitch,1.0,scene-1094_029,0.08438940092165899,1659,0.11584514379501343,0.8792465987908294,-4.0,1.3646401804063069,3.25,1.2835193626249697
pitch,2.0,scene-1094_029,0.08021313364055299,1659,0.1405153125524521,1.0664893373380402,-3.75,1.1188361559322904,4.0,1.315040548972016
pitch,3.0,scene-1094_029,0.07589285714285714,1659,0.15962767601013184,1.211549199275407,-0.5,1.2351313679003026,4.0,1.2788169349622565
roll,0.25,scene-1094_029,0.08784562211981567,1659,0.1312585175037384,0.9962317046427313,-0.25,1.2488158462178156,3.0,1.3706956620821922
roll,0.5,scene-1094_029,0.08793202764976958,1659,0.12498444318771362,0.9486124577566728,-0.25,1.253848631977297,3.5,1.363156806732647
roll,1.0,scene-1094_029,0.08793202764976958,1659,0.13403889536857605,1.0173343395994245,-0.25,1.1678239603057974,3.5,1.3615216536992008
roll,2.0,scene-1094_029,0.08804723502304147,1659,0.1381022036075592,1.0481742162824423,3.25,1.2495341101957882,4.0,1.4041489736042492
roll,3.0,scene-1094_029,0.08816244239631336,1659,0.1257731318473816,0.9545984818471173,-3.5,1.1967791030779973,4.0,1.446545995621281
t_fwd,0.02,scene-1094_029,0.08822004608294931,1659,0.12939557433128357,0.9820922561128912,-3.5,1.3490382860354515,3.0,1.3812404759417385
t_fwd,0.05,scene-1094_029,0.08882488479262673,1659,0.13044756650924683,0.9900767128982827,-3.5,1.3109502654745324,3.0,1.3579432350706602
t_fwd,0.1,scene-1094_029,0.08966013824884793,1659,0.12967492640018463,0.9842124948074114,-3.5,1.2819619503010518,3.75,1.3875901068630263
t_fwd,0.2,scene-1094_029,0.09190668202764977,1659,0.13312192261219025,1.010374659194843,-3.25,1.2548177693113904,3.0,1.3732945866203519
t_left,0.02,scene-1094_029,0.08767281105990783,1659,0.1254921704530716,0.952466028623392,-3.5,1.2773115850297447,3.0,1.4168147194652723
t_left,0.05,scene-1094_029,0.08767281105990783,1659,0.12346746027469635,0.9370987937134533,-0.5,1.2415880182070347,3.0,1.4220890226499858
t_left,0.1,scene-1094_029,0.08778801843317972,1659,0.12144983559846878,0.9217853366612647,-0.5,1.3472131098666984,3.75,1.4691559060611192
t_left,0.2,scene-1094_029,0.08764400921658987,1659,0.10681762546300888,0.8107291406660243,-0.75,1.2849375167317947,4.0,1.5364553322462953
t_up,0.02,scene-1094_029,0.08868087557603686,1659,0.13269929587841034,1.0071669881085903,-0.25,1.273248382750943,3.75,1.3823364670654132
t_up,0.05,scene-1094_029,0.08966013824884793,1659,0.13013285398483276,0.987688093853728,-0.25,1.2040783376733242,3.75,1.4178770646056948
t_up,0.1,scene-1094_029,0.09058179723502305,1659,0.14133897423744202,1.0727408012437105,0.0,1.2594998303643217,3.75,1.4246461358004245
t_up,0.2,scene-1094_029,0.0978110599078341,1659,0.13750609755516052,1.0436498641868759,0.0,1.2506468808497788,4.0,1.406689076373993
none,0.0,scene-1094_030,0.08914170506912443,1475,0.11266467720270157,1.0,-0.25,1.2397641096326073,4.0,1.7684888509569279
yaw,0.25,scene-1094_030,0.0891705069124424,1475,0.10024020075798035,0.8897216345601592,-0.5,1.2740317012938076,4.0,1.5801512201538663
yaw,0.5,scene-1094_030,0.08914170506912443,1475,0.1051117330789566,0.9329608506297318,-0.75,1.277456320134999,4.0,1.6230737304288774
yaw,1.0,scene-1094_030,0.08925691244239631,1475,0.09625251591205597,0.8543273570906565,-1.25,1.3091130283705215,4.0,1.6531904067122782
yaw,2.0,scene-1094_030,0.08925691244239631,1475,0.09067033231258392,0.8047804739142301,-2.25,1.344782372016092,3.75,1.6853531177693601
yaw,3.0,scene-1094_030,0.08914170506912443,1475,0.0808936059474945,0.7180032638087102,-3.25,1.3575897706117817,3.0,1.4801490505093913
pitch,0.25,scene-1094_030,0.0871831797235023,1475,0.10209482163190842,0.9061830572524846,1.5,1.3438341493993804,3.75,1.743123406046917
pitch,0.5,scene-1094_030,0.08683755760368664,1475,0.09967987984418869,0.8847482841924699,1.5,1.3189124596264832,3.5,1.7410132308508524
pitch,1.0,scene-1094_030,0.08588709677419355,1475,0.1084134578704834,0.9622666177388539,-1.25,1.1759820858720045,3.0,1.699831459464706
pitch,2.0,scene-1094_030,0.08168202764976959,1475,0.1060832068324089,0.9415835509966308,-4.0,1.2282795191204587,2.0,1.6007605796107047
pitch,3.0,scene-1094_030,0.07750576036866359,1475,0.10775131732225418,0.9563895268469329,-4.0,1.324942909214835,1.0,1.46682023790107
roll,0.25,scene-1094_030,0.08914170506912443,1475,0.10742069780826569,0.9534549823011419,-0.25,1.3186893330156977,4.0,1.8305375201852294
roll,0.5,scene-1094_030,0.08925691244239631,1475,0.11067990958690643,0.9823834083132886,0.0,1.1986252189346753,4.0,1.698205961178442
roll,1.0,scene-1094_030,0.0893721198156682,1475,0.10444040596485138,0.9270022207310511,-4.0,1.3604969079432323,4.0,1.6302215525369592
roll,2.0,scene-1094_030,0.08934331797235023,1475,0.10634689033031464,0.9439239783999005,-3.25,1.2661180001902808,3.5,1.4439074792484303
roll,3.0,scene-1094_030,0.08934331797235023,1475,0.11776400357484818,1.0452610924626546,-4.0,1.2610931007832464,2.75,1.496964569148182
t_fwd,0.02,scene-1094_030,0.08960253456221198,1475,0.11225424706935883,0.9963570646671777,-0.25,1.2696934198464842,4.0,1.760889769346725
t_fwd,0.05,scene-1094_030,0.09020737327188941,1475,0.11693467199802399,1.0379000313260565,0.0,1.2576967554982892,4.0,1.7140380522636793
t_fwd,0.1,scene-1094_030,0.09112903225806451,1475,0.11742689460515976,1.0422689481805394,0.0,1.266130504837611,4.0,1.72248810242071
t_fwd,0.2,scene-1094_030,0.0935483870967742,1475,0.11098543554544449,0.9850952250612154,-4.0,1.2335886853099862,4.0,1.6638782577329536
t_left,0.02,scene-1094_030,0.08919930875576036,1475,0.10037672519683838,0.8909334113321496,-0.25,1.2150932236532914,4.0,1.708572748186257
t_left,0.05,scene-1094_030,0.08922811059907834,1475,0.09157716482877731,0.8128294253576523,-3.75,1.2730064422550997,4.0,1.6552797780721404
t_left,0.1,scene-1094_030,0.08908410138248848,1475,0.10399575531482697,0.9230555476382554,-4.0,1.318852182084504,4.0,1.570741884224428
t_left,0.2,scene-1094_030,0.08914170506912443,1475,0.09446430951356888,0.8384554224001605,-0.5,1.2957912769588602,4.0,1.5335439476258963
t_up,0.02,scene-1094_030,0.09003456221198157,1475,0.10650622099637985,0.9453381808812918,-3.75,1.2510539883897809,4.0,1.6795568224113104
t_up,0.05,scene-1094_030,0.09101382488479262,1475,0.11851559579372406,1.0519321471138268,0.0,1.2954453557766847,4.0,1.5408963354120615
t_up,0.1,scene-1094_030,0.09190668202764977,1475,0.10683691501617432,0.948273386732896,-4.0,1.3586624068235602,4.0,1.5506671865772672
t_up,0.2,scene-1094_030,0.09922235023041474,1475,0.0938442200422287,0.8329515725091735,-4.0,1.4612808711318046,4.0,1.3737427406513754
none,0.0,scene-1094_031,0.08885819521178637,1499,0.09750350564718246,1.0,-3.25,1.2333006657767573,3.25,1.447211234706717
yaw,0.25,scene-1094_031,0.08891574585635359,1499,0.08642438054084778,0.8863720331613038,-3.5,1.2333006657767573,4.0,1.7935979980144288
yaw,0.5,scene-1094_031,0.08888697053406998,1499,0.0982518345117569,1.0076748918883212,-3.75,1.2579998890250819,4.0,1.6374603136722117
yaw,1.0,scene-1094_031,0.08917472375690608,1499,0.07580938190221786,0.7775041666351461,-1.25,1.270831075970962,4.0,1.809984130108105
yaw,2.0,scene-1094_031,0.08900207182320442,1499,0.09444432705640793,0.9686249374269249,-2.25,1.3388572448787859,3.5,1.6045519948860516
yaw,3.0,scene-1094_031,0.08874309392265194,1499,0.06866275519132614,0.7042080665261728,-3.25,1.3774643701407072,4.0,1.8549291159988954
pitch,0.25,scene-1094_031,0.08701657458563536,1499,0.09141919016838074,0.9375990079698479,2.25,1.2728540508394681,4.0,1.505391341772127
pitch,0.5,scene-1094_031,0.08661372007366483,1499,0.07642015814781189,0.783768313155212,2.25,1.2938701061135236,3.75,1.491483182337257
pitch,1.0,scene-1094_031,0.08557780847145488,1499,0.08859556913375854,0.9086398334675536,-2.5,1.470554438379776,3.25,1.3997582858903805
pitch,2.0,scene-1094_031,0.08157803867403315,1499,0.10831668227910995,1.1109003882491681,-3.25,1.482416689646643,3.75,1.3517439442335661
pitch,3.0,scene-1094_031,0.07740561694290976,1499,0.1044628918170929,1.0713757533507877,-3.25,1.4986582289258392,3.25,1.270049340110871
roll,0.25,scene-1094_031,0.08888697053406998,1499,0.09889499843120575,1.0142712077354266,-3.5,1.300402506912695,2.25,1.6142983648629319
roll,0.5,scene-1094_031,0.0889445211786372,1499,0.10103284567594528,1.0361970577912734,-3.5,1.2140726893067804,4.0,1.4818919512742772
roll,1.0,scene-1094_031,0.08888697053406998,1499,0.10859162360429764,1.1137201978894755,0.5,1.3552128065841056,4.0,1.5572408435803047
roll,2.0,scene-1094_031,0.08897329650092081,1499,0.1101774200797081,1.1299841923467484,-3.0,1.3267727672044836,3.5,1.4613509873609798
roll,3.0,scene-1094_031,0.08914594843462247,1499,0.08258917182683945,0.8470379734415837,-2.75,1.1405222241517359,3.5,1.5462651557887603
t_fwd,0.02,scene-1094_031,0.08928982504604052,1499,0.09615515172481537,0.9861712262198435,-3.25,1.2505750459797396,4.0,1.4790718033522379
t_fwd,0.05,scene-1094_031,0.08980778084714548,1499,0.09784694015979767,1.0035222786128113,-3.25,1.2587615199477131,4.0,1.4738076865804093
t_fwd,0.1,scene-1094_031,0.090728591160221,1499,0.09721817821264267,0.9970736699911872,-3.25,1.3260186660715287,2.25,1.4746673533006205
t_fwd,0.2,scene-1094_031,0.09257021178637201,1499,0.10395534336566925,1.0661703153713553,-3.0,1.311970285975483,2.25,1.3998207470022748
t_left,0.02,scene-1094_031,0.08885819521178637,1499,0.09391047060489655,0.963149683506895,-3.5,1.2262386231490285,3.25,1.463026821422968
t_left,0.05,scene-1094_031,0.08891574585635359,1499,0.09313394129276276,0.9551855666581771,-3.25,1.2595682129504822,4.0,1.5007305525838766
t_left,0.1,scene-1094_031,0.08888697053406998,1499,0.09385260194540024,0.9625561801337373,-3.25,1.2932171434084407,4.0,1.6518997240828304
t_left,0.2,scene-1094_031,0.08900207182320442,1499,0.09959546476602554,1.021455219532443,-0.25,1.3497045606644387,4.0,1.588287533955179
t_up,0.02,scene-1094_031,0.08977900552486189,1499,0.09922688454389572,1.0176750454793833,-3.5,1.2998048682128833,2.25,1.5009304598503856
t_up,0.05,scene-1094_031,0.09061348987108656,1499,0.09914728999137878,1.0168587204458512,-3.0,1.233670732776773,2.25,1.51898266533171
t_up,0.1,scene-1094_031,0.09144797421731124,1499,0.1027221828699112,1.0535229701546585,-0.25,1.4082584137726246,3.5,1.5146826330903111
t_up,0.2,scene-1094_031,0.09846915285451197,1499,0.09476175904273987,0.9718805330511537,-0.25,1.2875312331380822,3.75,1.4346990255559242
none,0.0,scene-1094_032,0.08621780128794848,1556,0.08338579535484314,1.0,-3.75,1.2267359580978343,3.5,1.794470858980057
yaw,0.25,scene-1094_032,0.08610280588776449,1556,0.08308931440114975,0.9964444669211137,-4.0,1.2352533733213884,3.5,2.0079655292141823
yaw,0.5,scene-1094_032,0.0859303127874885,1556,0.07884203642606735,0.9455091972266967,-4.0,1.2349778871029262,3.5,1.797594214372257
yaw,1.0,scene-1094_032,0.08604530818767249,1556,0.07595859467983246,0.910929665617451,-3.0,1.2326789662940059,3.25,1.8471143372301237
yaw,2.0,scene-1094_032,0.08633279668813247,1556,0.08668258041143417,1.039536530683215,3.75,1.4134450083896501,3.5,1.6606104657687144
yaw,3.0,scene-1094_032,0.0859590616375345,1556,0.09242222458124161,1.108368927680602,2.75,1.403698912331848,3.5,1.5132470338495676
pitch,0.25,scene-1094_032,0.0842916283348666,1556,0.07935965061187744,0.9517166595841332,-3.75,1.3580809406832626,3.25,1.7617833701969035
pitch,0.5,scene-1094_032,0.08386039558417663,1556,0.09144347161054611,1.0966312814000756,-3.75,1.2988715560360702,3.0,1.7484115231198625
pitch,1.0,scene-1094_032,0.0829116835326587,1556,0.0876726284623146,1.0514096326506104,-4.0,1.2390492113213114,3.75,1.750192640506647
pitch,2.0,scene-1094_032,0.07888684452621895,1556,0.11268765479326248,1.3514010907220717,-3.5,1.7122635888731699,2.75,1.4880648391856992
pitch,3.0,scene-1094_032,0.07457451701931923,1556,0.1289614737033844,1.5465640539206558,-4.0,1.4099840798811434,1.75,1.3925345836535237
roll,0.25,scene-1094_032,0.08624655013799448,1556,0.09235844016075134,1.1076039961929447,-3.75,1.2288387913644183,3.5,1.5548637057228083
roll,0.5,scene-1094_032,0.08630404783808647,1556,0.09814973175525665,1.1770557723601063,-2.0,1.162619270339925,3.75,1.5010305124045304
roll,1.0,scene-1094_032,0.08627529898804048,1556,0.10019399970769882,1.201571554019835,-2.0,1.2590893133045078,4.0,1.5985126152083684
roll,2.0,scene-1094_032,0.08639029438822447,1556,0.10103142261505127,1.2116143065508729,-0.5,1.1913303792326724,3.75,1.8279075706963301
roll,3.0,scene-1094_032,0.08644779208831646,1556,0.08350272476673126,1.0014022701515353,-1.75,1.3064825906808057,3.5,1.7225169542021064
t_fwd,0.02,scene-1094_032,0.08673528058877644,1556,0.08331654220819473,0.9991694850861145,-3.0,1.2168172408670894,3.5,1.768372210519401
t_fwd,0.05,scene-1094_032,0.08725275988960442,1556,0.08550002425909042,1.025354784891723,-3.0,1.223042520431912,3.5,1.7464962649896882
t_fwd,0.1,scene-1094_032,0.08814397424103036,1556,0.08916188776493073,1.0692695007046198,-3.75,1.262998422509168,3.5,1.5656008708852855
t_fwd,0.2,scene-1094_032,0.09009889604415823,1556,0.09222294390201569,1.1059790640548142,-3.25,1.2417078390676448,3.5,1.5978184614602744
t_left,0.02,scene-1094_032,0.08624655013799448,1556,0.08051835745573044,0.9656123937307248,-3.0,1.270090875511746,3.5,1.8710797496162865
t_left,0.05,scene-1094_032,0.08621780128794848,1556,0.08524661511182785,1.0223157883074223,-2.25,1.2907893621279336,3.5,1.9132507638608234
t_left,0.1,scene-1094_032,0.08624655013799448,1556,0.0918499231338501,1.1015056310608824,-2.25,1.2829013118740054,3.5,1.885544195080439
t_left,0.2,scene-1094_032,0.08636154553817847,1556,0.0810602679848671,0.9721112287760775,-4.0,1.3977172868925012,3.5,1.984505368837401
t_up,0.02,scene-1094_032,0.08708026678932843,1556,0.08474951237440109,1.0163543084737003,-3.25,1.2000845344460054,3.5,1.7560087384139003
t_up,0.05,scene-1094_032,0.08797148114075437,1556,0.08747313171625137,1.0490171778540316,-0.25,1.1181477063214587,3.5,1.5953718622446125
t_up,0.1,scene-1094_032,0.08877644894204231,1556,0.11000464856624603,1.3192252720997382,0.0,1.2734728343113582,3.75,1.606590347157025
t_up,0.2,scene-1094_032,0.09584866605335786,1556,0.10610172897577286,1.2724197031912146,-1.75,1.2794762782990743,3.75,1.559889297744787
none,0.0,scene-1094_033,0.0868663594470046,1555,0.12001059204339981,1.0,-3.0,1.1898253706060984,4.0,1.2661363045286522
yaw,0.25,scene-1094_033,0.08706797235023042,1555,0.11126421391963959,0.9271199485408984,-3.25,1.1898253706060984,1.75,1.2206272324537073
yaw,0.5,scene-1094_033,0.08724078341013825,1555,0.09478847682476044,0.7898342572169111,-3.5,1.1888571993469028,3.75,1.2654447450946968
yaw,1.0,scene-1094_033,0.08701036866359448,1555,0.11087692528963089,0.9238928281391539,-4.0,1.1938058305344312,3.75,1.4188748664716089
yaw,2.0,scene-1094_033,0.08712557603686635,1555,0.09884396940469742,0.8236270459273475,-2.25,1.195011694255352,3.75,1.319536763386335
yaw,3.0,scene-1094_033,0.08712557603686635,1555,0.11610850691795349,0.967485493913444,-3.25,1.1703488849507664,3.75,1.3137463832083671
pitch,0.25,scene-1094_033,0.0847926267281106,1555,0.10178212821483612,0.848109541681357,-3.0,1.1860794875832308,4.0,1.378520729906941
pitch,0.5,scene-1094_033,0.08453341013824885,1555,0.09642200171947479,0.8034457632256776,-3.75,1.1848384652481005,3.75,1.37702322346993
pitch,1.0,scene-1094_033,0.08352534562211981,1555,0.1188507080078125,0.9903351527907815,2.75,1.1808894903933242,3.25,1.3632331490392895
pitch,2.0,scene-1094_033,0.07943548387096774,1555,0.11498422920703888,0.9581173398882723,1.5,1.1808048493822918,3.75,1.3918603998329773
pitch,3.0,scene-1094_033,0.07525921658986175,1555,0.12617020308971405,1.05132556169781,-2.5,1.1996117350891866,3.5,1.4990809089399917
roll,0.25,scene-1094_033,0.08695276497695853,1555,0.11180689930915833,0.9316419276452302,-3.0,1.279873708859875,4.0,1.3579821247456432
roll,0.5,scene-1094_033,0.08701036866359448,1555,0.10797151923179626,0.8996832478982371,-2.75,1.3454429498291056,4.0,1.3900383991537806
roll,1.0,scene-1094_033,0.08724078341013825,1555,0.11705124378204346,0.9753409410705502,-3.0,1.265293739613618,3.75,1.4048593532191116
roll,2.0,scene-1094_033,0.08724078341013825,1555,0.12180851399898529,1.0149813606030316,-3.0,1.1490364415883083,4.0,1.2465381499063728
roll,3.0,scene-1094_033,0.08715437788018433,1555,0.1304701566696167,1.0871553456084473,-3.0,1.183423374939409,2.75,1.2213403130940068
t_fwd,0.02,scene-1094_033,0.08738479262672812,1555,0.11688780784606934,0.9739790951435255,-3.25,1.1797686424050555,4.0,1.241232068042703
t_fwd,0.05,scene-1094_033,0.08801843317972351,1555,0.11182072013616562,0.9317570910384938,-3.0,1.1818180774941847,3.75,1.2746872610976347
t_fwd,0.1,scene-1094_033,0.08899769585253456,1555,0.11411530524492264,0.950876945958693,-3.25,1.1692638636718369,4.0,1.236565270758966
t_fwd,0.2,scene-1094_033,0.09153225806451613,1555,0.12706567347049713,1.058787156258224,-3.25,1.1967320861496706,3.75,1.2298822493766224
t_left,0.02,scene-1094_033,0.08695276497695853,1555,0.12058011442422867,1.004745600960146,-3.25,1.2369012947109153,4.0,1.3091123780366143
t_left,0.05,scene-1094_033,0.08712557603686635,1555,0.11456018686294556,0.9545839655679458,-3.25,1.215532431903273,4.0,1.2928029968056405
t_left,0.1,scene-1094_033,0.0869815668202765,1555,0.09863203763961792,0.8218611037594857,-3.25,1.289730405602982,3.75,1.213553386795657
t_left,0.2,scene-1094_033,0.08695276497695853,1555,0.10462374240159988,0.8717875699151993,-3.5,1.2976850477021957,2.0,1.2196930835542883
t_up,0.02,scene-1094_033,0.08773041474654378,1555,0.11969731003046036,0.997389546975769,-3.0,1.1971930587968298,4.0,1.328615833487597
t_up,0.05,scene-1094_033,0.08862327188940092,1555,0.11838510632514954,0.986455481215671,-3.0,1.2359137707602508,3.25,1.3152259367736436
t_up,0.1,scene-1094_033,0.08954493087557604,1555,0.11360962688922882,0.9466633315844639,-2.75,1.2615303298751919,3.5,1.289532629665516
t_up,0.2,scene-1094_033,0.09714861751152074,1555,0.11443622410297394,0.9535510337420051,-3.5,1.319961634484592,3.75,1.2780814341009186
none,0.0,scene-1094_034,0.08225806451612903,1513,0.11157740652561188,1.0,-0.5,1.342383134755726,-0.5,1.3925448231572986
yaw,0.25,scene-1094_034,0.08205645161290323,1513,0.1068607047200203,0.9577270887318133,-0.75,1.3489656999155026,-0.5,1.288666721920685
yaw,0.5,scene-1094_034,0.0820852534562212,1513,0.10036913305521011,0.8995471052839987,-1.0,1.3491932887623734,-1.0,1.2770200681880537
yaw,1.0,scene-1094_034,0.08240207373271889,1513,0.09822246432304382,0.8803078273780945,-1.5,1.3489656999155026,-1.0,1.428676519137121
yaw,2.0,scene-1094_034,0.08243087557603687,1513,0.08449184894561768,0.7572487260332863,-2.5,1.3615503839852274,4.0,1.2935471344708651
yaw,3.0,scene-1094_034,0.08237327188940093,1513,0.08349034190177917,0.7482728314052944,-3.5,1.3786147749392965,1.0,1.476778216637878
pitch,0.25,scene-1094_034,0.08032834101382488,1513,0.09908229857683182,0.8880139955044404,-4.0,1.4373534052642107,-0.75,1.350277174544935
pitch,0.5,scene-1094_034,0.07980990783410138,1513,0.09065647423267365,0.8124984892157717,-4.0,1.3073262096127487,-1.0,1.327850801146379
pitch,1.0,scene-1094_034,0.07880184331797235,1513,0.08974089473485947,0.8042927105879631,3.0,1.344038012893181,-1.5,1.2969446466446377
pitch,2.0,scene-1094_034,0.07471198156682028,1513,0.07306227087974548,0.654812413684974,-3.5,1.4666135685126327,-2.5,1.2904391182252155
pitch,3.0,scene-1094_034,0.07050691244239632,1513,0.08156769722700119,0.7310413440043334,-3.75,1.5155736733388405,4.0,1.4000593763734854
roll,0.25,scene-1094_034,0.08220046082949309,1513,0.11843011528253555,1.061416634158374,-4.0,1.2983746868316048,-0.5,1.43117099680068
roll,0.5,scene-1094_034,0.082286866359447,1513,0.10843312740325928,0.9718197507877112,-4.0,1.3628438413395714,-2.25,1.3960751451708688
roll,1.0,scene-1094_034,0.08234447004608295,1513,0.10736044496297836,0.9622059546466915,-4.0,1.22286813691334,-0.25,1.3479852180595056
roll,2.0,scene-1094_034,0.08248847926267282,1513,0.13244691491127014,1.1870406297790028,-0.25,1.2634888238205597,0.25,1.3917362636748447
roll,3.0,scene-1094_034,0.08251728110599078,1513,0.11584855616092682,1.0382796998811272,0.25,1.192885712591948,0.5,1.4897413758096554
t_fwd,0.02,scene-1094_034,0.08263248847926268,1513,0.11161371320486069,1.0003253945433879,-4.0,1.328550813180046,-2.0,1.3225061259121103
t_fwd,0.05,scene-1094_034,0.08315092165898617,1513,0.10811756551265717,0.9689915627124697,-0.25,1.4425892751904263,-2.25,1.372389572578424
t_fwd,0.1,scene-1094_034,0.0841589861751152,1513,0.10596632957458496,0.9497113517355422,-0.25,1.5039440213285808,-2.25,1.3010730849368346
t_fwd,0.2,scene-1094_034,0.08637672811059907,1513,0.11406402289867401,1.0222860205349131,-0.25,1.5104199433695713,-0.25,1.2178001384402573
t_left,0.02,scene-1094_034,0.0820852534562212,1513,0.11364882439374924,1.0185648504714249,-0.5,1.3808296756932203,-0.5,1.4540547863611821
t_left,0.05,scene-1094_034,0.08211405529953918,1513,0.11254764348268509,1.0086956399802185,-0.5,1.4351814227277948,-0.5,1.3042072376233176
t_left,0.1,scene-1094_034,0.08205645161290323,1513,0.09969864785671234,0.8935379568427875,-0.5,1.3097402355164824,-2.0,1.3448040004159072
t_left,0.2,scene-1094_034,0.08205645161290323,1513,0.08906285464763641,0.7982158523033299,-0.75,1.33969569577649,-0.25,1.1959594279740051
t_up,0.02,scene-1094_034,0.08315092165898617,1513,0.11975698173046112,1.0733085259780768,-4.0,1.2876284286960136,-0.5,1.4358454929928752
t_up,0.05,scene-1094_034,0.08410138248847926,1513,0.11297916620969772,1.0125631140544935,-4.0,1.2273126223187216,-0.25,1.3894230598441915
t_up,0.1,scene-1094_034,0.0849942396313364,1513,0.1283615231513977,1.150425764036137,0.0,1.2548579845988406,-1.75,1.409699627608631
t_up,0.2,scene-1094_034,0.09219470046082949,1513,0.10607685893774033,0.9507019587643047,-4.0,1.399712687918134,0.5,1.4599675056202326
none,0.0,scene-1094_035,0.08122119815668202,1707,0.10185591131448746,1.0,3.75,1.2547070709257766,-1.0,1.5377842529091303
yaw,0.25,scene-1094_035,0.08110599078341015,1707,0.1036570742726326,1.0176834406064457,3.5,1.2547070709257766,-0.75,1.3585528833208658
yaw,0.5,scene-1094_035,0.08101958525345622,1707,0.09880059957504272,0.970003589384113,3.25,1.2547070709257766,-0.75,1.4746485619482967
yaw,1.0,scene-1094_035,0.08116359447004608,1707,0.09664914011955261,0.9488810111485964,2.75,1.2483905432589717,-0.5,1.547044147607452
yaw,2.0,scene-1094_035,0.08087557603686636,1707,0.09661369770765305,0.9485330449732201,3.25,1.2080655151917428,-1.0,1.230152405087182
yaw,3.0,scene-1094_035,0.08081797235023042,1707,0.11267776787281036,1.1062467206729871,2.25,1.187046337676812,-2.25,1.3313870348608245
pitch,0.25,scene-1094_035,0.07929147465437789,1707,0.08403058350086212,0.8249946656646333,3.25,1.2911819253613583,-1.25,1.5377842529091303
pitch,0.5,scene-1094_035,0.07883064516129032,1707,0.09296096116304398,0.9126712427717653,4.0,1.3105387508849344,-1.5,1.5377842529091303
pitch,1.0,scene-1094_035,0.07793778801843318,1707,0.09794241189956665,0.9615780825637346,-1.75,1.2177687668165609,-2.0,1.539465120447144
pitch,2.0,scene-1094_035,0.07402073732718895,1707,0.08835005015134811,0.8674022843756312,0.5,1.1733990726878567,-3.0,1.539465120447144
pitch,3.0,scene-1094_035,0.07001728110599079,1707,0.08731594681739807,0.8572496744720471,0.25,1.16432842787978,-4.0,1.539465120447144
roll,0.25,scene-1094_035,0.08125,1707,0.11194498091936111,1.0990523718718979,2.25,1.2322073435119087,-0.75,1.4804037752077266
roll,0.5,scene-1094_035,0.08127880184331797,1707,0.11102292686700821,1.0899998383423908,2.5,1.185766290071219,-2.0,1.3777475322257549
roll,1.0,scene-1094_035,0.08127880184331797,1707,0.13965660333633423,1.3711192755925026,-0.25,1.3242543507020363,0.0,1.3692505226805864
roll,2.0,scene-1094_035,0.08122119815668202,1707,0.12967251241207123,1.2730975624153813,0.5,1.252031643193201,0.5,1.39885437592196
roll,3.0,scene-1094_035,0.08130760368663595,1707,0.1205298975110054,1.1833372845574046,-4.0,1.1170021062067266,0.75,1.450688656662736
t_fwd,0.02,scene-1094_035,0.08168202764976959,1707,0.10243726521730423,1.0057076108329324,3.75,1.2484725404149,-1.0,1.515577096650627
t_fwd,0.05,scene-1094_035,0.08220046082949309,1707,0.10848960280418396,1.065128193386975,3.75,1.2450898701671291,-0.75,1.5615365877288039
t_fwd,0.1,scene-1094_035,0.08315092165898617,1707,0.10888771712779999,1.0690367964172578,3.25,1.179985174859659,-0.75,1.4395672768658268
t_fwd,0.2,scene-1094_035,0.08502304147465438,1707,0.11481121927499771,1.1271924996135945,3.5,1.192717399389475,-0.75,1.5327390439896622
t_left,0.02,scene-1094_035,0.08119239631336406,1707,0.09916926175355911,0.9736230374235902,3.75,1.287532231009857,-0.75,1.4714393912130879
t_left,0.05,scene-1094_035,0.08116359447004608,1707,0.10258778184652328,1.007185351567629,3.0,1.1863200936078837,-0.75,1.462773622416484
t_left,0.1,scene-1094_035,0.08101958525345622,1707,0.09954383969306946,0.977300565165243,3.25,1.2508598839123144,-0.75,1.4428276112120528
t_left,0.2,scene-1094_035,0.08084677419354838,1707,0.09959227591753006,0.9777761018703347,3.5,1.271594468390126,-0.75,1.5226060740856115
t_up,0.02,scene-1094_035,0.08214285714285714,1707,0.11298220604658127,1.109235630887839,3.75,1.2002214767147952,-0.75,1.574952027435907
t_up,0.05,scene-1094_035,0.08297811059907834,1707,0.11968448013067245,1.175037153819556,-0.25,1.192014761763361,-0.75,1.528602643711007
t_up,0.1,scene-1094_035,0.08387096774193549,1707,0.12686198949813843,1.2455044372087831,1.25,1.195574631231326,-0.5,1.5377356455294287
t_up,0.2,scene-1094_035,0.0907258064516129,1707,0.15185928344726562,1.4909226326431773,1.0,1.2879802476393638,-0.75,1.5355338906819294
none,0.0,scene-1094_036,0.07949308755760369,1993,0.06253533810377121,1.0,-3.5,1.5502555573974968,3.0,1.430171644520705
yaw,0.25,scene-1094_036,0.07943548387096774,1993,0.06821788102388382,1.0908693083370395,-3.75,1.5502555573974968,3.0,1.3579746120972138
yaw,0.5,scene-1094_036,0.07943548387096774,1993,0.07409776747226715,1.1848943288562577,-4.0,1.5502555573974968,3.0,1.2035542222420486
yaw,1.0,scene-1094_036,0.07946428571428571,1993,0.059286605566740036,0.9480496526357589,-4.0,1.253622812731744,4.0,1.1945544307670295
yaw,2.0,scene-1094_036,0.07911866359447005,1993,0.07420484721660614,1.186606636610336,4.0,1.209936974871709,4.0,1.4000531569229904
yaw,3.0,scene-1094_036,0.07900345622119816,1993,0.07714104652404785,1.2335592780523537,3.25,1.4402696785357505,0.5,1.2494837802653067
pitch,0.25,scene-1094_036,0.07764976958525345,1993,0.07123865932226181,1.139174448917959,2.75,1.2580158987077243,2.75,1.42597973435467
pitch,0.5,scene-1094_036,0.07716013824884793,1993,0.07338446378707886,1.1734879191874616,3.0,1.216275516953087,2.5,1.42597973435467
pitch,1.0,scene-1094_036,0.07620967741935483,1993,0.0728059932589531,1.1642376209454364,-2.0,1.3009786859054238,4.0,1.6176522654997318
pitch,2.0,scene-1094_036,0.07220622119815669,1993,0.07230963557958603,1.1563003858649543,2.5,1.3094133031191153,3.0,1.566404102968076
pitch,3.0,scene-1094_036,0.06817396313364055,1993,0.1083405539393425,1.7324693081464126,0.25,1.2887786068807021,4.0,1.4809631159845127
roll,0.25,scene-1094_036,0.07960829493087558,1993,0.06869017332792282,1.0984217149979787,-3.75,1.4181159116889905,3.25,1.4112188608859237
roll,0.5,scene-1094_036,0.07963709677419355,1993,0.07263989746570587,1.161581589999036,-3.75,1.429949103290606,3.25,1.471894693055604
roll,1.0,scene-1094_036,0.0795794930875576,1993,0.07419294863939285,1.1864163669552243,-3.75,1.355341160007961,3.25,1.558231052605373
roll,2.0,scene-1094_036,0.07969470046082949,1993,0.0763411819934845,1.220768677492458,-3.75,1.4213012543593584,3.5,1.4139354122046222
roll,3.0,scene-1094_036,0.07966589861751153,1993,0.08515246212482452,1.3616694929117108,-3.75,1.2421843318214152,4.0,1.2497142192245487
t_fwd,0.02,scene-1094_036,0.07992511520737328,1993,0.06105511263012886,0.9763297757951502,-3.5,1.5922305080401145,3.0,1.4252103639178377
t_fwd,0.05,scene-1094_036,0.08058755760368663,1993,0.0615340881049633,0.9839890527633123,-3.5,1.5724507444628872,3.0,1.4370729491520473
t_fwd,0.1,scene-1094_036,0.0815668202764977,1993,0.05948006734251976,0.9511432918747232,-3.5,1.5346169827491138,3.0,1.483941401816821
t_fwd,0.2,scene-1094_036,0.08404377880184331,1993,0.05566127225756645,0.890077097931446,-3.5,1.395901313402768,3.0,1.5225677327904026
t_left,0.02,scene-1094_036,0.07940668202764976,1993,0.06645437330007553,1.062669129409696,-3.75,1.5071571135802024,3.0,1.4202708297646967
t_left,0.05,scene-1094_036,0.0793778801843318,1993,0.0636310800909996,1.0175219647075406,-3.75,1.555178772162967,3.0,1.288012734361349
t_left,0.1,scene-1094_036,0.07934907834101383,1993,0.06779325008392334,1.0840790525738766,-3.75,1.5888437287387585,3.0,1.3121468778768275
t_left,0.2,scene-1094_036,0.07920506912442396,1993,0.07396750897169113,1.1828113705717775,-4.0,1.6730775624574408,2.5,1.2340145153287625
t_up,0.02,scene-1094_036,0.08035714285714286,1993,0.07004576921463013,1.1200989926431053,-3.5,1.5309027351901388,3.0,1.3576289721964931
t_up,0.05,scene-1094_036,0.08113479262672811,1993,0.07210806012153625,1.1530770010690605,-3.75,1.5876407547700084,3.25,1.3908939025137492
t_up,0.1,scene-1094_036,0.0819700460829493,1993,0.08918501436710358,1.4261538686991644,-3.75,1.3121737968580507,3.25,1.3663665697106735
t_up,0.2,scene-1094_036,0.08951612903225807,1993,0.08037564903497696,1.2852836727547794,3.0,1.292843783234767,3.0,1.2231916617970746
none,0.0,scene-1094_037,0.078125,2229,0.08124701678752899,1.0,-1.25,1.263650051278818,3.5,1.3943916918282475
yaw,0.25,scene-1094_037,0.07798112338858196,2229,0.0810161679983139,0.9971586798095149,-1.5,1.266645812272499,3.5,1.5157797511490898
yaw,0.5,scene-1094_037,0.07806744935543278,2229,0.09150908142328262,1.1263069715235232,-1.75,1.266645812272499,4.0,1.5404229061850696
yaw,1.0,scene-1094_037,0.07795234806629835,2229,0.07925131171941757,0.9754365742027128,-2.25,1.266645812272499,4.0,1.355425441444622
yaw,2.0,scene-1094_037,0.07780847145488029,2229,0.06816235929727554,0.838952148551233,-3.25,1.2666805089138233,3.25,1.3000277213246143
yaw,3.0,scene-1094_037,0.07769337016574586,2229,0.0860975980758667,1.0597016540437734,2.0,1.2197813908432786,3.75,1.3378434654964466
pitch,0.25,scene-1094_037,0.07616827808471455,2229,0.07813970744609833,0.9617547884920297,3.25,1.3000917906519092,3.25,1.3760412436506886
pitch,0.5,scene-1094_037,0.0757366482504604,2229,0.096737802028656,1.1906628188163184,-0.25,1.1249958505676754,3.0,1.3757261145567514
pitch,1.0,scene-1094_037,0.07464318600368323,2229,0.07332371920347214,0.9024789106438547,-2.0,1.454501569958042,2.5,1.3313176128764517
pitch,2.0,scene-1094_037,0.07081606813996316,2229,0.07919063419103622,0.974689746432531,3.5,1.1797020877412319,4.0,1.4813478353696028
pitch,3.0,scene-1094_037,0.06678752302025782,2229,0.08579128980636597,1.0559315676872274,-2.5,1.256186774670701,3.0,1.3929069951211825
roll,0.25,scene-1094_037,0.078125,2229,0.08121611177921295,0.9996196167005509,-0.25,1.2538465495156763,3.5,1.5420152805428144
roll,0.5,scene-1094_037,0.07818255064456722,2229,0.09574828296899796,1.178483675522408,-0.25,1.3048845080978573,3.5,1.4317962811136524
roll,1.0,scene-1094_037,0.07824010128913444,2229,0.10060128569602966,1.2382151329828452,2.75,1.1864551788151874,3.5,1.43553600292659
roll,2.0,scene-1094_037,0.07829765193370165,2229,0.11026439070701599,1.3571500230632594,-3.75,1.2128235332304955,3.75,1.309112096032949
roll,3.0,scene-1094_037,0.0784127532228361,2229,0.09737110882997513,1.198457650261949,-2.25,1.2402597173932508,3.75,1.5685987854450003
t_fwd,0.02,scene-1094_037,0.07847030386740332,2229,0.08079758286476135,0.9944683024615788,-1.25,1.2124634683056206,3.5,1.3974727958933775
t_fwd,0.05,scene-1094_037,0.07907458563535912,2229,0.07988567650318146,0.9832444274488551,-1.25,1.2274950818105126,3.5,1.2973412400754383
t_fwd,0.1,scene-1094_037,0.08005294659300184,2229,0.08902499824762344,1.095732517545042,-0.25,1.1561721230192357,3.5,1.3098163629566415
t_fwd,0.2,scene-1094_037,0.08209599447513811,2229,0.08979679644107819,1.1052319210181947,-3.5,1.1725082519368466,3.5,1.2617729419096906
t_left,0.02,scene-1094_037,0.07815377532228361,2229,0.08268845826387405,1.0177414695743796,-1.25,1.2161180579736424,3.5,1.412617846991821
t_left,0.05,scene-1094_037,0.07815377532228361,2229,0.08472198247909546,1.0427703788885434,-3.5,1.159960737335856,3.5,1.472246835257416
t_left,0.1,scene-1094_037,0.07803867403314917,2229,0.08795205503702164,1.0825265777699524,-3.75,1.150452805973879,4.0,1.47637209291918
t_left,0.2,scene-1094_037,0.07792357274401474,2229,0.07685946673154831,0.9459974011420669,-0.5,1.164566317208165,3.25,1.4557265551829381
t_up,0.02,scene-1094_037,0.07895948434622468,2229,0.08231274038553238,1.0131170797420217,-1.25,1.2857578775592688,3.5,1.3743108065720395
t_up,0.05,scene-1094_037,0.07979396869244935,2229,0.08841665089130402,1.0882448905480986,-1.25,1.285881942245364,3.5,1.4033347492357118
t_up,0.1,scene-1094_037,0.08065722836095764,2229,0.10810506343841553,1.3305727116248915,-1.25,1.2087437635093827,3.75,1.3610766566077315
t_up,0.2,scene-1094_037,0.08776473296500921,2229,0.08771423250436783,1.079599423739476,-3.5,1.381641321453987,4.0,1.3748279773274332
none,0.0,scene-1094_038,0.07564575645756458,1775,0.09908938407897949,1.0,-0.25,1.2191638242969347,4.0,1.3261613273834747
yaw,0.25,scene-1094_038,0.07555927121771218,1775,0.0716126561164856,0.7227076521073793,-0.5,1.217375330207828,3.75,1.3976684926087493
yaw,0.5,scene-1094_038,0.07553044280442804,1775,0.0675065815448761,0.6812695645687915,-0.75,1.21279463768049,3.75,1.3297955762625668
yaw,1.0,scene-1094_038,0.0756745848708487,1775,0.06837501376867294,0.6900336943680508,-1.25,1.21279463768049,4.0,1.5084702617811137
yaw,2.0,scene-1094_038,0.07555927121771218,1775,0.06513779610395432,0.657364022487374,-2.25,1.2193982082251378,4.0,1.3675133697959856
yaw,3.0,scene-1094_038,0.07553044280442804,1775,0.07016301155090332,0.7080779863863084,3.5,1.3130637439272288,2.5,1.2475340220734243
pitch,0.25,scene-1094_038,0.07365659594095941,1775,0.0929298847913742,0.9378389587859801,0.0,1.2172316885642072,3.75,1.3261613273834747
pitch,0.5,scene-1094_038,0.07322416974169742,1775,0.08404836803674698,0.8482075937595492,-3.5,1.3004709568832293,3.5,1.270851156767359
pitch,1.0,scene-1094_038,0.0722440036900369,1775,0.08320371806621552,0.8396834720447727,-3.75,1.3034941117422456,3.0,1.2476582212213143
pitch,2.0,scene-1094_038,0.06823685424354244,1775,0.07278082519769669,0.7344966958285513,3.5,1.1738637583947842,3.5,1.218013862818676
pitch,3.0,scene-1094_038,0.06408556273062731,1775,0.09917065501213074,1.0008201780029884,-2.5,1.223687532730244,4.0,1.3611735423125841
roll,0.25,scene-1094_038,0.07561692804428044,1775,0.08844370394945145,0.892564877373313,-1.25,1.2713511542110492,4.0,1.288165669197018
roll,0.5,scene-1094_038,0.07555927121771218,1775,0.09788398444652557,0.9878352293370484,-1.5,1.3080428364769057,4.0,1.3499144546001183
roll,1.0,scene-1094_038,0.07561692804428044,1775,0.08574835956096649,0.8653637355604159,-0.5,1.3961747125344954,4.0,1.3254275512969127
roll,2.0,scene-1094_038,0.07553044280442804,1775,0.09178362041711807,0.9262709751426214,4.0,1.1590881941130866,0.75,1.1914335845423543
roll,3.0,scene-1094_038,0.07555927121771218,1775,0.09715986251831055,0.9805274643837627,-1.0,1.2055541487631976,1.25,1.2612922557935504
t_fwd,0.02,scene-1094_038,0.07599169741697417,1775,0.10249088704586029,1.0343276224642755,0.0,1.2896763315165547,4.0,1.3038762395298509
t_fwd,0.05,scene-1094_038,0.07656826568265683,1775,0.10325516760349274,1.0420406642268851,0.0,1.2711801303423682,4.0,1.3160953319195559
t_fwd,0.1,scene-1094_038,0.07740428966789668,1775,0.09812707453966141,0.9902884698672557,-1.75,1.3651558934270875,1.5,1.3333738261441772
t_fwd,0.2,scene-1094_038,0.07945110701107011,1775,0.10112262517213821,1.0205192626037327,0.0,1.2569691782312586,1.5,1.3028982171048862
t_left,0.02,scene-1094_038,0.07555927121771218,1775,0.09833092987537384,0.9923457572104685,-0.25,1.2932507058292493,4.0,1.3388259954915125
t_left,0.05,scene-1094_038,0.07544395756457564,1775,0.09843776375055313,0.9934239138280748,-0.25,1.3944591044835013,4.0,1.332713969524985
t_left,0.1,scene-1094_038,0.07541512915129152,1775,0.0895436629652977,0.9036655520426553,-0.25,1.3356008400164596,3.75,1.3603385431785622
t_left,0.2,scene-1094_038,0.0756745848708487,1775,0.0698573887348175,0.7049936719672963,-0.5,1.4139434802454276,3.75,1.3315666210232295
t_up,0.02,scene-1094_038,0.07659709409594095,1775,0.09654611349105835,0.9743335715368457,-1.75,1.239099447347781,3.0,1.2834103911985022
t_up,0.05,scene-1094_038,0.07734663284132841,1775,0.09601328521966934,0.9689563227392922,-1.75,1.363523263402103,0.25,1.237942330099265
t_up,0.1,scene-1094_038,0.078125,1775,0.10145377367734909,1.0238611796848496,-1.75,1.2920661856255324,0.0,1.1786940640779286
t_up,0.2,scene-1094_038,0.08513030442804428,1775,0.08641217648983002,0.8720629085851914,3.75,1.2472029621485599,0.75,1.3042485240511312
none,0.0,scene-1094_039,0.07609447004608295,1936,0.1058129146695137,1.0,1.75,1.251345673801291,0.25,1.517679767466276
yaw,0.25,scene-1094_039,0.07600806451612903,1936,0.0987183004617691,0.9329513393530151,1.5,1.215173904070772,1.5,1.7375999148702794
yaw,0.5,scene-1094_039,0.07606566820276497,1936,0.10374292731285095,0.9804372900687222,1.25,1.251345673801291,1.5,1.391351322004452
yaw,1.0,scene-1094_039,0.07618087557603687,1936,0.12186640501022339,1.1517157937747928,0.75,1.2608255939722162,0.0,1.434806628768042
yaw,2.0,scene-1094_039,0.07618087557603687,1936,0.11586178094148636,1.094968239967289,-0.25,1.2594662684475115,0.25,1.25570643005839
yaw,3.0,scene-1094_039,0.07618087557603687,1936,0.12017465382814407,1.1357276586084648,-1.25,1.1908714297295844,-0.5,1.3989913575849489
pitch,0.25,scene-1094_039,0.07442396313364055,1936,0.11492102593183517,1.0860775009437071,1.5,1.2900066636893,0.0,1.4889851634728664
pitch,0.5,scene-1094_039,0.073963133640553,1936,0.10214392095804214,0.9653256530837379,-3.5,1.453456828815745,-0.25,1.451208456059385
pitch,1.0,scene-1094_039,0.07295506912442397,1936,0.10321222245693207,0.9754217883449823,1.75,1.337681718753968,-0.75,1.426028231485944
pitch,2.0,scene-1094_039,0.06903801843317972,1936,0.06708702445030212,0.6340154664469413,-3.5,1.333891067358243,3.5,1.2504701228588275
pitch,3.0,scene-1094_039,0.06497695852534562,1936,0.054013535380363464,0.5104625985312319,-3.5,1.298021711397298,4.0,1.491587440035875
roll,0.25,scene-1094_039,0.0761520737327189,1936,0.10452321171760559,0.9878114788167753,1.75,1.2833521304190134,-0.25,1.5635825470915339
roll,0.5,scene-1094_039,0.07623847926267281,1936,0.1060326024889946,1.0020761909845037,1.75,1.2674833190301609,-0.25,1.5382706332123237
roll,1.0,scene-1094_039,0.07618087557603687,1936,0.10157664120197296,0.9599644950640295,-3.5,1.3165605374923002,0.5,1.2535414439408386
roll,2.0,scene-1094_039,0.07629608294930876,1936,0.09893165528774261,0.9349676794816268,4.0,1.2511103259599514,0.75,1.1796999230677456
roll,3.0,scene-1094_039,0.0763536866359447,1936,0.09812195599079132,0.9273155011111487,-3.25,1.3015180072542591,-1.5,1.3161874131995148
t_fwd,0.02,scene-1094_039,0.07644009216589862,1936,0.10453412681818008,0.9879146335272243,1.5,1.25416683088356,0.25,1.4940965406397184
t_fwd,0.05,scene-1094_039,0.07678571428571429,1936,0.10272582620382309,0.9708250313741708,1.5,1.368706779853207,0.25,1.4052702252546418
t_fwd,0.1,scene-1094_039,0.07793778801843318,1936,0.10194902867078781,0.963483795803244,1.5,1.4123221383887845,0.25,1.4405771433512413
t_fwd,0.2,scene-1094_039,0.08006912442396313,1936,0.10506878793239594,0.9929675244327036,1.5,1.318171084452186,-0.25,1.3757478742433555
t_left,0.02,scene-1094_039,0.07597926267281106,1936,0.10935226082801819,1.0334490942769978,1.5,1.2123316380745617,0.25,1.5011581527622995
t_left,0.05,scene-1094_039,0.07606566820276497,1936,0.11131121963262558,1.0519625130853334,1.25,1.2938415999874981,0.0,1.5124892232171891
t_left,0.1,scene-1094_039,0.07609447004608295,1936,0.11579616367816925,1.0943481146874774,1.5,1.2355389785622264,1.5,1.618443975052079
t_left,0.2,scene-1094_039,0.07589285714285714,1936,0.10870230197906494,1.027306565730428,1.25,1.3612348453278094,1.5,1.6221912285487565
t_up,0.02,scene-1094_039,0.07690092165898617,1936,0.1076984852552414,1.0178198530077063,1.75,1.209333575826648,0.25,1.5638099059961705
t_up,0.05,scene-1094_039,0.0777073732718894,1936,0.10441672801971436,0.9868051394845321,3.0,1.3500605103193124,0.25,1.5281155261423685
t_up,0.1,scene-1094_039,0.07857142857142857,1936,0.11438453942537308,1.0810073589091767,3.0,1.3123977607714647,0.25,1.4896311531233444
t_up,0.2,scene-1094_039,0.08482142857142858,1936,0.11042267829179764,1.0435652267653872,3.5,1.3458953455178448,0.25,1.5188163792606448
