axis,level,frame,type,group,distance_m,n_points,hit_ratio,shift_px,box_w_deg,dist_bin
none,0.0,000001,Truck,vehicle,69.44159056358085,76,0.9868421052631579,0.0,2.409235096692688,>30m
none,0.0,000001,Cyclist,vru,46.06922725638015,18,1.0,0.0,0.9830695615377532,>30m
yaw,0.25,000001,Truck,vehicle,69.44159056358085,76,0.881578947368421,3.161917740615946,2.409235096692688,>30m
yaw,0.25,000001,Cyclist,vru,46.06922725638015,18,0.8888888888888888,3.198225572446474,0.9830695615377532,>30m
yaw,0.5,000001,Truck,vehicle,69.44159056358085,76,0.75,6.323821611579233,2.409235096692688,>30m
yaw,0.5,000001,Cyclist,vru,46.06922725638015,18,0.5555555555555556,6.3937226125392765,0.9830695615377532,>30m
yaw,1.0,000001,Truck,vehicle,69.44159056358085,76,0.5394736842105263,12.647908489922514,2.409235096692688,>30m
yaw,1.0,000001,Cyclist,vru,46.06922725638015,18,0.0,12.777034917133937,0.9830695615377532,>30m
yaw,2.0,000001,Truck,vehicle,69.44159056358085,76,0.10526315789473684,25.299371392906544,2.409235096692688,>30m
yaw,2.0,000001,Cyclist,vru,46.06922725638015,18,0.0,25.516437692757954,0.9830695615377532,>30m
yaw,3.0,000001,Truck,vehicle,69.44159056358085,76,0.0,37.96507895562778,2.409235096692688,>30m
yaw,3.0,000001,Cyclist,vru,46.06922725638015,18,0.0,38.22617208187236,0.9830695615377532,>30m
pitch,0.25,000001,Truck,vehicle,69.44159056358085,76,0.9736842105263158,3.1618283436492782,2.409235096692688,>30m
pitch,0.25,000001,Cyclist,vru,46.06922725638015,18,1.0,3.1672113134478677,0.9830695615377532,>30m
pitch,0.5,000001,Truck,vehicle,69.44159056358085,76,0.8947368421052632,6.3238416655730685,2.409235096692688,>30m
pitch,0.5,000001,Cyclist,vru,46.06922725638015,18,0.9444444444444444,6.334732478090232,0.9830695615377532,>30m
pitch,1.0,000001,Truck,vehicle,69.44159056358085,76,0.6710526315789473,12.648733732843741,2.409235096692688,>30m
pitch,1.0,000001,Cyclist,vru,46.06922725638015,18,0.7222222222222222,12.671193320205294,0.9830695615377532,>30m
pitch,2.0,000001,Truck,vehicle,69.44159056358085,76,0.15789473684210525,25.304133817371962,2.409235096692688,>30m
pitch,2.0,000001,Cyclist,vru,46.06922725638015,18,0.1111111111111111,25.353216616279312,0.9830695615377532,>30m
pitch,3.0,000001,Truck,vehicle,69.44159056358085,76,0.0,37.975609552438115,2.409235096692688,>30m
pitch,3.0,000001,Cyclist,vru,46.06922725638015,18,0.0,38.05392342118471,0.9830695615377532,>30m
roll,0.25,000001,Truck,vehicle,69.44159056358085,76,0.9868421052631579,0.05378003718132811,2.409235096692688,>30m
roll,0.25,000001,Cyclist,vru,46.06922725638015,18,1.0,0.320094684259749,0.9830695615377532,>30m
roll,0.5,000001,Truck,vehicle,69.44159056358085,76,0.9868421052631579,0.10755982047796057,2.409235096692688,>30m
roll,0.5,000001,Cyclist,vru,46.06922725638015,18,1.0,0.6401893007533108,0.9830695615377532,>30m
roll,1.0,000001,Truck,vehicle,69.44159056358085,76,0.9868421052631579,0.21511760169053626,2.409235096692688,>30m
roll,1.0,000001,Cyclist,vru,46.06922725638015,18,1.0,1.280372232832868,0.9830695615377532,>30m
roll,2.0,000001,Truck,vehicle,69.44159056358085,76,0.9868421052631579,0.43021885670448545,2.409235096692688,>30m
roll,2.0,000001,Cyclist,vru,46.06922725638015,18,1.0,2.5606702074394625,0.9830695615377532,>30m
roll,3.0,000001,Truck,vehicle,69.44159056358085,76,0.9868421052631579,0.6452873868082979,2.409235096692688,>30m
roll,3.0,000001,Cyclist,vru,46.06922725638015,18,0.9444444444444444,3.84079635173073,0.9830695615377532,>30m
t_fwd,0.02,000001,Truck,vehicle,69.44159056358085,76,0.9868421052631579,0.004102468240372435,2.409235096692688,>30m
t_fwd,0.02,000001,Cyclist,vru,46.06922725638015,18,1.0,0.032459164270111085,0.9830695615377532,>30m
t_fwd,0.05,000001,Truck,vehicle,69.44159056358085,76,0.9868421052631579,0.010251322490032359,2.409235096692688,>30m
t_fwd,0.05,000001,Cyclist,vru,46.06922725638015,18,1.0,0.08109482689020012,0.9830695615377532,>30m
t_fwd,0.1,000001,Truck,vehicle,69.44159056358085,76,0.9868421052631579,0.02048650496511059,2.409235096692688,>30m
t_fwd,0.1,000001,Cyclist,vru,46.06922725638015,18,1.0,0.1620130161631096,0.9830695615377532,>30m
t_fwd,0.2,000001,Truck,vehicle,69.44159056358085,76,0.9868421052631579,0.040908602099423264,2.409235096692688,>30m
t_fwd,0.2,000001,Cyclist,vru,46.06922725638015,18,1.0,0.3233217853144629,0.9830695615377532,>30m
t_left,0.02,000001,Truck,vehicle,69.44159056358085,76,0.9868421052631579,0.22768330190067868,2.409235096692688,>30m
t_left,0.02,000001,Cyclist,vru,46.06922725638015,18,1.0,0.315318631762951,0.9830695615377532,>30m
t_left,0.05,000001,Truck,vehicle,69.44159056358085,76,0.9736842105263158,0.569208221244923,2.409235096692688,>30m
t_left,0.05,000001,Cyclist,vru,46.06922725638015,18,1.0,0.7882965151435848,0.9830695615377532,>30m
t_left,0.1,000001,Truck,vehicle,69.44159056358085,76,0.9605263157894737,1.1384163308001631,2.409235096692688,>30m
t_left,0.1,000001,Cyclist,vru,46.06922725638015,18,0.9444444444444444,1.5765928160751148,0.9830695615377532,>30m
t_left,0.2,000001,Truck,vehicle,69.44159056358085,76,0.9210526315789473,2.2768322148425044,2.409235096692688,>30m
t_left,0.2,000001,Cyclist,vru,46.06922725638015,18,0.9444444444444444,3.1531847753020106,0.9830695615377532,>30m
t_up,0.02,000001,Truck,vehicle,69.44159056358085,76,0.9868421052631579,0.22765293408888487,2.409235096692688,>30m
t_up,0.02,000001,Cyclist,vru,46.06922725638015,18,1.0,0.31530680464445326,0.9830695615377532,>30m
t_up,0.05,000001,Truck,vehicle,69.44159056358085,76,0.9868421052631579,0.5691295198162938,2.409235096692688,>30m
t_up,0.05,000001,Cyclist,vru,46.06922725638015,18,1.0,0.7882616113449186,0.9830695615377532,>30m
t_up,0.1,000001,Truck,vehicle,69.44159056358085,76,0.9605263157894737,1.1382496550698584,2.409235096692688,>30m
t_up,0.1,000001,Cyclist,vru,46.06922725638015,18,1.0,1.5765052221314306,0.9830695615377532,>30m
t_up,0.2,000001,Truck,vehicle,69.44159056358085,76,0.9605263157894737,2.276461772817371,2.409235096692688,>30m
t_up,0.2,000001,Cyclist,vru,46.06922725638015,18,1.0,3.1529384444955824,0.9830695615377532,>30m
none,0.0,000004,Car,vehicle,41.35978360678401,67,1.0,0.0,5.123396454799342,>30m
none,0.0,000004,Car,vehicle,53.58041619845819,26,1.0,0.0,3.2533408672214694,>30m
yaw,0.25,000004,Car,vehicle,41.35978360678401,67,1.0,3.7029939361417883,5.123396454799342,>30m
yaw,0.25,000004,Car,vehicle,53.58041619845819,26,0.9615384615384616,3.477346903944736,3.2533408672214694,>30m
yaw,0.5,000004,Car,vehicle,41.35978360678401,67,0.9701492537313433,7.419407356968906,5.123396454799342,>30m
yaw,0.5,000004,Car,vehicle,53.58041619845819,26,0.8461538461538461,6.9643458597331165,3.2533408672214694,>30m
yaw,1.0,000004,Car,vehicle,41.35978360678401,67,0.8507462686567164,14.893362866499091,5.123396454799342,>30m
yaw,1.0,000004,Car,vehicle,53.58041619845819,26,0.6538461538461539,13.9680003890936,3.2533408672214694,>30m
yaw,2.0,000004,Car,vehicle,41.35978360678401,67,0.6119402985074627,30.01203144528872,5.123396454799342,>30m
yaw,2.0,000004,Car,vehicle,53.58041619845819,26,0.34615384615384615,28.09893887816849,3.2533408672214694,>30m
yaw,3.0,000004,Car,vehicle,41.35978360678401,67,0.29850746268656714,45.37068522045535,5.123396454799342,>30m
yaw,3.0,000004,Car,vehicle,53.58041619845819,26,0.0,42.40452128584997,3.2533408672214694,>30m
pitch,0.25,000004,Car,vehicle,41.35978360678401,67,1.0,3.1768808810810296,5.123396454799342,>30m
pitch,0.25,000004,Car,vehicle,53.58041619845819,26,1.0,3.1683195552375407,3.2533408672214694,>30m
pitch,0.5,000004,Car,vehicle,41.35978360678401,67,1.0,6.355057908267665,5.123396454799342,>30m
pitch,0.5,000004,Car,vehicle,53.58041619845819,26,1.0,6.337650121828062,3.2533408672214694,>30m
pitch,1.0,000004,Car,vehicle,41.35978360678401,67,0.3582089552238806,12.715822713081954,5.123396454799342,>30m
pitch,1.0,000004,Car,vehicle,53.58041619845819,26,0.038461538461538464,12.679850050393725,3.2533408672214694,>30m
pitch,2.0,000004,Car,vehicle,41.35978360678401,67,0.0,25.458665093867214,5.123396454799342,>30m
pitch,2.0,000004,Car,vehicle,53.58041619845819,26,0.0,25.381956394738584,3.2533408672214694,>30m
pitch,3.0,000004,Car,vehicle,41.35978360678401,67,0.0,38.23695742646208,5.123396454799342,>30m
pitch,3.0,000004,Car,vehicle,53.58041619845819,26,0.0,38.11447151893227,3.2533408672214694,>30m
roll,0.25,000004,Car,vehicle,41.35978360678401,67,1.0,1.2895808463416403,5.123396454799342,>30m
roll,0.25,000004,Car,vehicle,53.58041619845819,26,1.0,0.9864414898136861,3.2533408672214694,>30m
roll,0.5,000004,Car,vehicle,41.35978360678401,67,1.0,2.579131407467309,5.123396454799342,>30m
roll,0.5,000004,Car,vehicle,53.58041619845819,26,1.0,1.972864171553902,3.2533408672214694,>30m
roll,1.0,000004,Car,vehicle,41.35978360678401,67,1.0,5.158117100104883,5.123396454799342,>30m
roll,1.0,000004,Car,vehicle,53.58041619845819,26,1.0,3.9456343117774537,3.2533408672214694,>30m
roll,2.0,000004,Car,vehicle,41.35978360678401,67,0.9402985074626866,10.315454818494905,5.123396454799342,>30m
roll,2.0,000004,Car,vehicle,53.58041619845819,26,0.9615384615384616,7.89074214735721,3.2533408672214694,>30m
roll,3.0,000004,Car,vehicle,41.35978360678401,67,0.6417910447761194,15.471620318764652,5.123396454799342,>30m
roll,3.0,000004,Car,vehicle,53.58041619845819,26,0.5,11.835022931220532,3.2533408672214694,>30m
t_fwd,0.02,000004,Car,vehicle,41.35978360678401,67,1.0,0.15982784245792964,5.123396454799342,>30m
t_fwd,0.02,000004,Car,vehicle,53.58041619845819,26,1.0,0.09071413856901583,3.2533408672214694,>30m
t_fwd,0.05,000004,Car,vehicle,41.35978360678401,67,1.0,0.39924407783130533,5.123396454799342,>30m
t_fwd,0.05,000004,Car,vehicle,53.58041619845819,26,1.0,0.2266483757741889,3.2533408672214694,>30m
t_fwd,0.1,000004,Car,vehicle,41.35978360678401,67,1.0,0.7974054154841105,5.123396454799342,>30m
t_fwd,0.1,000004,Car,vehicle,53.58041619845819,26,1.0,0.45284091732169224,3.2533408672214694,>30m
t_fwd,0.2,000004,Car,vehicle,41.35978360678401,67,1.0,1.5904974407924555,5.123396454799342,>30m
t_fwd,0.2,000004,Car,vehicle,53.58041619845819,26,1.0,0.9038639873405763,3.2533408672214694,>30m
t_left,0.02,000004,Car,vehicle,41.35978360678401,67,1.0,0.39160745034880684,5.123396454799342,>30m
t_left,0.02,000004,Car,vehicle,53.58041619845819,26,1.0,0.2898332821445745,3.2533408672214694,>30m
t_left,0.05,000004,Car,vehicle,41.35978360678401,67,1.0,0.979018526744044,5.123396454799342,>30m
t_left,0.05,000004,Car,vehicle,53.58041619845819,26,1.0,0.724583151062937,3.2533408672214694,>30m
t_left,0.1,000004,Car,vehicle,41.35978360678401,67,1.0,1.9580367230621734,5.123396454799342,>30m
t_left,0.1,000004,Car,vehicle,53.58041619845819,26,1.0,1.449166121131221,3.2533408672214694,>30m
t_left,0.2,000004,Car,vehicle,41.35978360678401,67,1.0,3.916072124421542,5.123396454799342,>30m
t_left,0.2,000004,Car,vehicle,53.58041619845819,26,1.0,2.8983315182840865,3.2533408672214694,>30m
t_up,0.02,000004,Car,vehicle,41.35978360678401,67,1.0,0.3917612993612179,5.123396454799342,>30m
t_up,0.02,000004,Car,vehicle,53.58041619845819,26,1.0,0.2899114754228015,3.2533408672214694,>30m
t_up,0.05,000004,Car,vehicle,41.35978360678401,67,1.0,0.9793949148381413,5.123396454799342,>30m
t_up,0.05,000004,Car,vehicle,53.58041619845819,26,1.0,0.7247741242935674,3.2533408672214694,>30m
t_up,0.1,000004,Car,vehicle,41.35978360678401,67,1.0,1.9587620517566866,5.123396454799342,>30m
t_up,0.1,000004,Car,vehicle,53.58041619845819,26,1.0,1.4495330346311408,3.2533408672214694,>30m
t_up,0.2,000004,Car,vehicle,41.35978360678401,67,1.0,3.917412996561986,5.123396454799342,>30m
t_up,0.2,000004,Car,vehicle,53.58041619845819,26,1.0,2.899005215354234,3.2533408672214694,>30m
none,0.0,000007,Car,vehicle,25.019516382216505,169,1.0,0.0,4.114122292671321,15-30m
none,0.0,000007,Car,vehicle,48.126992426288176,19,1.0,0.0,2.458467982650148,>30m
none,0.0,000007,Cyclist,vru,36.35443576786745,25,1.0,0.0,1.9859910932196454,>30m
yaw,0.25,000007,Car,vehicle,25.019516382216505,169,0.9585798816568047,3.1884599842802537,4.114122292671321,15-30m
yaw,0.25,000007,Car,vehicle,48.126992426288176,19,0.8421052631578947,3.2500726541841094,2.458467982650148,>30m
yaw,0.25,000007,Cyclist,vru,36.35443576786745,25,1.0,3.605827040702043,1.9859910932196454,>30m
yaw,0.5,000007,Car,vehicle,25.019516382216505,169,0.8875739644970414,6.377842495455819,4.114122292671321,15-30m
yaw,0.5,000007,Car,vehicle,48.126992426288176,19,0.7368421052631579,6.504813733514074,2.458467982650148,>30m
yaw,0.5,000007,Cyclist,vru,36.35443576786745,25,0.96,7.223452144440993,1.9859910932196454,>30m
yaw,1.0,000007,Car,vehicle,25.019516382216505,169,0.7751479289940828,12.760239721119344,4.114122292671321,15-30m
yaw,1.0,000007,Car,vehicle,48.126992426288176,19,0.5263157894736842,13.028843671098118,2.458467982650148,>30m
yaw,1.0,000007,Cyclist,vru,36.35443576786745,25,0.48,14.494890870536416,1.9859910932196454,>30m
yaw,2.0,000007,Car,vehicle,25.019516382216505,169,0.5029585798816568,25.540975378975464,4.114122292671321,15-30m
yaw,2.0,000007,Car,vehicle,48.126992426288176,19,0.05263157894736842,26.138936633048953,2.458467982650148,>30m
yaw,2.0,000007,Cyclist,vru,36.35443576786745,25,0.0,29.18821094823889,1.9859910932196454,>30m
yaw,3.0,000007,Car,vehicle,25.019516382216505,169,0.21893491124260356,38.349973951613364,4.114122292671321,15-30m
yaw,3.0,000007,Car,vehicle,48.126992426288176,19,0.0,39.33918331800094,2.458467982650148,>30m
yaw,3.0,000007,Cyclist,vru,36.35443576786745,25,0.0,44.0933100501571,1.9859910932196454,>30m
pitch,0.25,000007,Car,vehicle,25.019516382216505,169,1.0,3.1898836940354918,4.114122292671321,15-30m
pitch,0.25,000007,Car,vehicle,48.126992426288176,19,1.0,3.1704367629236994,2.458467982650148,>30m
pitch,0.25,000007,Cyclist,vru,36.35443576786745,25,1.0,3.1756805836371766,1.9859910932196454,>30m
pitch,0.5,000007,Car,vehicle,25.019516382216505,169,1.0,6.380993748128807,4.114122292671321,15-30m
pitch,0.5,000007,Car,vehicle,48.126992426288176,19,0.3684210526315789,6.34188818489415,2.458467982650148,>30m
pitch,0.5,000007,Cyclist,vru,36.35443576786745,25,0.96,6.352261503418124,1.9859910932196454,>30m
pitch,1.0,000007,Car,vehicle,25.019516382216505,169,0.7692307692307693,12.767391034230814,4.114122292671321,15-30m
pitch,1.0,000007,Car,vehicle,48.126992426288176,19,0.0,12.688328713062958,2.458467982650148,>30m
pitch,1.0,000007,Cyclist,vru,36.35443576786745,25,0.72,12.708640157081847,1.9859910932196454,>30m
pitch,2.0,000007,Car,vehicle,25.019516382216505,169,0.378698224852071,25.560393980128378,4.114122292671321,15-30m
pitch,2.0,000007,Car,vehicle,48.126992426288176,19,0.0,25.39882741496384,2.458467982650148,>30m
pitch,2.0,000007,Cyclist,vru,36.35443576786745,25,0.24,25.437885496669193,1.9859910932196454,>30m
pitch,3.0,000007,Car,vehicle,25.019516382216505,169,0.11834319526627218,38.3870483622586,4.114122292671321,15-30m
pitch,3.0,000007,Car,vehicle,48.126992426288176,19,0.0,38.13945544369368,2.458467982650148,>30m
pitch,3.0,000007,Cyclist,vru,36.35443576786745,25,0.0,38.19604530049653,1.9859910932196454,>30m
roll,0.25,000007,Car,vehicle,25.019516382216505,169,1.0,0.15288078188562673,4.114122292671321,15-30m
roll,0.25,000007,Car,vehicle,48.126992426288176,19,1.0,0.5091650556233202,2.458467982650148,>30m
roll,0.25,000007,Cyclist,vru,36.35443576786745,25,1.0,1.1625397814429475,1.9859910932196454,>30m
roll,0.5,000007,Car,vehicle,25.019516382216505,169,1.0,0.3057606241219271,4.114122292671321,15-30m
roll,0.5,000007,Car,vehicle,48.126992426288176,19,1.0,1.0183239510318598,2.458467982650148,>30m
roll,0.5,000007,Cyclist,vru,36.35443576786745,25,1.0,2.325054364645378,1.9859910932196454,>30m
roll,1.0,000007,Car,vehicle,25.019516382216505,169,1.0,0.6115145721215921,4.114122292671321,15-30m
roll,1.0,000007,Car,vehicle,48.126992426288176,19,1.0,2.036613554247172,2.458467982650148,>30m
roll,1.0,000007,Cyclist,vru,36.35443576786745,25,0.96,4.649985800913374,1.9859910932196454,>30m
roll,2.0,000007,Car,vehicle,25.019516382216505,169,1.0,1.2229791007083797,4.114122292671321,15-30m
roll,2.0,000007,Car,vehicle,48.126992426288176,19,1.0,4.073012073494823,2.458467982650148,>30m
roll,2.0,000007,Cyclist,vru,36.35443576786745,25,0.8,9.299302861837939,1.9859910932196454,>30m
roll,3.0,000007,Car,vehicle,25.019516382216505,169,0.9881656804733728,1.8343469122227871,4.114122292671321,15-30m
roll,3.0,000007,Car,vehicle,48.126992426288176,19,1.0,6.109040308448396,2.458467982650148,>30m
roll,3.0,000007,Cyclist,vru,36.35443576786745,25,0.64,13.947597301442439,1.9859910932196454,>30m
t_fwd,0.02,000007,Car,vehicle,25.019516382216505,169,1.0,0.027379122466457666,4.114122292671321,15-30m
t_fwd,0.02,000007,Car,vehicle,48.126992426288176,19,1.0,0.0505004469842153,2.458467982650148,>30m
t_fwd,0.02,000007,Cyclist,vru,36.35443576786745,25,1.0,0.15533357342490686,1.9859910932196454,>30m
t_fwd,0.05,000007,Car,vehicle,25.019516382216505,169,1.0,0.06836062911788052,4.114122292671321,15-30m
t_fwd,0.05,000007,Car,vehicle,48.126992426288176,19,1.0,0.12616846523763287,2.458467982650148,>30m
t_fwd,0.05,000007,Cyclist,vru,36.35443576786745,25,1.0,0.387993010116247,1.9859910932196454,>30m
t_fwd,0.1,000007,Car,vehicle,25.019516382216505,169,1.0,0.13643165292811898,4.114122292671321,15-30m
t_fwd,0.1,000007,Car,vehicle,48.126992426288176,19,1.0,0.2520619035147675,2.458467982650148,>30m
t_fwd,0.1,000007,Cyclist,vru,36.35443576786745,25,1.0,0.7748522653131588,1.9859910932196454,>30m
t_fwd,0.2,000007,Car,vehicle,25.019516382216505,169,1.0,0.2717122149342505,4.114122292671321,15-30m
t_fwd,0.2,000007,Car,vehicle,48.126992426288176,19,1.0,0.5030272884507194,2.458467982650148,>30m
t_fwd,0.2,000007,Cyclist,vru,36.35443576786745,25,1.0,1.5451893307147126,1.9859910932196454,>30m
t_left,0.02,000007,Car,vehicle,25.019516382216505,169,1.0,0.613341475366336,4.114122292671321,15-30m
t_left,0.02,000007,Car,vehicle,48.126992426288176,19,1.0,0.314961605346421,2.458467982650148,>30m
t_left,0.02,000007,Cyclist,vru,36.35443576786745,25,1.0,0.4238602951985003,1.9859910932196454,>30m
t_left,0.05,000007,Car,vehicle,25.019516382216505,169,0.9881656804733728,1.5333534452633097,4.114122292671321,15-30m
t_left,0.05,000007,Car,vehicle,48.126992426288176,19,0.9473684210526315,0.7874039492456002,2.458467982650148,>30m
t_left,0.05,000007,Cyclist,vru,36.35443576786745,25,1.0,1.0596506218680737,1.9859910932196454,>30m
t_left,0.1,000007,Car,vehicle,25.019516382216505,169,0.9585798816568047,3.066706080018983,4.114122292671321,15-30m
t_left,0.1,000007,Car,vehicle,48.126992426288176,19,0.9473684210526315,1.574807684756494,2.458467982650148,>30m
t_left,0.1,000007,Cyclist,vru,36.35443576786745,25,1.0,2.119300856642811,1.9859910932196454,>30m
t_left,0.2,000007,Car,vehicle,25.019516382216505,169,0.9053254437869822,6.133408918009807,4.114122292671321,15-30m
t_left,0.2,000007,Car,vehicle,48.126992426288176,19,0.8421052631578947,3.1496145145743335,2.458467982650148,>30m
t_left,0.2,000007,Cyclist,vru,36.35443576786745,25,1.0,4.238600164912957,1.9859910932196454,>30m
t_up,0.02,000007,Car,vehicle,25.019516382216505,169,1.0,0.6135174850466952,4.114122292671321,15-30m
t_up,0.02,000007,Car,vehicle,48.126992426288176,19,1.0,0.3150526781598781,2.458467982650148,>30m
t_up,0.02,000007,Cyclist,vru,36.35443576786745,25,1.0,0.4239047705223921,1.9859910932196454,>30m
t_up,0.05,000007,Car,vehicle,25.019516382216505,169,1.0,1.533773272972881,4.114122292671321,15-30m
t_up,0.05,000007,Car,vehicle,48.126992426288176,19,1.0,0.7876263054080141,2.458467982650148,>30m
t_up,0.05,000007,Cyclist,vru,36.35443576786745,25,1.0,1.0597521663688385,1.9859910932196454,>30m
t_up,0.1,000007,Car,vehicle,25.019516382216505,169,1.0,3.067478416220863,4.114122292671321,15-30m
t_up,0.1,000007,Car,vehicle,48.126992426288176,19,1.0,1.575234644504907,2.458467982650148,>30m
t_up,0.1,000007,Cyclist,vru,36.35443576786745,25,1.0,2.11947180041305,1.9859910932196454,>30m
t_up,0.2,000007,Car,vehicle,25.019516382216505,169,0.9053254437869822,6.134684331699238,4.114122292671321,15-30m
t_up,0.2,000007,Car,vehicle,48.126992426288176,19,1.0,3.1503974262241616,2.458467982650148,>30m
t_up,0.2,000007,Cyclist,vru,36.35443576786745,25,0.96,4.238813477519366,1.9859910932196454,>30m
none,0.0,000008,Car,vehicle,4.564252403187186,1533,0.9902152641878669,0.0,31.946584434753927,<15m
none,0.0,000008,Car,vehicle,7.946603047843777,1600,1.0,0.0,23.000492608999217,<15m
none,0.0,000008,Car,vehicle,7.2345421416977045,868,0.9919354838709677,0.0,24.116967409905588,<15m
none,0.0,000008,Car,vehicle,14.479589082567227,623,1.0,0.0,9.791785753895018,<15m
none,0.0,000008,Car,vehicle,33.98025308911045,41,1.0,0.0,4.055360461044679,>30m
none,0.0,000008,Car,vehicle,21.686677938310424,200,1.0,0.0,5.708632534648554,15-30m
yaw,0.25,000008,Car,vehicle,4.564252403187186,1533,0.9758643183300717,4.468307639310782,31.946584434753927,<15m
yaw,0.25,000008,Car,vehicle,7.946603047843777,1600,1.0,3.3613677417689454,23.000492608999217,<15m
yaw,0.25,000008,Car,vehicle,7.2345421416977045,868,0.9988479262672811,4.749592161584575,24.116967409905588,<15m
yaw,0.25,000008,Car,vehicle,14.479589082567227,623,1.0,3.2287233888595863,9.791785753895018,<15m
yaw,0.25,000008,Car,vehicle,33.98025308911045,41,0.975609756097561,3.3153069357800464,4.055360461044679,>30m
yaw,0.25,000008,Car,vehicle,21.686677938310424,200,1.0,3.7737972214903595,5.708632534648554,15-30m
yaw,0.5,000008,Car,vehicle,4.564252403187186,1533,0.9569471624266145,8.906664444485626,31.946584434753927,<15m
yaw,0.5,000008,Car,vehicle,7.946603047843777,1600,1.0,6.72790858755101,23.000492608999217,<15m
yaw,0.5,000008,Car,vehicle,7.2345421416977045,868,1.0,9.471007462028657,24.116967409905588,<15m
yaw,0.5,000008,Car,vehicle,14.479589082567227,623,1.0,6.455584207363055,9.791785753895018,<15m
yaw,0.5,000008,Car,vehicle,33.98025308911045,41,0.9024390243902439,6.624575473294491,4.055360461044679,>30m
yaw,0.5,000008,Car,vehicle,21.686677938310424,200,0.99,7.533508086500385,5.708632534648554,15-30m
yaw,1.0,000008,Car,vehicle,4.564252403187186,1533,0.9210697977821265,17.79435354107165,31.946584434753927,<15m
yaw,1.0,000008,Car,vehicle,7.946603047843777,1600,1.0,13.47562789046329,23.000492608999217,<15m
yaw,1.0,000008,Car,vehicle,7.2345421416977045,868,0.9965437788018433,18.831045998306912,24.116967409905588,<15m
yaw,1.0,000008,Car,vehicle,14.479589082567227,623,0.9775280898876404,12.9043666120613,9.791785753895018,<15m
yaw,1.0,000008,Car,vehicle,33.98025308911045,41,0.7560975609756098,13.225571081558847,4.055360461044679,>30m
yaw,1.0,000008,Car,vehicle,21.686677938310424,200,0.885,15.01156250820759,5.708632534648554,15-30m
yaw,2.0,000008,Car,vehicle,4.564252403187186,1533,0.8558382257012394,35.52460064037791,31.946584434753927,<15m
yaw,2.0,000008,Car,vehicle,7.946603047843777,1600,0.991875,27.036297198135053,23.000492608999217,<15m
yaw,2.0,000008,Car,vehicle,7.2345421416977045,868,0.9688940092165899,37.231727143545214,24.116967409905588,<15m
yaw,2.0,000008,Car,vehicle,14.479589082567227,623,0.8747993579454254,25.78791305462733,9.791785753895018,<15m
yaw,2.0,000008,Car,vehicle,33.98025308911045,41,0.34146341463414637,26.361360089028505,4.055360461044679,>30m
yaw,2.0,000008,Car,vehicle,21.686677938310424,200,0.63,29.808296011573656,5.708632534648554,15-30m
yaw,3.0,000008,Car,vehicle,4.564252403187186,1533,0.8003913894324853,53.12241325048921,31.946584434753927,<15m
yaw,3.0,000008,Car,vehicle,7.946603047843777,1600,0.97,40.69196624091951,23.000492608999217,<15m
yaw,3.0,000008,Car,vehicle,7.2345421416977045,868,0.9481566820276498,55.22798553858533,24.116967409905588,<15m
yaw,3.0,000008,Car,vehicle,14.479589082567227,623,0.7495987158908507,38.65788410779332,9.791785753895018,<15m
yaw,3.0,000008,Car,vehicle,33.98025308911045,41,0.07317073170731707,39.41630080776243,4.055360461044679,>30m
yaw,3.0,000008,Car,vehicle,21.686677938310424,200,0.365,44.40376688801831,5.708632534648554,15-30m
pitch,0.25,000008,Car,vehicle,4.564252403187186,1533,0.9575994781474233,3.507702895026356,31.946584434753927,<15m
pitch,0.25,000008,Car,vehicle,7.946603047843777,1600,1.0,3.3282346381451973,23.000492608999217,<15m
pitch,0.25,000008,Car,vehicle,7.2345421416977045,868,0.9608294930875576,3.4986346710435283,24.116967409905588,<15m
pitch,0.25,000008,Car,vehicle,14.479589082567227,623,1.0,3.2280745816606298,9.791785753895018,<15m
pitch,0.25,000008,Car,vehicle,33.98025308911045,41,1.0,3.1785769263018406,4.055360461044679,>30m
pitch,0.25,000008,Car,vehicle,21.686677938310424,200,1.0,3.2077435476104563,5.708632534648554,15-30m
pitch,0.5,000008,Car,vehicle,4.564252403187186,1533,0.928897586431833,7.008470726239023,31.946584434753927,<15m
pitch,0.5,000008,Car,vehicle,7.946603047843777,1600,1.0,6.660437043675566,23.000492608999217,<15m
pitch,0.5,000008,Car,vehicle,7.2345421416977045,868,0.9274193548387096,6.9975604790578965,24.116967409905588,<15m
pitch,0.5,000008,Car,vehicle,14.479589082567227,623,1.0,6.458085606961366,9.791785753895018,<15m
pitch,0.5,000008,Car,vehicle,33.98025308911045,41,1.0,6.358129759679685,4.055360461044679,>30m
pitch,0.5,000008,Car,vehicle,21.686677938310424,200,1.0,6.417514564266819,5.708632534648554,15-30m
pitch,1.0,000008,Car,vehicle,4.564252403187186,1533,0.857795172863666,13.986036590826414,31.946584434753927,<15m
pitch,1.0,000008,Car,vehicle,7.946603047843777,1600,1.0,13.337173075576327,23.000492608999217,<15m
pitch,1.0,000008,Car,vehicle,7.2345421416977045,868,0.8571428571428571,13.997269521580728,24.116967409905588,<15m
pitch,1.0,000008,Car,vehicle,14.479589082567227,623,1.0,12.924615066254432,9.791785753895018,<15m
pitch,1.0,000008,Car,vehicle,33.98025308911045,41,0.5853658536585366,12.720664648377324,4.055360461044679,>30m
pitch,1.0,000008,Car,vehicle,21.686677938310424,200,0.88,12.843684894317278,5.708632534648554,15-30m
pitch,2.0,000008,Car,vehicle,4.564252403187186,1533,0.7038486627527724,27.912604873462605,31.946584434753927,<15m
pitch,2.0,000008,Car,vehicle,7.946603047843777,1600,1.0,26.74535585771557,23.000492608999217,<15m
pitch,2.0,000008,Car,vehicle,7.2345421416977045,868,0.7027649769585254,27.97477310286934,24.116967409905588,<15m
pitch,2.0,000008,Car,vehicle,14.479589082567227,623,0.8202247191011236,25.88671962846375,9.791785753895018,<15m
pitch,2.0,000008,Car,vehicle,33.98025308911045,41,0.04878048780487805,25.462972552940982,4.055360461044679,>30m
pitch,2.0,000008,Car,vehicle,21.686677938310424,200,0.52,25.726380324436153,5.708632534648554,15-30m
pitch,3.0,000008,Car,vehicle,4.564252403187186,1533,0.5720808871493803,41.79594762329308,31.946584434753927,<15m
pitch,3.0,000008,Car,vehicle,7.946603047843777,1600,0.97875,40.22576318736471,23.000492608999217,<15m
pitch,3.0,000008,Car,vehicle,7.2345421416977045,868,0.586405529953917,41.929355018865685,24.116967409905588,<15m
pitch,3.0,000008,Car,vehicle,14.479589082567227,623,0.5826645264847512,38.89456113620598,9.791785753895018,<15m
pitch,3.0,000008,Car,vehicle,33.98025308911045,41,0.0,38.235006798926996,4.055360461044679,>30m
pitch,3.0,000008,Car,vehicle,21.686677938310424,200,0.19,38.656927248446834,5.708632534648554,15-30m
roll,0.25,000008,Car,vehicle,4.564252403187186,1533,0.9960861056751468,1.9591400391320861,31.946584434753927,<15m
roll,0.25,000008,Car,vehicle,7.946603047843777,1600,1.0,0.6760357198292171,23.000492608999217,<15m
roll,0.25,000008,Car,vehicle,7.2345421416977045,868,0.9746543778801844,2.1992651696971164,24.116967409905588,<15m
roll,0.25,000008,Car,vehicle,14.479589082567227,623,1.0,0.284581393809085,9.791785753895018,<15m
roll,0.25,000008,Car,vehicle,33.98025308911045,41,1.0,0.6693403907844414,4.055360461044679,>30m
roll,0.25,000008,Car,vehicle,21.686677938310424,200,1.0,1.366572899718473,5.708632534648554,15-30m
roll,0.5,000008,Car,vehicle,4.564252403187186,1533,0.9954337899543378,3.9170423599206954,31.946584434753927,<15m
roll,0.5,000008,Car,vehicle,7.946603047843777,1600,1.0,1.3520628885619288,23.000492608999217,<15m
roll,0.5,000008,Car,vehicle,7.2345421416977045,868,0.956221198156682,4.387225567751658,24.116967409905588,<15m
roll,0.5,000008,Car,vehicle,14.479589082567227,623,1.0,0.5691623988330679,9.791785753895018,<15m
roll,0.5,000008,Car,vehicle,33.98025308911045,41,1.0,1.338683966306485,4.055360461044679,>30m
roll,0.5,000008,Car,vehicle,21.686677938310424,200,1.0,2.73316587425093,5.708632534648554,15-30m
roll,1.0,000008,Car,vehicle,4.564252403187186,1533,0.95955642530985,7.822902908592682,31.946584434753927,<15m
roll,1.0,000008,Car,vehicle,7.946603047843777,1600,0.99375,2.7040785867918897,23.000492608999217,<15m
roll,1.0,000008,Car,vehicle,7.2345421416977045,868,0.9182027649769585,8.737171217204374,24.116967409905588,<15m
roll,1.0,000008,Car,vehicle,14.479589082567227,623,1.0,1.1383178092942827,9.791785753895018,<15m
roll,1.0,000008,Car,vehicle,33.98025308911045,41,1.0,2.677367906330826,4.055360461044679,>30m
roll,1.0,000008,Car,vehicle,21.686677938310424,200,1.0,5.466385936299229,5.708632534648554,15-30m
roll,2.0,000008,Car,vehicle,4.564252403187186,1533,0.9028049575994781,15.622829561986602,31.946584434753927,<15m
roll,2.0,000008,Car,vehicle,7.946603047843777,1600,0.98125,5.407864541707758,23.000492608999217,<15m
roll,2.0,000008,Car,vehicle,7.2345421416977045,868,0.8283410138248848,17.268103176198863,24.116967409905588,<15m
roll,2.0,000008,Car,vehicle,14.479589082567227,623,1.0,2.276564197778746,9.791785753895018,<15m
roll,2.0,000008,Car,vehicle,33.98025308911045,41,1.0,5.3546335712518855,4.055360461044679,>30m
roll,2.0,000008,Car,vehicle,21.686677938310424,200,0.9,10.932779666443032,5.708632534648554,15-30m
roll,3.0,000008,Car,vehicle,4.564252403187186,1533,0.837573385518591,23.42030893906419,31.946584434753927,<15m
roll,3.0,000008,Car,vehicle,7.946603047843777,1600,0.97125,8.111150178135949,23.000492608999217,<15m
roll,3.0,000008,Car,vehicle,7.2345421416977045,868,0.7361751152073732,25.71231461786948,24.116967409905588,<15m
roll,3.0,000008,Car,vehicle,14.479589082567227,623,1.0,3.4146522289294485,9.791785753895018,<15m
roll,3.0,000008,Car,vehicle,33.98025308911045,41,0.8780487804878049,8.031592686434841,4.055360461044679,>30m
roll,3.0,000008,Car,vehicle,21.686677938310424,200,0.78,16.398763099397733,5.708632534648554,15-30m
t_fwd,0.02,000008,Car,vehicle,4.564252403187186,1533,0.9993476842791911,2.4178958839244733,31.946584434753927,<15m
t_fwd,0.02,000008,Car,vehicle,7.946603047843777,1600,1.0,0.4377782492004808,23.000492608999217,<15m
t_fwd,0.02,000008,Car,vehicle,7.2345421416977045,868,1.0,2.037663397589598,24.116967409905588,<15m
t_fwd,0.02,000008,Car,vehicle,14.479589082567227,623,1.0,0.09865045133972505,9.791785753895018,<15m
t_fwd,0.02,000008,Car,vehicle,33.98025308911045,41,1.0,0.0977726404392836,4.055360461044679,>30m
t_fwd,0.02,000008,Car,vehicle,21.686677938310424,200,1.0,0.33294098157415164,5.708632534648554,15-30m
t_fwd,0.05,000008,Car,vehicle,4.564252403187186,1533,1.0,5.993746184213484,31.946584434753927,<15m
t_fwd,0.05,000008,Car,vehicle,7.946603047843777,1600,1.0,1.0896171912273076,23.000492608999217,<15m
t_fwd,0.05,000008,Car,vehicle,7.2345421416977045,868,1.0,5.06325216055916,24.116967409905588,<15m
t_fwd,0.05,000008,Car,vehicle,14.479589082567227,623,1.0,0.2460563965995153,9.791785753895018,<15m
t_fwd,0.05,000008,Car,vehicle,33.98025308911045,41,1.0,0.2441998906033198,4.055360461044679,>30m
t_fwd,0.05,000008,Car,vehicle,21.686677938310424,200,1.0,0.8310373931066988,5.708632534648554,15-30m
t_fwd,0.1,000008,Car,vehicle,4.564252403187186,1533,1.0,11.821284773983827,31.946584434753927,<15m
t_fwd,0.1,000008,Car,vehicle,7.946603047843777,1600,1.0,2.163327670134742,23.000492608999217,<15m
t_fwd,0.1,000008,Car,vehicle,7.2345421416977045,868,1.0,10.025133280393224,24.116967409905588,<15m
t_fwd,0.1,000008,Car,vehicle,14.479589082567227,623,1.0,0.4902253415090543,9.791785753895018,<15m
t_fwd,0.1,000008,Car,vehicle,33.98025308911045,41,1.0,0.48762936226792775,4.055360461044679,>30m
t_fwd,0.1,000008,Car,vehicle,21.686677938310424,200,1.0,1.657709671609823,5.708632534648554,15-30m
t_fwd,0.2,000008,Car,vehicle,4.564252403187186,1533,1.0,23.00464680500203,31.946584434753927,<15m
t_fwd,0.2,000008,Car,vehicle,7.946603047843777,1600,1.0,4.264402378193758,23.000492608999217,<15m
t_fwd,0.2,000008,Car,vehicle,7.2345421416977045,868,1.0,19.656720692354426,24.116967409905588,<15m
t_fwd,0.2,000008,Car,vehicle,14.479589082567227,623,1.0,0.9729870846612005,9.791785753895018,<15m
t_fwd,0.2,000008,Car,vehicle,33.98025308911045,41,1.0,0.9721915863473888,4.055360461044679,>30m
t_fwd,0.2,000008,Car,vehicle,21.686677938310424,200,1.0,3.298095746336039,5.708632534648554,15-30m
t_left,0.02,000008,Car,vehicle,4.564252403187186,1533,0.9804305283757339,4.081692925001758,31.946584434753927,<15m
t_left,0.02,000008,Car,vehicle,7.946603047843777,1600,1.0,2.1698387337640357,23.000492608999217,<15m
t_left,0.02,000008,Car,vehicle,7.2345421416977045,868,0.9953917050691244,2.9326626562577713,24.116967409905588,<15m
t_left,0.02,000008,Car,vehicle,14.479589082567227,623,1.0,1.1144103951605713,9.791785753895018,<15m
t_left,0.02,000008,Car,vehicle,33.98025308911045,41,1.0,0.4567494390725033,4.055360461044679,>30m
t_left,0.02,000008,Car,vehicle,21.686677938310424,200,1.0,0.7651461066221474,5.708632534648554,15-30m
t_left,0.05,000008,Car,vehicle,4.564252403187186,1533,0.9654272667971298,10.154154536800911,31.946584434753927,<15m
t_left,0.05,000008,Car,vehicle,7.946603047843777,1600,1.0,5.42459379115634,23.000492608999217,<15m
t_left,0.05,000008,Car,vehicle,7.2345421416977045,868,0.9953917050691244,7.331651082116995,24.116967409905588,<15m
t_left,0.05,000008,Car,vehicle,14.479589082567227,623,1.0,2.7860251851961118,9.791785753895018,<15m
t_left,0.05,000008,Car,vehicle,33.98025308911045,41,1.0,1.1418734628418297,4.055360461044679,>30m
t_left,0.05,000008,Car,vehicle,21.686677938310424,200,1.0,1.9128648881675976,5.708632534648554,15-30m
t_left,0.1,000008,Car,vehicle,4.564252403187186,1533,0.9347684279191129,20.081300011624066,31.946584434753927,<15m
t_left,0.1,000008,Car,vehicle,7.946603047843777,1600,1.0,10.849177438148304,23.000492608999217,<15m
t_left,0.1,000008,Car,vehicle,7.2345421416977045,868,0.9953917050691244,14.663283635845634,24.116967409905588,<15m
t_left,0.1,000008,Car,vehicle,14.479589082567227,623,1.0,5.572047694710034,9.791785753895018,<15m
t_left,0.1,000008,Car,vehicle,33.98025308911045,41,1.0,2.283746476219618,4.055360461044679,>30m
t_left,0.1,000008,Car,vehicle,21.686677938310424,200,1.0,3.8257285150431173,5.708632534648554,15-30m
t_left,0.2,000008,Car,vehicle,4.564252403187186,1533,0.8812785388127854,39.48872126389553,31.946584434753927,<15m
t_left,0.2,000008,Car,vehicle,7.946603047843777,1600,0.999375,21.69831429975326,23.000492608999217,<15m
t_left,0.2,000008,Car,vehicle,7.2345421416977045,868,0.9827188940092166,29.326383202834272,24.116967409905588,<15m
t_left,0.2,000008,Car,vehicle,14.479589082567227,623,0.9903691813804173,11.14408468670711,9.791785753895018,<15m
t_left,0.2,000008,Car,vehicle,33.98025308911045,41,0.9512195121951219,4.567491154584776,4.055360461044679,>30m
t_left,0.2,000008,Car,vehicle,21.686677938310424,200,0.995,7.651451984923154,5.708632534648554,15-30m
t_up,0.02,000008,Car,vehicle,4.564252403187186,1533,0.9960861056751468,4.10124180244965,31.946584434753927,<15m
t_up,0.02,000008,Car,vehicle,7.946603047843777,1600,1.0,2.1721548092018375,23.000492608999217,<15m
t_up,0.02,000008,Car,vehicle,7.2345421416977045,868,0.9965437788018433,2.938842800632564,24.116967409905588,<15m
t_up,0.02,000008,Car,vehicle,14.479589082567227,623,1.0,1.1151901673732914,9.791785753895018,<15m
t_up,0.02,000008,Car,vehicle,33.98025308911045,41,1.0,0.45684698330767054,4.055360461044679,>30m
t_up,0.02,000008,Car,vehicle,21.686677938310424,200,1.0,0.7655475451996911,5.708632534648554,15-30m
t_up,0.05,000008,Car,vehicle,4.564252403187186,1533,0.9608610567514677,10.252191438318002,31.946584434753927,<15m
t_up,0.05,000008,Car,vehicle,7.946603047843777,1600,0.979375,5.430131023738271,23.000492608999217,<15m
t_up,0.05,000008,Car,vehicle,7.2345421416977045,868,0.9965437788018433,7.34663894246942,24.116967409905588,<15m
t_up,0.05,000008,Car,vehicle,14.479589082567227,623,1.0,2.787907914326212,9.791785753895018,<15m
t_up,0.05,000008,Car,vehicle,33.98025308911045,41,1.0,1.1421061245410549,4.055360461044679,>30m
t_up,0.05,000008,Car,vehicle,21.686677938310424,200,1.0,1.9138370509322766,5.708632534648554,15-30m
t_up,0.1,000008,Car,vehicle,4.564252403187186,1533,0.8701891715590345,20.501340039941667,31.946584434753927,<15m
t_up,0.1,000008,Car,vehicle,7.946603047843777,1600,0.945625,10.859408823854423,23.000492608999217,<15m
t_up,0.1,000008,Car,vehicle,7.2345421416977045,868,0.9965437788018433,14.691717952923433,24.116967409905588,<15m
t_up,0.1,000008,Car,vehicle,14.479589082567227,623,0.9695024077046549,5.575590829490059,9.791785753895018,<15m
t_up,0.1,000008,Car,vehicle,33.98025308911045,41,0.975609756097561,2.2841744709879204,4.055360461044679,>30m
t_up,0.1,000008,Car,vehicle,21.686677938310424,200,1.0,3.82756806634141,5.708632534648554,15-30m
t_up,0.2,000008,Car,vehicle,4.564252403187186,1533,0.7508153946510111,40.99051415015717,31.946584434753927,<15m
t_up,0.2,000008,Car,vehicle,7.946603047843777,1600,0.914375,21.715405557484047,23.000492608999217,<15m
t_up,0.2,000008,Car,vehicle,7.2345421416977045,868,0.9354838709677419,29.377198164711572,24.116967409905588,<15m
t_up,0.2,000008,Car,vehicle,14.479589082567227,623,0.9165329052969502,11.15028177127394,9.791785753895018,<15m
t_up,0.2,000008,Car,vehicle,33.98025308911045,41,0.975609756097561,4.568197837096485,4.055360461044679,>30m
t_up,0.2,000008,Car,vehicle,21.686677938310424,200,0.955,7.654712025837296,5.708632534648554,15-30m
none,0.0,000009,Car,vehicle,23.89025742850001,184,1.0,0.0,4.541336690173188,15-30m
yaw,0.25,000009,Car,vehicle,23.89025742850001,184,0.9891304347826086,3.189272878559896,4.541336690173188,15-30m
yaw,0.5,000009,Car,vehicle,23.89025742850001,184,0.9184782608695652,6.377940446718774,4.541336690173188,15-30m
yaw,1.0,000009,Car,vehicle,23.89025742850001,184,0.8097826086956522,12.75482389074974,4.541336690173188,15-30m
yaw,2.0,000009,Car,vehicle,23.89025742850001,184,0.5271739130434783,25.510179195648774,4.541336690173188,15-30m
yaw,3.0,000009,Car,vehicle,23.89025742850001,184,0.29891304347826086,38.27049260242618,4.541336690173188,15-30m
pitch,0.25,000009,Car,vehicle,23.89025742850001,184,1.0,3.193200589960681,4.541336690173188,15-30m
pitch,0.5,000009,Car,vehicle,23.89025742850001,184,1.0,6.387785257086309,4.541336690173188,15-30m
pitch,1.0,000009,Car,vehicle,23.89025742850001,184,0.8967391304347826,12.781606828013473,4.541336690173188,15-30m
pitch,2.0,000009,Car,vehicle,23.89025742850001,184,0.5,25.591371841046875,4.541336690173188,15-30m
pitch,3.0,000009,Car,vehicle,23.89025742850001,184,0.14673913043478262,38.43734723867989,4.541336690173188,15-30m
roll,0.25,000009,Car,vehicle,23.89025742850001,184,1.0,0.15531622531021097,4.541336690173188,15-30m
roll,0.5,000009,Car,vehicle,23.89025742850001,184,1.0,0.31063187943893433,4.541336690173188,15-30m
roll,1.0,000009,Car,vehicle,23.89025742850001,184,1.0,0.6212585102835183,4.541336690173188,15-30m
roll,2.0,000009,Car,vehicle,23.89025742850001,184,1.0,1.2424723153956967,4.541336690173188,15-30m
roll,3.0,000009,Car,vehicle,23.89025742850001,184,1.0,1.8635939954493759,4.541336690173188,15-30m
t_fwd,0.02,000009,Car,vehicle,23.89025742850001,184,1.0,0.031535723228570324,4.541336690173188,15-30m
t_fwd,0.05,000009,Car,vehicle,23.89025742850001,184,1.0,0.07873370510473343,4.541336690173188,15-30m
t_fwd,0.1,000009,Car,vehicle,23.89025742850001,184,1.0,0.15711665487204468,4.541336690173188,15-30m
t_fwd,0.2,000009,Car,vehicle,23.89025742850001,184,1.0,0.3128396224136541,4.541336690173188,15-30m
t_left,0.02,000009,Car,vehicle,23.89025742850001,184,1.0,0.6442869467495401,4.541336690173188,15-30m
t_left,0.05,000009,Car,vehicle,23.89025742850001,184,1.0,1.6107170985683292,4.541336690173188,15-30m
t_left,0.1,000009,Car,vehicle,23.89025742850001,184,0.9891304347826086,3.2214333027856594,4.541336690173188,15-30m
t_left,0.2,000009,Car,vehicle,23.89025742850001,184,0.9184782608695652,6.4428630281701675,4.541336690173188,15-30m
t_up,0.02,000009,Car,vehicle,23.89025742850001,184,1.0,0.6445354873871523,4.541336690173188,15-30m
t_up,0.05,000009,Car,vehicle,23.89025742850001,184,1.0,1.6113161626296446,4.541336690173188,15-30m
t_up,0.1,000009,Car,vehicle,23.89025742850001,184,1.0,3.222557141938459,4.541336690173188,15-30m
t_up,0.2,000009,Car,vehicle,23.89025742850001,184,0.907608695652174,6.444813571640484,4.541336690173188,15-30m
none,0.0,000010,Car,vehicle,6.831171202656248,306,0.9803921568627451,0.0,18.074027698029735,<15m
none,0.0,000010,Car,vehicle,12.039605475263714,993,1.0,0.0,15.491683421680154,<15m
none,0.0,000010,Pedestrian,vru,24.942112981862625,23,1.0,0.0,1.5992747148118212,15-30m
none,0.0,000010,Car,vehicle,17.506355988611677,324,1.0,0.0,8.514112955418252,15-30m
none,0.0,000010,Car,vehicle,23.095441108582445,43,1.0,0.0,6.210490339892387,15-30m
none,0.0,000010,Car,vehicle,23.643053948252962,206,1.0,0.0,6.074702864106474,15-30m
none,0.0,000010,Car,vehicle,29.077044210166893,51,1.0,0.0,4.284055157105158,15-30m
none,0.0,000010,Car,vehicle,29.59823136607997,22,1.0,0.0,4.398402505135393,15-30m
none,0.0,000010,Car,vehicle,43.08564145977172,17,1.0,0.0,3.4518605686628576,>30m
yaw,0.25,000010,Car,vehicle,6.831171202656248,306,0.9967320261437909,4.863493081057037,18.074027698029735,<15m
yaw,0.25,000010,Car,vehicle,12.039605475263714,993,1.0,3.3724827606112235,15.491683421680154,<15m
yaw,0.25,000010,Pedestrian,vru,24.942112981862625,23,1.0,3.592409341827891,1.5992747148118212,15-30m
yaw,0.25,000010,Car,vehicle,17.506355988611677,324,1.0,3.62436040742024,8.514112955418252,15-30m
yaw,0.25,000010,Car,vehicle,23.095441108582445,43,1.0,3.447597409497812,6.210490339892387,15-30m
yaw,0.25,000010,Car,vehicle,23.643053948252962,206,1.0,3.1894396841512824,6.074702864106474,15-30m
yaw,0.25,000010,Car,vehicle,29.077044210166893,51,1.0,3.1844120786143764,4.284055157105158,15-30m
yaw,0.25,000010,Car,vehicle,29.59823136607997,22,1.0,3.3952371404277852,4.398402505135393,15-30m
yaw,0.25,000010,Car,vehicle,43.08564145977172,17,1.0,3.201106683996524,3.4518605686628576,>30m
yaw,0.5,000010,Car,vehicle,6.831171202656248,306,0.9771241830065359,9.696952418273048,18.074027698029735,<15m
yaw,0.5,000010,Car,vehicle,12.039605475263714,993,1.0,6.751367680731537,15.491683421680154,<15m
yaw,0.5,000010,Pedestrian,vru,24.942112981862625,23,0.8260869565217391,7.173579415421343,1.5992747148118212,15-30m
yaw,0.5,000010,Car,vehicle,17.506355988611677,324,0.9969135802469136,7.237213727325502,8.514112955418252,15-30m
yaw,0.5,000010,Car,vehicle,23.095441108582445,43,0.9767441860465116,6.88661442307087,6.210490339892387,15-30m
yaw,0.5,000010,Car,vehicle,23.643053948252962,206,1.0,6.379449213335906,6.074702864106474,15-30m
yaw,0.5,000010,Car,vehicle,29.077044210166893,51,1.0,6.367732865023908,4.284055157105158,15-30m
yaw,0.5,000010,Car,vehicle,29.59823136607997,22,0.8636363636363636,6.782793130194952,4.398402505135393,15-30m
yaw,0.5,000010,Car,vehicle,43.08564145977172,17,1.0,6.3993944182311,3.4518605686628576,>30m
yaw,1.0,000010,Car,vehicle,6.831171202656248,306,0.9248366013071896,19.27562885241587,18.074027698029735,<15m
yaw,1.0,000010,Car,vehicle,12.039605475263714,993,1.0,13.529101418075944,15.491683421680154,<15m
yaw,1.0,000010,Pedestrian,vru,24.942112981862625,23,0.30434782608695654,14.302960972110633,1.5992747148118212,15-30m
yaw,1.0,000010,Car,vehicle,17.506355988611677,324,0.9660493827160493,14.429083429071312,8.514112955418252,15-30m
yaw,1.0,000010,Car,vehicle,23.095441108582445,43,0.6511627906976745,13.73956453185019,6.210490339892387,15-30m
yaw,1.0,000010,Car,vehicle,23.643053948252962,206,0.9368932038834952,12.761250758446401,6.074702864106474,15-30m
yaw,1.0,000010,Car,vehicle,29.077044210166893,51,1.0,12.73173662879332,4.284055157105158,15-30m
yaw,1.0,000010,Car,vehicle,29.59823136607997,22,0.5909090909090909,13.535486052714523,4.398402505135393,15-30m
yaw,1.0,000010,Car,vehicle,43.08564145977172,17,0.8235294117647058,12.788018344374928,3.4518605686628576,>30m
yaw,2.0,000010,Car,vehicle,6.831171202656248,306,0.8137254901960784,38.092591493558835,18.074027698029735,<15m
yaw,2.0,000010,Car,vehicle,12.039605475263714,993,0.9707955689828801,27.16815509314023,15.491683421680154,<15m
yaw,2.0,000010,Pedestrian,vru,24.942112981862625,23,0.0,28.43509360577854,1.5992747148118212,15-30m
yaw,2.0,000010,Car,vehicle,17.506355988611677,324,0.8827160493827161,28.68278737299911,8.514112955418252,15-30m
yaw,2.0,000010,Car,vehicle,23.095441108582445,43,0.27906976744186046,27.349650598690392,6.210490339892387,15-30m
yaw,2.0,000010,Car,vehicle,23.643053948252962,206,0.7427184466019418,25.538459295699592,6.074702864106474,15-30m
yaw,2.0,000010,Car,vehicle,29.077044210166893,51,0.9607843137254902,25.45303885423218,4.284055157105158,15-30m
yaw,2.0,000010,Car,vehicle,29.59823136607997,22,0.18181818181818182,26.955497004907834,4.398402505135393,15-30m
yaw,2.0,000010,Car,vehicle,43.08564145977172,17,0.35294117647058826,25.536974890493152,3.4518605686628576,>30m
yaw,3.0,000010,Car,vehicle,6.831171202656248,306,0.6993464052287581,56.47858413983407,18.074027698029735,<15m
yaw,3.0,000010,Car,vehicle,12.039605475263714,993,0.9154078549848943,40.92467795159354,15.491683421680154,<15m
yaw,3.0,000010,Pedestrian,vru,24.942112981862625,23,0.0,42.40802264076535,1.5992747148118212,15-30m
yaw,3.0,000010,Car,vehicle,17.506355988611677,324,0.7037037037037037,42.77301314601172,8.514112955418252,15-30m
yaw,3.0,000010,Car,vehicle,23.095441108582445,43,0.13953488372093023,40.84040033029452,6.210490339892387,15-30m
yaw,3.0,000010,Car,vehicle,23.643053948252962,206,0.5097087378640777,38.33759918127063,6.074702864106474,15-30m
yaw,3.0,000010,Car,vehicle,29.077044210166893,51,0.6470588235294118,38.17024287635991,4.284055157105158,15-30m
yaw,3.0,000010,Car,vehicle,29.59823136607997,22,0.0,40.26969625884591,4.398402505135393,15-30m
yaw,3.0,000010,Car,vehicle,43.08564145977172,17,0.11764705882352941,38.25485329180185,3.4518605686628576,>30m
pitch,0.25,000010,Car,vehicle,6.831171202656248,306,0.9379084967320261,3.5111074229767465,18.074027698029735,<15m
pitch,0.25,000010,Car,vehicle,12.039605475263714,993,1.0,3.261152948227425,15.491683421680154,<15m
pitch,0.25,000010,Pedestrian,vru,24.942112981862625,23,1.0,3.1856472793752313,1.5992747148118212,15-30m
pitch,0.25,000010,Car,vehicle,17.506355988611677,324,1.0,3.2217370758984405,8.514112955418252,15-30m
pitch,0.25,000010,Car,vehicle,23.095441108582445,43,1.0,3.193877096223407,6.210490339892387,15-30m
pitch,0.25,000010,Car,vehicle,23.643053948252962,206,1.0,3.193769979361083,6.074702864106474,15-30m
pitch,0.25,000010,Car,vehicle,29.077044210166893,51,1.0,3.1835621448149505,4.284055157105158,15-30m
pitch,0.25,000010,Car,vehicle,29.59823136607997,22,1.0,3.1850065757167947,4.398402505135393,15-30m
pitch,0.25,000010,Car,vehicle,43.08564145977172,17,1.0,3.172185493352991,3.4518605686628576,>30m
pitch,0.5,000010,Car,vehicle,6.831171202656248,306,0.8954248366013072,7.0182074758307,18.074027698029735,<15m
pitch,0.5,000010,Car,vehicle,12.039605475263714,993,1.0,6.5252971983678805,15.491683421680154,<15m
pitch,0.5,000010,Pedestrian,vru,24.942112981862625,23,1.0,6.371877645145235,1.5992747148118212,15-30m
pitch,0.5,000010,Car,vehicle,17.506355988611677,324,1.0,6.445688847477276,8.514112955418252,15-30m
pitch,0.5,000010,Car,vehicle,23.095441108582445,43,0.9767441860465116,6.38904385359669,6.210490339892387,15-30m
pitch,0.5,000010,Car,vehicle,23.643053948252962,206,1.0,6.388918465371344,6.074702864106474,15-30m
pitch,0.5,000010,Car,vehicle,29.077044210166893,51,0.9607843137254902,6.3683981249222406,4.284055157105158,15-30m
pitch,0.5,000010,Car,vehicle,29.59823136607997,22,0.9545454545454546,6.371345338412233,4.398402505135393,15-30m
pitch,0.5,000010,Car,vehicle,43.08564145977172,17,0.7647058823529411,6.3453599628276445,3.4518605686628576,>30m
pitch,1.0,000010,Car,vehicle,6.831171202656248,306,0.8431372549019608,14.029921723304119,18.074027698029735,<15m
pitch,1.0,000010,Car,vehicle,12.039605475263714,993,0.9979859013091642,13.062955903537407,15.491683421680154,<15m
pitch,1.0,000010,Pedestrian,vru,24.942112981862625,23,1.0,12.746604767614905,1.5992747148118212,15-30m
pitch,1.0,000010,Car,vehicle,17.506355988611677,324,0.9166666666666666,12.901124203192145,8.514112955418252,15-30m
pitch,1.0,000010,Car,vehicle,23.095441108582445,43,0.8604651162790697,12.783760230802589,6.210490339892387,15-30m
pitch,1.0,000010,Car,vehicle,23.643053948252962,206,0.8786407766990292,12.78484602658585,6.074702864106474,15-30m
pitch,1.0,000010,Car,vehicle,29.077044210166893,51,0.7254901960784313,12.742387539616601,4.284055157105158,15-30m
pitch,1.0,000010,Car,vehicle,29.59823136607997,22,0.6363636363636364,12.748527630741378,4.398402505135393,15-30m
pitch,1.0,000010,Car,vehicle,43.08564145977172,17,0.4117647058823529,12.695167523149209,3.4518605686628576,>30m
pitch,2.0,000010,Car,vehicle,6.831171202656248,306,0.5718954248366013,27.8935653373935,18.074027698029735,<15m
pitch,2.0,000010,Car,vehicle,12.039605475263714,993,0.850956696878147,26.17910179017685,15.491683421680154,<15m
pitch,2.0,000010,Pedestrian,vru,24.942112981862625,23,1.0,25.508751977404017,1.5992747148118212,15-30m
pitch,2.0,000010,Car,vehicle,17.506355988611677,324,0.6327160493827161,25.844593574327362,8.514112955418252,15-30m
pitch,2.0,000010,Car,vehicle,23.095441108582445,43,0.6976744186046512,25.59433524112934,6.210490339892387,15-30m
pitch,2.0,000010,Car,vehicle,23.643053948252962,206,0.47572815533980584,25.601966420679418,6.074702864106474,15-30m
pitch,2.0,000010,Car,vehicle,29.077044210166893,51,0.3137254901960784,25.5111211472254,4.284055157105158,15-30m
pitch,2.0,000010,Car,vehicle,29.59823136607997,22,0.22727272727272727,25.524482632698717,4.398402505135393,15-30m
pitch,2.0,000010,Car,vehicle,43.08564145977172,17,0.0,25.41206971989374,3.4518605686628576,>30m
pitch,3.0,000010,Car,vehicle,6.831171202656248,306,0.434640522875817,41.89935073844748,18.074027698029735,<15m
pitch,3.0,000010,Car,vehicle,12.039605475263714,993,0.6545820745216515,39.35799159870664,15.491683421680154,<15m
pitch,3.0,000010,Pedestrian,vru,24.942112981862625,23,0.7391304347826086,38.29475923395372,1.5992747148118212,15-30m
pitch,3.0,000010,Car,vehicle,17.506355988611677,324,0.43209876543209874,38.84074807699517,8.514112955418252,15-30m
pitch,3.0,000010,Car,vehicle,23.095441108582445,43,0.37209302325581395,38.44244592044323,6.210490339892387,15-30m
pitch,3.0,000010,Car,vehicle,23.643053948252962,206,0.13106796116504854,38.45737799930531,6.074702864106474,15-30m
pitch,3.0,000010,Car,vehicle,29.077044210166893,51,0.13725490196078433,38.31420758193076,4.284055157105158,15-30m
pitch,3.0,000010,Car,vehicle,29.59823136607997,22,0.22727272727272727,38.33607095188577,4.398402505135393,15-30m
pitch,3.0,000010,Car,vehicle,43.08564145977172,17,0.0,38.15863260337685,3.4518605686628576,>30m
roll,0.25,000010,Car,vehicle,6.831171202656248,306,0.9575163398692811,2.3078706505010342,18.074027698029735,<15m
roll,0.25,000010,Car,vehicle,12.039605475263714,993,1.0,0.7304588002633107,15.491683421680154,<15m
roll,0.25,000010,Pedestrian,vru,24.942112981862625,23,1.0,1.1372693173376802,1.5992747148118212,15-30m
roll,0.25,000010,Car,vehicle,17.506355988611677,324,1.0,1.1642891019933042,8.514112955418252,15-30m
roll,0.25,000010,Car,vehicle,23.095441108582445,43,1.0,0.9095672680069455,6.210490339892387,15-30m
roll,0.25,000010,Car,vehicle,23.643053948252962,206,1.0,0.1601466955780079,6.074702864106474,15-30m
roll,0.25,000010,Car,vehicle,29.077044210166893,51,1.0,0.1555619735796214,4.284055157105158,15-30m
roll,0.25,000010,Car,vehicle,29.59823136607997,22,1.0,0.8332269549506267,4.398402505135393,15-30m
roll,0.25,000010,Car,vehicle,43.08564145977172,17,1.0,0.3274609752425814,3.4518605686628576,>30m
roll,0.5,000010,Car,vehicle,6.831171202656248,306,0.9411764705882353,4.579679674831161,18.074027698029735,<15m
roll,0.5,000010,Car,vehicle,12.039605475263714,993,1.0,1.4609062760387088,15.491683421680154,<15m
roll,0.5,000010,Pedestrian,vru,24.942112981862625,23,1.0,2.2745518302708976,1.5992747148118212,15-30m
roll,0.5,000010,Car,vehicle,17.506355988611677,324,1.0,2.3285916401625903,8.514112955418252,15-30m
roll,0.5,000010,Car,vehicle,23.095441108582445,43,1.0,1.8191417102446539,6.210490339892387,15-30m
roll,0.5,000010,Car,vehicle,23.643053948252962,206,1.0,0.32029277872528983,6.074702864106474,15-30m
roll,0.5,000010,Car,vehicle,29.077044210166893,51,1.0,0.3111235032276677,4.284055157105158,15-30m
roll,0.5,000010,Car,vehicle,29.59823136607997,22,1.0,1.6664597386138573,4.398402505135393,15-30m
roll,0.5,000010,Car,vehicle,43.08564145977172,17,1.0,0.6549218835298933,3.4518605686628576,>30m
roll,1.0,000010,Car,vehicle,6.831171202656248,306,0.869281045751634,9.027843049969215,18.074027698029735,<15m
roll,1.0,000010,Car,vehicle,12.039605475263714,993,1.0,2.921753326732848,15.491683421680154,<15m
roll,1.0,000010,Pedestrian,vru,24.942112981862625,23,1.0,4.549134794646854,1.5992747148118212,15-30m
roll,1.0,000010,Car,vehicle,17.506355988611677,324,1.0,4.657214752919815,8.514112955418252,15-30m
roll,1.0,000010,Car,vehicle,23.095441108582445,43,1.0,3.6382947259173832,6.210490339892387,15-30m
roll,1.0,000010,Car,vehicle,23.643053948252962,206,1.0,0.6405800505704756,6.074702864106474,15-30m
roll,1.0,000010,Car,vehicle,29.077044210166893,51,1.0,0.6222422652626244,4.284055157105158,15-30m
roll,1.0,000010,Car,vehicle,29.59823136607997,22,1.0,3.332926882975762,4.398402505135393,15-30m
roll,1.0,000010,Car,vehicle,43.08564145977172,17,1.0,1.309837256501722,3.4518605686628576,>30m
roll,2.0,000010,Car,vehicle,6.831171202656248,306,0.7777777777777778,17.595031114072228,18.074027698029735,<15m
roll,2.0,000010,Car,vehicle,12.039605475263714,993,0.9889224572004028,5.843158356683674,15.491683421680154,<15m
roll,2.0,000010,Pedestrian,vru,24.942112981862625,23,1.0,9.09822089422468,1.5992747148118212,15-30m
roll,2.0,000010,Car,vehicle,17.506355988611677,324,0.9753086419753086,9.314377173185346,8.514112955418252,15-30m
roll,2.0,000010,Car,vehicle,23.095441108582445,43,0.9767441860465116,7.276495514407664,6.210490339892387,15-30m
roll,2.0,000010,Car,vehicle,23.643053948252962,206,1.0,1.281113616584293,6.074702864106474,15-30m
roll,2.0,000010,Car,vehicle,29.077044210166893,51,1.0,1.2444418418269312,4.284055157105158,15-30m
roll,2.0,000010,Car,vehicle,29.59823136607997,22,0.9090909090909091,6.665756093204545,4.398402505135393,15-30m
roll,2.0,000010,Car,vehicle,43.08564145977172,17,1.0,2.6195985261539563,3.4518605686628576,>30m
roll,3.0,000010,Car,vehicle,6.831171202656248,306,0.6013071895424836,25.070054646077065,18.074027698029735,<15m
roll,3.0,000010,Car,vehicle,12.039605475263714,993,0.9879154078549849,8.763992372770193,15.491683421680154,<15m
roll,3.0,000010,Pedestrian,vru,24.942112981862625,23,1.0,13.64691171546762,1.5992747148118212,15-30m
roll,3.0,000010,Car,vehicle,17.506355988611677,324,0.9166666666666666,13.971130692592013,8.514112955418252,15-30m
roll,3.0,000010,Car,vehicle,23.095441108582445,43,0.8604651162790697,10.914323977112021,6.210490339892387,15-30m
roll,3.0,000010,Car,vehicle,23.643053948252962,206,1.0,1.921551785911027,6.074702864106474,15-30m
roll,3.0,000010,Car,vehicle,29.077044210166893,51,1.0,1.8665512825413038,4.284055157105158,15-30m
roll,3.0,000010,Car,vehicle,29.59823136607997,22,0.8636363636363636,9.998232980568446,4.398402505135393,15-30m
roll,3.0,000010,Car,vehicle,43.08564145977172,17,1.0,3.929183914594869,3.4518605686628576,>30m
t_fwd,0.02,000010,Car,vehicle,6.831171202656248,306,1.0,2.037745574231164,18.074027698029735,<15m
t_fwd,0.02,000010,Car,vehicle,12.039605475263714,993,1.0,0.30807899087810975,15.491683421680154,<15m
t_fwd,0.02,000010,Pedestrian,vru,24.942112981862625,23,1.0,0.22524779218956772,1.5992747148118212,15-30m
t_fwd,0.02,000010,Car,vehicle,17.506355988611677,324,1.0,0.3530870336125733,8.514112955418252,15-30m
t_fwd,0.02,000010,Car,vehicle,23.095441108582445,43,1.0,0.20358284271271954,6.210490339892387,15-30m
t_fwd,0.02,000010,Car,vehicle,23.643053948252962,206,1.0,0.030306763327018288,6.074702864106474,15-30m
t_fwd,0.02,000010,Car,vehicle,29.077044210166893,51,1.0,0.02564859032154296,4.284055157105158,15-30m
t_fwd,0.02,000010,Car,vehicle,29.59823136607997,22,1.0,0.14344420782987857,4.398402505135393,15-30m
t_fwd,0.02,000010,Car,vehicle,43.08564145977172,17,1.0,0.03577498442862601,3.4518605686628576,>30m
t_fwd,0.05,000010,Car,vehicle,6.831171202656248,306,1.0,5.065521841432556,18.074027698029735,<15m
t_fwd,0.05,000010,Car,vehicle,12.039605475263714,993,1.0,0.7679308508934287,15.491683421680154,<15m
t_fwd,0.05,000010,Pedestrian,vru,24.942112981862625,23,1.0,0.5623934384431324,1.5992747148118212,15-30m
t_fwd,0.05,000010,Car,vehicle,17.506355988611677,324,1.0,0.8809719747516382,8.514112955418252,15-30m
t_fwd,0.05,000010,Car,vehicle,23.095441108582445,43,1.0,0.5082308595573128,6.210490339892387,15-30m
t_fwd,0.05,000010,Car,vehicle,23.643053948252962,206,1.0,0.07566630064109989,6.074702864106474,15-30m
t_fwd,0.05,000010,Car,vehicle,29.077044210166893,51,1.0,0.0640575204125484,4.284055157105158,15-30m
t_fwd,0.05,000010,Car,vehicle,29.59823136607997,22,1.0,0.3582090400129829,4.398402505135393,15-30m
t_fwd,0.05,000010,Car,vehicle,43.08564145977172,17,1.0,0.08937264700294144,3.4518605686628576,>30m
t_fwd,0.1,000010,Car,vehicle,6.831171202656248,306,0.9901960784313726,10.036341306204097,18.074027698029735,<15m
t_fwd,0.1,000010,Car,vehicle,12.039605475263714,993,1.0,1.5283652846226632,15.491683421680154,<15m
t_fwd,0.1,000010,Pedestrian,vru,24.942112981862625,23,1.0,1.1223750398446657,1.5992747148118212,15-30m
t_fwd,0.1,000010,Car,vehicle,17.506355988611677,324,1.0,1.7561558365088248,8.514112955418252,15-30m
t_fwd,0.1,000010,Car,vehicle,23.095441108582445,43,1.0,1.0140500847818223,6.210490339892387,15-30m
t_fwd,0.1,000010,Car,vehicle,23.643053948252962,206,1.0,0.15099842822482873,6.074702864106474,15-30m
t_fwd,0.1,000010,Car,vehicle,29.077044210166893,51,1.0,0.12789242372932544,4.284055157105158,15-30m
t_fwd,0.1,000010,Car,vehicle,29.59823136607997,22,1.0,0.7150838028173416,4.398402505135393,15-30m
t_fwd,0.1,000010,Car,vehicle,43.08564145977172,17,1.0,0.17852966411625915,3.4518605686628576,>30m
t_fwd,0.2,000010,Car,vehicle,6.831171202656248,306,0.954248366013072,19.704301363131485,18.074027698029735,<15m
t_fwd,0.2,000010,Car,vehicle,12.039605475263714,993,1.0,3.027179728761131,15.491683421680154,<15m
t_fwd,0.2,000010,Pedestrian,vru,24.942112981862625,23,1.0,2.235164525825022,1.5992747148118212,15-30m
t_fwd,0.2,000010,Car,vehicle,17.506355988611677,324,1.0,3.4893859103747547,8.514112955418252,15-30m
t_fwd,0.2,000010,Car,vehicle,23.095441108582445,43,1.0,2.018521969438163,6.210490339892387,15-30m
t_fwd,0.2,000010,Car,vehicle,23.643053948252962,206,1.0,0.3006689876885895,6.074702864106474,15-30m
t_fwd,0.2,000010,Car,vehicle,29.077044210166893,51,1.0,0.25488857611029136,4.284055157105158,15-30m
t_fwd,0.2,000010,Car,vehicle,29.59823136607997,22,1.0,1.4248602069705623,4.398402505135393,15-30m
t_fwd,0.2,000010,Car,vehicle,43.08564145977172,17,1.0,0.35619992266963435,3.4518605686628576,>30m
t_left,0.02,000010,Car,vehicle,6.831171202656248,306,0.9901960784313726,2.7355876412285616,18.074027698029735,<15m
t_left,0.02,000010,Car,vehicle,12.039605475263714,993,1.0,1.377397186132767,15.491683421680154,<15m
t_left,0.02,000010,Pedestrian,vru,24.942112981862625,23,1.0,0.6203753703787547,1.5992747148118212,15-30m
t_left,0.02,000010,Car,vehicle,17.506355988611677,324,1.0,0.9531541520279825,8.514112955418252,15-30m
t_left,0.02,000010,Car,vehicle,23.095441108582445,43,1.0,0.6977025265320601,6.210490339892387,15-30m
t_left,0.02,000010,Car,vehicle,23.643053948252962,206,1.0,0.6492869885652983,6.074702864106474,15-30m
t_left,0.02,000010,Car,vehicle,29.077044210166893,51,1.0,0.5084717363453876,4.284055157105158,15-30m
t_left,0.02,000010,Car,vehicle,29.59823136607997,22,1.0,0.533223967024025,4.398402505135393,15-30m
t_left,0.02,000010,Car,vehicle,43.08564145977172,17,1.0,0.3468499730223949,3.4518605686628576,>30m
t_left,0.05,000010,Car,vehicle,6.831171202656248,306,0.9869281045751634,6.838964266526563,18.074027698029735,<15m
t_left,0.05,000010,Car,vehicle,12.039605475263714,993,1.0,3.4434917390127753,15.491683421680154,<15m
t_left,0.05,000010,Pedestrian,vru,24.942112981862625,23,1.0,1.5509381771978574,1.5992747148118212,15-30m
t_left,0.05,000010,Car,vehicle,17.506355988611677,324,1.0,2.3828847928781736,8.514112955418252,15-30m
t_left,0.05,000010,Car,vehicle,23.095441108582445,43,1.0,1.744256001703203,6.210490339892387,15-30m
t_left,0.05,000010,Car,vehicle,23.643053948252962,206,1.0,1.6232171989262556,6.074702864106474,15-30m
t_left,0.05,000010,Car,vehicle,29.077044210166893,51,1.0,1.2711791737533102,4.284055157105158,15-30m
t_left,0.05,000010,Car,vehicle,29.59823136607997,22,1.0,1.333059733789701,4.398402505135393,15-30m
t_left,0.05,000010,Car,vehicle,43.08564145977172,17,1.0,0.8671248547971867,3.4518605686628576,>30m
t_left,0.1,000010,Car,vehicle,6.831171202656248,306,0.9575163398692811,13.66599346138633,18.074027698029735,<15m
t_left,0.1,000010,Car,vehicle,12.039605475263714,993,1.0,6.886979390299018,15.491683421680154,<15m
t_left,0.1,000010,Pedestrian,vru,24.942112981862625,23,1.0,3.1018755252332677,1.5992747148118212,15-30m
t_left,0.1,000010,Car,vehicle,17.506355988611677,324,1.0,4.765767628452091,8.514112955418252,15-30m
t_left,0.1,000010,Car,vehicle,23.095441108582445,43,1.0,3.48851095465071,6.210490339892387,15-30m
t_left,0.1,000010,Car,vehicle,23.643053948252962,206,1.0,3.2464334895626017,6.074702864106474,15-30m
t_left,0.1,000010,Car,vehicle,29.077044210166893,51,1.0,2.5423577904725687,4.284055157105158,15-30m
t_left,0.1,000010,Car,vehicle,29.59823136607997,22,1.0,2.6661188550113986,4.398402505135393,15-30m
t_left,0.1,000010,Car,vehicle,43.08564145977172,17,1.0,1.7342494503988257,3.4518605686628576,>30m
t_left,0.2,000010,Car,vehicle,6.831171202656248,306,0.8758169934640523,27.320604005777312,18.074027698029735,<15m
t_left,0.2,000010,Car,vehicle,12.039605475263714,993,1.0,13.773942429721242,15.491683421680154,<15m
t_left,0.2,000010,Pedestrian,vru,24.942112981862625,23,0.9130434782608695,6.203747733818794,1.5992747148118212,15-30m
t_left,0.2,000010,Car,vehicle,17.506355988611677,324,0.9938271604938271,9.53152742769756,8.514112955418252,15-30m
t_left,0.2,000010,Car,vehicle,23.095441108582445,43,0.9767441860465116,6.977017714283527,6.210490339892387,15-30m
t_left,0.2,000010,Car,vehicle,23.643053948252962,206,1.0,6.4928633459688605,6.074702864106474,15-30m
t_left,0.2,000010,Car,vehicle,29.077044210166893,51,1.0,5.084713352810181,4.284055157105158,15-30m
t_left,0.2,000010,Car,vehicle,29.59823136607997,22,0.9090909090909091,5.332235259752547,4.398402505135393,15-30m
t_left,0.2,000010,Car,vehicle,43.08564145977172,17,1.0,3.468497864015917,3.4518605686628576,>30m
t_up,0.02,000010,Car,vehicle,6.831171202656248,306,0.9934640522875817,2.742439354460509,18.074027698029735,<15m
t_up,0.02,000010,Car,vehicle,12.039605475263714,993,1.0,1.3784272530711033,15.491683421680154,<15m
t_up,0.02,000010,Pedestrian,vru,24.942112981862625,23,1.0,0.6203575706669743,1.5992747148118212,15-30m
t_up,0.02,000010,Car,vehicle,17.506355988611677,324,1.0,0.9537111288205029,8.514112955418252,15-30m
t_up,0.02,000010,Car,vehicle,23.095441108582445,43,1.0,0.6977748071389269,6.210490339892387,15-30m
t_up,0.02,000010,Car,vehicle,23.643053948252962,206,1.0,0.649498427382293,6.074702864106474,15-30m
t_up,0.02,000010,Car,vehicle,29.077044210166893,51,0.9215686274509803,0.5085540231834801,4.284055157105158,15-30m
t_up,0.02,000010,Car,vehicle,29.59823136607997,22,1.0,0.5332573943083255,4.398402505135393,15-30m
t_up,0.02,000010,Car,vehicle,43.08564145977172,17,1.0,0.34695596511638815,3.4518605686628576,>30m
t_up,0.05,000010,Car,vehicle,6.831171202656248,306,0.9934640522875817,6.85569095887373,18.074027698029735,<15m
t_up,0.05,000010,Car,vehicle,12.039605475263714,993,1.0,3.4459650044172743,15.491683421680154,<15m
t_up,0.05,000010,Pedestrian,vru,24.942112981862625,23,1.0,1.5508730236033583,1.5992747148118212,15-30m
t_up,0.05,000010,Car,vehicle,17.506355988611677,324,1.0,2.3842284490132086,8.514112955418252,15-30m
t_up,0.05,000010,Car,vehicle,23.095441108582445,43,1.0,1.744410575451974,6.210490339892387,15-30m
t_up,0.05,000010,Car,vehicle,23.643053948252962,206,1.0,1.6237231625129769,6.074702864106474,15-30m
t_up,0.05,000010,Car,vehicle,29.077044210166893,51,0.8627450980392157,1.2713710124811168,4.284055157105158,15-30m
t_up,0.05,000010,Car,vehicle,29.59823136607997,22,1.0,1.3331280415642812,4.398402505135393,15-30m
t_up,0.05,000010,Car,vehicle,43.08564145977172,17,1.0,0.867383376264083,3.4518605686628576,>30m
t_up,0.1,000010,Car,vehicle,6.831171202656248,306,0.9934640522875817,13.710024042015391,18.074027698029735,<15m
t_up,0.1,000010,Car,vehicle,12.039605475263714,993,0.9879154078549849,6.891586275398234,15.491683421680154,<15m
t_up,0.1,000010,Pedestrian,vru,24.942112981862625,23,1.0,3.1016763728307284,1.5992747148118212,15-30m
t_up,0.1,000010,Car,vehicle,17.506355988611677,324,1.0,4.768292330320362,8.514112955418252,15-30m
t_up,0.1,000010,Car,vehicle,23.095441108582445,43,1.0,3.488733013148786,6.210490339892387,15-30m
t_up,0.1,000010,Car,vehicle,23.643053948252962,206,1.0,3.247369974755476,6.074702864106474,15-30m
t_up,0.1,000010,Car,vehicle,29.077044210166893,51,0.8627450980392157,2.5426952080830008,4.284055157105158,15-30m
t_up,0.1,000010,Car,vehicle,29.59823136607997,22,1.0,2.66620460403033,4.398402505135393,15-30m
t_up,0.1,000010,Car,vehicle,43.08564145977172,17,1.0,1.734744964542927,3.4518605686628576,>30m
t_up,0.2,000010,Car,vehicle,6.831171202656248,306,0.9901960784313726,27.414618194474222,18.074027698029735,<15m
t_up,0.2,000010,Car,vehicle,12.039605475263714,993,0.9496475327291037,13.781797822754207,15.491683421680154,<15m
t_up,0.2,000010,Pedestrian,vru,24.942112981862625,23,1.0,6.203074066937747,1.5992747148118212,15-30m
t_up,0.2,000010,Car,vehicle,17.506355988611677,324,0.9753086419753086,9.535926457965942,8.514112955418252,15-30m
t_up,0.2,000010,Car,vehicle,23.095441108582445,43,0.7209302325581395,6.977113501995013,6.210490339892387,15-30m
t_up,0.2,000010,Car,vehicle,23.643053948252962,206,0.9077669902912622,6.494434569968773,6.074702864106474,15-30m
t_up,0.2,000010,Car,vehicle,29.077044210166893,51,0.8235294117647058,5.085203158992649,4.284055157105158,15-30m
t_up,0.2,000010,Car,vehicle,29.59823136607997,22,0.7727272727272727,5.332203303594708,4.398402505135393,15-30m
t_up,0.2,000010,Car,vehicle,43.08564145977172,17,1.0,3.4694027804286294,3.4518605686628576,>30m
none,0.0,000011,Pedestrian,vru,13.41118935814419,148,1.0,0.0,4.261820950543724,<15m
none,0.0,000011,Pedestrian,vru,14.482447997489928,19,1.0,0.0,4.743826785643409,<15m
none,0.0,000011,Car,vehicle,27.09597940654665,178,1.0,0.0,4.816882035773837,15-30m
none,0.0,000011,Pedestrian,vru,34.150935565515624,40,1.0,0.0,1.2173228092385948,>30m
none,0.0,000011,Car,vehicle,6.5780924286604545,233,0.9871244635193133,0.0,6.822725099137624,<15m
none,0.0,000011,Pedestrian,vru,17.808113319495696,78,1.0,0.0,2.197216055553282,15-30m
yaw,0.25,000011,Pedestrian,vru,13.41118935814419,148,0.9797297297297297,3.7399380325937095,4.261820950543724,<15m
yaw,0.25,000011,Pedestrian,vru,14.482447997489928,19,1.0,3.7597694468035767,4.743826785643409,<15m
yaw,0.25,000011,Car,vehicle,27.09597940654665,178,0.9943820224719101,3.2946320262598805,4.816882035773837,15-30m
yaw,0.25,000011,Pedestrian,vru,34.150935565515624,40,0.775,3.185256290074816,1.2173228092385948,>30m
yaw,0.25,000011,Car,vehicle,6.5780924286604545,233,0.9141630901287554,5.351424684164135,6.822725099137624,<15m
yaw,0.25,000011,Pedestrian,vru,17.808113319495696,78,0.9615384615384616,3.989229233652072,2.197216055553282,15-30m
yaw,0.5,000011,Pedestrian,vru,13.41118935814419,148,0.9391891891891891,7.4665708282135554,4.261820950543724,<15m
yaw,0.5,000011,Pedestrian,vru,14.482447997489928,19,1.0,7.505883329949682,4.743826785643409,<15m
yaw,0.5,000011,Car,vehicle,27.09597940654665,178,0.949438202247191,6.594754987171118,4.816882035773837,15-30m
yaw,0.5,000011,Pedestrian,vru,34.150935565515624,40,0.525,6.368900339413638,1.2173228092385948,>30m
yaw,0.5,000011,Car,vehicle,6.5780924286604545,233,0.8197424892703863,10.69433194887986,6.822725099137624,<15m
yaw,0.5,000011,Pedestrian,vru,17.808113319495696,78,0.8205128205128205,7.9961252765537365,2.197216055553282,15-30m
yaw,1.0,000011,Pedestrian,vru,13.41118935814419,148,0.8040540540540541,14.880780829111997,4.261820950543724,<15m
yaw,1.0,000011,Pedestrian,vru,14.482447997489928,19,1.0,14.958020740617583,4.743826785643409,<15m
yaw,1.0,000011,Car,vehicle,27.09597940654665,178,0.848314606741573,13.212042378463073,4.816882035773837,15-30m
yaw,1.0,000011,Pedestrian,vru,34.150935565515624,40,0.075,12.731957729223257,1.2173228092385948,>30m
yaw,1.0,000011,Car,vehicle,6.5780924286604545,233,0.6738197424892703,21.40327797771041,6.822725099137624,<15m
yaw,1.0,000011,Pedestrian,vru,17.808113319495696,78,0.358974358974359,16.064020813602383,2.197216055553282,15-30m
yaw,2.0,000011,Pedestrian,vru,13.41118935814419,148,0.2635135135135135,29.558861139577125,4.261820950543724,<15m
yaw,2.0,000011,Pedestrian,vru,14.482447997489928,19,0.7368421052631579,29.707925631630353,4.743826785643409,<15m
yaw,2.0,000011,Car,vehicle,27.09597940654665,178,0.6179775280898876,26.518816766941992,4.816882035773837,15-30m
yaw,2.0,000011,Pedestrian,vru,34.150935565515624,40,0.0,25.444485857005578,1.2173228092385948,>30m
yaw,2.0,000011,Car,vehicle,6.5780924286604545,233,0.38197424892703863,42.800416429724365,6.822725099137624,<15m
yaw,2.0,000011,Pedestrian,vru,17.808113319495696,78,0.0,32.42416796418087,2.197216055553282,15-30m
yaw,3.0,000011,Pedestrian,vru,13.41118935814419,148,0.02027027027027027,44.04734970995209,4.261820950543724,<15m
yaw,3.0,000011,Pedestrian,vru,14.482447997489928,19,0.2631578947368421,44.26306071938533,4.743826785643409,<15m
yaw,3.0,000011,Car,vehicle,27.09597940654665,178,0.3707865168539326,39.92968888402001,4.816882035773837,15-30m
yaw,3.0,000011,Pedestrian,vru,34.150935565515624,40,0.0,38.14450620217435,1.2173228092385948,>30m
yaw,3.0,000011,Car,vehicle,6.5780924286604545,233,0.11587982832618025,64.11465490090514,6.822725099137624,<15m
yaw,3.0,000011,Pedestrian,vru,17.808113319495696,78,0.0,49.099194758377465,2.197216055553282,15-30m
pitch,0.25,000011,Pedestrian,vru,13.41118935814419,148,1.0,3.2255979683520173,4.261820950543724,<15m
pitch,0.25,000011,Pedestrian,vru,14.482447997489928,19,1.0,3.236665380803753,4.743826785643409,<15m
pitch,0.25,000011,Car,vehicle,27.09597940654665,178,1.0,3.187770131255768,4.816882035773837,15-30m
pitch,0.25,000011,Pedestrian,vru,34.150935565515624,40,1.0,3.174513664084687,1.2173228092385948,>30m
pitch,0.25,000011,Car,vehicle,6.5780924286604545,233,0.9570815450643777,3.4677107130570186,6.822725099137624,<15m
pitch,0.25,000011,Pedestrian,vru,17.808113319495696,78,1.0,3.2180311546686267,2.197216055553282,15-30m
pitch,0.5,000011,Pedestrian,vru,13.41118935814419,148,1.0,6.4527544833352675,4.261820950543724,<15m
pitch,0.5,000011,Pedestrian,vru,14.482447997489928,19,1.0,6.475979938866628,4.743826785643409,<15m
pitch,0.5,000011,Car,vehicle,27.09597940654665,178,0.9438202247191011,6.376828226684003,4.816882035773837,15-30m
pitch,0.5,000011,Pedestrian,vru,34.150935565515624,40,0.9,6.34963940171938,1.2173228092385948,>30m
pitch,0.5,000011,Car,vehicle,6.5780924286604545,233,0.927038626609442,6.937079043566828,6.822725099137624,<15m
pitch,0.5,000011,Pedestrian,vru,17.808113319495696,78,1.0,6.438302403777705,2.197216055553282,15-30m
pitch,1.0,000011,Pedestrian,vru,13.41118935814419,148,1.0,12.912285732400406,4.261820950543724,<15m
pitch,1.0,000011,Pedestrian,vru,14.482447997489928,19,1.0,12.963110511258481,4.743826785643409,<15m
pitch,1.0,000011,Car,vehicle,27.09597940654665,178,0.8370786516853933,12.759305498279005,4.816882035773837,15-30m
pitch,1.0,000011,Pedestrian,vru,34.150935565515624,40,0.8,12.702218243873855,1.2173228092385948,>30m
pitch,1.0,000011,Car,vehicle,6.5780924286604545,233,0.8626609442060086,13.877027743333354,6.822725099137624,<15m
pitch,1.0,000011,Pedestrian,vru,17.808113319495696,78,0.9743589743589743,12.886123710576037,2.197216055553282,15-30m
pitch,2.0,000011,Pedestrian,vru,13.41118935814419,148,0.831081081081081,25.856099092753922,4.261820950543724,<15m
pitch,2.0,000011,Pedestrian,vru,14.482447997489928,19,0.5789473684210527,25.975281207011346,4.743826785643409,<15m
pitch,2.0,000011,Car,vehicle,27.09597940654665,178,0.4438202247191011,25.545074221758345,4.816882035773837,15-30m
pitch,2.0,000011,Pedestrian,vru,34.150935565515624,40,0.375,25.42013092403013,1.2173228092385948,>30m
pitch,2.0,000011,Car,vehicle,6.5780924286604545,233,0.7296137339055794,27.723849763667715,6.822725099137624,<15m
pitch,2.0,000011,Pedestrian,vru,17.808113319495696,78,0.717948717948718,25.814813618325505,2.197216055553282,15-30m
pitch,3.0,000011,Pedestrian,vru,13.41118935814419,148,0.7297297297297297,38.84040296431769,4.261820950543724,<15m
pitch,3.0,000011,Pedestrian,vru,14.482447997489928,19,0.42105263157894735,39.04551055886151,4.743826785643409,<15m
pitch,3.0,000011,Car,vehicle,27.09597940654665,178,0.25280898876404495,38.365420834253314,4.816882035773837,15-30m
pitch,3.0,000011,Pedestrian,vru,34.150935565515624,40,0.0,38.161639551741516,1.2173228092385948,>30m
pitch,3.0,000011,Car,vehicle,6.5780924286604545,233,0.592274678111588,41.52740190947699,6.822725099137624,<15m
pitch,3.0,000011,Pedestrian,vru,17.808113319495696,78,0.5128205128205128,38.79512295679437,2.197216055553282,15-30m
roll,0.25,000011,Pedestrian,vru,13.41118935814419,148,1.0,1.2875313053933244,4.261820950543724,<15m
roll,0.25,000011,Pedestrian,vru,14.482447997489928,19,1.0,1.3259991121424568,4.743826785643409,<15m
roll,0.25,000011,Car,vehicle,27.09597940654665,178,1.0,0.5984210711013269,4.816882035773837,15-30m
roll,0.25,000011,Pedestrian,vru,34.150935565515624,40,1.0,0.201782719788044,1.2173228092385948,>30m
roll,0.25,000011,Car,vehicle,6.5780924286604545,233,0.9914163090128756,2.616601325200823,6.822725099137624,<15m
roll,0.25,000011,Pedestrian,vru,17.808113319495696,78,1.0,1.5780456031439805,2.197216055553282,15-30m
roll,0.5,000011,Pedestrian,vru,13.41118935814419,148,1.0,2.5750802154936188,4.261820950543724,<15m
roll,0.5,000011,Pedestrian,vru,14.482447997489928,19,1.0,2.6520166430466694,4.743826785643409,<15m
roll,0.5,000011,Car,vehicle,27.09597940654665,178,1.0,1.19683404531188,4.816882035773837,15-30m
roll,0.5,000011,Pedestrian,vru,34.150935565515624,40,1.0,0.4035650149463877,1.2173228092385948,>30m
roll,0.5,000011,Car,vehicle,6.5780924286604545,233,0.9914163090128756,5.233094587783967,6.822725099137624,<15m
roll,0.5,000011,Pedestrian,vru,17.808113319495696,78,0.9743589743589743,3.156047610466895,2.197216055553282,15-30m
roll,1.0,000011,Pedestrian,vru,13.41118935814419,148,0.9932432432432432,5.150206337688238,4.261820950543724,<15m
roll,1.0,000011,Pedestrian,vru,14.482447997489928,19,1.0,5.30408159016416,4.743826785643409,<15m
roll,1.0,000011,Car,vehicle,27.09597940654665,178,1.0,2.3936243140154208,4.816882035773837,15-30m
roll,1.0,000011,Pedestrian,vru,34.150935565515624,40,1.0,0.8071244855868192,1.2173228092385948,>30m
roll,1.0,000011,Car,vehicle,6.5780924286604545,233,0.9742489270386266,10.461827650091307,6.822725099137624,<15m
roll,1.0,000011,Pedestrian,vru,17.808113319495696,78,0.9615384615384616,6.311890703908329,2.197216055553282,15-30m
roll,2.0,000011,Pedestrian,vru,13.41118935814419,148,0.9864864864864865,10.300400146803296,4.261820950543724,<15m
roll,2.0,000011,Pedestrian,vru,14.482447997489928,19,1.0,10.608153367899531,4.743826785643409,<15m
roll,2.0,000011,Car,vehicle,27.09597940654665,178,0.9269662921348315,4.7869824254931,4.816882035773837,15-30m
roll,2.0,000011,Pedestrian,vru,34.150935565515624,40,1.0,1.6141960269966318,1.2173228092385948,>30m
roll,2.0,000011,Car,vehicle,6.5780924286604545,233,0.9399141630901288,20.891830688071853,6.822725099137624,<15m
roll,2.0,000011,Pedestrian,vru,17.808113319495696,78,0.9102564102564102,12.622722372261059,2.197216055553282,15-30m
roll,3.0,000011,Pedestrian,vru,13.41118935814419,148,0.9459459459459459,15.450188960120165,4.261820950543724,<15m
roll,3.0,000011,Pedestrian,vru,14.482447997489928,19,1.0,15.911809112890051,4.743826785643409,<15m
roll,3.0,000011,Car,vehicle,27.09597940654665,178,0.9044943820224719,7.179892193418079,4.816882035773837,15-30m
roll,3.0,000011,Pedestrian,vru,34.150935565515624,40,1.0,2.4211530900778184,1.2173228092385948,>30m
roll,3.0,000011,Car,vehicle,6.5780924286604545,233,0.9184549356223176,31.283844385858085,6.822725099137624,<15m
roll,3.0,000011,Pedestrian,vru,17.808113319495696,78,0.7692307692307693,18.932013375768168,2.197216055553282,15-30m
t_fwd,0.02,000011,Pedestrian,vru,13.41118935814419,148,1.0,0.4796537852864945,4.261820950543724,<15m
t_fwd,0.02,000011,Pedestrian,vru,14.482447997489928,19,1.0,0.46465228508429446,4.743826785643409,<15m
t_fwd,0.02,000011,Car,vehicle,27.09597940654665,178,1.0,0.10641289519138436,4.816882035773837,15-30m
t_fwd,0.02,000011,Pedestrian,vru,34.150935565515624,40,1.0,0.027626633998929232,1.2173228092385948,>30m
t_fwd,0.02,000011,Car,vehicle,6.5780924286604545,233,0.9957081545064378,2.1098905099133094,6.822725099137624,<15m
t_fwd,0.02,000011,Pedestrian,vru,17.808113319495696,78,1.0,0.4496769534545494,2.197216055553282,15-30m
t_fwd,0.05,000011,Pedestrian,vru,13.41118935814419,148,1.0,1.1962473769997046,4.261820950543724,<15m
t_fwd,0.05,000011,Pedestrian,vru,14.482447997489928,19,1.0,1.1589940094145725,4.743826785643409,<15m
t_fwd,0.05,000011,Car,vehicle,27.09597940654665,178,1.0,0.26572317267619994,4.816882035773837,15-30m
t_fwd,0.05,000011,Pedestrian,vru,34.150935565515624,40,0.975,0.06900592007368052,1.2173228092385948,>30m
t_fwd,0.05,000011,Car,vehicle,6.5780924286604545,233,1.0,5.246557314253223,6.822725099137624,<15m
t_fwd,0.05,000011,Pedestrian,vru,17.808113319495696,78,1.0,1.1220867727875388,2.197216055553282,15-30m
t_fwd,0.1,000011,Pedestrian,vru,13.41118935814419,148,0.9864864864864865,2.382932675304337,4.261820950543724,<15m
t_fwd,0.1,000011,Pedestrian,vru,14.482447997489928,19,1.0,2.3092520061569686,4.743826785643409,<15m
t_fwd,0.1,000011,Car,vehicle,27.09597940654665,178,1.0,0.5304193179173278,4.816882035773837,15-30m
t_fwd,0.1,000011,Pedestrian,vru,34.150935565515624,40,0.975,0.13781009669347577,1.2173228092385948,>30m
t_fwd,0.1,000011,Car,vehicle,6.5780924286604545,233,0.9914163090128756,10.400543474615978,6.822725099137624,<15m
t_fwd,0.1,000011,Pedestrian,vru,17.808113319495696,78,0.9871794871794872,2.2371897900112074,2.197216055553282,15-30m
t_fwd,0.2,000011,Pedestrian,vru,13.41118935814419,148,0.972972972972973,4.728072012281607,4.261820950543724,<15m
t_fwd,0.2,000011,Pedestrian,vru,14.482447997489928,19,1.0,4.5839520963623235,4.743826785643409,<15m
t_fwd,0.2,000011,Car,vehicle,27.09597940654665,178,1.0,1.056754286571527,4.816882035773837,15-30m
t_fwd,0.2,000011,Pedestrian,vru,34.150935565515624,40,0.95,0.27481674814517143,1.2173228092385948,>30m
t_fwd,0.2,000011,Car,vehicle,6.5780924286604545,233,0.944206008583691,20.440432465534986,6.822725099137624,<15m
t_fwd,0.2,000011,Pedestrian,vru,17.808113319495696,78,0.9102564102564102,4.446703744005909,2.197216055553282,15-30m
t_left,0.02,000011,Pedestrian,vru,13.41118935814419,148,1.0,1.1671843677748652,4.261820950543724,<15m
t_left,0.02,000011,Pedestrian,vru,14.482447997489928,19,1.0,1.0819750613926478,4.743826785643409,<15m
t_left,0.02,000011,Car,vehicle,27.09597940654665,178,1.0,0.5715744469252213,4.816882035773837,15-30m
t_left,0.02,000011,Pedestrian,vru,34.150935565515624,40,0.95,0.42416853058863235,1.2173228092385948,>30m
t_left,0.02,000011,Car,vehicle,6.5780924286604545,233,0.9527896995708155,2.5849879360567978,6.822725099137624,<15m
t_left,0.02,000011,Pedestrian,vru,17.808113319495696,78,0.9871794871794872,0.9054949066345575,2.197216055553282,15-30m
t_left,0.05,000011,Pedestrian,vru,13.41118935814419,148,0.9864864864864865,2.9179600389391656,4.261820950543724,<15m
t_left,0.05,000011,Pedestrian,vru,14.482447997489928,19,1.0,2.704936896852097,4.743826785643409,<15m
t_left,0.05,000011,Car,vehicle,27.09597940654665,178,1.0,1.42893590614527,4.816882035773837,15-30m
t_left,0.05,000011,Pedestrian,vru,34.150935565515624,40,0.95,1.0604212101808228,1.2173228092385948,>30m
t_left,0.05,000011,Car,vehicle,6.5780924286604545,233,0.8927038626609443,6.437697001657508,6.822725099137624,<15m
t_left,0.05,000011,Pedestrian,vru,17.808113319495696,78,0.9743589743589743,2.2637367365933767,2.197216055553282,15-30m
t_left,0.1,000011,Pedestrian,vru,13.41118935814419,148,0.9662162162162162,5.835917142887354,4.261820950543724,<15m
t_left,0.1,000011,Pedestrian,vru,14.482447997489928,19,1.0,5.409871271608133,4.743826785643409,<15m
t_left,0.1,000011,Car,vehicle,27.09597940654665,178,0.9943820224719101,2.8578711083983066,4.816882035773837,15-30m
t_left,0.1,000011,Pedestrian,vru,34.150935565515624,40,0.875,2.120842032725824,1.2173228092385948,>30m
t_left,0.1,000011,Car,vehicle,6.5780924286604545,233,0.8025751072961373,12.776476346854231,6.822725099137624,<15m
t_left,0.1,000011,Pedestrian,vru,17.808113319495696,78,0.9615384615384616,4.527471706544317,2.197216055553282,15-30m
t_left,0.2,000011,Pedestrian,vru,13.41118935814419,148,0.8648648648648649,11.671822545828766,4.261820950543724,<15m
t_left,0.2,000011,Pedestrian,vru,14.482447997489928,19,1.0,10.819732454847257,4.743826785643409,<15m
t_left,0.2,000011,Car,vehicle,27.09597940654665,178,0.9719101123595506,5.7157394012295555,4.816882035773837,15-30m
t_left,0.2,000011,Pedestrian,vru,34.150935565515624,40,0.7,4.2416825149090975,1.2173228092385948,>30m
t_left,0.2,000011,Car,vehicle,6.5780924286604545,233,0.630901287553648,25.305758734454052,6.822725099137624,<15m
t_left,0.2,000011,Pedestrian,vru,17.808113319495696,78,0.7692307692307693,9.054936346527274,2.197216055553282,15-30m
t_up,0.02,000011,Pedestrian,vru,13.41118935814419,148,1.0,1.1673382867270148,4.261820950543724,<15m
t_up,0.02,000011,Pedestrian,vru,14.482447997489928,19,1.0,1.0824710927423822,4.743826785643409,<15m
t_up,0.02,000011,Car,vehicle,27.09597940654665,178,1.0,0.5717832568069795,4.816882035773837,15-30m
t_up,0.02,000011,Pedestrian,vru,34.150935565515624,40,1.0,0.4242011216417989,1.2173228092385948,>30m
t_up,0.02,000011,Car,vehicle,6.5780924286604545,233,1.0,2.5975955370011703,6.822725099137624,<15m
t_up,0.02,000011,Pedestrian,vru,17.808113319495696,78,1.0,0.9061684185056494,2.197216055553282,15-30m
t_up,0.05,000011,Pedestrian,vru,13.41118935814419,148,1.0,2.918271715679981,4.261820950543724,<15m
t_up,0.05,000011,Pedestrian,vru,14.482447997489928,19,1.0,2.7061141182396127,4.743826785643409,<15m
t_up,0.05,000011,Car,vehicle,27.09597940654665,178,1.0,1.4294403916710632,4.816882035773837,15-30m
t_up,0.05,000011,Pedestrian,vru,34.150935565515624,40,1.0,1.0604930307637703,1.2173228092385948,>30m
t_up,0.05,000011,Car,vehicle,6.5780924286604545,233,1.0,6.493622827357497,6.822725099137624,<15m
t_up,0.05,000011,Pedestrian,vru,17.808113319495696,78,1.0,2.2653764692828355,2.197216055553282,15-30m
t_up,0.1,000011,Pedestrian,vru,13.41118935814419,148,1.0,5.836296777580242,4.261820950543724,<15m
t_up,0.1,000011,Pedestrian,vru,14.482447997489928,19,1.0,5.412016204382917,4.743826785643409,<15m
t_up,0.1,000011,Car,vehicle,27.09597940654665,178,1.0,2.858821617480106,4.816882035773837,15-30m
t_up,0.1,000011,Pedestrian,vru,34.150935565515624,40,1.0,2.1209534845255984,1.2173228092385948,>30m
t_up,0.1,000011,Car,vehicle,6.5780924286604545,233,1.0,12.986025787585595,6.822725099137624,<15m
t_up,0.1,000011,Pedestrian,vru,17.808113319495696,78,0.9743589743589743,4.530604356424519,2.197216055553282,15-30m
t_up,0.2,000011,Pedestrian,vru,13.41118935814419,148,0.9797297297297297,11.67160706511465,4.261820950543724,<15m
t_up,0.2,000011,Pedestrian,vru,14.482447997489928,19,1.0,10.823184380052881,4.743826785643409,<15m
t_up,0.2,000011,Car,vehicle,27.09597940654665,178,0.9044943820224719,5.717406586205061,4.816882035773837,15-30m
t_up,0.2,000011,Pedestrian,vru,34.150935565515624,40,0.925,4.241776667047521,1.2173228092385948,>30m
t_up,0.2,000011,Car,vehicle,6.5780924286604545,233,1.0,25.967173481352813,6.822725099137624,<15m
t_up,0.2,000011,Pedestrian,vru,17.808113319495696,78,0.9230769230769231,9.060614442752005,2.197216055553282,15-30m
none,0.0,000012,Car,vehicle,59.08272251682382,16,1.0,0.0,2.2242147349493107,>30m
none,0.0,000012,Van,vehicle,66.31078946898461,39,1.0,0.0,2.6625462357318987,>30m
yaw,0.25,000012,Car,vehicle,59.08272251682382,16,1.0,3.191741553725472,2.2242147349493107,>30m
yaw,0.25,000012,Van,vehicle,66.31078946898461,39,0.9743589743589743,3.292072979567299,2.6625462357318987,>30m
yaw,0.5,000012,Car,vehicle,59.08272251682382,16,1.0,6.380932237819229,2.2242147349493107,>30m
yaw,0.5,000012,Van,vehicle,66.31078946898461,39,0.8974358974358975,6.590050071334473,2.6625462357318987,>30m
yaw,1.0,000012,Car,vehicle,59.08272251682382,16,0.75,12.752161659156966,2.2242147349493107,>30m
yaw,1.0,000012,Van,vehicle,66.31078946898461,39,0.5897435897435898,13.204288380794777,2.6625462357318987,>30m
yaw,2.0,000012,Car,vehicle,59.08272251682382,16,0.0625,25.469497439975505,2.2242147349493107,>30m
yaw,2.0,000012,Van,vehicle,66.31078946898461,39,0.10256410256410256,26.509960845233763,2.6625462357318987,>30m
yaw,3.0,000012,Car,vehicle,59.08272251682382,16,0.0,38.15992811049787,2.2242147349493107,>30m
yaw,3.0,000012,Van,vehicle,66.31078946898461,39,0.0,39.92645148025576,2.6625462357318987,>30m
pitch,0.25,000012,Car,vehicle,59.08272251682382,16,1.0,3.1670097835324524,2.2242147349493107,>30m
pitch,0.25,000012,Van,vehicle,66.31078946898461,39,1.0,3.164726284406219,2.6625462357318987,>30m
pitch,0.5,000012,Car,vehicle,59.08272251682382,16,0.5625,6.3350494129811565,2.2242147349493107,>30m
pitch,0.5,000012,Van,vehicle,66.31078946898461,39,1.0,6.330367359805946,2.6625462357318987,>30m
pitch,1.0,000012,Car,vehicle,59.08272251682382,16,0.0625,12.674708355778957,2.2242147349493107,>30m
pitch,1.0,000012,Van,vehicle,66.31078946898461,39,0.46153846153846156,12.664887797186594,2.6625462357318987,>30m
pitch,2.0,000012,Car,vehicle,59.08272251682382,16,0.0,25.37178704105652,2.2242147349493107,>30m
pitch,2.0,000012,Van,vehicle,66.31078946898461,39,0.28205128205128205,25.350349270437224,2.6625462357318987,>30m
pitch,3.0,000012,Car,vehicle,59.08272251682382,16,0.0,38.09914845707854,2.2242147349493107,>30m
pitch,3.0,000012,Van,vehicle,66.31078946898461,39,0.0,38.06434266402395,2.6625462357318987,>30m
roll,0.25,000012,Car,vehicle,59.08272251682382,16,1.0,0.3105450649982081,2.2242147349493107,>30m
roll,0.25,000012,Van,vehicle,66.31078946898461,39,1.0,0.6366526388506609,2.6625462357318987,>30m
roll,0.5,000012,Car,vehicle,59.08272251682382,16,1.0,0.6210899503488314,2.2242147349493107,>30m
roll,0.5,000012,Van,vehicle,66.31078946898461,39,1.0,1.27329640193325,2.6625462357318987,>30m
roll,1.0,000012,Car,vehicle,59.08272251682382,16,1.0,1.2421732584019214,2.2242147349493107,>30m
roll,1.0,000012,Van,vehicle,66.31078946898461,39,1.0,2.5465451629573352,2.6625462357318987,>30m
roll,2.0,000012,Car,vehicle,59.08272251682382,16,1.0,2.4842725557072374,2.2242147349493107,>30m
roll,2.0,000012,Van,vehicle,66.31078946898461,39,0.717948717948718,5.092802677620783,2.6625462357318987,>30m
roll,3.0,000012,Car,vehicle,59.08272251682382,16,1.0,3.7262031041358483,2.2242147349493107,>30m
roll,3.0,000012,Van,vehicle,66.31078946898461,39,0.717948717948718,7.638578431347136,2.6625462357318987,>30m
t_fwd,0.02,000012,Car,vehicle,59.08272251682382,16,1.0,0.025055247507006148,2.2242147349493107,>30m
t_fwd,0.02,000012,Van,vehicle,66.31078946898461,39,1.0,0.04585313181422894,2.6625462357318987,>30m
t_fwd,0.05,000012,Car,vehicle,59.08272251682382,16,1.0,0.0626052778440979,2.2242147349493107,>30m
t_fwd,0.05,000012,Van,vehicle,66.31078946898461,39,1.0,0.11457771785016138,2.6625462357318987,>30m
t_fwd,0.1,000012,Car,vehicle,59.08272251682382,16,1.0,0.1251012388622847,2.2242147349493107,>30m
t_fwd,0.1,000012,Van,vehicle,66.31078946898461,39,1.0,0.22897196541292675,2.6625462357318987,>30m
t_fwd,0.2,000012,Car,vehicle,59.08272251682382,16,1.0,0.2497663537114992,2.2242147349493107,>30m
t_fwd,0.2,000012,Van,vehicle,66.31078946898461,39,1.0,0.45721180957496166,2.6625462357318987,>30m
t_left,0.02,000012,Car,vehicle,59.08272251682382,16,1.0,0.2523995299177083,2.2242147349493107,>30m
t_left,0.02,000012,Van,vehicle,66.31078946898461,39,1.0,0.23002267936692022,2.6625462357318987,>30m
t_left,0.05,000012,Car,vehicle,59.08272251682382,16,1.0,0.6309987836184676,2.2242147349493107,>30m
t_left,0.05,000012,Van,vehicle,66.31078946898461,39,1.0,0.5750566642175676,2.6625462357318987,>30m
t_left,0.1,000012,Car,vehicle,59.08272251682382,16,1.0,1.261997429983859,2.2242147349493107,>30m
t_left,0.1,000012,Van,vehicle,66.31078946898461,39,1.0,1.1501132144358943,2.6625462357318987,>30m
t_left,0.2,000012,Car,vehicle,59.08272251682382,16,1.0,2.5239943109554117,2.2242147349493107,>30m
t_left,0.2,000012,Van,vehicle,66.31078946898461,39,1.0,2.300225972874936,2.6625462357318987,>30m
t_up,0.02,000012,Car,vehicle,59.08272251682382,16,1.0,0.25247410550901594,2.2242147349493107,>30m
t_up,0.02,000012,Van,vehicle,66.31078946898461,39,1.0,0.2300812783663591,2.6625462357318987,>30m
t_up,0.05,000012,Car,vehicle,59.08272251682382,16,1.0,0.6311818024746949,2.2242147349493107,>30m
t_up,0.05,000012,Van,vehicle,66.31078946898461,39,1.0,0.5752003211581732,2.6625462357318987,>30m
t_up,0.1,000012,Car,vehicle,59.08272251682382,16,1.0,1.26235206745871,2.2242147349493107,>30m
t_up,0.1,000012,Van,vehicle,66.31078946898461,39,1.0,1.1503910599183678,2.6625462357318987,>30m
t_up,0.2,000012,Car,vehicle,59.08272251682382,16,1.0,2.524657986220129,2.2242147349493107,>30m
t_up,0.2,000012,Van,vehicle,66.31078946898461,39,1.0,2.300743791202637,2.6625462357318987,>30m
none,0.0,000015,Car,vehicle,4.936851223198852,1665,0.9921921921921922,0.0,33.07806164820621,<15m
none,0.0,000015,Pedestrian,vru,8.953803661014687,352,0.9772727272727273,0.0,6.351440884103744,<15m
none,0.0,000015,Pedestrian,vru,24.265020090657252,57,0.8771929824561403,0.0,1.4277381869327732,15-30m
none,0.0,000015,Pedestrian,vru,24.443780395020735,70,0.8142857142857143,0.0,1.5792858157133542,15-30m
none,0.0,000015,Pedestrian,vru,23.36865635846443,63,1.0,0.0,1.8393096419368553,15-30m
yaw,0.25,000015,Car,vehicle,4.936851223198852,1665,0.9837837837837838,4.117393822986628,33.07806164820621,<15m
yaw,0.25,000015,Pedestrian,vru,8.953803661014687,352,0.9431818181818182,4.434477541777966,6.351440884103744,<15m
yaw,0.25,000015,Pedestrian,vru,24.265020090657252,57,0.6842105263157895,3.2023704730269364,1.4277381869327732,15-30m
yaw,0.25,000015,Pedestrian,vru,24.443780395020735,70,0.6285714285714286,3.2234193784925074,1.5792858157133542,15-30m
yaw,0.25,000015,Pedestrian,vru,23.36865635846443,63,0.9047619047619048,3.1885625497050203,1.8393096419368553,15-30m
yaw,0.5,000015,Car,vehicle,4.936851223198852,1665,0.9771771771771772,8.24734842095242,33.07806164820621,<15m
yaw,0.5,000015,Pedestrian,vru,8.953803661014687,352,0.8636363636363636,8.845032881158245,6.351440884103744,<15m
yaw,0.5,000015,Pedestrian,vru,24.265020090657252,57,0.38596491228070173,6.401886336305583,1.4277381869327732,15-30m
yaw,0.5,000015,Pedestrian,vru,24.443780395020735,70,0.42857142857142855,6.443153169031378,1.5792858157133542,15-30m
yaw,0.5,000015,Pedestrian,vru,23.36865635846443,63,0.746031746031746,6.37938448717979,1.8393096419368553,15-30m
yaw,1.0,000015,Car,vehicle,4.936851223198852,1665,0.9633633633633634,16.53386198168898,33.07806164820621,<15m
yaw,1.0,000015,Pedestrian,vru,8.953803661014687,352,0.6903409090909091,17.59583223066828,6.351440884103744,<15m
yaw,1.0,000015,Pedestrian,vru,24.265020090657252,57,0.07017543859649122,12.792863513893627,1.4277381869327732,15-30m
yaw,1.0,000015,Pedestrian,vru,24.443780395020735,70,0.08571428571428572,12.872086068309628,1.5792858157133542,15-30m
yaw,1.0,000015,Pedestrian,vru,23.36865635846443,63,0.25396825396825395,12.768311521587346,1.8393096419368553,15-30m
yaw,2.0,000015,Car,vehicle,4.936851223198852,1665,0.9381381381381382,33.235273775447894,33.07806164820621,<15m
yaw,2.0,000015,Pedestrian,vru,8.953803661014687,352,0.29545454545454547,34.82605965256961,6.351440884103744,<15m
yaw,2.0,000015,Pedestrian,vru,24.265020090657252,57,0.0,25.546141955168487,1.4277381869327732,15-30m
yaw,2.0,000015,Pedestrian,vru,24.443780395020735,70,0.0,25.69143754638673,1.5792858157133542,15-30m
yaw,2.0,000015,Pedestrian,vru,23.36865635846443,63,0.0,25.578855312794786,1.8393096419368553,15-30m
yaw,3.0,000015,Car,vehicle,4.936851223198852,1665,0.9171171171171171,50.14159190731199,33.07806164820621,<15m
yaw,3.0,000015,Pedestrian,vru,8.953803661014687,352,0.036931818181818184,51.712489282177955,6.351440884103744,<15m
yaw,3.0,000015,Pedestrian,vru,24.265020090657252,57,0.0,38.267880735152815,1.4277381869327732,15-30m
yaw,3.0,000015,Pedestrian,vru,24.443780395020735,70,0.0,38.46643095888362,1.5792858157133542,15-30m
yaw,3.0,000015,Pedestrian,vru,23.36865635846443,63,0.0,38.43974581457432,1.8393096419368553,15-30m
pitch,0.25,000015,Car,vehicle,4.936851223198852,1665,0.9597597597597598,3.4332190205479325,33.07806164820621,<15m
pitch,0.25,000015,Pedestrian,vru,8.953803661014687,352,0.9801136363636364,3.2756896333888355,6.351440884103744,<15m
pitch,0.25,000015,Pedestrian,vru,24.265020090657252,57,0.8771929824561403,3.1720486916976682,1.4277381869327732,15-30m
pitch,0.25,000015,Pedestrian,vru,24.443780395020735,70,0.8285714285714286,3.1725992411815787,1.5792858157133542,15-30m
pitch,0.25,000015,Pedestrian,vru,23.36865635846443,63,1.0,3.170150885066897,1.8393096419368553,15-30m
pitch,0.5,000015,Car,vehicle,4.936851223198852,1665,0.9315315315315316,6.864065791973359,33.07806164820621,<15m
pitch,0.5,000015,Pedestrian,vru,8.953803661014687,352,0.9801136363636364,6.554125227137963,6.351440884103744,<15m
pitch,0.5,000015,Pedestrian,vru,24.265020090657252,57,0.8771929824561403,6.344777521520929,1.4277381869327732,15-30m
pitch,0.5,000015,Pedestrian,vru,24.443780395020735,70,0.8285714285714286,6.346069639429263,1.5792858157133542,15-30m
pitch,0.5,000015,Pedestrian,vru,23.36865635846443,63,1.0,6.340965821200995,1.8393096419368553,15-30m
pitch,1.0,000015,Car,vehicle,4.936851223198852,1665,0.8666666666666667,13.715930184594173,33.07806164820621,<15m
pitch,1.0,000015,Pedestrian,vru,8.953803661014687,352,0.9829545454545454,13.119840638478017,6.351440884103744,<15m
pitch,1.0,000015,Pedestrian,vru,24.265020090657252,57,0.7368421052631579,12.69277098594535,1.4277381869327732,15-30m
pitch,1.0,000015,Pedestrian,vru,24.443780395020735,70,0.6857142857142857,12.696116563402473,1.5792858157133542,15-30m
pitch,1.0,000015,Pedestrian,vru,23.36865635846443,63,0.8888888888888888,12.685081189236659,1.8393096419368553,15-30m
pitch,2.0,000015,Car,vehicle,4.936851223198852,1665,0.7447447447447447,27.36964939873612,33.07806164820621,<15m
pitch,2.0,000015,Pedestrian,vru,8.953803661014687,352,0.9517045454545454,26.291415971333166,6.351440884103744,<15m
pitch,2.0,000015,Pedestrian,vru,24.265020090657252,57,0.5263157894736842,25.40237703805462,1.4277381869327732,15-30m
pitch,2.0,000015,Pedestrian,vru,24.443780395020735,70,0.44285714285714284,25.412119219186074,1.5792858157133542,15-30m
pitch,2.0,000015,Pedestrian,vru,23.36865635846443,63,0.5873015873015873,25.386715324915553,1.8393096419368553,15-30m
pitch,3.0,000015,Car,vehicle,4.936851223198852,1665,0.624024024024024,40.92867371308274,33.07806164820621,<15m
pitch,3.0,000015,Pedestrian,vru,8.953803661014687,352,0.8977272727272727,39.52482278833156,6.351440884103744,<15m
pitch,3.0,000015,Pedestrian,vru,24.265020090657252,57,0.21052631578947367,38.13679091554198,1.4277381869327732,15-30m
pitch,3.0,000015,Pedestrian,vru,24.443780395020735,70,0.2,38.155996803541385,1.5792858157133542,15-30m
pitch,3.0,000015,Pedestrian,vru,23.36865635846443,63,0.19047619047619047,38.112841619945364,1.8393096419368553,15-30m
roll,0.25,000015,Car,vehicle,4.936851223198852,1665,0.9993993993993994,1.6961953647632304,33.07806164820621,<15m
roll,0.25,000015,Pedestrian,vru,8.953803661014687,352,0.9744318181818182,1.9337212862199233,6.351440884103744,<15m
roll,0.25,000015,Pedestrian,vru,24.265020090657252,57,0.8947368421052632,0.3316219183584311,1.4277381869327732,15-30m
roll,0.25,000015,Pedestrian,vru,24.443780395020735,70,0.8142857142857143,0.4154225215484282,1.5792858157133542,15-30m
roll,0.25,000015,Pedestrian,vru,23.36865635846443,63,1.0,0.2707335886910874,1.8393096419368553,15-30m
roll,0.5,000015,Car,vehicle,4.936851223198852,1665,0.9993993993993994,3.3923884113488967,33.07806164820621,<15m
roll,0.5,000015,Pedestrian,vru,8.953803661014687,352,0.9744318181818182,3.8674160442507537,6.351440884103744,<15m
roll,0.5,000015,Pedestrian,vru,24.265020090657252,57,0.8947368421052632,0.6632415465883086,1.4277381869327732,15-30m
roll,0.5,000015,Pedestrian,vru,24.443780395020735,70,0.8142857142857143,0.8308422052617824,1.5792858157133542,15-30m
roll,0.5,000015,Pedestrian,vru,23.36865635846443,63,1.0,0.5414659750203059,1.8393096419368553,15-30m
roll,1.0,000015,Car,vehicle,4.936851223198852,1665,0.9981981981981982,6.7833747182721975,33.07806164820621,<15m
roll,1.0,000015,Pedestrian,vru,8.953803661014687,352,0.9715909090909091,7.734688551198349,6.351440884103744,<15m
roll,1.0,000015,Pedestrian,vru,24.265020090657252,57,0.8947368421052632,1.3264676066931262,1.4277381869327732,15-30m
roll,1.0,000015,Pedestrian,vru,24.443780395020735,70,0.8142857142857143,1.6616651238289584,1.5792858157133542,15-30m
roll,1.0,000015,Pedestrian,vru,23.36865635846443,63,1.0,1.0829220024355386,1.8393096419368553,15-30m
roll,2.0,000015,Car,vehicle,4.936851223198852,1665,0.9855855855855856,13.554955130375946,33.07806164820621,<15m
roll,2.0,000015,Pedestrian,vru,8.953803661014687,352,0.9602272727272727,15.468503611616493,6.351440884103744,<15m
roll,2.0,000015,Pedestrian,vru,24.265020090657252,57,0.8596491228070176,2.6528226628728824,1.4277381869327732,15-30m
roll,2.0,000015,Pedestrian,vru,24.443780395020735,70,0.7857142857142857,3.323189621958899,1.5792858157133542,15-30m
roll,2.0,000015,Pedestrian,vru,23.36865635846443,63,1.0,2.1657631099699493,1.8393096419368553,15-30m
roll,3.0,000015,Car,vehicle,4.936851223198852,1665,0.9453453453453453,20.331371451498438,33.07806164820621,<15m
roll,3.0,000015,Pedestrian,vru,8.953803661014687,352,0.9403409090909091,23.20084667265185,6.351440884103744,<15m
roll,3.0,000015,Pedestrian,vru,24.265020090657252,57,0.8070175438596491,3.978963971156039,1.4277381869327732,15-30m
roll,3.0,000015,Pedestrian,vru,24.443780395020735,70,0.7857142857142857,4.984446551153503,1.5792858157133542,15-30m
roll,3.0,000015,Pedestrian,vru,23.36865635846443,63,1.0,3.248441117959797,1.8393096419368553,15-30m
t_fwd,0.02,000015,Car,vehicle,4.936851223198852,1665,0.9993993993993994,1.7301664039336317,33.07806164820621,<15m
t_fwd,0.02,000015,Pedestrian,vru,8.953803661014687,352,0.9744318181818182,1.1854915409468547,6.351440884103744,<15m
t_fwd,0.02,000015,Pedestrian,vru,24.265020090657252,57,0.8947368421052632,0.06362447603684998,1.4277381869327732,15-30m
t_fwd,0.02,000015,Pedestrian,vru,24.443780395020735,70,0.8142857142857143,0.07960207285524551,1.5792858157133542,15-30m
t_fwd,0.02,000015,Pedestrian,vru,23.36865635846443,63,1.0,0.05148379196258392,1.8393096419368553,15-30m
t_fwd,0.05,000015,Car,vehicle,4.936851223198852,1665,1.0,4.294523539972078,33.07806164820621,<15m
t_fwd,0.05,000015,Pedestrian,vru,8.953803661014687,352,0.9602272727272727,2.9520602337543833,6.351440884103744,<15m
t_fwd,0.05,000015,Pedestrian,vru,24.265020090657252,57,0.8947368421052632,0.15886417627835747,1.4277381869327732,15-30m
t_fwd,0.05,000015,Pedestrian,vru,24.443780395020735,70,0.8142857142857143,0.19876166011763308,1.5792858157133542,15-30m
t_fwd,0.05,000015,Pedestrian,vru,23.36865635846443,63,1.0,0.12854318564257927,1.8393096419368553,15-30m
t_fwd,0.1,000015,Car,vehicle,4.936851223198852,1665,1.0,8.488010323209139,33.07806164820621,<15m
t_fwd,0.1,000015,Pedestrian,vru,8.953803661014687,352,0.9204545454545454,5.865630788204432,6.351440884103744,<15m
t_fwd,0.1,000015,Pedestrian,vru,24.265020090657252,57,0.8771929824561403,0.3170738044597531,1.4277381869327732,15-30m
t_fwd,0.1,000015,Pedestrian,vru,24.443780395020735,70,0.8142857142857143,0.3967142237059038,1.5792858157133542,15-30m
t_fwd,0.1,000015,Pedestrian,vru,23.36865635846443,63,1.0,0.25653396278400686,1.8393096419368553,15-30m
t_fwd,0.2,000015,Car,vehicle,4.936851223198852,1665,1.0,16.617579737423753,33.07806164820621,<15m
t_fwd,0.2,000015,Pedestrian,vru,8.953803661014687,352,0.8210227272727273,11.580275231464718,6.351440884103744,<15m
t_fwd,0.2,000015,Pedestrian,vru,24.265020090657252,57,0.8771929824561403,0.6315455312494841,1.4277381869327732,15-30m
t_fwd,0.2,000015,Pedestrian,vru,24.443780395020735,70,0.7857142857142857,0.7902117431413664,1.5792858157133542,15-30m
t_fwd,0.2,000015,Pedestrian,vru,23.36865635846443,63,1.0,0.5108724743161835,1.8393096419368553,15-30m
t_left,0.02,000015,Car,vehicle,4.936851223198852,1665,0.9885885885885886,3.321723760498044,33.07806164820621,<15m
t_left,0.02,000015,Pedestrian,vru,8.953803661014687,352,0.96875,1.9110436144535066,6.351440884103744,<15m
t_left,0.02,000015,Pedestrian,vru,24.265020090657252,57,0.8771929824561403,0.5947061530755469,1.4277381869327732,15-30m
t_left,0.02,000015,Pedestrian,vru,24.443780395020735,70,0.8,0.5941514368233638,1.5792858157133542,15-30m
t_left,0.02,000015,Pedestrian,vru,23.36865635846443,63,1.0,0.6164707739532445,1.8393096419368553,15-30m
t_left,0.05,000015,Car,vehicle,4.936851223198852,1665,0.9861861861861861,8.300610881229744,33.07806164820621,<15m
t_left,0.05,000015,Pedestrian,vru,8.953803661014687,352,0.9346590909090909,4.777516187786443,6.351440884103744,<15m
t_left,0.05,000015,Pedestrian,vru,24.265020090657252,57,0.8070175438596491,1.4867563688700935,1.4277381869327732,15-30m
t_left,0.05,000015,Pedestrian,vru,24.443780395020735,70,0.7428571428571429,1.4853695961836189,1.5792858157133542,15-30m
t_left,0.05,000015,Pedestrian,vru,23.36865635846443,63,0.9523809523809523,1.5411672400319345,1.8393096419368553,15-30m
t_left,0.1,000015,Car,vehicle,4.936851223198852,1665,0.9807807807807808,16.56869974686216,33.07806164820621,<15m
t_left,0.1,000015,Pedestrian,vru,8.953803661014687,352,0.8465909090909091,9.554722897121131,6.351440884103744,<15m
t_left,0.1,000015,Pedestrian,vru,24.265020090657252,57,0.7017543859649122,2.973482692162891,1.4277381869327732,15-30m
t_left,0.1,000015,Pedestrian,vru,24.443780395020735,70,0.6571428571428571,2.9707092066027787,1.5792858157133542,15-30m
t_left,0.1,000015,Pedestrian,vru,23.36865635846443,63,0.9206349206349206,3.082302164435333,1.8393096419368553,15-30m
t_left,0.2,000015,Car,vehicle,4.936851223198852,1665,0.9675675675675676,33.09467167176786,33.07806164820621,<15m
t_left,0.2,000015,Pedestrian,vru,8.953803661014687,352,0.6505681818181818,19.108208000711286,6.351440884103744,<15m
t_left,0.2,000015,Pedestrian,vru,24.265020090657252,57,0.49122807017543857,5.946845205658542,1.4277381869327732,15-30m
t_left,0.2,000015,Pedestrian,vru,24.443780395020735,70,0.45714285714285713,5.941298473779312,1.5792858157133542,15-30m
t_left,0.2,000015,Pedestrian,vru,23.36865635846443,63,0.746031746031746,6.164475070421402,1.8393096419368553,15-30m
t_up,0.02,000015,Car,vehicle,4.936851223198852,1665,1.0,3.3313585945538042,33.07806164820621,<15m
t_up,0.02,000015,Pedestrian,vru,8.953803661014687,352,0.9772727272727273,1.9050520989219883,6.351440884103744,<15m
t_up,0.02,000015,Pedestrian,vru,24.265020090657252,57,0.8771929824561403,0.5943779294935887,1.4277381869327732,15-30m
t_up,0.02,000015,Pedestrian,vru,24.443780395020735,70,0.8142857142857143,0.5937068916822638,1.5792858157133542,15-30m
t_up,0.02,000015,Pedestrian,vru,23.36865635846443,63,1.0,0.6167166624744901,1.8393096419368553,15-30m
t_up,0.05,000015,Car,vehicle,4.936851223198852,1665,1.0,8.328568469844157,33.07806164820621,<15m
t_up,0.05,000015,Pedestrian,vru,8.953803661014687,352,0.9772727272727273,4.762686486983764,6.351440884103744,<15m
t_up,0.05,000015,Pedestrian,vru,24.265020090657252,57,0.8771929824561403,1.485950297906276,1.4277381869327732,15-30m
t_up,0.05,000015,Pedestrian,vru,24.443780395020735,70,0.8142857142857143,1.4842726914072384,1.5792858157133542,15-30m
t_up,0.05,000015,Pedestrian,vru,23.36865635846443,63,1.0,1.5417975495601033,1.8393096419368553,15-30m
t_up,0.1,000015,Car,vehicle,4.936851223198852,1665,0.978978978978979,16.65607633529414,33.07806164820621,<15m
t_up,0.1,000015,Pedestrian,vru,8.953803661014687,352,0.9772727272727273,9.525560445466784,6.351440884103744,<15m
t_up,0.1,000015,Pedestrian,vru,24.265020090657252,57,0.8947368421052632,2.9719188432330146,1.4277381869327732,15-30m
t_up,0.1,000015,Pedestrian,vru,24.443780395020735,70,0.8142857142857143,2.968563590331504,1.5792858157133542,15-30m
t_up,0.1,000015,Pedestrian,vru,23.36865635846443,63,1.0,3.0836147439001076,1.8393096419368553,15-30m
t_up,0.2,000015,Car,vehicle,4.936851223198852,1665,0.8888888888888888,33.314446125418854,33.07806164820621,<15m
t_up,0.2,000015,Pedestrian,vru,8.953803661014687,352,0.9744318181818182,19.05187082120843,6.351440884103744,<15m
t_up,0.2,000015,Pedestrian,vru,24.265020090657252,57,0.8596491228070176,5.9439106774923545,1.4277381869327732,15-30m
t_up,0.2,000015,Pedestrian,vru,24.443780395020735,70,0.8142857142857143,5.9372000120713615,1.5792858157133542,15-30m
t_up,0.2,000015,Pedestrian,vru,23.36865635846443,63,0.9682539682539683,6.167308068421828,1.8393096419368553,15-30m
none,0.0,000016,Car,vehicle,44.60722138847027,29,1.0,0.0,2.6323712411128035,>30m
none,0.0,000016,Truck,vehicle,28.05990912316004,1961,1.0,0.0,27.706997690771647,15-30m
none,0.0,000016,Car,vehicle,33.44507886072329,61,1.0,0.0,3.9195729852587666,>30m
none,0.0,000016,Car,vehicle,7.076114753167871,1732,0.9971131639722863,0.0,30.667323478665626,<15m
none,0.0,000016,Car,vehicle,47.17749145514204,17,1.0,0.0,2.622842295443621,>30m
yaw,0.25,000016,Car,vehicle,44.60722138847027,29,0.896551724137931,3.1915101928616494,2.6323712411128035,>30m
yaw,0.25,000016,Truck,vehicle,28.05990912316004,1961,1.0,3.7499197921612692,27.706997690771647,15-30m
yaw,0.25,000016,Car,vehicle,33.44507886072329,61,0.9836065573770492,3.23113732527984,3.9195729852587666,>30m
yaw,0.25,000016,Car,vehicle,7.076114753167871,1732,0.9792147806004619,4.475274739190338,30.667323478665626,<15m
yaw,0.25,000016,Car,vehicle,47.17749145514204,17,0.8823529411764706,3.236010186669639,2.622842295443621,>30m
yaw,0.5,000016,Car,vehicle,44.60722138847027,29,0.7586206896551724,6.380710550978489,2.6323712411128035,>30m
yaw,0.5,000016,Truck,vehicle,28.05990912316004,1961,0.9954105048444671,7.513849510288075,27.706997690771647,15-30m
yaw,0.5,000016,Car,vehicle,33.44507886072329,61,0.9344262295081968,6.4585996819622755,3.9195729852587666,>30m
yaw,0.5,000016,Car,vehicle,7.076114753167871,1732,0.9613163972286374,8.952181372674232,30.667323478665626,<15m
yaw,0.5,000016,Car,vehicle,47.17749145514204,17,0.7647058823529411,6.4762448695281325,2.622842295443621,>30m
yaw,1.0,000016,Car,vehicle,44.60722138847027,29,0.4827586206896552,12.752681282020237,2.6323712411128035,>30m
yaw,1.0,000016,Truck,vehicle,28.05990912316004,1961,0.9780724120346762,15.084643030131957,27.706997690771647,15-30m
yaw,1.0,000016,Car,vehicle,33.44507886072329,61,0.7868852459016393,12.903020972824976,3.9195729852587666,>30m
yaw,1.0,000016,Car,vehicle,7.076114753167871,1732,0.924364896073903,17.861759479408622,30.667323478665626,<15m
yaw,1.0,000016,Car,vehicle,47.17749145514204,17,0.47058823529411764,12.969920826798738,2.622842295443621,>30m
yaw,2.0,000016,Car,vehicle,44.60722138847027,29,0.0,25.474381631505917,2.6323712411128035,>30m
yaw,2.0,000016,Truck,vehicle,28.05990912316004,1961,0.9469658337582866,30.404457441613193,27.706997690771647,15-30m
yaw,2.0,000016,Car,vehicle,33.44507886072329,61,0.4262295081967213,25.75347023586079,3.9195729852587666,>30m
yaw,2.0,000016,Car,vehicle,7.076114753167871,1732,0.8516166281755196,35.53121721354198,30.667323478665626,<15m
yaw,2.0,000016,Car,vehicle,47.17749145514204,17,0.058823529411764705,26.01387096501008,2.622842295443621,>30m
yaw,3.0,000016,Car,vehicle,44.60722138847027,29,0.0,38.17301371162965,2.6323712411128035,>30m
yaw,3.0,000016,Truck,vehicle,28.05990912316004,1961,0.9097399286078531,45.97471574525298,27.706997690771647,15-30m
yaw,3.0,000016,Car,vehicle,33.44507886072329,61,0.06557377049180328,38.55955314009972,3.9195729852587666,>30m
yaw,3.0,000016,Car,vehicle,7.076114753167871,1732,0.7829099307159353,53.156339952437115,30.667323478665626,<15m
yaw,3.0,000016,Car,vehicle,47.17749145514204,17,0.0,39.140583189407444,2.622842295443621,>30m
pitch,0.25,000016,Car,vehicle,44.60722138847027,29,1.0,3.1709096976168407,2.6323712411128035,>30m
pitch,0.25,000016,Truck,vehicle,28.05990912316004,1961,1.0,3.1901643954474115,27.706997690771647,15-30m
pitch,0.25,000016,Car,vehicle,33.44507886072329,61,1.0,3.177910645005107,3.9195729852587666,>30m
pitch,0.25,000016,Car,vehicle,7.076114753167871,1732,0.9797921478060047,3.420951893107606,30.667323478665626,<15m
pitch,0.25,000016,Car,vehicle,47.17749145514204,17,1.0,3.1707082388818733,2.622842295443621,>30m
pitch,0.5,000016,Car,vehicle,44.60722138847027,29,0.6896551724137931,6.342665282536119,2.6323712411128035,>30m
pitch,0.5,000016,Truck,vehicle,28.05990912316004,1961,1.0,6.380482344347156,27.706997690771647,15-30m
pitch,0.5,000016,Car,vehicle,33.44507886072329,61,0.9508196721311475,6.356624191572624,3.9195729852587666,>30m
pitch,0.5,000016,Car,vehicle,7.076114753167871,1732,0.9630484988452656,6.843899728372207,30.667323478665626,<15m
pitch,0.5,000016,Car,vehicle,47.17749145514204,17,0.5294117647058824,6.342427762623254,2.622842295443621,>30m
pitch,1.0,000016,Car,vehicle,44.60722138847027,29,0.0,12.689204930008367,2.6323712411128035,>30m
pitch,1.0,000016,Truck,vehicle,28.05990912316004,1961,1.0,12.763023929760775,27.706997690771647,15-30m
pitch,1.0,000016,Car,vehicle,33.44507886072329,61,0.8032786885245902,12.716956032840447,3.9195729852587666,>30m
pitch,1.0,000016,Car,vehicle,7.076114753167871,1732,0.9260969976905312,13.698328623924183,30.667323478665626,<15m
pitch,1.0,000016,Car,vehicle,47.17749145514204,17,0.0,12.689397727947823,2.622842295443621,>30m
pitch,2.0,000016,Car,vehicle,44.60722138847027,29,0.0,25.397843338042534,2.6323712411128035,>30m
pitch,2.0,000016,Truck,vehicle,28.05990912316004,1961,0.9836817950025497,25.536186454351558,27.706997690771647,15-30m
pitch,2.0,000016,Car,vehicle,33.44507886072329,61,0.06557377049180328,25.45272021597904,3.9195729852587666,>30m
pitch,2.0,000016,Car,vehicle,7.076114753167871,1732,0.8458429561200924,27.433013184510212,30.667323478665626,<15m
pitch,2.0,000016,Car,vehicle,47.17749145514204,17,0.0,25.400924954193037,2.622842295443621,>30m
pitch,3.0,000016,Car,vehicle,44.60722138847027,29,0.0,38.13382111227608,2.6323712411128035,>30m
pitch,3.0,000016,Truck,vehicle,28.05990912316004,1961,0.887302396736359,38.32582437727254,27.706997690771647,15-30m
pitch,3.0,000016,Car,vehicle,33.44507886072329,61,0.0,38.21528077509733,3.9195729852587666,>30m
pitch,3.0,000016,Car,vehicle,7.076114753167871,1732,0.7546189376443418,41.19186128323902,30.667323478665626,<15m
pitch,3.0,000016,Car,vehicle,47.17749145514204,17,0.0,38.14256524612564,2.622842295443621,>30m
roll,0.25,000016,Car,vehicle,44.60722138847027,29,1.0,0.2733598945792782,2.6323712411128035,>30m
roll,0.25,000016,Truck,vehicle,28.05990912316004,1961,1.0,1.3318526459143811,27.706997690771647,15-30m
roll,0.25,000016,Car,vehicle,33.44507886072329,61,1.0,0.42230893835242034,3.9195729852587666,>30m
roll,0.25,000016,Car,vehicle,7.076114753167871,1732,0.9988452655889145,2.0128435517097434,30.667323478665626,<15m
roll,0.25,000016,Car,vehicle,47.17749145514204,17,1.0,0.46381700133051756,2.622842295443621,>30m
roll,0.5,000016,Car,vehicle,44.60722138847027,29,1.0,0.5467195343965333,2.6323712411128035,>30m
roll,0.5,000016,Truck,vehicle,28.05990912316004,1961,1.0,2.6636731405904253,27.706997690771647,15-30m
roll,0.5,000016,Car,vehicle,33.44507886072329,61,1.0,0.8446183345906855,3.9195729852587666,>30m
roll,0.5,000016,Car,vehicle,7.076114753167871,1732,0.9976905311778291,4.023827989253654,30.667323478665626,<15m
roll,0.5,000016,Car,vehicle,47.17749145514204,17,1.0,0.9276287000986386,2.622842295443621,>30m
roll,1.0,000016,Car,vehicle,44.60722138847027,29,1.0,1.0934328406935263,2.6323712411128035,>30m
roll,1.0,000016,Truck,vehicle,28.05990912316004,1961,1.0,5.327192294087448,27.706997690771647,15-30m
roll,1.0,000016,Car,vehicle,33.44507886072329,61,1.0,1.6892304450461437,3.9195729852587666,>30m
roll,1.0,000016,Car,vehicle,7.076114753167871,1732,0.9942263279445728,8.038801751119667,30.667323478665626,<15m
roll,1.0,000016,Car,vehicle,47.17749145514204,17,1.0,1.8552273473705734,2.622842295443621,>30m
roll,2.0,000016,Car,vehicle,44.60722138847027,29,1.0,2.186799094833322,2.6323712411128035,>30m
roll,2.0,000016,Truck,vehicle,28.05990912316004,1961,1.0,10.653565656620005,27.706997690771647,15-30m
roll,2.0,000016,Car,vehicle,33.44507886072329,61,0.9836065573770492,3.3783715431653696,3.9195729852587666,>30m
roll,2.0,000016,Car,vehicle,7.076114753167871,1732,0.9821016166281755,16.059373786989568,30.667323478665626,<15m
roll,2.0,000016,Car,vehicle,47.17749145514204,17,1.0,3.7102637528548805,2.622842295443621,>30m
roll,3.0,000016,Car,vehicle,44.60722138847027,29,0.8620689655172413,3.280015411327291,2.6323712411128035,>30m
roll,3.0,000016,Truck,vehicle,28.05990912316004,1961,1.0,15.978714343135884,27.706997690771647,15-30m
roll,3.0,000016,Car,vehicle,33.44507886072329,61,0.9508196721311475,5.067294382857609,3.9195729852587666,>30m
roll,3.0,000016,Car,vehicle,7.076114753167871,1732,0.9301385681293303,24.051132882506224,30.667323478665626,<15m
roll,3.0,000016,Car,vehicle,47.17749145514204,17,1.0,5.564967787713503,2.622842295443621,>30m
t_fwd,0.02,000016,Car,vehicle,44.60722138847027,29,1.0,0.02997590266699052,2.6323712411128035,>30m
t_fwd,0.02,000016,Truck,vehicle,28.05990912316004,1961,1.0,0.2757536934708309,27.706997690771647,15-30m
t_fwd,0.02,000016,Car,vehicle,33.44507886072329,61,1.0,0.06291886847261653,3.9195729852587666,>30m
t_fwd,0.02,000016,Car,vehicle,7.076114753167871,1732,0.9994226327944573,1.6903694930206568,30.667323478665626,<15m
t_fwd,0.02,000016,Car,vehicle,47.17749145514204,17,1.0,0.04664584567909437,2.622842295443621,>30m
t_fwd,0.05,000016,Car,vehicle,44.60722138847027,29,1.0,0.07488673828641954,2.6323712411128035,>30m
t_fwd,0.05,000016,Truck,vehicle,28.05990912316004,1961,1.0,0.6884407632234081,27.706997690771647,15-30m
t_fwd,0.05,000016,Car,vehicle,33.44507886072329,61,1.0,0.15714551878844002,3.9195729852587666,>30m
t_fwd,0.05,000016,Car,vehicle,7.076114753167871,1732,1.0,4.202334089830407,30.667323478665626,<15m
t_fwd,0.05,000016,Car,vehicle,47.17749145514204,17,1.0,0.11653711405236931,2.622842295443621,>30m
t_fwd,0.1,000016,Car,vehicle,44.60722138847027,29,1.0,0.14959708166079927,2.6323712411128035,>30m
t_fwd,0.1,000016,Truck,vehicle,28.05990912316004,1961,1.0,1.3737480761950145,27.706997690771647,15-30m
t_fwd,0.1,000016,Car,vehicle,33.44507886072329,61,1.0,0.3137868271607708,3.9195729852587666,>30m
t_fwd,0.1,000016,Car,vehicle,7.076114753167871,1732,1.0,8.327195893596745,30.667323478665626,<15m
t_fwd,0.1,000016,Car,vehicle,47.17749145514204,17,1.0,0.2328163516056172,2.622842295443621,>30m
t_fwd,0.2,000016,Car,vehicle,44.60722138847027,29,1.0,0.29849107079270965,2.6323712411128035,>30m
t_fwd,0.2,000016,Truck,vehicle,28.05990912316004,1961,1.0,2.735047535390339,27.706997690771647,15-30m
t_fwd,0.2,000016,Car,vehicle,33.44507886072329,61,1.0,0.6255664883408742,3.9195729852587666,>30m
t_fwd,0.2,000016,Car,vehicle,7.076114753167871,1732,1.0,16.351806744202378,30.667323478665626,<15m
t_fwd,0.2,000016,Car,vehicle,47.17749145514204,17,1.0,0.46460461347241877,2.622842295443621,>30m
t_left,0.02,000016,Car,vehicle,44.60722138847027,29,1.0,0.34061879627456876,2.6323712411128035,>30m
t_left,0.02,000016,Truck,vehicle,28.05990912316004,1961,1.0,0.6552838678603813,27.706997690771647,15-30m
t_left,0.02,000016,Car,vehicle,33.44507886072329,61,1.0,0.4633939759354442,3.9195729852587666,>30m
t_left,0.02,000016,Car,vehicle,7.076114753167871,1732,0.9878752886836027,2.6856034740794663,30.667323478665626,<15m
t_left,0.02,000016,Car,vehicle,47.17749145514204,17,1.0,0.31969917910036477,2.622842295443621,>30m
t_left,0.05,000016,Car,vehicle,44.60722138847027,29,0.9655172413793104,0.8515469156963331,2.6323712411128035,>30m
t_left,0.05,000016,Truck,vehicle,28.05990912316004,1961,1.0,1.6382093920935936,27.706997690771647,15-30m
t_left,0.05,000016,Car,vehicle,33.44507886072329,61,1.0,1.1584848010460107,3.9195729852587666,>30m
t_left,0.05,000016,Car,vehicle,7.076114753167871,1732,0.9728637413394919,6.696253736063774,30.667323478665626,<15m
t_left,0.05,000016,Car,vehicle,47.17749145514204,17,1.0,0.7992478816873597,2.622842295443621,>30m
t_left,0.1,000016,Car,vehicle,44.60722138847027,29,0.9655172413793104,1.7030935814255883,2.6323712411128035,>30m
t_left,0.1,000016,Truck,vehicle,28.05990912316004,1961,1.0,3.276417858996351,27.706997690771647,15-30m
t_left,0.1,000016,Car,vehicle,33.44507886072329,61,1.0,2.316969139451046,3.9195729852587666,>30m
t_left,0.1,000016,Car,vehicle,7.076114753167871,1732,0.9491916859122402,13.322141820390634,30.667323478665626,<15m
t_left,0.1,000016,Car,vehicle,47.17749145514204,17,1.0,1.5984955431627441,2.622842295443621,>30m
t_left,0.2,000016,Car,vehicle,44.60722138847027,29,0.896551724137931,3.406186162982751,2.6323712411128035,>30m
t_left,0.2,000016,Truck,vehicle,28.05990912316004,1961,0.9969403365629781,6.552832017232255,27.706997690771647,15-30m
t_left,0.2,000016,Car,vehicle,33.44507886072329,61,0.9672131147540983,4.633936428338761,3.9195729852587666,>30m
t_left,0.2,000016,Car,vehicle,7.076114753167871,1732,0.9006928406466512,26.32603190912926,30.667323478665626,<15m
t_left,0.2,000016,Car,vehicle,47.17749145514204,17,0.8823529411764706,3.1969902054774737,2.622842295443621,>30m
t_up,0.02,000016,Car,vehicle,44.60722138847027,29,1.0,0.340659349020684,2.6323712411128035,>30m
t_up,0.02,000016,Truck,vehicle,28.05990912316004,1961,1.0,0.6551715295491978,27.706997690771647,15-30m
t_up,0.02,000016,Car,vehicle,33.44507886072329,61,1.0,0.4634351113362217,3.9195729852587666,>30m
t_up,0.02,000016,Car,vehicle,7.076114753167871,1732,1.0,2.6988590043746434,30.667323478665626,<15m
t_up,0.02,000016,Car,vehicle,47.17749145514204,17,1.0,0.3198095790677936,2.622842295443621,>30m
t_up,0.05,000016,Car,vehicle,44.60722138847027,29,1.0,0.8516420699231788,2.6323712411128035,>30m
t_up,0.05,000016,Truck,vehicle,28.05990912316004,1961,1.0,1.63790550058985,27.706997690771647,15-30m
t_up,0.05,000016,Car,vehicle,33.44507886072329,61,1.0,1.1585761137933186,3.9195729852587666,>30m
t_up,0.05,000016,Car,vehicle,7.076114753167871,1732,1.0,6.746752760124579,30.667323478665626,<15m
t_up,0.05,000016,Car,vehicle,47.17749145514204,17,1.0,0.79951839402026,2.622842295443621,>30m
t_up,0.1,000016,Car,vehicle,44.60722138847027,29,1.0,1.7032631314991145,2.6323712411128035,>30m
t_up,0.1,000016,Truck,vehicle,28.05990912316004,1961,1.0,3.2757332598547335,27.706997690771647,15-30m
t_up,0.1,000016,Car,vehicle,33.44507886072329,61,1.0,2.3171133468062455,3.9195729852587666,>30m
t_up,0.1,000016,Car,vehicle,7.076114753167871,1732,1.0,13.492189889481455,30.667323478665626,<15m
t_up,0.1,000016,Car,vehicle,47.17749145514204,17,1.0,1.5990182762192482,2.622842295443621,>30m
t_up,0.2,000016,Car,vehicle,44.60722138847027,29,1.0,3.4064422327186286,2.6323712411128035,>30m
t_up,0.2,000016,Truck,vehicle,28.05990912316004,1961,1.0,6.5511555765479015,27.706997690771647,15-30m
t_up,0.2,000016,Car,vehicle,33.44507886072329,61,1.0,4.634071178319464,3.9195729852587666,>30m
t_up,0.2,000016,Car,vehicle,7.076114753167871,1732,0.9445727482678984,26.979118794896543,30.667323478665626,<15m
t_up,0.2,000016,Car,vehicle,47.17749145514204,17,1.0,3.1979625077251663,2.622842295443621,>30m
none,0.0,000019,Truck,vehicle,6.313517244769353,4974,0.9987937273823885,0.0,33.72770319608607,<15m
none,0.0,000019,Car,vehicle,10.126401137620414,1058,1.0,0.0,16.052303058550635,<15m
none,0.0,000019,Van,vehicle,35.422761044277735,99,1.0,0.0,3.518563188347166,>30m
none,0.0,000019,Car,vehicle,59.71424118248511,21,1.0,0.0,1.9383463648737105,>30m
yaw,0.25,000019,Truck,vehicle,6.313517244769353,4974,0.9879372738238842,4.2240416462613695,33.72770319608607,<15m
yaw,0.25,000019,Car,vehicle,10.126401137620414,1058,1.0,3.5507990773057765,16.052303058550635,<15m
yaw,0.25,000019,Van,vehicle,35.422761044277735,99,0.98989898989899,3.1894152867324146,3.518563188347166,>30m
yaw,0.25,000019,Car,vehicle,59.71424118248511,21,0.9047619047619048,3.1790469664272876,1.9383463648737105,>30m
yaw,0.5,000019,Truck,vehicle,6.313517244769353,4974,0.9782870928829915,8.448466560245215,33.72770319608607,<15m
yaw,0.5,000019,Car,vehicle,10.126401137620414,1058,1.0,7.091974873181245,16.052303058550635,<15m
yaw,0.5,000019,Van,vehicle,35.422761044277735,99,0.9191919191919192,6.377002855550875,3.518563188347166,>30m
yaw,0.5,000019,Car,vehicle,59.71424118248511,21,0.7142857142857143,6.360096824446465,1.9383463648737105,>30m
yaw,1.0,000019,Truck,vehicle,6.313517244769353,4974,0.961600321672698,16.893735293500995,33.72770319608607,<15m
yaw,1.0,000019,Car,vehicle,10.126401137620414,1058,0.9914933837429112,14.14617089426837,16.052303058550635,<15m
yaw,1.0,000019,Van,vehicle,35.422761044277735,99,0.7373737373737373,12.747192151436664,3.518563188347166,>30m
yaw,1.0,000019,Car,vehicle,59.71424118248511,21,0.3333333333333333,12.728701696254955,1.9383463648737105,>30m
yaw,2.0,000019,Truck,vehicle,6.313517244769353,4974,0.9209891435464415,33.686051739047045,33.72770319608607,<15m
yaw,2.0,000019,Car,vehicle,10.126401137620414,1058,0.9395085066162571,28.147567911300037,16.052303058550635,<15m
yaw,2.0,000019,Van,vehicle,35.422761044277735,99,0.40404040404040403,25.471094954612305,3.518563188347166,>30m
yaw,2.0,000019,Car,vehicle,59.71424118248511,21,0.0,25.49542699308473,1.9383463648737105,>30m
yaw,3.0,000019,Truck,vehicle,6.313517244769353,4974,0.878367511057499,50.49964168091554,33.72770319608607,<15m
yaw,3.0,000019,Car,vehicle,10.126401137620414,1058,0.8799621928166351,42.01592360923032,16.052303058550635,<15m
yaw,3.0,000019,Van,vehicle,35.422761044277735,99,0.1111111111111111,38.17960609655163,3.518563188347166,>30m
yaw,3.0,000019,Car,vehicle,59.71424118248511,21,0.0,38.308221590111124,1.9383463648737105,>30m
pitch,0.25,000019,Truck,vehicle,6.313517244769353,4974,0.9925613188580619,3.3667546202051692,33.72770319608607,<15m
pitch,0.25,000019,Car,vehicle,10.126401137620414,1058,1.0,3.290683218255606,16.052303058550635,<15m
pitch,0.25,000019,Van,vehicle,35.422761044277735,99,1.0,3.178272807609039,3.518563188347166,>30m
pitch,0.25,000019,Car,vehicle,59.71424118248511,21,1.0,3.166734348325293,1.9383463648737105,>30m
pitch,0.5,000019,Truck,vehicle,6.313517244769353,4974,0.9859268194611982,6.733773295253264,33.72770319608607,<15m
pitch,0.5,000019,Car,vehicle,10.126401137620414,1058,1.0,6.584755410591881,16.052303058550635,<15m
pitch,0.5,000019,Van,vehicle,35.422761044277735,99,1.0,6.357661571963202,3.518563188347166,>30m
pitch,0.5,000019,Car,vehicle,59.71424118248511,21,0.7619047619047619,6.334495856070046,1.9383463648737105,>30m
pitch,1.0,000019,Truck,vehicle,6.313517244769353,4974,0.971049457177322,13.468105388100199,33.72770319608607,<15m
pitch,1.0,000019,Car,vehicle,10.126401137620414,1058,1.0,13.184184210650434,16.052303058550635,<15m
pitch,1.0,000019,Van,vehicle,35.422761044277735,99,0.6767676767676768,12.720280455948153,3.518563188347166,>30m
pitch,1.0,000019,Car,vehicle,59.71424118248511,21,0.047619047619047616,12.67358951433222,1.9383463648737105,>30m
pitch,2.0,000019,Truck,vehicle,6.313517244769353,4974,0.9372738238841978,26.928691095632253,33.72770319608607,<15m
pitch,2.0,000019,Car,vehicle,10.126401137620414,1058,0.9886578449905482,26.432405122939556,16.052303058550635,<15m
pitch,2.0,000019,Van,vehicle,35.422761044277735,99,0.1414141414141414,25.46434993502698,3.518563188347166,>30m
pitch,2.0,000019,Car,vehicle,59.71424118248511,21,0.0,25.369494563746514,1.9383463648737105,>30m
pitch,3.0,000019,Truck,vehicle,6.313517244769353,4974,0.8984720546843586,40.383620314188676,33.72770319608607,<15m
pitch,3.0,000019,Car,vehicle,10.126401137620414,1058,0.9064272211720227,39.754612883062364,16.052303058550635,<15m
pitch,3.0,000019,Van,vehicle,35.422761044277735,99,0.0,38.240168787569004,3.518563188347166,>30m
pitch,3.0,000019,Car,vehicle,59.71424118248511,21,0.0,38.095601972516725,1.9383463648737105,>30m
roll,0.25,000019,Truck,vehicle,6.313517244769353,4974,0.9997989545637314,1.735228565885561,33.72770319608607,<15m
roll,0.25,000019,Car,vehicle,10.126401137620414,1058,1.0,1.020201274006221,16.052303058550635,<15m
roll,0.25,000019,Van,vehicle,35.422761044277735,99,1.0,0.2340442219280692,3.518563188347166,>30m
roll,0.25,000019,Car,vehicle,59.71424118248511,21,1.0,0.22405096475341152,1.9383463648737105,>30m
roll,0.5,000019,Truck,vehicle,6.313517244769353,4974,0.9993968636911942,3.470252988139074,33.72770319608607,<15m
roll,0.5,000019,Car,vehicle,10.126401137620414,1058,1.0,2.0404118664305813,16.052303058550635,<15m
roll,0.5,000019,Van,vehicle,35.422761044277735,99,1.0,0.46808796069074743,3.518563188347166,>30m
roll,0.5,000019,Car,vehicle,59.71424118248511,21,1.0,0.44810021458565996,1.9383463648737105,>30m
roll,1.0,000019,Truck,vehicle,6.313517244769353,4974,0.997989545637314,6.935490827981413,33.72770319608607,<15m
roll,1.0,000019,Car,vehicle,10.126401137620414,1058,1.0,4.080841472501933,16.052303058550635,<15m
roll,1.0,000019,Van,vehicle,35.422761044277735,99,1.0,0.9361695217016224,3.518563188347166,>30m
roll,1.0,000019,Car,vehicle,59.71424118248511,21,1.0,0.8961892957215258,1.9383463648737105,>30m
roll,2.0,000019,Truck,vehicle,6.313517244769353,4974,0.9967832730197025,13.863154182894807,33.72770319608607,<15m
roll,2.0,000019,Car,vehicle,10.126401137620414,1058,1.0,8.161597597431179,16.052303058550635,<15m
roll,2.0,000019,Van,vehicle,35.422761044277735,99,1.0,1.8722777077543922,3.518563188347166,>30m
roll,2.0,000019,Car,vehicle,59.71424118248511,21,1.0,1.7922998701142996,1.9383463648737105,>30m
roll,3.0,000019,Truck,vehicle,6.313517244769353,4974,0.9953759549658223,20.78684909761429,33.72770319608607,<15m
roll,3.0,000019,Car,vehicle,10.126401137620414,1058,1.0,12.241955674331692,16.052303058550635,<15m
roll,3.0,000019,Van,vehicle,35.422761044277735,99,1.0,2.8082530839916475,3.518563188347166,>30m
roll,3.0,000019,Car,vehicle,59.71424118248511,21,1.0,2.688263357350838,1.9383463648737105,>30m
t_fwd,0.02,000019,Truck,vehicle,6.313517244769353,4974,1.0,1.7589744535739866,33.72770319608607,<15m
t_fwd,0.02,000019,Car,vehicle,10.126401137620414,1058,1.0,0.5700213743338156,16.052303058550635,<15m
t_fwd,0.02,000019,Van,vehicle,35.422761044277735,99,1.0,0.032524176257562536,3.518563188347166,>30m
t_fwd,0.02,000019,Car,vehicle,59.71424118248511,21,1.0,0.01742475791128502,1.9383463648737105,>30m
t_fwd,0.05,000019,Truck,vehicle,6.313517244769353,4974,1.0,4.367709438921419,33.72770319608607,<15m
t_fwd,0.05,000019,Car,vehicle,10.126401137620414,1058,1.0,1.4198219143140123,16.052303058550635,<15m
t_fwd,0.05,000019,Van,vehicle,35.422761044277735,99,1.0,0.08123744894998092,3.518563188347166,>30m
t_fwd,0.05,000019,Car,vehicle,59.71424118248511,21,1.0,0.04353928196035787,1.9383463648737105,>30m
t_fwd,0.1,000019,Truck,vehicle,6.313517244769353,4974,1.0,8.63597644059405,33.72770319608607,<15m
t_fwd,0.1,000019,Car,vehicle,10.126401137620414,1058,1.0,2.8223751006817395,16.052303058550635,<15m
t_fwd,0.1,000019,Van,vehicle,35.422761044277735,99,1.0,0.1622321738190767,3.518563188347166,>30m
t_fwd,0.1,000019,Car,vehicle,59.71424118248511,21,1.0,0.08700329211133752,1.9383463648737105,>30m
t_fwd,0.2,000019,Truck,vehicle,6.313517244769353,4974,0.9995979091274628,16.8927331758235,33.72770319608607,<15m
t_fwd,0.2,000019,Car,vehicle,10.126401137620414,1058,1.0,5.576920342609885,16.052303058550635,<15m
t_fwd,0.2,000019,Van,vehicle,35.422761044277735,99,1.0,0.3234977896694929,3.518563188347166,>30m
t_fwd,0.2,000019,Car,vehicle,59.71424118248511,21,1.0,0.17370627642851963,1.9383463648737105,>30m
t_left,0.02,000019,Truck,vehicle,6.313517244769353,4974,0.9925613188580619,2.997660027570063,33.72770319608607,<15m
t_left,0.02,000019,Car,vehicle,10.126401137620414,1058,1.0,1.76294748564717,16.052303058550635,<15m
t_left,0.02,000019,Van,vehicle,35.422761044277735,99,1.0,0.4327857838046943,3.518563188347166,>30m
t_left,0.02,000019,Car,vehicle,59.71424118248511,21,1.0,0.2498368650289622,1.9383463648737105,>30m
t_left,0.05,000019,Truck,vehicle,6.313517244769353,4974,0.9827100924809007,7.477576340207381,33.72770319608607,<15m
t_left,0.05,000019,Car,vehicle,10.126401137620414,1058,1.0,4.407366705324939,16.052303058550635,<15m
t_left,0.05,000019,Van,vehicle,35.422761044277735,99,1.0,1.0819643384480002,3.518563188347166,>30m
t_left,0.05,000019,Car,vehicle,59.71424118248511,21,1.0,0.6245921222274716,1.9383463648737105,>30m
t_left,0.1,000019,Truck,vehicle,6.313517244769353,4974,0.9674306393244874,14.908909734717941,33.72770319608607,<15m
t_left,0.1,000019,Car,vehicle,10.126401137620414,1058,1.0,8.814726714681441,16.052303058550635,<15m
t_left,0.1,000019,Van,vehicle,35.422761044277735,99,1.0,2.163928273349799,3.518563188347166,>30m
t_left,0.1,000019,Car,vehicle,59.71424118248511,21,1.0,1.2491841099722845,1.9383463648737105,>30m
t_left,0.2,000019,Truck,vehicle,6.313517244769353,4974,0.9298351427422598,29.682748037647112,33.72770319608607,<15m
t_left,0.2,000019,Car,vehicle,10.126401137620414,1058,0.9924385633270322,17.629426645550534,16.052303058550635,<15m
t_left,0.2,000019,Van,vehicle,35.422761044277735,99,0.9797979797979798,4.327854932516154,3.518563188347166,>30m
t_left,0.2,000019,Car,vehicle,59.71424118248511,21,0.9047619047619048,2.498367682013703,1.9383463648737105,>30m
t_up,0.02,000019,Truck,vehicle,6.313517244769353,4974,1.0,3.0032377231851157,33.72770319608607,<15m
t_up,0.02,000019,Car,vehicle,10.126401137620414,1058,1.0,1.7651714155635676,16.052303058550635,<15m
t_up,0.02,000019,Van,vehicle,35.422761044277735,99,1.0,0.43290612581449456,3.518563188347166,>30m
t_up,0.02,000019,Car,vehicle,59.71424118248511,21,1.0,0.24989409313745067,1.9383463648737105,>30m
t_up,0.05,000019,Truck,vehicle,6.313517244769353,4974,1.0,7.507604146602844,33.72770319608607,<15m
t_up,0.05,000019,Car,vehicle,10.126401137620414,1058,0.9792060491493384,4.412759553691808,16.052303058550635,<15m
t_up,0.05,000019,Van,vehicle,35.422761044277735,99,1.0,1.0822551375202432,3.518563188347166,>30m
t_up,0.05,000019,Car,vehicle,59.71424118248511,21,1.0,0.6247318416351832,1.9383463648737105,>30m
t_up,0.1,000019,Truck,vehicle,6.313517244769353,4974,1.0,15.013574706418263,33.72770319608607,<15m
t_up,0.1,000019,Car,vehicle,10.126401137620414,1058,0.943289224952741,8.824955880842786,16.052303058550635,<15m
t_up,0.1,000019,Van,vehicle,35.422761044277735,99,1.0,2.1644763525046287,3.518563188347166,>30m
t_up,0.1,000019,Car,vehicle,59.71424118248511,21,1.0,1.2494523794057106,1.9383463648737105,>30m
t_up,0.2,000019,Truck,vehicle,6.313517244769353,4974,1.0,30.02061719794528,33.72770319608607,<15m
t_up,0.2,000019,Car,vehicle,10.126401137620414,1058,0.8553875236294896,17.64765928679465,16.052303058550635,<15m
t_up,0.2,000019,Van,vehicle,35.422761044277735,99,1.0,4.328817021245196,3.518563188347166,>30m
t_up,0.2,000019,Car,vehicle,59.71424118248511,21,1.0,2.498859544580051,1.9383463648737105,>30m
none,0.0,000021,Cyclist,vru,4.173978917052649,187,0.946524064171123,0.0,14.67775264577046,<15m
none,0.0,000021,Car,vehicle,13.640780769442783,771,1.0,0.0,12.456714226044213,<15m
none,0.0,000021,Car,vehicle,17.77949380606771,214,1.0,0.0,9.137464817944213,15-30m
none,0.0,000021,Van,vehicle,23.926972228010797,927,0.9989212513484358,0.0,18.301134236478674,15-30m
none,0.0,000021,Car,vehicle,26.48156528606268,148,1.0,0.0,5.24171419685841,15-30m
none,0.0,000021,Car,vehicle,26.878863443233605,108,1.0,0.0,4.909789256048413,15-30m
none,0.0,000021,Car,vehicle,32.60922875506258,45,1.0,0.0,4.438106445423679,>30m
none,0.0,000021,Car,vehicle,31.800440248524865,29,1.0,0.0,3.458213199108985,>30m
yaw,0.25,000021,Cyclist,vru,4.173978917052649,187,0.9893048128342246,5.573867680239133,14.67775264577046,<15m
yaw,0.25,000021,Car,vehicle,13.640780769442783,771,1.0,3.3870291180964407,12.456714226044213,<15m
yaw,0.25,000021,Car,vehicle,17.77949380606771,214,1.0,3.2499632352171943,9.137464817944213,15-30m
yaw,0.25,000021,Van,vehicle,23.926972228010797,927,1.0,3.992555949430766,18.301134236478674,15-30m
yaw,0.25,000021,Car,vehicle,26.48156528606268,148,1.0,3.3158197801816156,5.24171419685841,15-30m
yaw,0.25,000021,Car,vehicle,26.878863443233605,108,1.0,3.1935121438284493,4.909789256048413,15-30m
yaw,0.25,000021,Car,vehicle,32.60922875506258,45,1.0,3.2588802178688674,4.438106445423679,>30m
yaw,0.25,000021,Car,vehicle,31.800440248524865,29,1.0,3.1777811419647177,3.458213199108985,>30m
yaw,0.5,000021,Cyclist,vru,4.173978917052649,187,1.0,11.106884492432405,14.67775264577046,<15m
yaw,0.5,000021,Car,vehicle,13.640780769442783,771,1.0,6.780926019012732,12.456714226044213,<15m
yaw,0.5,000021,Car,vehicle,17.77949380606771,214,1.0,6.503639982025222,9.137464817944213,15-30m
yaw,0.5,000021,Van,vehicle,23.926972228010797,927,0.9989212513484358,7.96758238070801,18.301134236478674,15-30m
yaw,0.5,000021,Car,vehicle,26.48156528606268,148,0.9932432432432432,6.625766674677044,5.24171419685841,15-30m
yaw,0.5,000021,Car,vehicle,26.878863443233605,108,1.0,6.388727786676913,4.909789256048413,15-30m
yaw,0.5,000021,Car,vehicle,32.60922875506258,45,0.9777777777777777,6.513229949829539,4.438106445423679,>30m
yaw,0.5,000021,Car,vehicle,31.800440248524865,29,1.0,6.3562020598739215,3.458213199108985,>30m
yaw,1.0,000021,Cyclist,vru,4.173978917052649,187,1.0,22.053015458212837,14.67775264577046,<15m
yaw,1.0,000021,Car,vehicle,13.640780769442783,771,1.0,13.590811416309219,12.456714226044213,<15m
yaw,1.0,000021,Car,vehicle,17.77949380606771,214,1.0,13.022668759146494,9.137464817944213,15-30m
yaw,1.0,000021,Van,vehicle,23.926972228010797,927,0.9546925566343042,15.866114047761098,18.301134236478674,15-30m
yaw,1.0,000021,Car,vehicle,26.48156528606268,148,0.9121621621621622,13.228614009661126,5.24171419685841,15-30m
yaw,1.0,000021,Car,vehicle,26.878863443233605,108,1.0,12.784753535590525,4.909789256048413,15-30m
yaw,1.0,000021,Car,vehicle,32.60922875506258,45,0.8888888888888888,13.00887622897103,4.438106445423679,>30m
yaw,1.0,000021,Car,vehicle,31.800440248524865,29,1.0,12.716098643832312,3.458213199108985,>30m
yaw,2.0,000021,Cyclist,vru,4.173978917052649,187,1.0,43.483523297380586,14.67775264577046,<15m
yaw,2.0,000021,Car,vehicle,13.640780769442783,771,0.9481193255512321,27.30186060666076,12.456714226044213,<15m
yaw,2.0,000021,Car,vehicle,17.77949380606771,214,1.0,26.112414159524718,9.137464817944213,15-30m
yaw,2.0,000021,Van,vehicle,23.926972228010797,927,0.9341963322545846,31.464364510937248,18.301134236478674,15-30m
yaw,2.0,000021,Car,vehicle,26.48156528606268,148,0.668918918918919,26.370077386397398,5.24171419685841,15-30m
yaw,2.0,000021,Car,vehicle,26.878863443233605,108,0.7685185185185185,25.602494736615192,4.909789256048413,15-30m
yaw,2.0,000021,Car,vehicle,32.60922875506258,45,0.3111111111111111,25.95168604371551,4.438106445423679,>30m
yaw,2.0,000021,Car,vehicle,31.800440248524865,29,1.0,25.447963578296143,3.458213199108985,>30m
yaw,3.0,000021,Cyclist,vru,4.173978917052649,187,1.0,64.33066168488737,14.67775264577046,<15m
yaw,3.0,000021,Car,vehicle,13.640780769442783,771,0.8754863813229572,41.13964828232999,12.456714226044213,<15m
yaw,3.0,000021,Car,vehicle,17.77949380606771,214,0.985981308411215,39.275825290306834,9.137464817944213,15-30m
yaw,3.0,000021,Van,vehicle,23.926972228010797,927,0.8554476806903991,46.810885495901495,18.301134236478674,15-30m
yaw,3.0,000021,Car,vehicle,26.48156528606268,148,0.41216216216216217,39.43330692934267,5.24171419685841,15-30m
yaw,3.0,000021,Car,vehicle,26.878863443233605,108,0.42592592592592593,38.46137049476965,4.909789256048413,15-30m
yaw,3.0,000021,Car,vehicle,32.60922875506258,45,0.15555555555555556,38.83686549060184,4.438106445423679,>30m
yaw,3.0,000021,Car,vehicle,31.800440248524865,29,0.13793103448275862,38.205711263892,3.458213199108985,>30m
pitch,0.25,000021,Cyclist,vru,4.173978917052649,187,0.8770053475935828,3.5653904694478666,14.67775264577046,<15m
pitch,0.25,000021,Car,vehicle,13.640780769442783,771,1.0,3.23500376116465,12.456714226044213,<15m
pitch,0.25,000021,Car,vehicle,17.77949380606771,214,1.0,3.1976951289050377,9.137464817944213,15-30m
pitch,0.25,000021,Van,vehicle,23.926972228010797,927,0.9989212513484358,3.1920101551996356,18.301134236478674,15-30m
pitch,0.25,000021,Car,vehicle,26.48156528606268,148,1.0,3.187619408088676,5.24171419685841,15-30m
pitch,0.25,000021,Car,vehicle,26.878863443233605,108,1.0,3.18602175524914,4.909789256048413,15-30m
pitch,0.25,000021,Car,vehicle,32.60922875506258,45,1.0,3.1771889315352495,4.438106445423679,>30m
pitch,0.25,000021,Car,vehicle,31.800440248524865,29,1.0,3.1771292209509676,3.458213199108985,>30m
pitch,0.5,000021,Cyclist,vru,4.173978917052649,187,0.8288770053475936,7.138602741220782,14.67775264577046,<15m
pitch,0.5,000021,Car,vehicle,13.640780769442783,771,1.0,6.47227101324205,12.456714226044213,<15m
pitch,0.5,000021,Car,vehicle,17.77949380606771,214,1.0,6.395917075409706,9.137464817944213,15-30m
pitch,0.5,000021,Van,vehicle,23.926972228010797,927,0.9956850053937433,6.383497200803403,18.301134236478674,15-30m
pitch,0.5,000021,Car,vehicle,26.48156528606268,148,1.0,6.376321999428153,5.24171419685841,15-30m
pitch,0.5,000021,Car,vehicle,26.878863443233605,108,1.0,6.3731031982668185,4.909789256048413,15-30m
pitch,0.5,000021,Car,vehicle,32.60922875506258,45,0.9333333333333333,6.354893469845861,4.438106445423679,>30m
pitch,0.5,000021,Car,vehicle,31.800440248524865,29,0.896551724137931,6.3548483160788365,3.458213199108985,>30m
pitch,1.0,000021,Cyclist,vru,4.173978917052649,187,0.7593582887700535,14.28496110766344,14.67775264577046,<15m
pitch,1.0,000021,Car,vehicle,13.640780769442783,771,0.9675745784695201,12.954236848294205,12.456714226044213,<15m
pitch,1.0,000021,Car,vehicle,17.77949380606771,214,0.9766355140186916,12.794443220185421,9.137464817944213,15-30m
pitch,1.0,000021,Van,vehicle,23.926972228010797,927,0.9266450916936354,12.768309175930328,18.301134236478674,15-30m
pitch,1.0,000021,Car,vehicle,26.48156528606268,148,0.7567567567567568,12.757624008918409,5.24171419685841,15-30m
pitch,1.0,000021,Car,vehicle,26.878863443233605,108,0.6666666666666666,12.75097851341613,4.909789256048413,15-30m
pitch,1.0,000021,Car,vehicle,32.60922875506258,45,0.8,12.714140108080587,4.438106445423679,>30m
pitch,1.0,000021,Car,vehicle,31.800440248524865,29,0.7586206896551724,12.71254752626639,3.458213199108985,>30m
pitch,2.0,000021,Cyclist,vru,4.173978917052649,187,0.6737967914438503,28.602340552031272,14.67775264577046,<15m
pitch,2.0,000021,Car,vehicle,13.640780769442783,771,0.8223086900129701,25.95076325551512,12.456714226044213,<15m
pitch,2.0,000021,Car,vehicle,17.77949380606771,214,0.8271028037383178,25.604265170860238,9.137464817944213,15-30m
pitch,2.0,000021,Van,vehicle,23.926972228010797,927,0.7669902912621359,25.541888506487748,18.301134236478674,15-30m
pitch,2.0,000021,Car,vehicle,26.48156528606268,148,0.28378378378378377,25.538661241117996,5.24171419685841,15-30m
pitch,2.0,000021,Car,vehicle,26.878863443233605,108,0.21296296296296297,25.5248721819636,4.909789256048413,15-30m
pitch,2.0,000021,Car,vehicle,32.60922875506258,45,0.4888888888888889,25.444827354325795,4.438106445423679,>30m
pitch,2.0,000021,Car,vehicle,31.800440248524865,29,0.4482758620689655,25.44043713968662,3.458213199108985,>30m
pitch,3.0,000021,Cyclist,vru,4.173978917052649,187,0.6042780748663101,43.113058826869505,14.67775264577046,<15m
pitch,3.0,000021,Car,vehicle,13.640780769442783,771,0.6355382619974059,38.998554448104116,12.456714226044213,<15m
pitch,3.0,000021,Car,vehicle,17.77949380606771,214,0.6495327102803738,38.43894601618629,9.137464817944213,15-30m
pitch,3.0,000021,Van,vehicle,23.926972228010797,927,0.5458468176914779,38.340405701632406,18.301134236478674,15-30m
pitch,3.0,000021,Car,vehicle,26.48156528606268,148,0.10135135135135136,38.35164288483002,5.24171419685841,15-30m
pitch,3.0,000021,Car,vehicle,26.878863443233605,108,0.1111111111111111,38.33138142701718,4.909789256048413,15-30m
pitch,3.0,000021,Car,vehicle,32.60922875506258,45,0.3111111111111111,38.1985225356456,4.438106445423679,>30m
pitch,3.0,000021,Car,vehicle,31.800440248524865,29,0.0,38.19157353565704,3.458213199108985,>30m
roll,0.25,000021,Cyclist,vru,4.173978917052649,187,0.9144385026737968,2.6461301209082597,14.67775264577046,<15m
roll,0.25,000021,Car,vehicle,13.640780769442783,771,1.0,0.7565724708486885,12.456714226044213,<15m
roll,0.25,000021,Car,vehicle,17.77949380606771,214,1.0,0.4239533082219644,9.137464817944213,15-30m
roll,0.25,000021,Van,vehicle,23.926972228010797,927,0.9989212513484358,1.5985690745259329,18.301134236478674,15-30m
roll,0.25,000021,Car,vehicle,26.48156528606268,148,1.0,0.651335763043916,5.24171419685841,15-30m
roll,0.25,000021,Car,vehicle,26.878863443233605,108,1.0,0.2026291927465719,4.909789256048413,15-30m
roll,0.25,000021,Car,vehicle,32.60922875506258,45,1.0,0.5134474725301689,4.438106445423679,>30m
roll,0.25,000021,Car,vehicle,31.800440248524865,29,1.0,0.08494672822563583,3.458213199108985,>30m
roll,0.5,000021,Cyclist,vru,4.173978917052649,187,0.9144385026737968,5.3006266442039305,14.67775264577046,<15m
roll,0.5,000021,Car,vehicle,13.640780769442783,771,1.0,1.5131334807171712,12.456714226044213,<15m
roll,0.5,000021,Car,vehicle,17.77949380606771,214,1.0,0.8479019678280211,9.137464817944213,15-30m
roll,0.5,000021,Van,vehicle,23.926972228010797,927,0.9989212513484358,3.1971673083965935,18.301134236478674,15-30m
roll,0.5,000021,Car,vehicle,26.48156528606268,148,1.0,1.3026743715293554,5.24171419685841,15-30m
roll,0.5,000021,Car,vehicle,26.878863443233605,108,1.0,0.4052569202197819,4.909789256048413,15-30m
roll,0.5,000021,Car,vehicle,32.60922875506258,45,1.0,1.026896238541848,4.438106445423679,>30m
roll,0.5,000021,Car,vehicle,31.800440248524865,29,1.0,0.1698929691343686,3.458213199108985,>30m
roll,1.0,000021,Cyclist,vru,4.173978917052649,187,0.839572192513369,10.580250567684613,14.67775264577046,<15m
roll,1.0,000021,Car,vehicle,13.640780769442783,771,1.0,3.026206633344899,12.456714226044213,<15m
roll,1.0,000021,Car,vehicle,17.77949380606771,214,1.0,1.6957772585784023,9.137464817944213,15-30m
roll,1.0,000021,Van,vehicle,23.926972228010797,927,0.9989212513484358,6.394420876409635,18.301134236478674,15-30m
roll,1.0,000021,Car,vehicle,26.48156528606268,148,1.0,2.60534769317918,5.24171419685841,15-30m
roll,1.0,000021,Car,vehicle,26.878863443233605,108,1.0,0.8105041129606512,4.909789256048413,15-30m
roll,1.0,000021,Car,vehicle,32.60922875506258,45,1.0,2.0537878630935107,4.438106445423679,>30m
roll,1.0,000021,Car,vehicle,31.800440248524865,29,1.0,0.33978237003605444,3.458213199108985,>30m
roll,2.0,000021,Cyclist,vru,4.173978917052649,187,0.786096256684492,21.161267155972723,14.67775264577046,<15m
roll,2.0,000021,Car,vehicle,13.640780769442783,771,0.9688715953307393,6.052056104988326,12.456714226044213,<15m
roll,2.0,000021,Car,vehicle,17.77949380606771,214,0.9626168224299065,3.391383156579548,9.137464817944213,15-30m
roll,2.0,000021,Van,vehicle,23.926972228010797,927,0.9223300970873787,12.788943677292053,18.301134236478674,15-30m
roll,2.0,000021,Car,vehicle,26.48156528606268,148,1.0,5.2105917203243495,5.24171419685841,15-30m
roll,2.0,000021,Car,vehicle,26.878863443233605,108,1.0,1.6209383870409657,4.909789256048413,15-30m
roll,2.0,000021,Car,vehicle,32.60922875506258,45,1.0,4.107478958901386,4.438106445423679,>30m
roll,2.0,000021,Car,vehicle,31.800440248524865,29,1.0,0.6795375159649782,3.458213199108985,>30m
roll,3.0,000021,Cyclist,vru,4.173978917052649,187,0.7700534759358288,31.720935321127463,14.67775264577046,<15m
roll,3.0,000021,Car,vehicle,13.640780769442783,771,0.9377431906614786,9.077316791177843,12.456714226044213,<15m
roll,3.0,000021,Car,vehicle,17.77949380606771,214,0.897196261682243,5.086688417594009,9.137464817944213,15-30m
roll,3.0,000021,Van,vehicle,23.926972228010797,927,0.8403451995685005,19.183081924623046,18.301134236478674,15-30m
roll,3.0,000021,Car,vehicle,26.48156528606268,148,0.9459459459459459,7.81553311559037,5.24171419685841,15-30m
roll,3.0,000021,Car,vehicle,26.878863443233605,108,1.0,2.4312409720175143,4.909789256048413,15-30m
roll,3.0,000021,Car,vehicle,32.60922875506258,45,0.9333333333333333,6.160916646073539,4.438106445423679,>30m
roll,3.0,000021,Car,vehicle,31.800440248524865,29,1.0,1.019239537682181,3.458213199108985,>30m
t_fwd,0.02,000021,Cyclist,vru,4.173978917052649,187,1.0,3.7236894962693303,14.67775264577046,<15m
t_fwd,0.02,000021,Car,vehicle,13.640780769442783,771,1.0,0.2727610126702767,12.456714226044213,<15m
t_fwd,0.02,000021,Car,vehicle,17.77949380606771,214,1.0,0.10758533537182063,9.137464817944213,15-30m
t_fwd,0.02,000021,Van,vehicle,23.926972228010797,927,0.9989212513484358,0.3592654270658338,18.301134236478674,15-30m
t_fwd,0.02,000021,Car,vehicle,26.48156528606268,148,1.0,0.12343093065457861,5.24171419685841,15-30m
t_fwd,0.02,000021,Car,vehicle,26.878863443233605,108,1.0,0.034623318228365896,4.909789256048413,15-30m
t_fwd,0.02,000021,Car,vehicle,32.60922875506258,45,1.0,0.07896088032169739,4.438106445423679,>30m
t_fwd,0.02,000021,Car,vehicle,31.800440248524865,29,1.0,0.011593596165855063,3.458213199108985,>30m
t_fwd,0.05,000021,Cyclist,vru,4.173978917052649,187,1.0,9.22361888891847,14.67775264577046,<15m
t_fwd,0.05,000021,Car,vehicle,13.640780769442783,771,1.0,0.6802167806750263,12.456714226044213,<15m
t_fwd,0.05,000021,Car,vehicle,17.77949380606771,214,1.0,0.26848770715758197,9.137464817944213,15-30m
t_fwd,0.05,000021,Van,vehicle,23.926972228010797,927,1.0,0.8968474549553724,18.301134236478674,15-30m
t_fwd,0.05,000021,Car,vehicle,26.48156528606268,148,1.0,0.30819830356805195,5.24171419685841,15-30m
t_fwd,0.05,000021,Car,vehicle,26.878863443233605,108,1.0,0.08645940679652349,4.909789256048413,15-30m
t_fwd,0.05,000021,Car,vehicle,32.60922875506258,45,1.0,0.19720538014678257,4.438106445423679,>30m
t_fwd,0.05,000021,Car,vehicle,31.800440248524865,29,1.0,0.028956881624225033,3.458213199108985,>30m
t_fwd,0.1,000021,Cyclist,vru,4.173978917052649,187,1.0,18.168779953319877,14.67775264577046,<15m
t_fwd,0.1,000021,Car,vehicle,13.640780769442783,771,1.0,1.3548512828478032,12.456714226044213,<15m
t_fwd,0.1,000021,Car,vehicle,17.77949380606771,214,1.0,0.5353974443547385,9.137464817944213,15-30m
t_fwd,0.1,000021,Van,vehicle,23.926972228010797,927,1.0,1.7893249684427215,18.301134236478674,15-30m
t_fwd,0.1,000021,Car,vehicle,26.48156528606268,148,1.0,0.6151373271656038,5.24171419685841,15-30m
t_fwd,0.1,000021,Car,vehicle,26.878863443233605,108,1.0,0.17259018801934367,4.909789256048413,15-30m
t_fwd,0.1,000021,Car,vehicle,32.60922875506258,45,1.0,0.3937564329042866,4.438106445423679,>30m
t_fwd,0.1,000021,Car,vehicle,31.800440248524865,29,1.0,0.057823625640146606,3.458213199108985,>30m
t_fwd,0.2,000021,Cyclist,vru,4.173978917052649,187,1.0,35.272689754038716,14.67775264577046,<15m
t_fwd,0.2,000021,Car,vehicle,13.640780769442783,771,1.0,2.6877967418674635,12.456714226044213,<15m
t_fwd,0.2,000021,Car,vehicle,17.77949380606771,214,1.0,1.0645384248675809,9.137464817944213,15-30m
t_fwd,0.2,000021,Van,vehicle,23.926972228010797,927,1.0,3.5612973082957446,18.301134236478674,15-30m
t_fwd,0.2,000021,Car,vehicle,26.48156528606268,148,1.0,1.225268284426865,5.24171419685841,15-30m
t_fwd,0.2,000021,Car,vehicle,26.878863443233605,108,1.0,0.3438733498566502,4.909789256048413,15-30m
t_fwd,0.2,000021,Car,vehicle,32.60922875506258,45,1.0,0.7849085395213202,4.438106445423679,>30m
t_fwd,0.2,000021,Car,vehicle,31.800440248524865,29,1.0,0.11528837911678134,3.458213199108985,>30m
t_left,0.02,000021,Cyclist,vru,4.173978917052649,187,0.9893048128342246,4.464358839952652,14.67775264577046,<15m
t_left,0.02,000021,Car,vehicle,13.640780769442783,771,1.0,1.1746851513250955,12.456714226044213,<15m
t_left,0.02,000021,Car,vehicle,17.77949380606771,214,1.0,0.8219731569680155,9.137464817944213,15-30m
t_left,0.02,000021,Van,vehicle,23.926972228010797,927,0.9989212513484358,0.7070131398326106,18.301134236478674,15-30m
t_left,0.02,000021,Car,vehicle,26.48156528606268,148,1.0,0.5957840816927099,5.24171419685841,15-30m
t_left,0.02,000021,Car,vehicle,26.878863443233605,108,1.0,0.5721937665815152,4.909789256048413,15-30m
t_left,0.02,000021,Car,vehicle,32.60922875506258,45,1.0,0.4785144929754338,4.438106445423679,>30m
t_left,0.02,000021,Car,vehicle,31.800440248524865,29,1.0,0.4664919648866566,3.458213199108985,>30m
t_left,0.05,000021,Cyclist,vru,4.173978917052649,187,0.9893048128342246,11.16088421899753,14.67775264577046,<15m
t_left,0.05,000021,Car,vehicle,13.640780769442783,771,1.0,2.9367119863941396,12.456714226044213,<15m
t_left,0.05,000021,Car,vehicle,17.77949380606771,214,1.0,2.054932455709403,9.137464817944213,15-30m
t_left,0.05,000021,Van,vehicle,23.926972228010797,927,1.0,1.7675325265080684,18.301134236478674,15-30m
t_left,0.05,000021,Car,vehicle,26.48156528606268,148,1.0,1.489459974808037,5.24171419685841,15-30m
t_left,0.05,000021,Car,vehicle,26.878863443233605,108,1.0,1.4304842048317021,4.909789256048413,15-30m
t_left,0.05,000021,Car,vehicle,32.60922875506258,45,1.0,1.1962860844414414,4.438106445423679,>30m
t_left,0.05,000021,Car,vehicle,31.800440248524865,29,1.0,1.166229771559871,3.458213199108985,>30m
t_left,0.1,000021,Cyclist,vru,4.173978917052649,187,0.983957219251337,22.32367454467221,14.67775264577046,<15m
t_left,0.1,000021,Car,vehicle,13.640780769442783,771,1.0,5.873420999728781,12.456714226044213,<15m
t_left,0.1,000021,Car,vehicle,17.77949380606771,214,1.0,4.109863455717294,9.137464817944213,15-30m
t_left,0.1,000021,Van,vehicle,23.926972228010797,927,1.0,3.5350639761063154,18.301134236478674,15-30m
t_left,0.1,000021,Car,vehicle,26.48156528606268,148,1.0,2.978919184870735,5.24171419685841,15-30m
t_left,0.1,000021,Car,vehicle,26.878863443233605,108,1.0,2.86096770425664,4.909789256048413,15-30m
t_left,0.1,000021,Car,vehicle,32.60922875506258,45,1.0,2.3925716755590747,4.438106445423679,>30m
t_left,0.1,000021,Car,vehicle,31.800440248524865,29,1.0,2.3324590742633844,3.458213199108985,>30m
t_left,0.2,000021,Cyclist,vru,4.173978917052649,187,0.983957219251337,44.65107537149251,14.67775264577046,<15m
t_left,0.2,000021,Car,vehicle,13.640780769442783,771,1.0,11.746830107237365,12.456714226044213,<15m
t_left,0.2,000021,Car,vehicle,17.77949380606771,214,1.0,8.21972108863519,9.137464817944213,15-30m
t_left,0.2,000021,Van,vehicle,23.926972228010797,927,0.9989212513484358,7.070123644576529,18.301134236478674,15-30m
t_left,0.2,000021,Car,vehicle,26.48156528606268,148,1.0,5.9578353107629,5.24171419685841,15-30m
t_left,0.2,000021,Car,vehicle,26.878863443233605,108,1.0,5.721932586888216,4.909789256048413,15-30m
t_left,0.2,000021,Car,vehicle,32.60922875506258,45,1.0,4.785141377825188,4.438106445423679,>30m
t_left,0.2,000021,Car,vehicle,31.800440248524865,29,1.0,4.6649162731039535,3.458213199108985,>30m
t_up,0.02,000021,Cyclist,vru,4.173978917052649,187,0.9625668449197861,4.469593477301833,14.67775264577046,<15m
t_up,0.02,000021,Car,vehicle,13.640780769442783,771,1.0,1.1754304401146827,12.456714226044213,<15m
t_up,0.02,000021,Car,vehicle,17.77949380606771,214,1.0,0.8218683257896786,9.137464817944213,15-30m
t_up,0.02,000021,Van,vehicle,23.926972228010797,927,0.9989212513484358,0.7070270509935092,18.301134236478674,15-30m
t_up,0.02,000021,Car,vehicle,26.48156528606268,148,1.0,0.5959531836040964,5.24171419685841,15-30m
t_up,0.02,000021,Car,vehicle,26.878863443233605,108,1.0,0.5723678399317476,4.909789256048413,15-30m
t_up,0.02,000021,Car,vehicle,32.60922875506258,45,1.0,0.478514496151095,4.438106445423679,>30m
t_up,0.02,000021,Car,vehicle,31.800440248524865,29,1.0,0.46651022783149504,3.458213199108985,>30m
t_up,0.05,000021,Cyclist,vru,4.173978917052649,187,0.9518716577540107,11.172899716219023,14.67775264577046,<15m
t_up,0.05,000021,Car,vehicle,13.640780769442783,771,1.0,2.938501101652097,12.456714226044213,<15m
t_up,0.05,000021,Car,vehicle,17.77949380606771,214,1.0,2.0546341198814964,9.137464817944213,15-30m
t_up,0.05,000021,Van,vehicle,23.926972228010797,927,0.9989212513484358,1.7675404682000735,18.301134236478674,15-30m
t_up,0.05,000021,Car,vehicle,26.48156528606268,148,0.9797297297297297,1.489863673854361,5.24171419685841,15-30m
t_up,0.05,000021,Car,vehicle,26.878863443233605,108,1.0,1.4309018091016392,4.909789256048413,15-30m
t_up,0.05,000021,Car,vehicle,32.60922875506258,45,1.0,1.1962738011657927,4.438106445423679,>30m
t_up,0.05,000021,Car,vehicle,31.800440248524865,29,1.0,1.166263748922266,3.458213199108985,>30m
t_up,0.1,000021,Cyclist,vru,4.173978917052649,187,0.9037433155080213,22.342187110217715,14.67775264577046,<15m
t_up,0.1,000021,Car,vehicle,13.640780769442783,771,0.9688715953307393,5.876752224869248,12.456714226044213,<15m
t_up,0.1,000021,Car,vehicle,17.77949380606771,214,0.9065420560747663,4.109145930279006,9.137464817944213,15-30m
t_up,0.1,000021,Van,vehicle,23.926972228010797,927,0.9989212513484358,3.534990409163823,18.301134236478674,15-30m
t_up,0.1,000021,Car,vehicle,26.48156528606268,148,0.9797297297297297,2.9796630660749313,5.24171419685841,15-30m
t_up,0.1,000021,Car,vehicle,26.878863443233605,108,1.0,2.861744317743664,4.909789256048413,15-30m
t_up,0.1,000021,Car,vehicle,32.60922875506258,45,0.8222222222222222,2.3925061394416014,4.438106445423679,>30m
t_up,0.1,000021,Car,vehicle,31.800440248524865,29,1.0,2.3324880967212396,3.458213199108985,>30m
t_up,0.2,000021,Cyclist,vru,4.173978917052649,187,0.732620320855615,44.66993193671186,14.67775264577046,<15m
t_up,0.2,000021,Car,vehicle,13.640780769442783,771,0.9234760051880675,11.752504663581872,12.456714226044213,<15m
t_up,0.2,000021,Car,vehicle,17.77949380606771,214,0.780373831775701,8.21780266630487,9.137464817944213,15-30m
t_up,0.2,000021,Van,vehicle,23.926972228010797,927,0.9989212513484358,7.069618737199841,18.301134236478674,15-30m
t_up,0.2,000021,Car,vehicle,26.48156528606268,148,0.8986486486486487,5.959069022254919,5.24171419685841,15-30m
t_up,0.2,000021,Car,vehicle,26.878863443233605,108,0.8888888888888888,5.7232514483937145,4.909789256048413,15-30m
t_up,0.2,000021,Car,vehicle,32.60922875506258,45,0.6888888888888889,4.784846435945594,4.438106445423679,>30m
t_up,0.2,000021,Car,vehicle,31.800440248524865,29,1.0,4.664818596935813,3.458213199108985,>30m
none,0.0,000023,Truck,vehicle,69.291272899262,81,0.9876543209876543,0.0,2.4155877271388064,>30m
none,0.0,000023,Car,vehicle,57.51844312913902,13,1.0,0.0,3.117553391435557,>30m
none,0.0,000023,Cyclist,vru,44.993710671603864,19,1.0,0.0,1.0251557382433254,>30m
yaw,0.25,000023,Truck,vehicle,69.291272899262,81,0.8765432098765432,3.1619716804567255,2.4155877271388064,>30m
yaw,0.25,000023,Car,vehicle,57.51844312913902,13,1.0,3.470013594421271,3.117553391435557,>30m
yaw,0.25,000023,Cyclist,vru,44.993710671603864,19,0.8947368421052632,3.199715638972879,1.0251557382433254,>30m
yaw,0.5,000023,Truck,vehicle,69.291272899262,81,0.8024691358024691,6.323860420091713,2.4155877271388064,>30m
yaw,0.5,000023,Car,vehicle,57.51844312913902,13,0.8461538461538461,6.949563507833055,3.117553391435557,>30m
yaw,0.5,000023,Cyclist,vru,44.993710671603864,19,0.5263157894736842,6.39663852820446,1.0251557382433254,>30m
yaw,1.0,000023,Truck,vehicle,69.291272899262,81,0.5679012345679012,12.647881077556187,2.4155877271388064,>30m
yaw,1.0,000023,Car,vehicle,57.51844312913902,13,0.5384615384615384,13.937967725494977,3.117553391435557,>30m
yaw,1.0,000023,Cyclist,vru,44.993710671603864,19,0.0,12.782610756884273,1.0251557382433254,>30m
yaw,2.0,000023,Truck,vehicle,69.291272899262,81,0.12345679012345678,25.29890246393715,2.4155877271388064,>30m
yaw,2.0,000023,Car,vehicle,57.51844312913902,13,0.0,28.036959998550902,3.117553391435557,>30m
yaw,2.0,000023,Cyclist,vru,44.993710671603864,19,0.0,25.526571863055622,1.0251557382433254,>30m
yaw,3.0,000023,Truck,vehicle,69.291272899262,81,0.0,37.96356952929102,2.4155877271388064,>30m
yaw,3.0,000023,Car,vehicle,57.51844312913902,13,0.0,42.308594782716234,3.117553391435557,>30m
yaw,3.0,000023,Cyclist,vru,44.993710671603864,19,0.0,38.239858390609825,1.0251557382433254,>30m
pitch,0.25,000023,Truck,vehicle,69.291272899262,81,0.9259259259259259,3.161861922547772,2.4155877271388064,>30m
pitch,0.25,000023,Car,vehicle,57.51844312913902,13,1.0,3.1670761444770656,3.117553391435557,>30m
pitch,0.25,000023,Cyclist,vru,44.993710671603864,19,1.0,3.1676562740274865,1.0251557382433254,>30m
pitch,0.5,000023,Truck,vehicle,69.291272899262,81,0.9382716049382716,6.323910922901425,2.4155877271388064,>30m
pitch,0.5,000023,Car,vehicle,57.51844312913902,13,1.0,6.335093951796513,3.117553391435557,>30m
pitch,0.5,000023,Cyclist,vru,44.993710671603864,19,0.8947368421052632,6.335618817793643,1.0251557382433254,>30m
pitch,1.0,000023,Truck,vehicle,69.291272899262,81,0.6790123456790124,12.648688554391283,2.4155877271388064,>30m
pitch,1.0,000023,Car,vehicle,57.51844312913902,13,0.0,12.674460294633471,3.117553391435557,>30m
pitch,1.0,000023,Cyclist,vru,44.993710671603864,19,0.6842105263157895,12.672951961746332,1.0251557382433254,>30m
pitch,2.0,000023,Truck,vehicle,69.291272899262,81,0.16049382716049382,25.301385542122368,2.4155877271388064,>30m
pitch,2.0,000023,Car,vehicle,57.51844312913902,13,0.0,25.370080668499746,3.117553391435557,>30m
pitch,2.0,000023,Cyclist,vru,44.993710671603864,19,0.10526315789473684,25.356680024862847,1.0251557382433254,>30m
pitch,3.0,000023,Truck,vehicle,69.291272899262,81,0.0,37.96915222310769,2.4155877271388064,>30m
pitch,3.0,000023,Car,vehicle,57.51844312913902,13,0.0,38.09504253716049,3.117553391435557,>30m
pitch,3.0,000023,Cyclist,vru,44.993710671603864,19,0.0,38.05904220525615,1.0251557382433254,>30m
roll,0.25,000023,Truck,vehicle,69.291272899262,81,1.0,0.05512874124875907,2.4155877271388064,>30m
roll,0.25,000023,Car,vehicle,57.51844312913902,13,1.0,0.9762188076185054,3.117553391435557,>30m
roll,0.25,000023,Cyclist,vru,44.993710671603864,19,1.0,0.32713168191755676,1.0251557382433254,>30m
roll,0.5,000023,Truck,vehicle,69.291272899262,81,1.0,0.11025725954269465,2.4155877271388064,>30m
roll,0.5,000023,Car,vehicle,57.51844312913902,13,1.0,1.9524191429710855,3.117553391435557,>30m
roll,0.5,000023,Cyclist,vru,44.993710671603864,19,1.0,0.6542633388718404,1.0251557382433254,>30m
roll,1.0,000023,Truck,vehicle,69.291272899262,81,1.0,0.22051257854251227,2.4155877271388064,>30m
roll,1.0,000023,Car,vehicle,57.51844312913902,13,1.0,3.904745795262731,3.117553391435557,>30m
roll,1.0,000023,Cyclist,vru,44.993710671603864,19,1.0,1.3085203486456487,1.0251557382433254,>30m
roll,2.0,000023,Truck,vehicle,69.291272899262,81,1.0,0.44100900522977704,2.4155877271388064,>30m
roll,2.0,000023,Car,vehicle,57.51844312913902,13,1.0,7.808972855487758,3.117553391435557,>30m
roll,2.0,000023,Cyclist,vru,44.993710671603864,19,1.0,2.616965544102676,1.0251557382433254,>30m
roll,3.0,000023,Truck,vehicle,69.291272899262,81,1.0,0.6614725014259395,2.4155877271388064,>30m
roll,3.0,000023,Car,vehicle,57.51844312913902,13,1.0,11.71238375985823,3.117553391435557,>30m
roll,3.0,000023,Cyclist,vru,44.993710671603864,19,1.0,3.925235907287032,1.0251557382433254,>30m
t_fwd,0.02,000023,Truck,vehicle,69.291272899262,81,0.9876543209876543,0.004330608481090612,2.4155877271388064,>30m
t_fwd,0.02,000023,Car,vehicle,57.51844312913902,13,1.0,0.08338837331163207,3.117553391435557,>30m
t_fwd,0.02,000023,Cyclist,vru,44.993710671603864,19,1.0,0.03398291235446962,1.0251557382433254,>30m
t_fwd,0.05,000023,Truck,vehicle,69.291272899262,81,0.9876543209876543,0.010821386286773697,2.4155877271388064,>30m
t_fwd,0.05,000023,Car,vehicle,57.51844312913902,13,1.0,0.20835376759840402,3.117553391435557,>30m
t_fwd,0.05,000023,Cyclist,vru,44.993710671603864,19,1.0,0.08490037020538518,1.0251557382433254,>30m
t_fwd,0.1,000023,Truck,vehicle,69.291272899262,81,0.9876543209876543,0.021625677817830008,2.4155877271388064,>30m
t_fwd,0.1,000023,Car,vehicle,57.51844312913902,13,1.0,0.4163175677124155,3.117553391435557,>30m
t_fwd,0.1,000023,Cyclist,vru,44.993710671603864,19,1.0,0.16961137663466008,1.0251557382433254,>30m
t_fwd,0.2,000023,Truck,vehicle,69.291272899262,81,0.9876543209876543,0.043183138386701805,2.4155877271388064,>30m
t_fwd,0.2,000023,Car,vehicle,57.51844312913902,13,1.0,0.8310796366263901,3.117553391435557,>30m
t_fwd,0.2,000023,Cyclist,vru,44.993710671603864,19,1.0,0.33846782669377534,1.0251557382433254,>30m
t_left,0.02,000023,Truck,vehicle,69.291272899262,81,0.9753086419753086,0.22822607710684018,2.4155877271388064,>30m
t_left,0.02,000023,Car,vehicle,57.51844312913902,13,1.0,0.2700538203088946,3.117553391435557,>30m
t_left,0.02,000023,Cyclist,vru,44.993710671603864,19,1.0,0.3228340264583145,1.0251557382433254,>30m
t_left,0.05,000023,Truck,vehicle,69.291272899262,81,0.9753086419753086,0.5705651591001035,2.4155877271388064,>30m
t_left,0.05,000023,Car,vehicle,57.51844312913902,13,1.0,0.6751345036322587,3.117553391435557,>30m
t_left,0.05,000023,Cyclist,vru,44.993710671603864,19,0.9473684210526315,0.8070849987822922,1.0251557382433254,>30m
t_left,0.1,000023,Truck,vehicle,69.291272899262,81,0.9506172839506173,1.1411302059778707,2.4155877271388064,>30m
t_left,0.1,000023,Car,vehicle,57.51844312913902,13,1.0,1.350268850131505,3.117553391435557,>30m
t_left,0.1,000023,Cyclist,vru,44.993710671603864,19,0.9473684210526315,1.614169773019531,1.0251557382433254,>30m
t_left,0.2,000023,Truck,vehicle,69.291272899262,81,0.9135802469135802,2.2822599630659424,2.4155877271388064,>30m
t_left,0.2,000023,Car,vehicle,57.51844312913902,13,1.0,2.7005370717311297,3.117553391435557,>30m
t_left,0.2,000023,Cyclist,vru,44.993710671603864,19,0.8947368421052632,3.228338647859645,1.0251557382433254,>30m
t_up,0.02,000023,Truck,vehicle,69.291272899262,81,0.9876543209876543,0.22820033171610896,2.4155877271388064,>30m
t_up,0.02,000023,Car,vehicle,57.51844312913902,13,1.0,0.27012668242928745,3.117553391435557,>30m
t_up,0.02,000023,Cyclist,vru,44.993710671603864,19,1.0,0.3228967710106852,1.0251557382433254,>30m
t_up,0.05,000023,Truck,vehicle,69.291272899262,81,0.9876543209876543,0.5704980002519732,2.4155877271388064,>30m
t_up,0.05,000023,Car,vehicle,57.51844312913902,13,1.0,0.6753127435415727,3.117553391435557,>30m
t_up,0.05,000023,Cyclist,vru,44.993710671603864,19,1.0,0.8072362654607008,1.0251557382433254,>30m
t_up,0.1,000023,Truck,vehicle,69.291272899262,81,0.9506172839506173,1.1409865705013227,2.4155877271388064,>30m
t_up,0.1,000023,Car,vehicle,57.51844312913902,13,1.0,1.3506122788510388,3.117553391435557,>30m
t_up,0.1,000023,Cyclist,vru,44.993710671603864,19,1.0,1.6144536577208766,1.0251557382433254,>30m
t_up,0.2,000023,Truck,vehicle,69.291272899262,81,0.9506172839506173,2.2819354219272783,2.4155877271388064,>30m
t_up,0.2,000023,Car,vehicle,57.51844312913902,13,1.0,2.7011717263237327,3.117553391435557,>30m
t_up,0.2,000023,Cyclist,vru,44.993710671603864,19,0.8947368421052632,3.228831825287175,1.0251557382433254,>30m
none,0.0,000025,Car,vehicle,3.970453374616053,156,0.9871794871794872,0.0,27.386983932048125,<15m
none,0.0,000025,Car,vehicle,10.65178388815695,1078,1.0,0.0,14.764307235598913,<15m
none,0.0,000025,Car,vehicle,30.190077840244136,55,1.0,0.0,4.447635391092857,>30m
none,0.0,000025,Car,vehicle,17.854971296532515,307,1.0,0.0,6.446331745204748,15-30m
none,0.0,000025,Cyclist,vru,44.71587861151786,19,1.0,0.0,0.7781972296502375,>30m
none,0.0,000025,Car,vehicle,22.69764084657258,43,0.9069767441860465,0.0,4.698564293714778,15-30m
yaw,0.25,000025,Car,vehicle,3.970453374616053,156,1.0,4.601798161215925,27.386983932048125,<15m
yaw,0.25,000025,Car,vehicle,10.65178388815695,1078,1.0,3.4215091653721954,14.764307235598913,<15m
yaw,0.25,000025,Car,vehicle,30.190077840244136,55,1.0,3.1838473326288335,4.447635391092857,>30m
yaw,0.25,000025,Car,vehicle,17.854971296532515,307,1.0,3.3423989899739124,6.446331745204748,15-30m
yaw,0.25,000025,Cyclist,vru,44.71587861151786,19,0.631578947368421,3.1788783266178786,0.7781972296502375,>30m
yaw,0.25,000025,Car,vehicle,22.69764084657258,43,0.627906976744186,3.2666499963152664,4.698564293714778,15-30m
yaw,0.5,000025,Car,vehicle,3.970453374616053,156,1.0,9.178657017729723,27.386983932048125,<15m
yaw,0.5,000025,Car,vehicle,10.65178388815695,1078,0.9981447124304267,6.85020809388088,14.764307235598913,<15m
yaw,0.5,000025,Car,vehicle,30.190077840244136,55,0.8909090909090909,6.368753475317668,4.447635391092857,>30m
yaw,0.5,000025,Car,vehicle,17.854971296532515,307,0.990228013029316,6.678659766315522,6.446331745204748,15-30m
yaw,0.5,000025,Cyclist,vru,44.71587861151786,19,0.15789473684210525,6.356206911510038,0.7781972296502375,>30m
yaw,0.5,000025,Car,vehicle,22.69764084657258,43,0.32558139534883723,6.52886722574402,4.698564293714778,15-30m
yaw,1.0,000025,Car,vehicle,3.970453374616053,156,1.0,18.259111261179278,27.386983932048125,<15m
yaw,1.0,000025,Car,vehicle,10.65178388815695,1078,0.9795918367346939,13.729816879769531,14.764307235598913,<15m
yaw,1.0,000025,Car,vehicle,30.190077840244136,55,0.8,12.742244149167407,4.447635391092857,>30m
yaw,1.0,000025,Car,vehicle,17.854971296532515,307,0.9381107491856677,13.333352179144134,6.446331745204748,15-30m
yaw,1.0,000025,Cyclist,vru,44.71587861151786,19,0.0,12.706642432576908,0.7781972296502375,>30m
yaw,1.0,000025,Car,vehicle,22.69764084657258,43,0.046511627906976744,13.040543775111479,4.698564293714778,15-30m
yaw,2.0,000025,Car,vehicle,3.970453374616053,156,0.9487179487179487,36.137514093464915,27.386983932048125,<15m
yaw,2.0,000025,Car,vehicle,10.65178388815695,1078,0.9100185528756958,27.582442710333055,14.764307235598913,<15m
yaw,2.0,000025,Car,vehicle,30.190077840244136,55,0.41818181818181815,25.50789063831847,4.447635391092857,>30m
yaw,2.0,000025,Car,vehicle,17.854971296532515,307,0.745928338762215,26.575535777402056,6.446331745204748,15-30m
yaw,2.0,000025,Cyclist,vru,44.71587861151786,19,0.0,25.393498849504983,0.7781972296502375,>30m
yaw,2.0,000025,Car,vehicle,22.69764084657258,43,0.0,26.016610872678477,4.698564293714778,15-30m
yaw,3.0,000025,Car,vehicle,3.970453374616053,156,0.9166666666666666,53.65850849440535,27.386983932048125,<15m
yaw,3.0,000025,Car,vehicle,10.65178388815695,1078,0.8320964749536178,41.5701687218408,14.764307235598913,<15m
yaw,3.0,000025,Car,vehicle,30.190077840244136,55,0.10909090909090909,38.30492581804771,4.447635391092857,>30m
yaw,3.0,000025,Car,vehicle,17.854971296532515,307,0.5244299674267101,39.73604521953181,6.446331745204748,15-30m
yaw,3.0,000025,Cyclist,vru,44.71587861151786,19,0.0,38.06850651904486,0.7781972296502375,>30m
yaw,3.0,000025,Car,vehicle,22.69764084657258,43,0.0,38.93667521434121,4.698564293714778,15-30m
pitch,0.25,000025,Car,vehicle,3.970453374616053,156,0.9294871794871795,3.594863257489794,27.386983932048125,<15m
pitch,0.25,000025,Car,vehicle,10.65178388815695,1078,1.0,3.2766345122413325,14.764307235598913,<15m
pitch,0.25,000025,Car,vehicle,30.190077840244136,55,1.0,3.184146826745824,4.447635391092857,>30m
pitch,0.25,000025,Car,vehicle,17.854971296532515,307,1.0,3.2162604676664492,6.446331745204748,15-30m
pitch,0.25,000025,Cyclist,vru,44.71587861151786,19,1.0,3.168779329238187,0.7781972296502375,>30m
pitch,0.25,000025,Car,vehicle,22.69764084657258,43,0.9069767441860465,3.1999902150293633,4.698564293714778,15-30m
pitch,0.5,000025,Car,vehicle,3.970453374616053,156,0.8717948717948718,7.185282638140732,27.386983932048125,<15m
pitch,0.5,000025,Car,vehicle,10.65178388815695,1078,1.0,6.556348942217857,14.764307235598913,<15m
pitch,0.5,000025,Car,vehicle,30.190077840244136,55,1.0,6.369562180516229,4.447635391092857,>30m
pitch,0.5,000025,Car,vehicle,17.854971296532515,307,1.0,6.4346273093683894,6.446331745204748,15-30m
pitch,0.5,000025,Cyclist,vru,44.71587861151786,19,1.0,6.338214301436147,0.7781972296502375,>30m
pitch,0.5,000025,Car,vehicle,22.69764084657258,43,0.9069767441860465,6.401729610691216,4.698564293714778,15-30m
pitch,1.0,000025,Car,vehicle,3.970453374616053,156,0.7692307692307693,14.378556982634263,27.386983932048125,<15m
pitch,1.0,000025,Car,vehicle,10.65178388815695,1078,1.0,13.125399589824351,14.764307235598913,<15m
pitch,1.0,000025,Car,vehicle,30.190077840244136,55,0.6363636363636364,12.744694446361665,4.447635391092857,>30m
pitch,1.0,000025,Car,vehicle,17.854971296532515,307,0.9055374592833876,12.878202213337449,6.446331745204748,15-30m
pitch,1.0,000025,Cyclist,vru,44.71587861151786,19,0.7368421052631579,12.679540042258447,0.7781972296502375,>30m
pitch,1.0,000025,Car,vehicle,22.69764084657258,43,0.7906976744186046,12.810963875375485,4.698564293714778,15-30m
pitch,2.0,000025,Car,vehicle,3.970453374616053,156,0.7371794871794872,28.828610084976837,27.386983932048125,<15m
pitch,2.0,000025,Car,vehicle,10.65178388815695,1078,0.9823747680890538,26.30569807523087,14.764307235598913,<15m
pitch,2.0,000025,Car,vehicle,30.190077840244136,55,0.10909090909090909,25.51565033155174,4.447635391092857,>30m
pitch,2.0,000025,Car,vehicle,17.854971296532515,307,0.6026058631921825,25.796499717729805,6.446331745204748,15-30m
pitch,2.0,000025,Cyclist,vru,44.71587861151786,19,0.15789473684210525,25.37544461121467,0.7781972296502375,>30m
pitch,2.0,000025,Car,vehicle,22.69764084657258,43,0.46511627906976744,25.656027500189218,4.698564293714778,15-30m
pitch,3.0,000025,Car,vehicle,3.970453374616053,156,0.5833333333333334,43.3385331730664,27.386983932048125,<15m
pitch,3.0,000025,Car,vehicle,10.65178388815695,1078,0.8404452690166976,39.55433848445784,14.764307235598913,<15m
pitch,3.0,000025,Car,vehicle,30.190077840244136,55,0.0,38.32087467727145,4.447635391092857,>30m
pitch,3.0,000025,Car,vehicle,17.854971296532515,307,0.3355048859934853,38.76324774071855,6.446331745204748,15-30m
pitch,3.0,000025,Cyclist,vru,44.71587861151786,19,0.0,38.09558028964329,0.7781972296502375,>30m
pitch,3.0,000025,Car,vehicle,22.69764084657258,43,0.23255813953488372,38.54341083765141,4.698564293714778,15-30m
roll,0.25,000025,Car,vehicle,3.970453374616053,156,0.9551282051282052,2.032157328343184,27.386983932048125,<15m
roll,0.25,000025,Car,vehicle,10.65178388815695,1078,1.0,0.8065063576194857,14.764307235598913,<15m
roll,0.25,000025,Car,vehicle,30.190077840244136,55,1.0,0.1586110528725526,4.447635391092857,>30m
roll,0.25,000025,Car,vehicle,17.854971296532515,307,1.0,0.696162308109512,6.446331745204748,15-30m
roll,0.25,000025,Cyclist,vru,44.71587861151786,19,1.0,0.1942014247907973,0.7781972296502375,>30m
roll,0.25,000025,Car,vehicle,22.69764084657258,43,0.9069767441860465,0.5201472336352755,4.698564293714778,15-30m
roll,0.5,000025,Car,vehicle,3.970453374616053,156,0.9358974358974359,3.7422733899303005,27.386983932048125,<15m
roll,0.5,000025,Car,vehicle,10.65178388815695,1078,1.0,1.6129998542477622,14.764307235598913,<15m
roll,0.5,000025,Car,vehicle,30.190077840244136,55,1.0,0.31722104072061463,4.447635391092857,>30m
roll,0.5,000025,Car,vehicle,17.854971296532515,307,1.0,1.392327978385692,6.446331745204748,15-30m
roll,0.5,000025,Cyclist,vru,44.71587861151786,19,1.0,0.388402402447912,0.7781972296502375,>30m
roll,0.5,000025,Car,vehicle,22.69764084657258,43,0.9069767441860465,1.0402955928997024,4.698564293714778,15-30m
roll,1.0,000025,Car,vehicle,3.970453374616053,156,0.8717948717948718,7.499718193934325,27.386983932048125,<15m
roll,1.0,000025,Car,vehicle,10.65178388815695,1078,1.0,3.225932819761667,14.764307235598913,<15m
roll,1.0,000025,Car,vehicle,30.190077840244136,55,1.0,0.6344347964710553,4.447635391092857,>30m
roll,1.0,000025,Car,vehicle,17.854971296532515,307,1.0,2.784656105330326,6.446331745204748,15-30m
roll,1.0,000025,Cyclist,vru,44.71587861151786,19,1.0,0.7767993133135864,0.7781972296502375,>30m
roll,1.0,000025,Car,vehicle,22.69764084657258,43,0.9069767441860465,2.0805857502625864,4.698564293714778,15-30m
roll,2.0,000025,Car,vehicle,3.970453374616053,156,0.7948717948717948,14.782013366767167,27.386983932048125,<15m
roll,2.0,000025,Car,vehicle,10.65178388815695,1078,1.0,6.4514745537588105,14.764307235598913,<15m
roll,2.0,000025,Car,vehicle,30.190077840244136,55,1.0,1.2688162555231912,4.447635391092857,>30m
roll,2.0,000025,Car,vehicle,17.854971296532515,307,1.0,5.569206388915551,6.446331745204748,15-30m
roll,2.0,000025,Cyclist,vru,44.71587861151786,19,1.0,1.5535470353929464,0.7781972296502375,>30m
roll,2.0,000025,Car,vehicle,22.69764084657258,43,0.813953488372093,4.161070246357075,4.698564293714778,15-30m
roll,3.0,000025,Car,vehicle,3.970453374616053,156,0.7756410256410257,22.2581719577204,27.386983932048125,<15m
roll,3.0,000025,Car,vehicle,10.65178388815695,1078,0.9805194805194806,9.67637822517808,14.764307235598913,<15m
roll,3.0,000025,Car,vehicle,30.190077840244136,55,1.0,1.9030959874744109,4.447635391092857,>30m
roll,3.0,000025,Car,vehicle,17.854971296532515,307,0.9869706840390879,8.353437981348398,6.446331745204748,15-30m
roll,3.0,000025,Cyclist,vru,44.71587861151786,19,1.0,2.3301839164977243,0.7781972296502375,>30m
roll,3.0,000025,Car,vehicle,22.69764084657258,43,0.7209302325581395,6.2412944468483476,4.698564293714778,15-30m
t_fwd,0.02,000025,Car,vehicle,3.970453374616053,156,1.0,3.23871227391513,27.386983932048125,<15m
t_fwd,0.02,000025,Car,vehicle,10.65178388815695,1078,1.0,0.3955427027092644,14.764307235598913,<15m
t_fwd,0.02,000025,Car,vehicle,30.190077840244136,55,1.0,0.02400226646564881,4.447635391092857,>30m
t_fwd,0.02,000025,Car,vehicle,17.854971296532515,307,1.0,0.1952350496919865,6.446331745204748,15-30m
t_fwd,0.02,000025,Cyclist,vru,44.71587861151786,19,1.0,0.020311447449487707,0.7781972296502375,>30m
t_fwd,0.02,000025,Car,vehicle,22.69764084657258,43,0.9069767441860465,0.1134406928434682,4.698564293714778,15-30m
t_fwd,0.05,000025,Car,vehicle,3.970453374616053,156,1.0,8.015571420518969,27.386983932048125,<15m
t_fwd,0.05,000025,Car,vehicle,10.65178388815695,1078,1.0,0.9854845627518334,14.764307235598913,<15m
t_fwd,0.05,000025,Car,vehicle,30.190077840244136,55,1.0,0.05994252062816755,4.447635391092857,>30m
t_fwd,0.05,000025,Car,vehicle,17.854971296532515,307,1.0,0.4871917729817197,6.446331745204748,15-30m
t_fwd,0.05,000025,Cyclist,vru,44.71587861151786,19,1.0,0.050744427884687866,0.7781972296502375,>30m
t_fwd,0.05,000025,Car,vehicle,22.69764084657258,43,0.9069767441860465,0.28319314333826046,4.698564293714778,15-30m
t_fwd,0.1,000025,Car,vehicle,3.970453374616053,156,1.0,15.767566467329548,27.386983932048125,<15m
t_fwd,0.1,000025,Car,vehicle,10.65178388815695,1078,1.0,1.95983012526289,14.764307235598913,<15m
t_fwd,0.1,000025,Car,vehicle,30.190077840244136,55,1.0,0.11967514576609414,4.447635391092857,>30m
t_fwd,0.1,000025,Car,vehicle,17.854971296532515,307,1.0,0.971411946325034,6.446331745204748,15-30m
t_fwd,0.1,000025,Cyclist,vru,44.71587861151786,19,1.0,0.10137509104711112,0.7781972296502375,>30m
t_fwd,0.1,000025,Car,vehicle,22.69764084657258,43,0.8837209302325582,0.5650295441012937,4.698564293714778,15-30m
t_fwd,0.2,000025,Car,vehicle,3.970453374616053,156,1.0,30.531175576251524,27.386983932048125,<15m
t_fwd,0.2,000025,Car,vehicle,10.65178388815695,1078,1.0,3.8758512602409914,14.764307235598913,<15m
t_fwd,0.2,000025,Car,vehicle,30.190077840244136,55,1.0,0.2385151040199392,4.447635391092857,>30m
t_fwd,0.2,000025,Car,vehicle,17.854971296532515,307,1.0,1.9310455854587725,6.446331745204748,15-30m
t_fwd,0.2,000025,Cyclist,vru,44.71587861151786,19,0.9473684210526315,0.2022966500865383,0.7781972296502375,>30m
t_fwd,0.2,000025,Car,vehicle,22.69764084657258,43,0.8372093023255814,1.124670931842654,4.698564293714778,15-30m
t_left,0.02,000025,Car,vehicle,3.970453374616053,156,0.9871794871794872,4.907131884944983,27.386983932048125,<15m
t_left,0.02,000025,Car,vehicle,10.65178388815695,1078,1.0,1.635245303001773,14.764307235598913,<15m
t_left,0.02,000025,Car,vehicle,30.190077840244136,55,1.0,0.5087893624578522,4.447635391092857,>30m
t_left,0.02,000025,Car,vehicle,17.854971296532515,307,1.0,0.8809552533360702,6.446331745204748,15-30m
t_left,0.02,000025,Cyclist,vru,44.71587861151786,19,0.9473684210526315,0.32340669250146414,0.7781972296502375,>30m
t_left,0.02,000025,Car,vehicle,22.69764084657258,43,0.8604651162790697,0.6859153870523218,4.698564293714778,15-30m
t_left,0.05,000025,Car,vehicle,3.970453374616053,156,0.9807692307692307,12.267814149155507,27.386983932048125,<15m
t_left,0.05,000025,Car,vehicle,10.65178388815695,1078,1.0,4.0881115290745615,14.764307235598913,<15m
t_left,0.05,000025,Car,vehicle,30.190077840244136,55,1.0,1.2719732388238003,4.447635391092857,>30m
t_left,0.05,000025,Car,vehicle,17.854971296532515,307,1.0,2.202387631727257,6.446331745204748,15-30m
t_left,0.05,000025,Cyclist,vru,44.71587861151786,19,0.9473684210526315,0.8085166636505009,0.7781972296502375,>30m
t_left,0.05,000025,Car,vehicle,22.69764084657258,43,0.7441860465116279,1.7147881635395872,4.698564293714778,15-30m
t_left,0.1,000025,Car,vehicle,3.970453374616053,156,0.9807692307692307,24.535576421130624,27.386983932048125,<15m
t_left,0.1,000025,Car,vehicle,10.65178388815695,1078,0.9972170686456401,8.176217296722523,14.764307235598913,<15m
t_left,0.1,000025,Car,vehicle,30.190077840244136,55,1.0,2.5439459199113874,4.447635391092857,>30m
t_left,0.1,000025,Car,vehicle,17.854971296532515,307,1.0,4.40477359141312,6.446331745204748,15-30m
t_left,0.1,000025,Cyclist,vru,44.71587861151786,19,0.8947368421052632,1.6170331019574793,0.7781972296502375,>30m
t_left,0.1,000025,Car,vehicle,22.69764084657258,43,0.627906976744186,3.429575313442651,4.698564293714778,15-30m
t_left,0.2,000025,Car,vehicle,3.970453374616053,156,0.9294871794871795,48.89618365455663,27.386983932048125,<15m
t_left,0.2,000025,Car,vehicle,10.65178388815695,1078,0.9712430426716141,16.352411547787437,14.764307235598913,<15m
t_left,0.2,000025,Car,vehicle,30.190077840244136,55,0.9272727272727272,5.087889608879743,4.447635391092857,>30m
t_left,0.2,000025,Car,vehicle,17.854971296532515,307,0.9804560260586319,8.809540494668395,6.446331745204748,15-30m
t_left,0.2,000025,Cyclist,vru,44.71587861151786,19,0.631578947368421,3.2340653025409827,0.7781972296502375,>30m
t_left,0.2,000025,Car,vehicle,22.69764084657258,43,0.27906976744186046,6.859146572342055,4.698564293714778,15-30m
t_up,0.02,000025,Car,vehicle,3.970453374616053,156,1.0,4.920024216014613,27.386983932048125,<15m
t_up,0.02,000025,Car,vehicle,10.65178388815695,1078,1.0,1.6367747148827938,14.764307235598913,<15m
t_up,0.02,000025,Car,vehicle,30.190077840244136,55,1.0,0.5089365128645443,4.447635391092857,>30m
t_up,0.02,000025,Car,vehicle,17.854971296532515,307,1.0,0.881529023228784,6.446331745204748,15-30m
t_up,0.02,000025,Cyclist,vru,44.71587861151786,19,1.0,0.3234472885266053,0.7781972296502375,>30m
t_up,0.02,000025,Car,vehicle,22.69764084657258,43,0.9069767441860465,0.6861663883682292,4.698564293714778,15-30m
t_up,0.05,000025,Car,vehicle,3.970453374616053,156,1.0,12.298749447644994,27.386983932048125,<15m
t_up,0.05,000025,Car,vehicle,10.65178388815695,1078,1.0,4.09179139535072,14.764307235598913,<15m
t_up,0.05,000025,Car,vehicle,30.190077840244136,55,1.0,1.2723272171925692,4.447635391092857,>30m
t_up,0.05,000025,Car,vehicle,17.854971296532515,307,1.0,2.2037803830386555,6.446331745204748,15-30m
t_up,0.05,000025,Cyclist,vru,44.71587861151786,19,1.0,0.8086125395033124,0.7781972296502375,>30m
t_up,0.05,000025,Car,vehicle,22.69764084657258,43,0.9069767441860465,1.7153904072641621,4.698564293714778,15-30m
t_up,0.1,000025,Car,vehicle,3.970453374616053,156,0.967948717948718,24.593129829357252,27.386983932048125,<15m
t_up,0.1,000025,Car,vehicle,10.65178388815695,1078,1.0,8.183098197097461,14.764307235598913,<15m
t_up,0.1,000025,Car,vehicle,30.190077840244136,55,1.0,2.5446075525378684,4.447635391092857,>30m
t_up,0.1,000025,Car,vehicle,17.854971296532515,307,1.0,4.40742018980694,6.446331745204748,15-30m
t_up,0.1,000025,Cyclist,vru,44.71587861151786,19,0.8421052631578947,1.617206139983919,0.7781972296502375,>30m
t_up,0.1,000025,Car,vehicle,22.69764084657258,43,0.7441860465116279,3.4306956057265503,4.698564293714778,15-30m
t_up,0.2,000025,Car,vehicle,3.970453374616053,156,0.8333333333333334,49.16879270431984,27.386983932048125,<15m
t_up,0.2,000025,Car,vehicle,10.65178388815695,1078,0.924860853432282,16.364258364082467,14.764307235598913,<15m
t_up,0.2,000025,Car,vehicle,30.190077840244136,55,1.0,5.089027588051019,4.447635391092857,>30m
t_up,0.2,000025,Car,vehicle,17.854971296532515,307,0.9609120521172638,8.814278128331926,6.446331745204748,15-30m
t_up,0.2,000025,Cyclist,vru,44.71587861151786,19,0.8421052631578947,3.2343365265385344,0.7781972296502375,>30m
t_up,0.2,000025,Car,vehicle,22.69764084657258,43,0.6976744186046512,6.861050401640271,4.698564293714778,15-30m
none,0.0,000031,Car,vehicle,12.607632608860396,998,1.0,0.0,12.366983320992711,<15m
none,0.0,000031,Car,vehicle,9.03792011471666,918,1.0,0.0,19.293732743685613,<15m
none,0.0,000031,Car,vehicle,13.456210462087757,514,1.0,0.0,10.866174378095819,<15m
none,0.0,000031,Truck,vehicle,22.540259537103825,373,1.0,0.0,7.453223670915469,15-30m
none,0.0,000031,Car,vehicle,26.54867604985228,146,1.0,0.0,4.15064991773654,15-30m
none,0.0,000031,Van,vehicle,51.92949547222657,34,0.9705882352941176,0.0,2.2559778871799314,>30m
yaw,0.25,000031,Car,vehicle,12.607632608860396,998,1.0,3.480531651318661,12.366983320992711,<15m
yaw,0.25,000031,Car,vehicle,9.03792011471666,918,1.0,3.8304245780800077,19.293732743685613,<15m
yaw,0.25,000031,Car,vehicle,13.456210462087757,514,0.9902723735408561,3.361012223093919,10.866174378095819,<15m
yaw,0.25,000031,Truck,vehicle,22.540259537103825,373,0.9919571045576407,3.2653918802401214,7.453223670915469,15-30m
yaw,0.25,000031,Car,vehicle,26.54867604985228,146,0.958904109589041,3.2154344505194885,4.15064991773654,15-30m
yaw,0.25,000031,Van,vehicle,51.92949547222657,34,1.0,3.1702002536328706,2.2559778871799314,>30m
yaw,0.5,000031,Car,vehicle,12.607632608860396,998,0.9909819639278558,6.969818987043608,12.366983320992711,<15m
yaw,0.5,000031,Car,vehicle,9.03792011471666,918,1.0,7.646635913911661,19.293732743685613,<15m
yaw,0.5,000031,Car,vehicle,13.456210462087757,514,0.9708171206225681,6.715867401547287,10.866174378095819,<15m
yaw,0.5,000031,Truck,vehicle,22.540259537103825,373,0.967828418230563,6.535217494598743,7.453223670915469,15-30m
yaw,0.5,000031,Car,vehicle,26.54867604985228,146,0.8904109589041096,6.428109258828474,4.15064991773654,15-30m
yaw,0.5,000031,Van,vehicle,51.92949547222657,34,0.9117647058823529,6.339467026566909,2.2559778871799314,>30m
yaw,1.0,000031,Car,vehicle,12.607632608860396,998,0.9539078156312625,13.975349224520878,12.366983320992711,<15m
yaw,1.0,000031,Car,vehicle,9.03792011471666,918,0.9891067538126361,15.23733673842652,19.293732743685613,<15m
yaw,1.0,000031,Car,vehicle,13.456210462087757,514,0.9241245136186771,13.407889696831884,10.866174378095819,<15m
yaw,1.0,000031,Truck,vehicle,22.540259537103825,373,0.9142091152815014,13.08871675688534,7.453223670915469,15-30m
yaw,1.0,000031,Car,vehicle,26.54867604985228,146,0.7534246575342466,12.845690731903062,4.15064991773654,15-30m
yaw,1.0,000031,Van,vehicle,51.92949547222657,34,0.6470588235294118,12.675688259818429,2.2559778871799314,>30m
yaw,2.0,000031,Car,vehicle,12.607632608860396,998,0.8577154308617234,28.099142366971066,12.366983320992711,<15m
yaw,2.0,000031,Car,vehicle,9.03792011471666,918,0.9564270152505446,30.258124504455107,19.293732743685613,<15m
yaw,2.0,000031,Car,vehicle,13.456210462087757,514,0.8054474708171206,26.725378122055815,10.866174378095819,<15m
yaw,2.0,000031,Truck,vehicle,22.540259537103825,373,0.7774798927613941,26.25497790515162,7.453223670915469,15-30m
yaw,2.0,000031,Car,vehicle,26.54867604985228,146,0.4657534246575342,25.653334763521798,4.15064991773654,15-30m
yaw,2.0,000031,Van,vehicle,51.92949547222657,34,0.17647058823529413,25.34229250357397,2.2559778871799314,>30m
yaw,3.0,000031,Car,vehicle,12.607632608860396,998,0.7565130260521042,42.38285010610427,12.366983320992711,<15m
yaw,3.0,000031,Car,vehicle,9.03792011471666,918,0.9302832244008714,45.07633263763523,19.293732743685613,<15m
yaw,3.0,000031,Car,vehicle,13.456210462087757,514,0.6653696498054474,39.96157841528625,10.866174378095819,<15m
yaw,3.0,000031,Truck,vehicle,22.540259537103825,373,0.6514745308310992,39.51085354267974,7.453223670915469,15-30m
yaw,3.0,000031,Car,vehicle,26.54867604985228,146,0.19863013698630136,38.42999822149133,4.15064991773654,15-30m
yaw,3.0,000031,Van,vehicle,51.92949547222657,34,0.0,38.00760083715083,2.2559778871799314,>30m
pitch,0.25,000031,Car,vehicle,12.607632608860396,998,1.0,3.255264760083713,12.366983320992711,<15m
pitch,0.25,000031,Car,vehicle,9.03792011471666,918,1.0,3.329784100485422,19.293732743685613,<15m
pitch,0.25,000031,Car,vehicle,13.456210462087757,514,1.0,3.2394050872549194,10.866174378095819,<15m
pitch,0.25,000031,Truck,vehicle,22.540259537103825,373,1.0,3.1904477689403783,7.453223670915469,15-30m
pitch,0.25,000031,Car,vehicle,26.54867604985228,146,1.0,3.1900579007641046,4.15064991773654,15-30m
pitch,0.25,000031,Van,vehicle,51.92949547222657,34,0.9705882352941176,3.167958059410317,2.2559778871799314,>30m
pitch,0.5,000031,Car,vehicle,12.607632608860396,998,1.0,6.513360594274509,12.366983320992711,<15m
pitch,0.5,000031,Car,vehicle,9.03792011471666,918,1.0,6.664041696205582,19.293732743685613,<15m
pitch,0.5,000031,Car,vehicle,13.456210462087757,514,1.0,6.481472262526415,10.866174378095819,<15m
pitch,0.5,000031,Truck,vehicle,22.540259537103825,373,0.9865951742627346,6.381018181679206,7.453223670915469,15-30m
pitch,0.5,000031,Car,vehicle,26.54867604985228,146,0.8835616438356164,6.381535991604954,4.15064991773654,15-30m
pitch,0.5,000031,Van,vehicle,51.92949547222657,34,0.7058823529411765,6.336780794886303,2.2559778871799314,>30m
pitch,1.0,000031,Car,vehicle,12.607632608860396,998,1.0,13.038803753420567,12.366983320992711,<15m
pitch,1.0,000031,Car,vehicle,9.03792011471666,918,1.0,13.346597400687614,19.293732743685613,<15m
pitch,1.0,000031,Car,vehicle,13.456210462087757,514,1.0,12.97309664556439,10.866174378095819,<15m
pitch,1.0,000031,Truck,vehicle,22.540259537103825,373,0.9302949061662198,12.761299662829925,7.453223670915469,15-30m
pitch,1.0,000031,Car,vehicle,26.54867604985228,146,0.7328767123287672,12.769253222129096,4.15064991773654,15-30m
pitch,1.0,000031,Van,vehicle,51.92949547222657,34,0.4117647058823529,12.67750911296228,2.2559778871799314,>30m
pitch,2.0,000031,Car,vehicle,12.607632608860396,998,0.9028056112224448,26.13044841836245,12.366983320992711,<15m
pitch,2.0,000031,Car,vehicle,9.03792011471666,918,0.9978213507625272,26.772144228564336,19.293732743685613,<15m
pitch,2.0,000031,Car,vehicle,13.456210462087757,514,0.8910505836575876,25.990850551134358,10.866174378095819,<15m
pitch,2.0,000031,Truck,vehicle,22.540259537103825,373,0.8605898123324397,25.525047230310136,7.453223670915469,15-30m
pitch,2.0,000031,Car,vehicle,26.54867604985228,146,0.2808219178082192,25.567249904411504,4.15064991773654,15-30m
pitch,2.0,000031,Van,vehicle,51.92949547222657,34,0.029411764705882353,25.374725782724585,2.2559778871799314,>30m
pitch,3.0,000031,Car,vehicle,12.607632608860396,998,0.7605210420841684,39.28042376673054,12.366983320992711,<15m
pitch,3.0,000031,Car,vehicle,9.03792011471666,918,0.8714596949891068,40.28515292410751,19.293732743685613,<15m
pitch,3.0,000031,Car,vehicle,13.456210462087757,514,0.6984435797665369,39.06253301469588,10.866174378095819,<15m
pitch,3.0,000031,Truck,vehicle,22.540259537103825,373,0.7935656836461126,38.29126144805734,7.453223670915469,15-30m
pitch,3.0,000031,Car,vehicle,26.54867604985228,146,0.04794520547945205,38.40207597546687,4.15064991773654,15-30m
pitch,3.0,000031,Van,vehicle,51.92949547222657,34,0.0,38.09950901164186,2.2559778871799314,>30m
roll,0.25,000031,Car,vehicle,12.607632608860396,998,1.0,0.9268956006984643,12.366983320992711,<15m
roll,0.25,000031,Car,vehicle,9.03792011471666,918,1.0,1.3871336213109695,19.293732743685613,<15m
roll,0.25,000031,Car,vehicle,13.456210462087757,514,1.0,0.7047494236122976,10.866174378095819,<15m
roll,0.25,000031,Truck,vehicle,22.540259537103825,373,1.0,0.4979334119025662,7.453223670915469,15-30m
roll,0.25,000031,Car,vehicle,26.54867604985228,146,1.0,0.3418835620316786,4.15064991773654,15-30m
roll,0.25,000031,Van,vehicle,51.92949547222657,34,0.9705882352941176,0.1330816550379608,2.2559778871799314,>30m
roll,0.5,000031,Car,vehicle,12.607632608860396,998,1.0,1.8537745840869315,12.366983320992711,<15m
roll,0.5,000031,Car,vehicle,9.03792011471666,918,1.0,2.7742866953624934,19.293732743685613,<15m
roll,0.5,000031,Car,vehicle,13.456210462087757,514,1.0,1.409502251473045,10.866174378095819,<15m
roll,0.5,000031,Truck,vehicle,22.540259537103825,373,1.0,0.9958608798968068,7.453223670915469,15-30m
roll,0.5,000031,Car,vehicle,26.54867604985228,146,1.0,0.6837669402153694,4.15064991773654,15-30m
roll,0.5,000031,Van,vehicle,51.92949547222657,34,0.9705882352941176,0.26616287816836914,2.2559778871799314,>30m
roll,1.0,000031,Car,vehicle,12.607632608860396,998,1.0,3.7074649709075898,12.366983320992711,<15m
roll,1.0,000031,Car,vehicle,9.03792011471666,918,1.0,5.548624570876893,19.293732743685613,<15m
roll,1.0,000031,Car,vehicle,13.456210462087757,514,0.9980544747081712,2.819004657933262,10.866174378095819,<15m
roll,1.0,000031,Truck,vehicle,22.540259537103825,373,1.0,1.9916885260051764,7.453223670915469,15-30m
roll,1.0,000031,Car,vehicle,26.54867604985228,146,1.0,1.3675266155311587,4.15064991773654,15-30m
roll,1.0,000031,Van,vehicle,51.92949547222657,34,0.9705882352941176,0.5323214916284054,2.2559778871799314,>30m
roll,2.0,000031,Car,vehicle,12.607632608860396,998,0.9709418837675351,7.414451364795403,12.366983320992711,<15m
roll,2.0,000031,Car,vehicle,9.03792011471666,918,1.0,11.09724075165191,19.293732743685613,<15m
roll,2.0,000031,Car,vehicle,13.456210462087757,514,0.9961089494163424,5.6379022244517785,10.866174378095819,<15m
roll,2.0,000031,Truck,vehicle,22.540259537103825,373,1.0,3.9831684629933823,7.453223670915469,15-30m
roll,2.0,000031,Car,vehicle,26.54867604985228,146,0.9931506849315068,2.734971932875262,4.15064991773654,15-30m
roll,2.0,000031,Van,vehicle,51.92949547222657,34,0.9705882352941176,1.0646056277687779,2.2559778871799314,>30m
roll,3.0,000031,Car,vehicle,12.607632608860396,998,0.935871743486974,11.120675717040704,12.366983320992711,<15m
roll,3.0,000031,Car,vehicle,9.03792011471666,918,1.0,16.645422149415833,19.293732743685613,<15m
roll,3.0,000031,Car,vehicle,13.456210462087757,514,0.9922178988326849,8.45647723890792,10.866174378095819,<15m
roll,3.0,000031,Truck,vehicle,22.540259537103825,373,1.0,5.974288539619097,7.453223670915469,15-30m
roll,3.0,000031,Car,vehicle,26.54867604985228,146,0.9863013698630136,4.102231470453405,4.15064991773654,15-30m
roll,3.0,000031,Van,vehicle,51.92949547222657,34,1.0,1.5968118161120488,2.2559778871799314,>30m
t_fwd,0.02,000031,Car,vehicle,12.607632608860396,998,1.0,0.391082484925237,12.366983320992711,<15m
t_fwd,0.02,000031,Car,vehicle,9.03792011471666,918,1.0,0.8999789174144286,19.293732743685613,<15m
t_fwd,0.02,000031,Car,vehicle,13.456210462087757,514,1.0,0.2773124586611798,10.866174378095819,<15m
t_fwd,0.02,000031,Truck,vehicle,22.540259537103825,373,1.0,0.10832682965462684,7.453223670915469,15-30m
t_fwd,0.02,000031,Car,vehicle,26.54867604985228,146,1.0,0.06349284285465027,4.15064991773654,15-30m
t_fwd,0.02,000031,Van,vehicle,51.92949547222657,34,0.9705882352941176,0.012351125118885205,2.2559778871799314,>30m
t_fwd,0.05,000031,Car,vehicle,12.607632608860396,998,1.0,0.9749476459837616,12.366983320992711,<15m
t_fwd,0.05,000031,Car,vehicle,9.03792011471666,918,1.0,2.240358441936106,19.293732743685613,<15m
t_fwd,0.05,000031,Car,vehicle,13.456210462087757,514,1.0,0.6914991745612015,10.866174378095819,<15m
t_fwd,0.05,000031,Truck,vehicle,22.540259537103825,373,0.9973190348525469,0.27043954065021686,7.453223670915469,15-30m
t_fwd,0.05,000031,Car,vehicle,26.54867604985228,146,1.0,0.1585397950322185,4.15064991773654,15-30m
t_fwd,0.05,000031,Van,vehicle,51.92949547222657,34,0.9705882352941176,0.03085924083809466,2.2559778871799314,>30m
t_fwd,0.1,000031,Car,vehicle,12.607632608860396,998,1.0,1.9407689398467216,12.366983320992711,<15m
t_fwd,0.1,000031,Car,vehicle,9.03792011471666,918,1.0,4.4491147401303675,19.293732743685613,<15m
t_fwd,0.1,000031,Car,vehicle,13.456210462087757,514,1.0,1.377098982493381,10.866174378095819,<15m
t_fwd,0.1,000031,Truck,vehicle,22.540259537103825,373,0.9973190348525469,0.5396253037401253,7.453223670915469,15-30m
t_fwd,0.1,000031,Car,vehicle,26.54867604985228,146,1.0,0.316440616618955,4.15064991773654,15-30m
t_fwd,0.1,000031,Van,vehicle,51.92949547222657,34,0.9705882352941176,0.061656674338931794,2.2559778871799314,>30m
t_fwd,0.2,000031,Car,vehicle,12.607632608860396,998,1.0,3.8455403639961947,12.366983320992711,<15m
t_fwd,0.2,000031,Car,vehicle,9.03792011471666,918,1.0,8.775695260947987,19.293732743685613,<15m
t_fwd,0.2,000031,Car,vehicle,13.456210462087757,514,0.9961089494163424,2.7315659343327123,10.866174378095819,<15m
t_fwd,0.2,000031,Truck,vehicle,22.540259537103825,373,0.9973190348525469,1.0742702119281125,7.453223670915469,15-30m
t_fwd,0.2,000031,Car,vehicle,26.54867604985228,146,1.0,0.6303407292170151,4.15064991773654,15-30m
t_fwd,0.2,000031,Van,vehicle,51.92949547222657,34,0.9705882352941176,0.1230668606007635,2.2559778871799314,>30m
t_left,0.02,000031,Car,vehicle,12.607632608860396,998,1.0,1.360546734663767,12.366983320992711,<15m
t_left,0.02,000031,Car,vehicle,9.03792011471666,918,1.0,2.03321289772159,19.293732743685613,<15m
t_left,0.02,000031,Car,vehicle,13.456210462087757,514,0.9980544747081712,1.2147392215765962,10.866174378095819,<15m
t_left,0.02,000031,Truck,vehicle,22.540259537103825,373,1.0,0.6835326162839054,7.453223670915469,15-30m
t_left,0.02,000031,Car,vehicle,26.54867604985228,146,0.9931506849315068,0.5838133090501083,4.15064991773654,15-30m
t_left,0.02,000031,Van,vehicle,51.92949547222657,34,0.9705882352941176,0.2894025022607375,2.2559778871799314,>30m
t_left,0.05,000031,Car,vehicle,12.607632608860396,998,1.0,3.4013656401570946,12.366983320992711,<15m
t_left,0.05,000031,Car,vehicle,9.03792011471666,918,1.0,5.08302957244477,19.293732743685613,<15m
t_left,0.05,000031,Car,vehicle,13.456210462087757,514,0.9941634241245136,3.036847100208489,10.866174378095819,<15m
t_left,0.05,000031,Truck,vehicle,22.540259537103825,373,1.0,1.7088312387137743,7.453223670915469,15-30m
t_left,0.05,000031,Car,vehicle,26.54867604985228,146,0.9931506849315068,1.4595330523251873,4.15064991773654,15-30m
t_left,0.05,000031,Van,vehicle,51.92949547222657,34,1.0,0.7235062015172629,2.2559778871799314,>30m
t_left,0.1,000031,Car,vehicle,12.607632608860396,998,0.9919839679358717,6.802727291976677,12.366983320992711,<15m
t_left,0.1,000031,Car,vehicle,9.03792011471666,918,1.0,10.166050238704427,19.293732743685613,<15m
t_left,0.1,000031,Car,vehicle,13.456210462087757,514,0.980544747081712,6.073691021309926,10.866174378095819,<15m
t_left,0.1,000031,Truck,vehicle,22.540259537103825,373,0.9892761394101877,3.41766147077427,7.453223670915469,15-30m
t_left,0.1,000031,Car,vehicle,26.54867604985228,146,0.9726027397260274,2.9190653703166674,4.15064991773654,15-30m
t_left,0.1,000031,Van,vehicle,51.92949547222657,34,1.0,1.4470122225861677,2.2559778871799314,>30m
t_left,0.2,000031,Car,vehicle,12.607632608860396,998,0.9619238476953907,13.605438630631442,12.366983320992711,<15m
t_left,0.2,000031,Car,vehicle,9.03792011471666,918,0.9869281045751634,20.332064852763057,19.293732743685613,<15m
t_left,0.2,000031,Car,vehicle,13.456210462087757,514,0.943579766536965,12.147369326211546,10.866174378095819,<15m
t_left,0.2,000031,Truck,vehicle,22.540259537103825,373,0.9651474530831099,6.835318914939067,7.453223670915469,15-30m
t_left,0.2,000031,Car,vehicle,26.54867604985228,146,0.9041095890410958,5.838127803300497,4.15064991773654,15-30m
t_left,0.2,000031,Van,vehicle,51.92949547222657,34,1.0,2.894023723378618,2.2559778871799314,>30m
t_up,0.02,000031,Car,vehicle,12.607632608860396,998,1.0,1.36121745931665,12.366983320992711,<15m
t_up,0.02,000031,Car,vehicle,9.03792011471666,918,1.0,2.0358054357667394,19.293732743685613,<15m
t_up,0.02,000031,Car,vehicle,13.456210462087757,514,1.0,1.2158143980102407,10.866174378095819,<15m
t_up,0.02,000031,Truck,vehicle,22.540259537103825,373,1.0,0.6834133005395577,7.453223670915469,15-30m
t_up,0.02,000031,Car,vehicle,26.54867604985228,146,1.0,0.5840595625848712,4.15064991773654,15-30m
t_up,0.02,000031,Van,vehicle,51.92949547222657,34,0.9705882352941176,0.289452394352684,2.2559778871799314,>30m
t_up,0.05,000031,Car,vehicle,12.607632608860396,998,1.0,3.4029430530000795,12.366983320992711,<15m
t_up,0.05,000031,Car,vehicle,9.03792011471666,918,0.9575163398692811,5.0892887842265395,19.293732743685613,<15m
t_up,0.05,000031,Car,vehicle,13.456210462087757,514,1.0,3.039455778672035,10.866174378095819,<15m
t_up,0.05,000031,Truck,vehicle,22.540259537103825,373,1.0,1.7085078775281302,7.453223670915469,15-30m
t_up,0.05,000031,Car,vehicle,26.54867604985228,146,1.0,1.460130383878276,4.15064991773654,15-30m
t_up,0.05,000031,Van,vehicle,51.92949547222657,34,0.9705882352941176,0.7236264358350446,2.2559778871799314,>30m
t_up,0.1,000031,Car,vehicle,12.607632608860396,998,0.9709418837675351,6.805550814792721,12.366983320992711,<15m
t_up,0.1,000031,Car,vehicle,9.03792011471666,918,0.9041394335511983,10.177828306076297,19.293732743685613,<15m
t_up,0.1,000031,Car,vehicle,13.456210462087757,514,1.0,6.0786441883158115,10.866174378095819,<15m
t_up,0.1,000031,Truck,vehicle,22.540259537103825,373,1.0,3.4169311790033357,7.453223670915469,15-30m
t_up,0.1,000031,Car,vehicle,26.54867604985228,146,1.0,2.920199027898698,4.15064991773654,15-30m
t_up,0.1,000031,Van,vehicle,51.92949547222657,34,0.9705882352941176,1.4472377051022622,2.2559778871799314,>30m
t_up,0.2,000031,Car,vehicle,12.607632608860396,998,0.9078156312625251,13.609760662953027,12.366983320992711,<15m
t_up,0.2,000031,Car,vehicle,9.03792011471666,918,0.8932461873638344,20.352660224401745,19.293732743685613,<15m
t_up,0.2,000031,Car,vehicle,13.456210462087757,514,0.8910505836575876,12.156219041622517,10.866174378095819,<15m
t_up,0.2,000031,Truck,vehicle,22.540259537103825,373,1.0,6.833524078914339,7.453223670915469,15-30m
t_up,0.2,000031,Car,vehicle,26.54867604985228,146,0.952054794520548,5.8401511120288685,4.15064991773654,15-30m
t_up,0.2,000031,Van,vehicle,51.92949547222657,34,0.9411764705882353,2.894414745840556,2.2559778871799314,>30m
none,0.0,000032,Car,vehicle,9.652983994599804,1409,1.0,0.0,20.437206223988014,<15m
none,0.0,000032,Car,vehicle,9.138276642781175,1263,1.0,0.0,18.914163074529693,<15m
none,0.0,000032,Van,vehicle,14.807150299770715,816,1.0,0.0,11.791276186812684,<15m
none,0.0,000032,Car,vehicle,13.80878343663916,394,1.0,0.0,12.028705749736586,<15m
none,0.0,000032,Car,vehicle,20.173807275772216,66,1.0,0.0,5.425146400990247,15-30m
none,0.0,000032,Van,vehicle,25.41070837265266,605,1.0,0.0,19.77415042117378,15-30m
none,0.0,000032,Car,vehicle,25.844198575308926,75,1.0,0.0,6.444743587593218,15-30m
none,0.0,000032,Van,vehicle,44.721862662460744,59,1.0,0.0,2.5474048088958856,>30m
none,0.0,000032,Van,vehicle,41.09104525319355,155,1.0,0.0,10.832028989447904,>30m
none,0.0,000032,Car,vehicle,45.14646608539809,40,1.0,0.0,2.919827768799934,>30m
yaw,0.25,000032,Car,vehicle,9.652983994599804,1409,1.0,3.745952216565684,20.437206223988014,<15m
yaw,0.25,000032,Car,vehicle,9.138276642781175,1263,1.0,3.736228287253438,18.914163074529693,<15m
yaw,0.25,000032,Van,vehicle,14.807150299770715,816,1.0,3.4071966084473724,11.791276186812684,<15m
yaw,0.25,000032,Car,vehicle,13.80878343663916,394,1.0,3.3686190164041765,12.028705749736586,<15m
yaw,0.25,000032,Car,vehicle,20.173807275772216,66,0.9696969696969697,3.2749890038506573,5.425146400990247,15-30m
yaw,0.25,000032,Van,vehicle,25.41070837265266,605,1.0,3.839699925578117,19.77415042117378,15-30m
yaw,0.25,000032,Car,vehicle,25.844198575308926,75,1.0,3.329365728266436,6.444743587593218,15-30m
yaw,0.25,000032,Van,vehicle,44.721862662460744,59,1.0,3.170482299866613,2.5474048088958856,>30m
yaw,0.25,000032,Van,vehicle,41.09104525319355,155,1.0,3.4390386594793463,10.832028989447904,>30m
yaw,0.25,000032,Car,vehicle,45.14646608539809,40,0.975,3.2295533511905843,2.919827768799934,>30m
yaw,0.5,000032,Car,vehicle,9.652983994599804,1409,1.0,7.505074003161867,20.437206223988014,<15m
yaw,0.5,000032,Car,vehicle,9.138276642781175,1263,1.0,7.459822334767824,18.914163074529693,<15m
yaw,0.5,000032,Van,vehicle,14.807150299770715,816,1.0,6.821907762984159,11.791276186812684,<15m
yaw,0.5,000032,Car,vehicle,13.80878343663916,394,1.0,6.730985168209427,12.028705749736586,<15m
yaw,0.5,000032,Car,vehicle,20.173807275772216,66,0.8636363636363636,6.545451237874593,5.425146400990247,15-30m
yaw,0.5,000032,Van,vehicle,25.41070837265266,605,1.0,7.694851985890119,19.77415042117378,15-30m
yaw,0.5,000032,Car,vehicle,25.844198575308926,75,1.0,6.652532007579797,6.444743587593218,15-30m
yaw,0.5,000032,Van,vehicle,44.721862662460744,59,0.9322033898305084,6.340267004821589,2.5474048088958856,>30m
yaw,0.5,000032,Van,vehicle,41.09104525319355,155,0.9935483870967742,6.869370445718105,10.832028989447904,>30m
yaw,0.5,000032,Car,vehicle,45.14646608539809,40,0.875,6.463099044639437,2.919827768799934,>30m
yaw,1.0,000032,Car,vehicle,9.652983994599804,1409,1.0,15.063712279823154,20.437206223988014,<15m
yaw,1.0,000032,Car,vehicle,9.138276642781175,1263,0.9865399841646872,14.869952836168062,18.914163074529693,<15m
yaw,1.0,000032,Van,vehicle,14.807150299770715,816,0.9987745098039216,13.674512782433702,11.791276186812684,<15m
yaw,1.0,000032,Car,vehicle,13.80878343663916,394,0.9695431472081218,13.437366209331664,12.028705749736586,<15m
yaw,1.0,000032,Car,vehicle,20.173807275772216,66,0.696969696969697,13.073339775802289,5.425146400990247,15-30m
yaw,1.0,000032,Van,vehicle,25.41070837265266,605,1.0,15.452490428499006,19.77415042117378,15-30m
yaw,1.0,000032,Car,vehicle,25.844198575308926,75,0.9733333333333334,13.28084701844976,6.444743587593218,15-30m
yaw,1.0,000032,Van,vehicle,44.721862662460744,59,0.6949152542372882,12.678625405721222,2.5474048088958856,>30m
yaw,1.0,000032,Van,vehicle,41.09104525319355,155,0.8774193548387097,13.704569282646156,10.832028989447904,>30m
yaw,1.0,000032,Car,vehicle,45.14646608539809,40,0.65,12.94269602802573,2.919827768799934,>30m
yaw,2.0,000032,Car,vehicle,9.652983994599804,1409,0.9893541518807665,30.352150985414323,20.437206223988014,<15m
yaw,2.0,000032,Car,vehicle,9.138276642781175,1263,0.943784639746635,29.547769164738433,18.914163074529693,<15m
yaw,2.0,000032,Van,vehicle,14.807150299770715,816,0.9779411764705882,27.476458476793095,11.791276186812684,<15m
yaw,2.0,000032,Car,vehicle,13.80878343663916,394,0.8705583756345178,26.78049703655518,12.028705749736586,<15m
yaw,2.0,000032,Car,vehicle,20.173807275772216,66,0.2727272727272727,26.08078056845377,5.425146400990247,15-30m
yaw,2.0,000032,Van,vehicle,25.41070837265266,605,1.0,31.164133486422163,19.77415042117378,15-30m
yaw,2.0,000032,Car,vehicle,25.844198575308926,75,0.7466666666666667,26.469418299493025,6.444743587593218,15-30m
yaw,2.0,000032,Van,vehicle,44.721862662460744,59,0.2542372881355932,25.35372739710693,2.5474048088958856,>30m
yaw,2.0,000032,Van,vehicle,41.09104525319355,155,0.7161290322580646,27.277618749353636,10.832028989447904,>30m
yaw,2.0,000032,Car,vehicle,45.14646608539809,40,0.225,25.95565029378507,2.919827768799934,>30m
yaw,3.0,000032,Car,vehicle,9.652983994599804,1409,0.9538679914833215,45.88160588263887,20.437206223988014,<15m
yaw,3.0,000032,Car,vehicle,9.138276642781175,1263,0.897070467141726,44.04635595110971,18.914163074529693,<15m
yaw,3.0,000032,Van,vehicle,14.807150299770715,816,0.9362745098039216,41.416100381432685,11.791276186812684,<15m
yaw,3.0,000032,Car,vehicle,13.80878343663916,394,0.748730964467005,40.03908620446477,12.028705749736586,<15m
yaw,3.0,000032,Car,vehicle,20.173807275772216,66,0.12121212121212122,39.032001815480214,5.425146400990247,15-30m
yaw,3.0,000032,Van,vehicle,25.41070837265266,605,1.0,47.15149227712943,19.77415042117378,15-30m
yaw,3.0,000032,Car,vehicle,25.844198575308926,75,0.56,39.57475266659012,6.444743587593218,15-30m
yaw,3.0,000032,Van,vehicle,44.721862662460744,59,0.0,38.03374963849177,2.5474048088958856,>30m
yaw,3.0,000032,Van,vehicle,41.09104525319355,155,0.5290322580645161,40.7292630754502,10.832028989447904,>30m
yaw,3.0,000032,Car,vehicle,45.14646608539809,40,0.0,39.047512147163346,2.919827768799934,>30m
pitch,0.25,000032,Car,vehicle,9.652983994599804,1409,1.0,3.300464183058279,20.437206223988014,<15m
pitch,0.25,000032,Car,vehicle,9.138276642781175,1263,1.0,3.3152951618483635,18.914163074529693,<15m
pitch,0.25,000032,Van,vehicle,14.807150299770715,816,1.0,3.2170803832742916,11.791276186812684,<15m
pitch,0.25,000032,Car,vehicle,13.80878343663916,394,1.0,3.2362437893411844,12.028705749736586,<15m
pitch,0.25,000032,Car,vehicle,20.173807275772216,66,1.0,3.1993749242163965,5.425146400990247,15-30m
pitch,0.25,000032,Van,vehicle,25.41070837265266,605,1.0,3.1879748903176934,19.77415042117378,15-30m
pitch,0.25,000032,Car,vehicle,25.844198575308926,75,1.0,3.184793916934369,6.444743587593218,15-30m
pitch,0.25,000032,Van,vehicle,44.721862662460744,59,0.9491525423728814,3.168960993556086,2.5474048088958856,>30m
pitch,0.25,000032,Van,vehicle,41.09104525319355,155,1.0,3.170894523977953,10.832028989447904,>30m
pitch,0.25,000032,Car,vehicle,45.14646608539809,40,0.975,3.170713182158174,2.919827768799934,>30m
pitch,0.5,000032,Car,vehicle,9.652983994599804,1409,1.0,6.604673099898789,20.437206223988014,<15m
pitch,0.5,000032,Car,vehicle,9.138276642781175,1263,1.0,6.634459458452446,18.914163074529693,<15m
pitch,0.5,000032,Van,vehicle,14.807150299770715,816,1.0,6.4352978255544,11.791276186812684,<15m
pitch,0.5,000032,Car,vehicle,13.80878343663916,394,1.0,6.474528829408898,12.028705749736586,<15m
pitch,0.5,000032,Car,vehicle,20.173807275772216,66,1.0,6.399930116667278,5.425146400990247,15-30m
pitch,0.5,000032,Van,vehicle,25.41070837265266,605,1.0,6.375830505582405,19.77415042117378,15-30m
pitch,0.5,000032,Car,vehicle,25.844198575308926,75,1.0,6.370135299768734,6.444743587593218,15-30m
pitch,0.5,000032,Van,vehicle,44.721862662460744,59,0.864406779661017,6.3383976516854545,2.5474048088958856,>30m
pitch,0.5,000032,Van,vehicle,41.09104525319355,155,1.0,6.34171114898796,10.832028989447904,>30m
pitch,0.5,000032,Car,vehicle,45.14646608539809,40,0.65,6.342282979179236,2.919827768799934,>30m
pitch,1.0,000032,Car,vehicle,9.652983994599804,1409,1.0,13.225353246264667,20.437206223988014,<15m
pitch,1.0,000032,Car,vehicle,9.138276642781175,1263,1.0,13.285738062911111,18.914163074529693,<15m
pitch,1.0,000032,Van,vehicle,14.807150299770715,816,1.0,12.875616307643547,11.791276186812684,<15m
pitch,1.0,000032,Car,vehicle,13.80878343663916,394,1.0,12.957876027865504,12.028705749736586,<15m
pitch,1.0,000032,Car,vehicle,20.173807275772216,66,1.0,12.805086914933877,5.425146400990247,15-30m
pitch,1.0,000032,Van,vehicle,25.41070837265266,605,1.0,12.752889594564033,19.77415042117378,15-30m
pitch,1.0,000032,Car,vehicle,25.844198575308926,75,1.0,12.742750527289267,6.444743587593218,15-30m
pitch,1.0,000032,Van,vehicle,44.721862662460744,59,0.559322033898305,12.679186127834772,2.5474048088958856,>30m
pitch,1.0,000032,Van,vehicle,41.09104525319355,155,1.0,12.6842646367906,10.832028989447904,>30m
pitch,1.0,000032,Car,vehicle,45.14646608539809,40,0.025,12.688481562445977,2.919827768799934,>30m
pitch,2.0,000032,Car,vehicle,9.652983994599804,1409,0.9850958126330731,26.519779504218075,20.437206223988014,<15m
pitch,2.0,000032,Car,vehicle,9.138276642781175,1263,0.9809976247030879,26.641615613244994,18.914163074529693,<15m
pitch,2.0,000032,Van,vehicle,14.807150299770715,816,0.9644607843137255,25.777470149694103,11.791276186812684,<15m
pitch,2.0,000032,Car,vehicle,13.80878343663916,394,0.8781725888324873,25.95536023021817,12.028705749736586,<15m
pitch,2.0,000032,Car,vehicle,20.173807275772216,66,0.8636363636363636,25.635138131052955,5.425146400990247,15-30m
pitch,2.0,000032,Van,vehicle,25.41070837265266,605,0.9950413223140496,25.50588706786525,19.77415042117378,15-30m
pitch,2.0,000032,Car,vehicle,25.844198575308926,75,0.9733333333333334,25.500351542461445,6.444743587593218,15-30m
pitch,2.0,000032,Van,vehicle,44.721862662460744,59,0.1864406779661017,25.371846159891362,2.5474048088958856,>30m
pitch,2.0,000032,Van,vehicle,41.09104525319355,155,0.8580645161290322,25.371173059729742,10.832028989447904,>30m
pitch,2.0,000032,Car,vehicle,45.14646608539809,40,0.0,25.39657868630451,2.919827768799934,>30m
pitch,3.0,000032,Car,vehicle,9.652983994599804,1409,0.9048970901348474,39.89124188299661,20.437206223988014,<15m
pitch,3.0,000032,Car,vehicle,9.138276642781175,1263,0.882818685669042,40.0798754954072,18.914163074529693,<15m
pitch,3.0,000032,Van,vehicle,14.807150299770715,816,0.8688725490196079,38.7143488930063,11.791276186812684,<15m
pitch,3.0,000032,Car,vehicle,13.80878343663916,394,0.7055837563451777,39.00008346407189,12.028705749736586,<15m
pitch,3.0,000032,Car,vehicle,20.173807275772216,66,0.45454545454545453,38.498312162869524,5.425146400990247,15-30m
pitch,3.0,000032,Van,vehicle,25.41070837265266,605,0.8876033057851239,38.264377246956755,19.77415042117378,15-30m
pitch,3.0,000032,Car,vehicle,25.844198575308926,75,0.52,38.28125960474381,6.444743587593218,15-30m
pitch,3.0,000032,Van,vehicle,44.721862662460744,59,0.0,38.08580927803257,2.5474048088958856,>30m
pitch,3.0,000032,Van,vehicle,41.09104525319355,155,0.33548387096774196,38.072444574302196,10.832028989447904,>30m
pitch,3.0,000032,Car,vehicle,45.14646608539809,40,0.0,38.13221993699623,2.919827768799934,>30m
roll,0.25,000032,Car,vehicle,9.652983994599804,1409,1.0,1.2942035958888887,20.437206223988014,<15m
roll,0.25,000032,Car,vehicle,9.138276642781175,1263,1.0,1.2733536271617931,18.914163074529693,<15m
roll,0.25,000032,Van,vehicle,14.807150299770715,816,1.0,0.7975778941008256,11.791276186812684,<15m
roll,0.25,000032,Car,vehicle,13.80878343663916,394,1.0,0.7142273500271161,12.028705749736586,<15m
roll,0.25,000032,Car,vehicle,20.173807275772216,66,1.0,0.515027489661444,5.425146400990247,15-30m
roll,0.25,000032,Van,vehicle,25.41070837265266,605,1.0,1.4320063854974736,19.77415042117378,15-30m
roll,0.25,000032,Car,vehicle,25.844198575308926,75,1.0,0.6796692370566201,6.444743587593218,15-30m
roll,0.25,000032,Van,vehicle,44.721862662460744,59,1.0,0.09375696184614357,2.5474048088958856,>30m
roll,0.25,000032,Van,vehicle,41.09104525319355,155,1.0,0.9262864312615042,10.832028989447904,>30m
roll,0.25,000032,Car,vehicle,45.14646608539809,40,1.0,0.43476132204864426,2.919827768799934,>30m
roll,0.5,000032,Car,vehicle,9.652983994599804,1409,1.0,2.5883771530811477,20.437206223988014,<15m
roll,0.5,000032,Car,vehicle,9.138276642781175,1263,1.0,2.5467228389456573,18.914163074529693,<15m
roll,0.5,000032,Van,vehicle,14.807150299770715,816,1.0,1.5951426601061287,11.791276186812684,<15m
roll,0.5,000032,Car,vehicle,13.80878343663916,394,1.0,1.4284583103963269,12.028705749736586,<15m
roll,0.5,000032,Car,vehicle,20.173807275772216,66,1.0,1.0300561283624723,5.425146400990247,15-30m
roll,0.5,000032,Van,vehicle,25.41070837265266,605,1.0,2.8639762056480813,19.77415042117378,15-30m
roll,0.5,000032,Car,vehicle,25.844198575308926,75,1.0,1.3593418561299002,6.444743587593218,15-30m
roll,0.5,000032,Van,vehicle,44.721862662460744,59,1.0,0.18751356631010202,2.5474048088958856,>30m
roll,0.5,000032,Van,vehicle,41.09104525319355,155,1.0,1.8525808053659714,10.832028989447904,>30m
roll,0.5,000032,Car,vehicle,45.14646608539809,40,1.0,0.8695178296834012,2.919827768799934,>30m
roll,1.0,000032,Car,vehicle,9.652983994599804,1409,0.985805535841022,5.176609349450229,20.437206223988014,<15m
roll,1.0,000032,Car,vehicle,9.138276642781175,1263,1.0,5.093483560673056,18.914163074529693,<15m
roll,1.0,000032,Van,vehicle,14.807150299770715,816,1.0,3.190217619323125,11.791276186812684,<15m
roll,1.0,000032,Car,vehicle,13.80878343663916,394,1.0,2.8569174170411706,12.028705749736586,<15m
roll,1.0,000032,Car,vehicle,20.173807275772216,66,0.9848484848484849,2.0601070189217414,5.425146400990247,15-30m
roll,1.0,000032,Van,vehicle,25.41070837265266,605,0.9619834710743802,5.727778975563143,19.77415042117378,15-30m
roll,1.0,000032,Car,vehicle,25.844198575308926,75,1.0,2.7186843005591648,6.444743587593218,15-30m
roll,1.0,000032,Van,vehicle,44.721862662460744,59,1.0,0.37502391620808945,2.5474048088958856,>30m
roll,1.0,000032,Van,vehicle,41.09104525319355,155,1.0,3.7051757686758036,10.832028989447904,>30m
roll,1.0,000032,Car,vehicle,45.14646608539809,40,1.0,1.739008117721342,2.919827768799934,>30m
roll,2.0,000032,Car,vehicle,9.652983994599804,1409,0.9602555003548616,10.352440525685704,20.437206223988014,<15m
roll,2.0,000032,Car,vehicle,9.138276642781175,1263,1.0,10.18692295395168,18.914163074529693,<15m
roll,2.0,000032,Van,vehicle,14.807150299770715,816,0.9767156862745098,6.38004295494994,11.791276186812684,<15m
roll,2.0,000032,Car,vehicle,13.80878343663916,394,1.0,5.713728842175823,12.028705749736586,<15m
roll,2.0,000032,Car,vehicle,20.173807275772216,66,0.9848484848484849,4.120114407323815,5.425146400990247,15-30m
roll,2.0,000032,Van,vehicle,25.41070837265266,605,0.8462809917355372,11.454646897896682,19.77415042117378,15-30m
roll,2.0,000032,Car,vehicle,25.844198575308926,75,1.0,5.437267421126843,6.444743587593218,15-30m
roll,2.0,000032,Van,vehicle,44.721862662460744,59,1.0,0.7500206718227341,2.5474048088958856,>30m
roll,2.0,000032,Van,vehicle,41.09104525319355,155,1.0,7.410267232302152,10.832028989447904,>30m
roll,2.0,000032,Car,vehicle,45.14646608539809,40,1.0,3.4778398059253894,2.919827768799934,>30m
roll,3.0,000032,Car,vehicle,9.652983994599804,1409,0.9311568488289567,15.52709704414336,20.437206223988014,<15m
roll,3.0,000032,Car,vehicle,9.138276642781175,1263,1.0,15.27992664280048,18.914163074529693,<15m
roll,3.0,000032,Van,vehicle,14.807150299770715,816,0.9387254901960784,9.569233132711553,11.791276186812684,<15m
roll,3.0,000032,Car,vehicle,13.80878343663916,394,1.0,8.570215881957186,12.028705749736586,<15m
roll,3.0,000032,Car,vehicle,20.173807275772216,66,0.9848484848484849,6.179864789067787,5.425146400990247,15-30m
roll,3.0,000032,Van,vehicle,25.41070837265266,605,0.7289256198347107,17.180169398685074,19.77415042117378,15-30m
roll,3.0,000032,Car,vehicle,25.844198575308926,75,1.0,8.155542257751327,6.444743587593218,15-30m
roll,3.0,000032,Van,vehicle,44.721862662460744,59,1.0,1.1249616780601606,2.5474048088958856,>30m
roll,3.0,000032,Van,vehicle,41.09104525319355,155,1.0,11.114992440529337,10.832028989447904,>30m
roll,3.0,000032,Car,vehicle,45.14646608539809,40,1.0,5.216362567897937,2.919827768799934,>30m
t_fwd,0.02,000032,Car,vehicle,9.652983994599804,1409,1.0,0.7143285964699494,20.437206223988014,<15m
t_fwd,0.02,000032,Car,vehicle,9.138276642781175,1263,1.0,0.8123513978742506,18.914163074529693,<15m
t_fwd,0.02,000032,Van,vehicle,14.807150299770715,816,1.0,0.2739642445420605,11.791276186812684,<15m
t_fwd,0.02,000032,Car,vehicle,13.80878343663916,394,1.0,0.2840424746261667,12.028705749736586,<15m
t_fwd,0.02,000032,Car,vehicle,20.173807275772216,66,1.0,0.12852537339744896,5.425146400990247,15-30m
t_fwd,0.02,000032,Van,vehicle,25.41070837265266,605,1.0,0.3006131925939788,19.77415042117378,15-30m
t_fwd,0.02,000032,Car,vehicle,25.844198575308926,75,1.0,0.13325672867701743,6.444743587593218,15-30m
t_fwd,0.02,000032,Van,vehicle,44.721862662460744,59,1.0,0.01027758761722943,2.5474048088958856,>30m
t_fwd,0.02,000032,Van,vehicle,41.09104525319355,155,1.0,0.1118201636448611,10.832028989447904,>30m
t_fwd,0.02,000032,Car,vehicle,45.14646608539809,40,0.975,0.046289575258530516,2.919827768799934,>30m
t_fwd,0.05,000032,Car,vehicle,9.652983994599804,1409,1.0,1.7790403386601241,20.437206223988014,<15m
t_fwd,0.05,000032,Car,vehicle,9.138276642781175,1263,1.0,2.0227097388346325,18.914163074529693,<15m
t_fwd,0.05,000032,Van,vehicle,14.807150299770715,816,1.0,0.6832898908136893,11.791276186812684,<15m
t_fwd,0.05,000032,Car,vehicle,13.80878343663916,394,1.0,0.7083681342318304,12.028705749736586,<15m
t_fwd,0.05,000032,Car,vehicle,20.173807275772216,66,1.0,0.32079464712537653,5.425146400990247,15-30m
t_fwd,0.05,000032,Van,vehicle,25.41070837265266,605,1.0,0.7504981322475858,19.77415042117378,15-30m
t_fwd,0.05,000032,Car,vehicle,25.844198575308926,75,1.0,0.3327247675886434,6.444743587593218,15-30m
t_fwd,0.05,000032,Van,vehicle,44.721862662460744,59,1.0,0.02567595932760112,2.5474048088958856,>30m
t_fwd,0.05,000032,Van,vehicle,41.09104525319355,155,1.0,0.27933038129010007,10.832028989447904,>30m
t_fwd,0.05,000032,Car,vehicle,45.14646608539809,40,0.975,0.11564246255498127,2.919827768799934,>30m
t_fwd,0.1,000032,Car,vehicle,9.652983994599804,1409,1.0,3.5354148827624217,20.437206223988014,<15m
t_fwd,0.1,000032,Car,vehicle,9.138276642781175,1263,1.0,4.018005145256011,18.914163074529693,<15m
t_fwd,0.1,000032,Van,vehicle,14.807150299770715,816,1.0,1.3612113540966697,11.791276186812684,<15m
t_fwd,0.1,000032,Car,vehicle,13.80878343663916,394,1.0,1.410980623599484,12.028705749736586,<15m
t_fwd,0.1,000032,Car,vehicle,20.173807275772216,66,0.9848484848484849,0.6398674331802652,5.425146400990247,15-30m
t_fwd,0.1,000032,Van,vehicle,25.41070837265266,605,1.0,1.4975594044468052,19.77415042117378,15-30m
t_fwd,0.1,000032,Car,vehicle,25.844198575308926,75,1.0,0.6640639860775122,6.444743587593218,15-30m
t_fwd,0.1,000032,Van,vehicle,44.721862662460744,59,1.0,0.05129199834934837,2.5474048088958856,>30m
t_fwd,0.1,000032,Van,vehicle,41.09104525319355,155,1.0,0.5579288738574737,10.832028989447904,>30m
t_fwd,0.1,000032,Car,vehicle,45.14646608539809,40,0.975,0.23101384910134232,2.919827768799934,>30m
t_fwd,0.2,000032,Car,vehicle,9.652983994599804,1409,1.0,6.981877426481926,20.437206223988014,<15m
t_fwd,0.2,000032,Car,vehicle,9.138276642781175,1263,1.0,7.928430886113151,18.914163074529693,<15m
t_fwd,0.2,000032,Van,vehicle,14.807150299770715,816,1.0,2.701178826734226,11.791276186812684,<15m
t_fwd,0.2,000032,Car,vehicle,13.80878343663916,394,1.0,2.7992184761376864,12.028705749736586,<15m
t_fwd,0.2,000032,Car,vehicle,20.173807275772216,66,0.9848484848484849,1.272902587786442,5.425146400990247,15-30m
t_fwd,0.2,000032,Van,vehicle,25.41070837265266,605,0.9983471074380166,2.981465371556071,19.77415042117378,15-30m
t_fwd,0.2,000032,Car,vehicle,25.844198575308926,75,1.0,1.322620250829716,6.444743587593218,15-30m
t_fwd,0.2,000032,Van,vehicle,44.721862662460744,59,1.0,0.10234515254264744,2.5474048088958856,>30m
t_fwd,0.2,000032,Van,vehicle,41.09104525319355,155,1.0,1.112941668725112,10.832028989447904,>30m
t_fwd,0.2,000032,Car,vehicle,45.14646608539809,40,0.975,0.46094719780849414,2.919827768799934,>30m
t_left,0.02,000032,Car,vehicle,9.652983994599804,1409,1.0,1.7841926651986133,20.437206223988014,<15m
t_left,0.02,000032,Car,vehicle,9.138276642781175,1263,1.0,2.0012870988378473,18.914163074529693,<15m
t_left,0.02,000032,Van,vehicle,14.807150299770715,816,1.0,1.111113929930521,11.791276186812684,<15m
t_left,0.02,000032,Car,vehicle,13.80878343663916,394,1.0,1.230910332530923,12.028705749736586,<15m
t_left,0.02,000032,Car,vehicle,20.173807275772216,66,0.9848484848484849,0.7826370561220561,5.425146400990247,15-30m
t_left,0.02,000032,Van,vehicle,25.41070837265266,605,1.0,0.6635446833783051,19.77415042117378,15-30m
t_left,0.02,000032,Car,vehicle,25.844198575308926,75,1.0,0.6090512650319322,6.444743587593218,15-30m
t_left,0.02,000032,Van,vehicle,44.721862662460744,59,1.0,0.33750302150483596,2.5474048088958856,>30m
t_left,0.02,000032,Van,vehicle,41.09104525319355,155,1.0,0.378406854301124,10.832028989447904,>30m
t_left,0.02,000032,Car,vehicle,45.14646608539809,40,1.0,0.3388867730427841,2.919827768799934,>30m
t_left,0.05,000032,Car,vehicle,9.652983994599804,1409,1.0,4.460479605332077,20.437206223988014,<15m
t_left,0.05,000032,Car,vehicle,9.138276642781175,1263,1.0,5.00321515846499,18.914163074529693,<15m
t_left,0.05,000032,Van,vehicle,14.807150299770715,816,1.0,2.7777840268309304,11.791276186812684,<15m
t_left,0.05,000032,Car,vehicle,13.80878343663916,394,1.0,3.077274852033579,12.028705749736586,<15m
t_left,0.05,000032,Car,vehicle,20.173807275772216,66,0.9848484848484849,1.9565922444076673,5.425146400990247,15-30m
t_left,0.05,000032,Van,vehicle,25.41070837265266,605,1.0,1.6588614238425197,19.77415042117378,15-30m
t_left,0.05,000032,Car,vehicle,25.844198575308926,75,1.0,1.5226279228247819,6.444743587593218,15-30m
t_left,0.05,000032,Van,vehicle,44.721862662460744,59,1.0,0.8437574801371709,2.5474048088958856,>30m
t_left,0.05,000032,Van,vehicle,41.09104525319355,155,1.0,0.9460170432030347,10.832028989447904,>30m
t_left,0.05,000032,Car,vehicle,45.14646608539809,40,1.0,0.8472168583753048,2.919827768799934,>30m
t_left,0.1,000032,Car,vehicle,9.652983994599804,1409,1.0,8.920952351790916,20.437206223988014,<15m
t_left,0.1,000032,Car,vehicle,9.138276642781175,1263,1.0,10.006421688176793,18.914163074529693,<15m
t_left,0.1,000032,Van,vehicle,14.807150299770715,816,1.0,5.555565393679348,11.791276186812684,<15m
t_left,0.1,000032,Car,vehicle,13.80878343663916,394,1.0,6.154546439757497,12.028705749736586,<15m
t_left,0.1,000032,Car,vehicle,20.173807275772216,66,0.9696969696969697,3.913183169158076,5.425146400990247,15-30m
t_left,0.1,000032,Van,vehicle,25.41070837265266,605,1.0,3.317721899007656,19.77415042117378,15-30m
t_left,0.1,000032,Car,vehicle,25.844198575308926,75,1.0,3.0452550464662966,6.444743587593218,15-30m
t_left,0.1,000032,Van,vehicle,44.721862662460744,59,1.0,1.6875147148582863,2.5474048088958856,>30m
t_left,0.1,000032,Van,vehicle,41.09104525319355,155,1.0,1.8920337779064373,10.832028989447904,>30m
t_left,0.1,000032,Car,vehicle,45.14646608539809,40,1.0,1.6944334693120426,2.919827768799934,>30m
t_left,0.2,000032,Car,vehicle,9.652983994599804,1409,1.0,17.84187726815249,20.437206223988014,<15m
t_left,0.2,000032,Car,vehicle,9.138276642781175,1263,0.9857482185273159,20.012808861430425,18.914163074529693,<15m
t_left,0.2,000032,Van,vehicle,14.807150299770715,816,1.0,11.111120147443884,11.791276186812684,<15m
t_left,0.2,000032,Car,vehicle,13.80878343663916,394,0.9898477157360406,12.30907982229687,12.028705749736586,<15m
t_left,0.2,000032,Car,vehicle,20.173807275772216,66,0.8333333333333334,7.826361059692745,5.425146400990247,15-30m
t_left,0.2,000032,Van,vehicle,25.41070837265266,605,1.0,6.635440003309246,19.77415042117378,15-30m
t_left,0.2,000032,Car,vehicle,25.844198575308926,75,1.0,6.090506896201571,6.444743587593218,15-30m
t_left,0.2,000032,Van,vehicle,44.721862662460744,59,0.9830508474576272,3.375028448052009,2.5474048088958856,>30m
t_left,0.2,000032,Van,vehicle,41.09104525319355,155,1.0,3.7840663218158257,10.832028989447904,>30m
t_left,0.2,000032,Car,vehicle,45.14646608539809,40,0.975,3.3888659488700448,2.919827768799934,>30m
t_up,0.02,000032,Car,vehicle,9.652983994599804,1409,1.0,1.7861082102588637,20.437206223988014,<15m
t_up,0.02,000032,Car,vehicle,9.138276642781175,1263,1.0,2.00361091475469,18.914163074529693,<15m
t_up,0.02,000032,Van,vehicle,14.807150299770715,816,1.0,1.111357136130915,11.791276186812684,<15m
t_up,0.02,000032,Car,vehicle,13.80878343663916,394,1.0,1.2317085456503407,12.028705749736586,<15m
t_up,0.02,000032,Car,vehicle,20.173807275772216,66,1.0,0.7827768697789295,5.425146400990247,15-30m
t_up,0.02,000032,Van,vehicle,25.41070837265266,605,1.0,0.6635311519983014,19.77415042117378,15-30m
t_up,0.02,000032,Car,vehicle,25.844198575308926,75,1.0,0.6089998327634012,6.444743587593218,15-30m
t_up,0.02,000032,Van,vehicle,44.721862662460744,59,1.0,0.3375151714927634,2.5474048088958856,>30m
t_up,0.02,000032,Van,vehicle,41.09104525319355,155,1.0,0.3783728269394448,10.832028989447904,>30m
t_up,0.02,000032,Car,vehicle,45.14646608539809,40,1.0,0.3389744975133817,2.919827768799934,>30m
t_up,0.05,000032,Car,vehicle,9.652983994599804,1409,0.985805535841022,4.465097430936578,20.437206223988014,<15m
t_up,0.05,000032,Car,vehicle,9.138276642781175,1263,1.0,5.008809427416102,18.914163074529693,<15m
t_up,0.05,000032,Van,vehicle,14.807150299770715,816,1.0,2.7783257345175274,11.791276186812684,<15m
t_up,0.05,000032,Car,vehicle,13.80878343663916,394,0.9898477157360406,3.0791890174069083,12.028705749736586,<15m
t_up,0.05,000032,Car,vehicle,20.173807275772216,66,1.0,1.956908899377879,5.425146400990247,15-30m
t_up,0.05,000032,Van,vehicle,25.41070837265266,605,1.0,1.6588039546281481,19.77415042117378,15-30m
t_up,0.05,000032,Car,vehicle,25.844198575308926,75,1.0,1.5224794357308717,6.444743587593218,15-30m
t_up,0.05,000032,Van,vehicle,44.721862662460744,59,1.0,0.8437817407873976,2.5474048088958856,>30m
t_up,0.05,000032,Van,vehicle,41.09104525319355,155,1.0,0.9459242905332398,10.832028989447904,>30m
t_up,0.05,000032,Car,vehicle,45.14646608539809,40,1.0,0.8474300041556756,2.919827768799934,>30m
t_up,0.1,000032,Car,vehicle,9.652983994599804,1409,0.9609652235628106,8.92961793914473,20.437206223988014,<15m
t_up,0.1,000032,Car,vehicle,9.138276642781175,1263,0.9596199524940617,10.016892740816893,18.914163074529693,<15m
t_up,0.1,000032,Van,vehicle,14.807150299770715,816,0.9865196078431373,5.556427797409102,11.791276186812684,<15m
t_up,0.1,000032,Car,vehicle,13.80878343663916,394,0.9238578680203046,6.158103565324511,12.028705749736586,<15m
t_up,0.1,000032,Car,vehicle,20.173807275772216,66,1.0,3.9137068868867737,5.425146400990247,15-30m
t_up,0.1,000032,Van,vehicle,25.41070837265266,605,1.0,3.317528161098217,19.77415042117378,15-30m
t_up,0.1,000032,Car,vehicle,25.844198575308926,75,1.0,3.0448917199056336,6.444743587593218,15-30m
t_up,0.1,000032,Van,vehicle,44.721862662460744,59,1.0,1.6875428554965055,2.5474048088958856,>30m
t_up,0.1,000032,Van,vehicle,41.09104525319355,155,1.0,1.8918226589168838,10.832028989447904,>30m
t_up,0.1,000032,Car,vehicle,45.14646608539809,40,1.0,1.6948392099604415,2.919827768799934,>30m
t_up,0.2,000032,Car,vehicle,9.652983994599804,1409,0.907735982966643,17.856928634573297,20.437206223988014,<15m
t_up,0.2,000032,Car,vehicle,9.138276642781175,1263,0.8812351543942993,20.030881657058046,18.914163074529693,<15m
t_up,0.2,000032,Van,vehicle,14.807150299770715,816,0.9313725490196079,11.11196101634696,11.791276186812684,<15m
t_up,0.2,000032,Car,vehicle,13.80878343663916,394,0.8197969543147208,12.315109399470987,12.028705749736586,<15m
t_up,0.2,000032,Car,vehicle,20.173807275772216,66,0.8333333333333334,7.8269701640123195,5.425146400990247,15-30m
t_up,0.2,000032,Van,vehicle,25.41070837265266,605,0.915702479338843,6.634737352566487,19.77415042117378,15-30m
t_up,0.2,000032,Car,vehicle,25.844198575308926,75,0.8,6.0895148513571105,6.444743587593218,15-30m
t_up,0.2,000032,Van,vehicle,44.721862662460744,59,1.0,3.375003209705017,2.5474048088958856,>30m
t_up,0.2,000032,Van,vehicle,41.09104525319355,155,1.0,3.783541633497531,10.832028989447904,>30m
t_up,0.2,000032,Car,vehicle,45.14646608539809,40,1.0,3.3895952295798555,2.919827768799934,>30m
none,0.0,000043,Pedestrian,vru,12.751219549517607,169,0.8284023668639053,0.0,2.454497588621324,<15m
none,0.0,000043,Pedestrian,vru,12.631927802200265,177,0.9548022598870056,0.0,2.5521692817304884,<15m
none,0.0,000043,Pedestrian,vru,20.64994188853809,81,1.0,0.0,2.0931917319979965,15-30m
none,0.0,000043,Pedestrian,vru,20.569696157211464,84,0.9761904761904762,0.0,2.0550759493212487,15-30m
yaw,0.25,000043,Pedestrian,vru,12.751219549517607,169,0.8284023668639053,3.318352743570357,2.454497588621324,<15m
yaw,0.25,000043,Pedestrian,vru,12.631927802200265,177,0.943502824858757,3.3679412635367947,2.5521692817304884,<15m
yaw,0.25,000043,Pedestrian,vru,20.64994188853809,81,0.9506172839506173,3.2331418013859894,2.0931917319979965,15-30m
yaw,0.25,000043,Pedestrian,vru,20.569696157211464,84,0.8928571428571429,3.274641628355226,2.0550759493212487,15-30m
yaw,0.5,000043,Pedestrian,vru,12.751219549517607,169,0.7633136094674556,6.642004847495017,2.454497588621324,<15m
yaw,0.5,000043,Pedestrian,vru,12.631927802200265,177,0.8361581920903954,6.7424078966711,2.5521692817304884,<15m
yaw,0.5,000043,Pedestrian,vru,20.64994188853809,81,0.7901234567901234,6.463039469444257,2.0931917319979965,15-30m
yaw,0.5,000043,Pedestrian,vru,20.569696157211464,84,0.75,6.544640284453435,2.0550759493212487,15-30m
yaw,1.0,000043,Pedestrian,vru,12.751219549517607,169,0.47928994082840237,13.305783505674475,2.454497588621324,<15m
yaw,1.0,000043,Pedestrian,vru,12.631927802200265,177,0.5988700564971752,13.511528459072432,2.5521692817304884,<15m
yaw,1.0,000043,Pedestrian,vru,20.64994188853809,81,0.41975308641975306,12.91352855984239,2.0931917319979965,15-30m
yaw,1.0,000043,Pedestrian,vru,20.569696157211464,84,0.2857142857142857,13.071253762197408,2.0550759493212487,15-30m
yaw,2.0,000043,Pedestrian,vru,12.751219549517607,169,0.05917159763313609,26.703325130360437,2.454497588621324,<15m
yaw,2.0,000043,Pedestrian,vru,12.631927802200265,177,0.0847457627118644,27.13486197343195,2.5521692817304884,<15m
yaw,2.0,000043,Pedestrian,vru,20.64994188853809,81,0.0,25.78095853578005,2.0931917319979965,15-30m
yaw,2.0,000043,Pedestrian,vru,20.569696157211464,84,0.011904761904761904,26.074721874003217,2.0550759493212487,15-30m
yaw,3.0,000043,Pedestrian,vru,12.751219549517607,169,0.0,40.202108414553926,2.454497588621324,<15m
yaw,3.0,000043,Pedestrian,vru,12.631927802200265,177,0.0,40.88010535752916,2.5521692817304884,<15m
yaw,3.0,000043,Pedestrian,vru,20.64994188853809,81,0.0,38.61048675240586,2.0931917319979965,15-30m
yaw,3.0,000043,Pedestrian,vru,20.569696157211464,84,0.0,39.018943821307175,2.0550759493212487,15-30m
pitch,0.25,000043,Pedestrian,vru,12.751219549517607,169,0.8284023668639053,3.225748982328178,2.454497588621324,<15m
pitch,0.25,000043,Pedestrian,vru,12.631927802200265,177,0.9548022598870056,3.22712964104483,2.5521692817304884,<15m
pitch,0.25,000043,Pedestrian,vru,20.64994188853809,81,1.0,3.1934578716907347,2.0931917319979965,15-30m
pitch,0.25,000043,Pedestrian,vru,20.569696157211464,84,0.9761904761904762,3.1933125398892748,2.0550759493212487,15-30m
pitch,0.5,000043,Pedestrian,vru,12.751219549517607,169,0.8284023668639053,6.453085776853152,2.454497588621324,<15m
pitch,0.5,000043,Pedestrian,vru,12.631927802200265,177,0.9548022598870056,6.455843990354933,2.5521692817304884,<15m
pitch,0.5,000043,Pedestrian,vru,20.64994188853809,81,0.9876543209876543,6.387927410446365,2.0931917319979965,15-30m
pitch,0.5,000043,Pedestrian,vru,20.569696157211464,84,0.9761904761904762,6.387562305061386,2.0550759493212487,15-30m
pitch,1.0,000043,Pedestrian,vru,12.751219549517607,169,0.8106508875739645,12.913043359245728,2.454497588621324,<15m
pitch,1.0,000043,Pedestrian,vru,12.631927802200265,177,0.9548022598870056,12.91854853863242,2.5521692817304884,<15m
pitch,1.0,000043,Pedestrian,vru,20.64994188853809,81,0.9506172839506173,12.780402521763605,2.0931917319979965,15-30m
pitch,1.0,000043,Pedestrian,vru,20.569696157211464,84,0.9285714285714286,12.779377252885475,2.0550759493212487,15-30m
pitch,2.0,000043,Pedestrian,vru,12.751219549517607,169,0.7455621301775148,25.857546517846817,2.454497588621324,<15m
pitch,2.0,000043,Pedestrian,vru,12.631927802200265,177,0.847457627118644,25.868889979526962,2.5521692817304884,<15m
pitch,2.0,000043,Pedestrian,vru,20.64994188853809,81,0.7654320987654321,25.58301526915719,2.0931917319979965,15-30m
pitch,2.0,000043,Pedestrian,vru,20.569696157211464,84,0.7619047619047619,25.579800112578887,2.0550759493212487,15-30m
pitch,3.0,000043,Pedestrian,vru,12.751219549517607,169,0.6390532544378699,38.84155435823807,2.454497588621324,<15m
pitch,3.0,000043,Pedestrian,vru,12.631927802200265,177,0.7231638418079096,38.859549750921474,2.5521692817304884,<15m
pitch,3.0,000043,Pedestrian,vru,20.64994188853809,81,0.4567901234567901,38.41591593294915,2.0931917319979965,15-30m
pitch,3.0,000043,Pedestrian,vru,20.569696157211464,84,0.5,38.409324879513484,2.0550759493212487,15-30m
roll,0.25,000043,Pedestrian,vru,12.751219549517607,169,0.834319526627219,0.5912484976976236,2.454497588621324,<15m
roll,0.25,000043,Pedestrian,vru,12.631927802200265,177,0.9548022598870056,0.7088153368859427,2.5521692817304884,<15m
roll,0.25,000043,Pedestrian,vru,20.64994188853809,81,1.0,0.377529014326182,2.0931917319979965,15-30m
roll,0.25,000043,Pedestrian,vru,20.569696157211464,84,0.9761904761904762,0.5244485889687196,2.0550759493212487,15-30m
roll,0.5,000043,Pedestrian,vru,12.751219549517607,169,0.834319526627219,1.1824895514586087,2.454497588621324,<15m
roll,0.5,000043,Pedestrian,vru,12.631927802200265,177,0.9548022598870056,1.4176203261577536,2.5521692817304884,<15m
roll,0.5,000043,Pedestrian,vru,20.64994188853809,81,1.0,0.7550581343028148,2.0931917319979965,15-30m
roll,0.5,000043,Pedestrian,vru,20.569696157211464,84,0.9761904761904762,1.0488984617270058,2.0550759493212487,15-30m
roll,1.0,000043,Pedestrian,vru,12.751219549517607,169,0.8284023668639053,2.3649380108842193,2.454497588621324,<15m
roll,1.0,000043,Pedestrian,vru,12.631927802200265,177,0.9322033898305084,2.8351857021597646,2.5521692817304884,<15m
roll,1.0,000043,Pedestrian,vru,20.64994188853809,81,1.0,1.5101094866251779,2.0931917319979965,15-30m
roll,1.0,000043,Pedestrian,vru,20.569696157211464,84,0.9761904761904762,2.0977920510632613,2.0550759493212487,15-30m
roll,2.0,000043,Pedestrian,vru,12.751219549517607,169,0.8284023668639053,4.729621138053865,2.454497588621324,<15m
roll,2.0,000043,Pedestrian,vru,12.631927802200265,177,0.9322033898305084,5.670043147530657,2.5521692817304884,<15m
roll,2.0,000043,Pedestrian,vru,20.64994188853809,81,1.0,3.0201342050502484,2.0931917319979965,15-30m
roll,2.0,000043,Pedestrian,vru,20.569696157211464,84,0.9880952380952381,4.19548454410768,2.0550759493212487,15-30m
roll,3.0,000043,Pedestrian,vru,12.751219549517607,169,0.8165680473372781,7.093868397323533,2.454497588621324,<15m
roll,3.0,000043,Pedestrian,vru,12.631927802200265,177,0.903954802259887,8.504355490902256,2.5521692817304884,<15m
roll,3.0,000043,Pedestrian,vru,20.64994188853809,81,1.0,4.529958867464239,2.0931917319979965,15-30m
roll,3.0,000043,Pedestrian,vru,20.569696157211464,84,0.9880952380952381,6.29291732346971,2.0550759493212487,15-30m
t_fwd,0.02,000043,Pedestrian,vru,12.751219549517607,169,0.8284023668639053,0.20991059422724162,2.454497588621324,<15m
t_fwd,0.02,000043,Pedestrian,vru,12.631927802200265,177,0.9548022598870056,0.25721831071876183,2.5521692817304884,<15m
t_fwd,0.02,000043,Pedestrian,vru,20.64994188853809,81,1.0,0.08589126609490269,2.0931917319979965,15-30m
t_fwd,0.02,000043,Pedestrian,vru,20.569696157211464,84,0.9761904761904762,0.12056988317836204,2.0550759493212487,15-30m
t_fwd,0.05,000043,Pedestrian,vru,12.751219549517607,169,0.834319526627219,0.5235227376097024,2.454497588621324,<15m
t_fwd,0.05,000043,Pedestrian,vru,12.631927802200265,177,0.9548022598870056,0.641499691443834,2.5521692817304884,<15m
t_fwd,0.05,000043,Pedestrian,vru,20.64994188853809,81,1.0,0.21441149044661656,2.0931917319979965,15-30m
t_fwd,0.05,000043,Pedestrian,vru,20.569696157211464,84,0.9761904761904762,0.3009773211001173,2.0550759493212487,15-30m
t_fwd,0.1,000043,Pedestrian,vru,12.751219549517607,169,0.8284023668639053,1.0428928350040745,2.454497588621324,<15m
t_fwd,0.1,000043,Pedestrian,vru,12.631927802200265,177,0.9548022598870056,1.2778782489559375,2.5521692817304884,<15m
t_fwd,0.1,000043,Pedestrian,vru,20.64994188853809,81,1.0,0.4277715393917855,2.0931917319979965,15-30m
t_fwd,0.1,000043,Pedestrian,vru,20.569696157211464,84,0.9880952380952381,0.6004692408605954,2.0550759493212487,15-30m
t_fwd,0.2,000043,Pedestrian,vru,12.751219549517607,169,0.834319526627219,2.0693711890261453,2.454497588621324,<15m
t_fwd,0.2,000043,Pedestrian,vru,12.631927802200265,177,0.943502824858757,2.5353269260020737,2.5521692817304884,<15m
t_fwd,0.2,000043,Pedestrian,vru,20.64994188853809,81,1.0,0.8513680984690749,2.0931917319979965,15-30m
t_fwd,0.2,000043,Pedestrian,vru,20.569696157211464,84,0.9761904761904762,1.1950406470554993,2.0550759493212487,15-30m
t_left,0.02,000043,Pedestrian,vru,12.751219549517607,169,0.8402366863905325,1.1572637592936332,2.454497588621324,<15m
t_left,0.02,000043,Pedestrian,vru,12.631927802200265,177,0.9548022598870056,1.168539168191153,2.5521692817304884,<15m
t_left,0.02,000043,Pedestrian,vru,20.64994188853809,81,1.0,0.7058177454134527,2.0931917319979965,15-30m
t_left,0.02,000043,Pedestrian,vru,20.569696157211464,84,0.9880952380952381,0.7135059052965073,2.0550759493212487,15-30m
t_left,0.05,000043,Pedestrian,vru,12.751219549517607,169,0.8284023668639053,2.893158532577378,2.454497588621324,<15m
t_left,0.05,000043,Pedestrian,vru,12.631927802200265,177,0.9378531073446328,2.9213470378668096,2.5521692817304884,<15m
t_left,0.05,000043,Pedestrian,vru,20.64994188853809,81,1.0,1.76454404153783,2.0931917319979965,15-30m
t_left,0.05,000043,Pedestrian,vru,20.569696157211464,84,0.9523809523809523,1.7837644341940684,2.0550759493212487,15-30m
t_left,0.1,000043,Pedestrian,vru,12.751219549517607,169,0.7988165680473372,5.786314179635081,2.454497588621324,<15m
t_left,0.1,000043,Pedestrian,vru,12.631927802200265,177,0.8757062146892656,5.842691133699173,2.5521692817304884,<15m
t_left,0.1,000043,Pedestrian,vru,20.64994188853809,81,0.9506172839506173,3.5290870097570064,2.0931917319979965,15-30m
t_left,0.1,000043,Pedestrian,vru,20.569696157211464,84,0.8928571428571429,3.5675277715651603,2.0550759493212487,15-30m
t_left,0.2,000043,Pedestrian,vru,12.751219549517607,169,0.5739644970414202,11.572616817208456,2.454497588621324,<15m
t_left,0.2,000043,Pedestrian,vru,12.631927802200265,177,0.655367231638418,11.68537049927835,2.5521692817304884,<15m
t_left,0.2,000043,Pedestrian,vru,20.64994188853809,81,0.7407407407407407,7.058169726243149,2.0931917319979965,15-30m
t_left,0.2,000043,Pedestrian,vru,20.569696157211464,84,0.7023809523809523,7.135051155841655,2.0550759493212487,15-30m
t_up,0.02,000043,Pedestrian,vru,12.751219549517607,169,0.8284023668639053,1.15785929402926,2.454497588621324,<15m
t_up,0.02,000043,Pedestrian,vru,12.631927802200265,177,0.9548022598870056,1.1689397065266534,2.5521692817304884,<15m
t_up,0.02,000043,Pedestrian,vru,20.64994188853809,81,1.0,0.7059635908852115,2.0931917319979965,15-30m
t_up,0.02,000043,Pedestrian,vru,20.569696157211464,84,0.9761904761904762,0.7135309893124346,2.0550759493212487,15-30m
t_up,0.05,000043,Pedestrian,vru,12.751219549517607,169,0.8165680473372781,2.8945754339434098,2.454497588621324,<15m
t_up,0.05,000043,Pedestrian,vru,12.631927802200265,177,0.943502824858757,2.9222750599566822,2.5521692817304884,<15m
t_up,0.05,000043,Pedestrian,vru,20.64994188853809,81,1.0,1.7648819081461202,2.0931917319979965,15-30m
t_up,0.05,000043,Pedestrian,vru,20.569696157211464,84,0.9642857142857143,1.7837998209220995,2.0550759493212487,15-30m
t_up,0.1,000043,Pedestrian,vru,12.751219549517607,169,0.8165680473372781,5.78890821372895,2.454497588621324,<15m
t_up,0.1,000043,Pedestrian,vru,12.631927802200265,177,0.943502824858757,5.8443027821288975,2.5521692817304884,<15m
t_up,0.1,000043,Pedestrian,vru,20.64994188853809,81,1.0,3.5296735897596734,2.0931917319979965,15-30m
t_up,0.1,000043,Pedestrian,vru,20.569696157211464,84,0.9642857142857143,3.5675074711243844,2.0550759493212487,15-30m
t_up,0.2,000043,Pedestrian,vru,12.751219549517607,169,0.7159763313609467,11.576845932867336,2.454497588621324,<15m
t_up,0.2,000043,Pedestrian,vru,12.631927802200265,177,0.8870056497175142,11.687616338715276,2.5521692817304884,<15m
t_up,0.2,000043,Pedestrian,vru,20.64994188853809,81,0.9753086419753086,7.058986301063646,2.0931917319979965,15-30m
t_up,0.2,000043,Pedestrian,vru,20.569696157211464,84,0.9404761904761905,7.134646287943332,2.0550759493212487,15-30m
none,0.0,000048,Pedestrian,vru,16.89035227578158,132,0.8484848484848485,0.0,2.2532739542374802,15-30m
none,0.0,000048,Pedestrian,vru,17.16517987088979,148,0.8040540540540541,0.0,2.4917620647921734,15-30m
none,0.0,000048,Pedestrian,vru,16.5757654423559,112,0.8214285714285714,0.0,2.3394168169127525,15-30m
none,0.0,000048,Cyclist,vru,30.42289927012217,39,1.0,0.0,1.7412024927789036,>30m
yaw,0.25,000048,Pedestrian,vru,16.89035227578158,132,0.8863636363636364,3.2119534854779035,2.2532739542374802,15-30m
yaw,0.25,000048,Pedestrian,vru,17.16517987088979,148,0.75,3.2302075273624524,2.4917620647921734,15-30m
yaw,0.25,000048,Pedestrian,vru,16.5757654423559,112,0.7410714285714286,3.3105607465505935,2.3394168169127525,15-30m
yaw,0.25,000048,Cyclist,vru,30.42289927012217,39,1.0,3.1619192651276644,1.7412024927789036,>30m
yaw,0.5,000048,Pedestrian,vru,16.89035227578158,132,0.7727272727272727,6.421293201254791,2.2532739542374802,15-30m
yaw,0.5,000048,Pedestrian,vru,17.16517987088979,148,0.668918918918919,6.456960332156564,2.4917620647921734,15-30m
yaw,0.5,000048,Pedestrian,vru,16.5757654423559,112,0.5178571428571429,6.627018661722985,2.3394168169127525,15-30m
yaw,0.5,000048,Cyclist,vru,30.42289927012217,39,0.9230769230769231,6.323597977105108,1.7412024927789036,>30m
yaw,1.0,000048,Pedestrian,vru,16.89035227578158,132,0.45454545454545453,12.832643349149908,2.2532739542374802,15-30m
yaw,1.0,000048,Pedestrian,vru,17.16517987088979,148,0.43243243243243246,12.90062543460087,2.4917620647921734,15-30m
yaw,1.0,000048,Pedestrian,vru,16.5757654423559,112,0.16964285714285715,13.2782095196133,2.3394168169127525,15-30m
yaw,1.0,000048,Cyclist,vru,30.42289927012217,39,0.46153846153846156,12.64672163352402,1.7412024927789036,>30m
yaw,2.0,000048,Pedestrian,vru,16.89035227578158,132,0.19696969696969696,25.62959009944305,2.2532739542374802,15-30m
yaw,2.0,000048,Pedestrian,vru,17.16517987088979,148,0.0,25.752231088079306,2.4917620647921734,15-30m
yaw,2.0,000048,Pedestrian,vru,16.5757654423559,112,0.0,26.65783367921479,2.3394168169127525,15-30m
yaw,2.0,000048,Cyclist,vru,30.42289927012217,39,0.0,25.29392545159603,1.7412024927789036,>30m
yaw,3.0,000048,Pedestrian,vru,16.89035227578158,132,0.0,38.398908769346264,2.2532739542374802,15-30m
yaw,3.0,000048,Pedestrian,vru,17.16517987088979,148,0.0,38.56370462368554,2.4917620647921734,15-30m
yaw,3.0,000048,Pedestrian,vru,16.5757654423559,112,0.0,40.14849878845597,2.3394168169127525,15-30m
yaw,3.0,000048,Cyclist,vru,30.42289927012217,39,0.0,37.948324062175196,1.7412024927789036,>30m
pitch,0.25,000048,Pedestrian,vru,16.89035227578158,132,0.8409090909090909,3.186750433658796,2.2532739542374802,15-30m
pitch,0.25,000048,Pedestrian,vru,17.16517987088979,148,0.8040540540540541,3.187233938343761,2.4917620647921734,15-30m
pitch,0.25,000048,Pedestrian,vru,16.5757654423559,112,0.8214285714285714,3.184206570970231,2.3394168169127525,15-30m
pitch,0.25,000048,Cyclist,vru,30.42289927012217,39,1.0,3.1621899095993955,1.7412024927789036,>30m
pitch,0.5,000048,Pedestrian,vru,16.89035227578158,132,0.8409090909090909,6.374261329882524,2.2532739542374802,15-30m
pitch,0.5,000048,Pedestrian,vru,17.16517987088979,148,0.8040540540540541,6.375220381485978,2.4917620647921734,15-30m
pitch,0.5,000048,Pedestrian,vru,16.5757654423559,112,0.8303571428571429,6.369182405142583,2.3394168169127525,15-30m
pitch,0.5,000048,Cyclist,vru,30.42289927012217,39,0.8717948717948718,6.324523742426934,1.7412024927789036,>30m
pitch,1.0,000048,Pedestrian,vru,16.89035227578158,132,0.7954545454545454,12.752065303882322,2.2532739542374802,15-30m
pitch,1.0,000048,Pedestrian,vru,17.16517987088979,148,0.777027027027027,12.753951296001194,2.4917620647921734,15-30m
pitch,1.0,000048,Pedestrian,vru,16.5757654423559,112,0.7857142857142857,12.741947292581575,2.3394168169127525,15-30m
pitch,1.0,000048,Cyclist,vru,30.42289927012217,39,0.717948717948718,12.651062113881336,1.7412024927789036,>30m
pitch,2.0,000048,Pedestrian,vru,16.89035227578158,132,0.6742424242424242,25.52230937235703,2.2532739542374802,15-30m
pitch,2.0,000048,Pedestrian,vru,17.16517987088979,148,0.6486486486486487,25.525986696983466,2.4917620647921734,15-30m
pitch,2.0,000048,Pedestrian,vru,16.5757654423559,112,0.7142857142857143,25.502277052194497,2.3394168169127525,15-30m
pitch,2.0,000048,Cyclist,vru,30.42289927012217,39,0.358974358974359,25.314585177203398,1.7412024927789036,>30m
pitch,3.0,000048,Pedestrian,vru,16.89035227578158,132,0.45454545454545453,38.31868618937767,2.2532739542374802,15-30m
pitch,3.0,000048,Pedestrian,vru,17.16517987088979,148,0.44594594594594594,38.32426090447187,2.4917620647921734,15-30m
pitch,3.0,000048,Pedestrian,vru,16.5757654423559,112,0.5357142857142857,38.28912738204646,2.3394168169127525,15-30m
pitch,3.0,000048,Cyclist,vru,30.42289927012217,39,0.0,37.998419744654704,1.7412024927789036,>30m
roll,0.25,000048,Pedestrian,vru,16.89035227578158,132,0.8484848484848485,0.31210041776445185,2.2532739542374802,15-30m
roll,0.25,000048,Pedestrian,vru,17.16517987088979,148,0.8040540540540541,0.3848588412846371,2.4917620647921734,15-30m
roll,0.25,000048,Pedestrian,vru,16.5757654423559,112,0.8214285714285714,0.6507440508393736,2.3394168169127525,15-30m
roll,0.25,000048,Cyclist,vru,30.42289927012217,39,1.0,0.05772424219434798,1.7412024927789036,>30m
roll,0.5,000048,Pedestrian,vru,16.89035227578158,132,0.8409090909090909,0.6241987520849288,2.2532739542374802,15-30m
roll,0.5,000048,Pedestrian,vru,17.16517987088979,148,0.8040540540540541,0.7697152199122244,2.4917620647921734,15-30m
roll,0.5,000048,Pedestrian,vru,16.5757654423559,112,0.8214285714285714,1.3014863488249107,2.3394168169127525,15-30m
roll,0.5,000048,Cyclist,vru,30.42289927012217,39,1.0,0.11544820200909311,1.7412024927789036,>30m
roll,1.0,000048,Pedestrian,vru,16.89035227578158,132,0.8409090909090909,1.248383216971622,2.2532739542374802,15-30m
roll,1.0,000048,Pedestrian,vru,17.16517987088979,148,0.8040540540540541,1.5394132384325965,2.4917620647921734,15-30m
roll,1.0,000048,Pedestrian,vru,16.5757654423559,112,0.8214285714285714,2.6029533806268272,2.3394168169127525,15-30m
roll,1.0,000048,Cyclist,vru,30.42289927012217,39,1.0,0.23089417499441509,1.7412024927789036,>30m
roll,2.0,000048,Pedestrian,vru,16.89035227578158,132,0.8560606060606061,2.4966616605724483,2.2532739542374802,15-30m
roll,2.0,000048,Pedestrian,vru,17.16517987088979,148,0.8040540540540541,3.07869886837074,2.4917620647921734,15-30m
roll,2.0,000048,Pedestrian,vru,16.5757654423559,112,0.8214285714285714,5.205731047096767,2.3394168169127525,15-30m
roll,2.0,000048,Cyclist,vru,30.42289927012217,39,1.0,0.4617706380917017,1.7412024927789036,>30m
roll,3.0,000048,Pedestrian,vru,16.89035227578158,132,0.8712121212121212,3.7447400921781036,2.2532739542374802,15-30m
roll,3.0,000048,Pedestrian,vru,17.16517987088979,148,0.7837837837837838,4.617739296215017,2.4917620647921734,15-30m
roll,3.0,000048,Pedestrian,vru,16.5757654423559,112,0.8125,7.808136108684514,2.3394168169127525,15-30m
roll,3.0,000048,Cyclist,vru,30.42289927012217,39,1.0,0.6926117988383873,1.7412024927789036,>30m
t_fwd,0.02,000048,Pedestrian,vru,16.89035227578158,132,0.8560606060606061,0.0861994547470933,2.2532739542374802,15-30m
t_fwd,0.02,000048,Pedestrian,vru,17.16517987088979,148,0.8040540540540541,0.10621391408405294,2.4917620647921734,15-30m
t_fwd,0.02,000048,Pedestrian,vru,16.5757654423559,112,0.8392857142857143,0.18084552038745835,2.3394168169127525,15-30m
t_fwd,0.02,000048,Cyclist,vru,30.42289927012217,39,1.0,0.009062742741601284,1.7412024927789036,>30m
t_fwd,0.05,000048,Pedestrian,vru,16.89035227578158,132,0.8636363636363636,0.21511511594889224,2.2532739542374802,15-30m
t_fwd,0.05,000048,Pedestrian,vru,17.16517987088979,148,0.8040540540540541,0.2650654646562184,2.4917620647921734,15-30m
t_fwd,0.05,000048,Pedestrian,vru,16.5757654423559,112,0.8482142857142857,0.45128079796761,2.3394168169127525,15-30m
t_fwd,0.05,000048,Cyclist,vru,30.42289927012217,39,1.0,0.0226347154370039,1.7412024927789036,>30m
t_fwd,0.1,000048,Pedestrian,vru,16.89035227578158,132,0.8712121212121212,0.4289578785457342,2.2532739542374802,15-30m
t_fwd,0.1,000048,Pedestrian,vru,17.16517987088979,148,0.8040540540540541,0.528573879197503,2.4917620647921734,15-30m
t_fwd,0.1,000048,Pedestrian,vru,16.5757654423559,112,0.8660714285714286,0.8997985200889804,2.3394168169127525,15-30m
t_fwd,0.1,000048,Cyclist,vru,30.42289927012217,39,1.0,0.04519581817332319,1.7412024927789036,>30m
t_fwd,0.2,000048,Pedestrian,vru,16.89035227578158,132,0.8712121212121212,0.8528712362026106,2.2532739542374802,15-30m
t_fwd,0.2,000048,Pedestrian,vru,17.16517987088979,148,0.7905405405405406,1.050974116314134,2.4917620647921734,15-30m
t_fwd,0.2,000048,Pedestrian,vru,16.5757654423559,112,0.8839285714285714,1.7886456255867125,2.3394168169127525,15-30m
t_fwd,0.2,000048,Cyclist,vru,30.42289927012217,39,1.0,0.09009861730829118,1.7412024927789036,>30m
t_left,0.02,000048,Pedestrian,vru,16.89035227578158,132,0.8409090909090909,0.8548541163944288,2.2532739542374802,15-30m
t_left,0.02,000048,Pedestrian,vru,17.16517987088979,148,0.7905405405405406,0.8503825081555634,2.4917620647921734,15-30m
t_left,0.02,000048,Pedestrian,vru,16.5757654423559,112,0.8214285714285714,0.8845436462731793,2.3394168169127525,15-30m
t_left,0.02,000048,Cyclist,vru,30.42289927012217,39,1.0,0.4683118416071905,1.7412024927789036,>30m
t_left,0.05,000048,Pedestrian,vru,16.89035227578158,132,0.8712121212121212,2.137116664595893,2.2532739542374802,15-30m
t_left,0.05,000048,Pedestrian,vru,17.16517987088979,148,0.7635135135135135,2.125937842593558,2.4917620647921734,15-30m
t_left,0.05,000048,Pedestrian,vru,16.5757654423559,112,0.7767857142857143,2.21133914386625,2.3394168169127525,15-30m
t_left,0.05,000048,Cyclist,vru,30.42289927012217,39,1.0,1.1707740118732504,1.7412024927789036,>30m
t_left,0.1,000048,Pedestrian,vru,16.89035227578158,132,0.8484848484848485,4.274171242667818,2.2532739542374802,15-30m
t_left,0.1,000048,Pedestrian,vru,17.16517987088979,148,0.7162162162162162,4.2518142606224565,2.4917620647921734,15-30m
t_left,0.1,000048,Pedestrian,vru,16.5757654423559,112,0.6785714285714286,4.422611716613211,2.3394168169127525,15-30m
t_left,0.1,000048,Cyclist,vru,30.42289927012217,39,1.0,2.3415293835019297,1.7412024927789036,>30m
t_left,0.2,000048,Pedestrian,vru,16.89035227578158,132,0.6742424242424242,8.548094150061559,2.2532739542374802,15-30m
t_left,0.2,000048,Pedestrian,vru,17.16517987088979,148,0.6013513513513513,8.503382833635087,2.4917620647921734,15-30m
t_left,0.2,000048,Pedestrian,vru,16.5757654423559,112,0.38392857142857145,8.844957160773795,2.3394168169127525,15-30m
t_left,0.2,000048,Cyclist,vru,30.42289927012217,39,0.9743589743589743,4.682984207805672,1.7412024927789036,>30m
t_up,0.02,000048,Pedestrian,vru,16.89035227578158,132,0.8484848484848485,0.8544421092832041,2.2532739542374802,15-30m
t_up,0.02,000048,Pedestrian,vru,17.16517987088979,148,0.8040540540540541,0.8497923068855209,2.4917620647921734,15-30m
t_up,0.02,000048,Pedestrian,vru,16.5757654423559,112,0.8214285714285714,0.8854093445773207,2.3394168169127525,15-30m
t_up,0.02,000048,Cyclist,vru,30.42289927012217,39,1.0,0.46828750165851546,1.7412024927789036,>30m
t_up,0.05,000048,Pedestrian,vru,16.89035227578158,132,0.8484848484848485,2.136116586052232,2.2532739542374802,15-30m
t_up,0.05,000048,Pedestrian,vru,17.16517987088979,148,0.8040540540540541,2.124491956785082,2.4917620647921734,15-30m
t_up,0.05,000048,Pedestrian,vru,16.5757654423559,112,0.8214285714285714,2.213535509176599,2.3394168169127525,15-30m
t_up,0.05,000048,Cyclist,vru,30.42289927012217,39,1.0,1.170722151992527,1.7412024927789036,>30m
t_up,0.1,000048,Pedestrian,vru,16.89035227578158,132,0.8560606060606061,4.272270882118008,2.2532739542374802,15-30m
t_up,0.1,000048,Pedestrian,vru,17.16517987088979,148,0.8040540540540541,4.249021212665047,2.4917620647921734,15-30m
t_up,0.1,000048,Pedestrian,vru,16.5757654423559,112,0.8214285714285714,4.427111511390207,2.3394168169127525,15-30m
t_up,0.1,000048,Cyclist,vru,30.42289927012217,39,1.0,2.341455630226749,1.7412024927789036,>30m
t_up,0.2,000048,Pedestrian,vru,16.89035227578158,132,0.8333333333333334,8.544692608284532,2.2532739542374802,15-30m
t_up,0.2,000048,Pedestrian,vru,17.16517987088979,148,0.7905405405405406,8.498191625638736,2.4917620647921734,15-30m
t_up,0.2,000048,Pedestrian,vru,16.5757654423559,112,0.8125,8.854384999372957,2.3394168169127525,15-30m
t_up,0.2,000048,Cyclist,vru,30.42289927012217,39,1.0,4.6829565660776185,1.7412024927789036,>30m
none,0.0,000049,Car,vehicle,21.55469786380686,189,0.9947089947089947,0.0,4.908201098436874,15-30m
none,0.0,000049,Car,vehicle,14.348257733955018,921,0.9869706840390879,0.0,15.066851260595588,<15m
none,0.0,000049,Car,vehicle,22.289344988132783,139,1.0,0.0,8.3124169387538,15-30m
none,0.0,000049,Car,vehicle,25.20128964953976,73,1.0,0.0,8.09007487313945,15-30m
none,0.0,000049,Car,vehicle,32.78124006196227,20,1.0,0.0,6.552738305177336,>30m
none,0.0,000049,Van,vehicle,45.86104665181553,76,1.0,0.0,5.599843738258672,>30m
none,0.0,000049,Pedestrian,vru,5.464155927496945,872,0.8704128440366973,0.0,11.461733482419984,<15m
none,0.0,000049,Car,vehicle,10.398389298348086,552,1.0,0.0,20.580140409025823,<15m
none,0.0,000049,Car,vehicle,15.44416070882455,440,1.0,0.0,10.488192866551408,15-30m
none,0.0,000049,Car,vehicle,20.644311565174558,235,0.902127659574468,0.0,7.671595342501001,15-30m
none,0.0,000049,Pedestrian,vru,32.79,40,0.9,0.0,1.296730689815141,>30m
none,0.0,000049,Car,vehicle,33.246186247447994,80,0.9375,0.0,8.37832547963234,>30m
none,0.0,000049,Car,vehicle,14.42238537829301,476,1.0,0.0,20.083841155422345,<15m
none,0.0,000049,Car,vehicle,19.022000420565657,316,1.0,0.0,11.740455143243691,15-30m
none,0.0,000049,Car,vehicle,23.202450301638404,28,0.32142857142857145,0.0,7.2705855455893955,15-30m
none,0.0,000049,Van,vehicle,35.570551021877634,273,1.0,0.0,12.646499060622183,>30m
none,0.0,000049,Car,vehicle,22.381387356462064,51,1.0,0.0,8.865095787566624,15-30m
yaw,0.25,000049,Car,vehicle,21.55469786380686,189,0.9629629629629629,3.1931565877785446,4.908201098436874,15-30m
yaw,0.25,000049,Car,vehicle,14.348257733955018,921,0.9858849077090119,3.4710741278209705,15.066851260595588,<15m
yaw,0.25,000049,Car,vehicle,22.289344988132783,139,1.0,3.2854269639016636,8.3124169387538,15-30m
yaw,0.25,000049,Car,vehicle,25.20128964953976,73,1.0,3.2414403835936736,8.09007487313945,15-30m
yaw,0.25,000049,Car,vehicle,32.78124006196227,20,1.0,3.2047723407495767,6.552738305177336,>30m
yaw,0.25,000049,Van,vehicle,45.86104665181553,76,1.0,3.180897043479416,5.599843738258672,>30m
yaw,0.25,000049,Pedestrian,vru,5.464155927496945,872,0.8738532110091743,4.496905872745522,11.461733482419984,<15m
yaw,0.25,000049,Car,vehicle,10.398389298348086,552,1.0,3.8873942662917713,20.580140409025823,<15m
yaw,0.25,000049,Car,vehicle,15.44416070882455,440,1.0,3.444506579244114,10.488192866551408,15-30m
yaw,0.25,000049,Car,vehicle,20.644311565174558,235,0.902127659574468,3.3137480312057392,7.671595342501001,15-30m
yaw,0.25,000049,Pedestrian,vru,32.79,40,0.8,3.2228900245358107,1.296730689815141,>30m
yaw,0.25,000049,Car,vehicle,33.246186247447994,80,0.9375,3.480960717576985,8.37832547963234,>30m
yaw,0.25,000049,Car,vehicle,14.42238537829301,476,1.0,4.752444705429616,20.083841155422345,<15m
yaw,0.25,000049,Car,vehicle,19.022000420565657,316,1.0,3.8721951252108604,11.740455143243691,15-30m
yaw,0.25,000049,Car,vehicle,23.202450301638404,28,0.32142857142857145,3.6301365754124753,7.2705855455893955,15-30m
yaw,0.25,000049,Van,vehicle,35.570551021877634,273,0.989010989010989,3.9289252373341355,12.646499060622183,>30m
yaw,0.25,000049,Car,vehicle,22.381387356462064,51,1.0,5.197496371483404,8.865095787566624,15-30m
yaw,0.5,000049,Car,vehicle,21.55469786380686,189,0.9047619047619048,6.386446585696737,4.908201098436874,15-30m
yaw,0.5,000049,Car,vehicle,14.348257733955018,921,0.9761129207383279,6.950936594976667,15.066851260595588,<15m
yaw,0.5,000049,Car,vehicle,22.289344988132783,139,1.0,6.5759263720429155,8.3124169387538,15-30m
yaw,0.5,000049,Car,vehicle,25.20128964953976,73,1.0,6.486771139357349,8.09007487313945,15-30m
yaw,0.5,000049,Car,vehicle,32.78124006196227,20,1.0,6.412292422960615,6.552738305177336,>30m
yaw,0.5,000049,Van,vehicle,45.86104665181553,76,1.0,6.363683698127371,5.599843738258672,>30m
yaw,0.5,000049,Pedestrian,vru,5.464155927496945,872,0.8727064220183486,8.969723992346326,11.461733482419984,<15m
yaw,0.5,000049,Car,vehicle,10.398389298348086,552,0.9927536231884058,7.759487993157265,20.580140409025823,<15m
yaw,0.5,000049,Car,vehicle,15.44416070882455,440,0.9886363636363636,6.880914497548845,10.488192866551408,15-30m
yaw,0.5,000049,Car,vehicle,20.644311565174558,235,0.8893617021276595,6.621956438821866,7.671595342501001,15-30m
yaw,0.5,000049,Pedestrian,vru,32.79,40,0.6,6.442366234919767,1.296730689815141,>30m
yaw,0.5,000049,Car,vehicle,33.246186247447994,80,0.9375,6.952524173419301,8.37832547963234,>30m
yaw,0.5,000049,Car,vehicle,14.42238537829301,476,1.0,9.534272337082207,20.083841155422345,<15m
yaw,0.5,000049,Car,vehicle,19.022000420565657,316,1.0,7.7602495999489545,11.740455143243691,15-30m
yaw,0.5,000049,Car,vehicle,23.202450301638404,28,0.32142857142857145,7.272318339465642,7.2705855455893955,15-30m
yaw,0.5,000049,Van,vehicle,35.570551021877634,273,0.9523809523809523,7.841153295906107,12.646499060622183,>30m
yaw,0.5,000049,Car,vehicle,22.381387356462064,51,0.9803921568627451,10.430920489710466,8.865095787566624,15-30m
yaw,1.0,000049,Car,vehicle,21.55469786380686,189,0.7724867724867724,12.77339501605694,4.908201098436874,15-30m
yaw,1.0,000049,Car,vehicle,14.348257733955018,921,0.9511400651465798,13.937710868264924,15.066851260595588,<15m
yaw,1.0,000049,Car,vehicle,22.289344988132783,139,1.0,13.172740773146026,8.3124169387538,15-30m
yaw,1.0,000049,Car,vehicle,25.20128964953976,73,1.0,12.98963626133343,8.09007487313945,15-30m
yaw,1.0,000049,Car,vehicle,32.78124006196227,20,1.0,12.836086092922017,6.552738305177336,>30m
yaw,1.0,000049,Van,vehicle,45.86104665181553,76,0.9605263157894737,12.735422589347817,5.599843738258672,>30m
yaw,1.0,000049,Pedestrian,vru,5.464155927496945,872,0.8646788990825688,17.84457763396549,11.461733482419984,<15m
yaw,1.0,000049,Car,vehicle,10.398389298348086,552,0.9619565217391305,15.458739694528749,20.580140409025823,<15m
yaw,1.0,000049,Car,vehicle,15.44416070882455,440,0.95,13.730084151625409,10.488192866551408,15-30m
yaw,1.0,000049,Car,vehicle,20.644311565174558,235,0.7957446808510639,13.222323003297788,7.671595342501001,15-30m
yaw,1.0,000049,Pedestrian,vru,32.79,40,0.05,12.871593957638035,1.296730689815141,>30m
yaw,1.0,000049,Car,vehicle,33.246186247447994,80,0.9375,13.868142363893318,8.37832547963234,>30m
yaw,1.0,000049,Car,vehicle,14.42238537829301,476,1.0,19.187933681953872,20.083841155422345,<15m
yaw,1.0,000049,Car,vehicle,19.022000420565657,316,1.0,15.584939444205768,11.740455143243691,15-30m
yaw,1.0,000049,Car,vehicle,23.202450301638404,28,0.32142857142857145,14.593627362805975,7.2705855455893955,15-30m
yaw,1.0,000049,Van,vehicle,35.570551021877634,273,0.8974358974358975,15.616536918385139,12.646499060622183,>30m
yaw,1.0,000049,Car,vehicle,22.381387356462064,51,0.8431372549019608,20.909263339293563,8.865095787566624,15-30m
yaw,2.0,000049,Car,vehicle,21.55469786380686,189,0.5396825396825397,25.548529718926027,4.908201098436874,15-30m
yaw,2.0,000049,Car,vehicle,14.348257733955018,921,0.8968512486427795,28.02433779543285,15.066851260595588,<15m
yaw,2.0,000049,Car,vehicle,22.289344988132783,139,1.0,26.434290603717507,8.3124169387538,15-30m
yaw,2.0,000049,Car,vehicle,25.20128964953976,73,1.0,26.047945661243627,8.09007487313945,15-30m
yaw,2.0,000049,Car,vehicle,32.78124006196227,20,1.0,25.7222858660312,6.552738305177336,>30m
yaw,2.0,000049,Van,vehicle,45.86104665181553,76,0.868421052631579,25.50705854503239,5.599843738258672,>30m
yaw,2.0,000049,Pedestrian,vru,5.464155927496945,872,0.801605504587156,35.3212029767369,11.461733482419984,<15m
yaw,2.0,000049,Car,vehicle,10.398389298348086,552,0.8822463768115942,30.684094071151144,20.580140409025823,<15m
yaw,2.0,000049,Car,vehicle,15.44416070882455,440,0.85,27.338312870589654,10.488192866551408,15-30m
yaw,2.0,000049,Car,vehicle,20.644311565174558,235,0.5659574468085107,26.362663422889934,7.671595342501001,15-30m
yaw,2.0,000049,Pedestrian,vru,32.79,40,0.0,25.69474018317224,1.296730689815141,>30m
yaw,2.0,000049,Car,vehicle,33.246186247447994,80,0.925,27.594036919730666,8.37832547963234,>30m
yaw,2.0,000049,Car,vehicle,14.42238537829301,476,0.957983193277311,38.6912320895083,20.083841155422345,<15m
yaw,2.0,000049,Car,vehicle,19.022000420565657,316,0.9968354430379747,31.43585316066158,11.740455143243691,15-30m
yaw,2.0,000049,Car,vehicle,23.202450301638404,28,0.32142857142857145,29.389829116596488,7.2705855455893955,15-30m
yaw,2.0,000049,Van,vehicle,35.570551021877634,273,0.7619047619047619,30.97796116492034,12.646499060622183,>30m
yaw,2.0,000049,Car,vehicle,22.381387356462064,51,0.4117647058823529,41.25426308579999,8.865095787566624,15-30m
yaw,3.0,000049,Car,vehicle,21.55469786380686,189,0.3386243386243386,38.32924359327145,4.908201098436874,15-30m
yaw,3.0,000049,Car,vehicle,14.348257733955018,921,0.8360477741585234,42.271284125996644,15.066851260595588,<15m
yaw,3.0,000049,Car,vehicle,22.289344988132783,139,0.9856115107913669,39.79356112603056,8.3124169387538,15-30m
yaw,3.0,000049,Car,vehicle,25.20128964953976,73,0.958904109589041,39.18363715811609,8.09007487313945,15-30m
yaw,3.0,000049,Car,vehicle,32.78124006196227,20,1.0,38.66689964583884,6.552738305177336,>30m
yaw,3.0,000049,Van,vehicle,45.86104665181553,76,0.7368421052631579,38.32295319032244,5.599843738258672,>30m
yaw,3.0,000049,Pedestrian,vru,5.464155927496945,872,0.6685779816513762,52.45207389656203,11.461733482419984,<15m
yaw,3.0,000049,Car,vehicle,10.398389298348086,552,0.822463768115942,45.69072720568923,20.580140409025823,<15m
yaw,3.0,000049,Car,vehicle,15.44416070882455,440,0.7045454545454546,40.83473227465711,10.488192866551408,15-30m
yaw,3.0,000049,Car,vehicle,20.644311565174558,235,0.3021276595744681,39.42872391597438,7.671595342501001,15-30m
yaw,3.0,000049,Pedestrian,vru,32.79,40,0.0,38.477579609840504,1.296730689815141,>30m
yaw,3.0,000049,Car,vehicle,33.246186247447994,80,0.775,41.188195518531394,8.37832547963234,>30m
yaw,3.0,000049,Car,vehicle,14.42238537829301,476,0.8508403361344538,58.14066629813063,20.083841155422345,<15m
yaw,3.0,000049,Car,vehicle,19.022000420565657,316,0.9272151898734177,47.569738497696065,11.740455143243691,15-30m
yaw,3.0,000049,Car,vehicle,23.202450301638404,28,0.32142857142857145,44.40222457308359,7.2705855455893955,15-30m
yaw,3.0,000049,Van,vehicle,35.570551021877634,273,0.6446886446886447,46.09969648023448,12.646499060622183,>30m
yaw,3.0,000049,Car,vehicle,22.381387356462064,51,0.19607843137254902,61.67170848838194,8.865095787566624,15-30m
pitch,0.25,000049,Car,vehicle,21.55469786380686,189,0.9947089947089947,3.197448685111485,4.908201098436874,15-30m
pitch,0.25,000049,Car,vehicle,14.348257733955018,921,1.0,3.2287011181676926,15.066851260595588,<15m
pitch,0.25,000049,Car,vehicle,22.289344988132783,139,1.0,3.19233553645695,8.3124169387538,15-30m
pitch,0.25,000049,Car,vehicle,25.20128964953976,73,1.0,3.186915014908443,8.09007487313945,15-30m
pitch,0.25,000049,Car,vehicle,32.78124006196227,20,1.0,3.177903563281978,6.552738305177336,>30m
pitch,0.25,000049,Van,vehicle,45.86104665181553,76,1.0,3.1677137352942184,5.599843738258672,>30m
pitch,0.25,000049,Pedestrian,vru,5.464155927496945,872,0.8486238532110092,3.451186893882281,11.461733482419984,<15m
pitch,0.25,000049,Car,vehicle,10.398389298348086,552,1.0,3.2928464118345135,20.580140409025823,<15m
pitch,0.25,000049,Car,vehicle,15.44416070882455,440,1.0,3.227224574691787,10.488192866551408,15-30m
pitch,0.25,000049,Car,vehicle,20.644311565174558,235,1.0,3.1982782152314835,7.671595342501001,15-30m
pitch,0.25,000049,Pedestrian,vru,32.79,40,0.9,3.1775270819316335,1.296730689815141,>30m
pitch,0.25,000049,Car,vehicle,33.246186247447994,80,1.0,3.178180167388229,8.37832547963234,>30m
pitch,0.25,000049,Car,vehicle,14.42238537829301,476,1.0,3.245540393876602,20.083841155422345,<15m
pitch,0.25,000049,Car,vehicle,19.022000420565657,316,1.0,3.2070982873332006,11.740455143243691,15-30m
pitch,0.25,000049,Car,vehicle,23.202450301638404,28,1.0,3.187733061607993,7.2705855455893955,15-30m
pitch,0.25,000049,Van,vehicle,35.570551021877634,273,1.0,3.176119997447206,12.646499060622183,>30m
pitch,0.25,000049,Car,vehicle,22.381387356462064,51,1.0,3.1969450820231966,8.865095787566624,15-30m
pitch,0.5,000049,Car,vehicle,21.55469786380686,189,0.9682539682539683,6.3962482508187035,4.908201098436874,15-30m
pitch,0.5,000049,Car,vehicle,14.348257733955018,921,1.0,6.459549696428759,15.066851260595588,<15m
pitch,0.5,000049,Car,vehicle,22.289344988132783,139,1.0,6.385530615182069,8.3124169387538,15-30m
pitch,0.5,000049,Car,vehicle,25.20128964953976,73,1.0,6.374714999530014,8.09007487313945,15-30m
pitch,0.5,000049,Car,vehicle,32.78124006196227,20,1.0,6.356601674855552,6.552738305177336,>30m
pitch,0.5,000049,Van,vehicle,45.86104665181553,76,1.0,6.335417727369856,5.599843738258672,>30m
pitch,0.5,000049,Pedestrian,vru,5.464155927496945,872,0.8451834862385321,6.9070715724268945,11.461733482419984,<15m
pitch,0.5,000049,Car,vehicle,10.398389298348086,552,1.0,6.589137669622511,20.580140409025823,<15m
pitch,0.5,000049,Car,vehicle,15.44416070882455,440,1.0,6.456497687005552,10.488192866551408,15-30m
pitch,0.5,000049,Car,vehicle,20.644311565174558,235,1.0,6.39772550926113,7.671595342501001,15-30m
pitch,0.5,000049,Pedestrian,vru,32.79,40,0.775,6.356007739221882,1.296730689815141,>30m
pitch,0.5,000049,Car,vehicle,33.246186247447994,80,0.9875,6.357208642426643,8.37832547963234,>30m
pitch,0.5,000049,Car,vehicle,14.42238537829301,476,1.0,6.493645265605096,20.083841155422345,<15m
pitch,0.5,000049,Car,vehicle,19.022000420565657,316,1.0,6.415650776892374,11.740455143243691,15-30m
pitch,0.5,000049,Car,vehicle,23.202450301638404,28,1.0,6.375675657539325,7.2705855455893955,15-30m
pitch,0.5,000049,Van,vehicle,35.570551021877634,273,1.0,6.352400418108049,12.646499060622183,>30m
pitch,0.5,000049,Car,vehicle,22.381387356462064,51,1.0,6.394623726165344,8.865095787566624,15-30m
pitch,1.0,000049,Car,vehicle,21.55469786380686,189,0.8095238095238095,12.798401363489011,4.908201098436874,15-30m
pitch,1.0,000049,Car,vehicle,14.348257733955018,921,0.9793702497285559,12.928100135040857,15.066851260595588,<15m
pitch,1.0,000049,Car,vehicle,22.289344988132783,139,0.9712230215827338,12.775007710090541,8.3124169387538,15-30m
pitch,1.0,000049,Car,vehicle,25.20128964953976,73,0.7808219178082192,12.753468960353217,8.09007487313945,15-30m
pitch,1.0,000049,Car,vehicle,32.78124006196227,20,0.65,12.716875604203867,6.552738305177336,>30m
pitch,1.0,000049,Van,vehicle,45.86104665181553,76,0.7894736842105263,12.670703588931822,5.599843738258672,>30m
pitch,1.0,000049,Pedestrian,vru,5.464155927496945,872,0.8153669724770642,13.817191764722391,11.461733482419984,<15m
pitch,1.0,000049,Car,vehicle,10.398389298348086,552,1.0,13.194274710647429,20.580140409025823,<15m
pitch,1.0,000049,Car,vehicle,15.44416070882455,440,0.9704545454545455,12.922604093322903,10.488192866551408,15-30m
pitch,1.0,000049,Car,vehicle,20.644311565174558,235,0.9702127659574468,12.80035401011746,7.671595342501001,15-30m
pitch,1.0,000049,Pedestrian,vru,32.79,40,0.725,12.716324548575201,1.296730689815141,>30m
pitch,1.0,000049,Car,vehicle,33.246186247447994,80,0.925,12.718332526805309,8.37832547963234,>30m
pitch,1.0,000049,Car,vehicle,14.42238537829301,476,0.9873949579831933,12.99820357869534,20.083841155422345,<15m
pitch,1.0,000049,Car,vehicle,19.022000420565657,316,0.9462025316455697,12.8377079734393,11.740455143243691,15-30m
pitch,1.0,000049,Car,vehicle,23.202450301638404,28,1.0,12.752511113099613,7.2705855455893955,15-30m
pitch,1.0,000049,Van,vehicle,35.570551021877634,273,1.0,12.705289136047245,12.646499060622183,>30m
pitch,1.0,000049,Car,vehicle,22.381387356462064,51,1.0,12.792818016151218,8.865095787566624,15-30m
pitch,2.0,000049,Car,vehicle,21.55469786380686,189,0.36507936507936506,25.62448874876487,4.908201098436874,15-30m
pitch,2.0,000049,Car,vehicle,14.348257733955018,921,0.8262757871878393,25.896236089452415,15.066851260595588,<15m
pitch,2.0,000049,Car,vehicle,22.289344988132783,139,0.7338129496402878,25.572403685612194,8.3124169387538,15-30m
pitch,2.0,000049,Car,vehicle,25.20128964953976,73,0.5342465753424658,25.527096424644466,8.09007487313945,15-30m
pitch,2.0,000049,Car,vehicle,32.78124006196227,20,0.0,25.452401837261313,6.552738305177336,>30m
pitch,2.0,000049,Van,vehicle,45.86104665181553,76,0.5,25.344002622426395,5.599843738258672,>30m
pitch,2.0,000049,Pedestrian,vru,5.464155927496945,872,0.7557339449541285,27.610761162778065,11.461733482419984,<15m
pitch,2.0,000049,Car,vehicle,10.398389298348086,552,0.9619565217391305,26.45560871141658,20.580140409025823,<15m
pitch,2.0,000049,Car,vehicle,15.44416070882455,440,0.8227272727272728,25.885807672755433,10.488192866551408,15-30m
pitch,2.0,000049,Car,vehicle,20.644311565174558,235,0.8212765957446808,25.62327604571215,7.671595342501001,15-30m
pitch,2.0,000049,Pedestrian,vru,32.79,40,0.325,25.453854021575992,1.296730689815141,>30m
pitch,2.0,000049,Car,vehicle,33.246186247447994,80,0.2875,25.456507010185405,8.37832547963234,>30m
pitch,2.0,000049,Car,vehicle,14.42238537829301,476,0.9411764705882353,26.043942907313543,20.083841155422345,<15m
pitch,2.0,000049,Car,vehicle,19.022000420565657,316,0.689873417721519,25.704976702427388,11.740455143243691,15-30m
pitch,2.0,000049,Car,vehicle,23.202450301638404,28,1.0,25.51416516462036,7.2705855455893955,15-30m
pitch,2.0,000049,Van,vehicle,35.570551021877634,273,1.0,25.419239772740866,12.646499060622183,>30m
pitch,2.0,000049,Car,vehicle,22.381387356462064,51,0.9215686274509803,25.604755104343166,8.865095787566624,15-30m
pitch,3.0,000049,Car,vehicle,21.55469786380686,189,0.12698412698412698,38.4863862812634,4.908201098436874,15-30m
pitch,3.0,000049,Car,vehicle,14.348257733955018,921,0.5950054288816504,38.91437537655269,15.066851260595588,<15m
pitch,3.0,000049,Car,vehicle,22.289344988132783,139,0.35251798561151076,38.40044424740049,8.3124169387538,15-30m
pitch,3.0,000049,Car,vehicle,25.20128964953976,73,0.2602739726027397,38.328923179644704,8.09007487313945,15-30m
pitch,3.0,000049,Car,vehicle,32.78124006196227,20,0.0,38.21453477032355,6.552738305177336,>30m
pitch,3.0,000049,Van,vehicle,45.86104665181553,76,0.0,38.028772245635544,5.599843738258672,>30m
pitch,3.0,000049,Pedestrian,vru,5.464155927496945,872,0.6869266055045872,41.3900782194731,11.461733482419984,<15m
pitch,3.0,000049,Car,vehicle,10.398389298348086,552,0.8768115942028986,39.79222644632736,20.580140409025823,<15m
pitch,3.0,000049,Car,vehicle,15.44416070882455,440,0.6363636363636364,38.9006589739778,10.488192866551408,15-30m
pitch,3.0,000049,Car,vehicle,20.644311565174558,235,0.5702127659574469,38.47802026533377,7.671595342501001,15-30m
pitch,3.0,000049,Pedestrian,vru,32.79,40,0.0,38.22056250901923,1.296730689815141,>30m
pitch,3.0,000049,Car,vehicle,33.246186247447994,80,0.2375,38.22302724073873,8.37832547963234,>30m
pitch,3.0,000049,Car,vehicle,14.42238537829301,476,0.7983193277310925,39.150048272140864,20.083841155422345,<15m
pitch,3.0,000049,Car,vehicle,19.022000420565657,316,0.47151898734177217,38.61011392027077,11.740455143243691,15-30m
pitch,3.0,000049,Car,vehicle,23.202450301638404,28,0.9642857142857143,38.292917738033815,7.2705855455893955,15-30m
pitch,3.0,000049,Van,vehicle,35.570551021877634,273,0.7362637362637363,38.15311647177638,12.646499060622183,>30m
pitch,3.0,000049,Car,vehicle,22.381387356462064,51,0.803921568627451,38.44580193372444,8.865095787566624,15-30m
roll,0.25,000049,Car,vehicle,21.55469786380686,189,0.9947089947089947,0.14959336815537025,4.908201098436874,15-30m
roll,0.25,000049,Car,vehicle,14.348257733955018,921,0.9869706840390879,0.9111862330239844,15.066851260595588,<15m
roll,0.25,000049,Car,vehicle,22.289344988132783,139,1.0,0.5511895296182259,8.3124169387538,15-30m
roll,0.25,000049,Car,vehicle,25.20128964953976,73,1.0,0.42961313533566714,8.09007487313945,15-30m
roll,0.25,000049,Car,vehicle,32.78124006196227,20,1.0,0.29966025802002016,6.552738305177336,>30m
roll,0.25,000049,Van,vehicle,45.86104665181553,76,1.0,0.20804569547198526,5.599843738258672,>30m
roll,0.25,000049,Pedestrian,vru,5.464155927496945,872,0.856651376146789,1.9669532728921195,11.461733482419984,<15m
roll,0.25,000049,Car,vehicle,10.398389298348086,552,1.0,1.445448956997839,20.580140409025823,<15m
roll,0.25,000049,Car,vehicle,15.44416070882455,440,1.0,0.8788324659619099,10.488192866551408,15-30m
roll,0.25,000049,Car,vehicle,20.644311565174558,235,1.0,0.6253216075406178,7.671595342501001,15-30m
roll,0.25,000049,Pedestrian,vru,32.79,40,0.9,0.393440496071757,1.296730689815141,>30m
roll,0.25,000049,Car,vehicle,33.246186247447994,80,0.9375,0.9851350103514959,8.37832547963234,>30m
roll,0.25,000049,Car,vehicle,14.42238537829301,476,0.9957983193277311,2.196049272566218,20.083841155422345,<15m
roll,0.25,000049,Car,vehicle,19.022000420565657,316,1.0,1.4576588096533118,11.740455143243691,15-30m
roll,0.25,000049,Car,vehicle,23.202450301638404,28,0.32142857142857145,1.1771924448848574,7.2705855455893955,15-30m
roll,0.25,000049,Van,vehicle,35.570551021877634,273,1.0,1.5464742223902395,12.646499060622183,>30m
roll,0.25,000049,Car,vehicle,22.381387356462064,51,1.0,2.5039964959330008,8.865095787566624,15-30m
roll,0.5,000049,Car,vehicle,21.55469786380686,189,0.9947089947089947,0.2991860756426703,4.908201098436874,15-30m
roll,0.5,000049,Car,vehicle,14.348257733955018,921,0.9869706840390879,1.822355960795559,15.066851260595588,<15m
roll,0.5,000049,Car,vehicle,22.289344988132783,139,1.0,1.1023720314524934,8.3124169387538,15-30m
roll,0.5,000049,Car,vehicle,25.20128964953976,73,0.7945205479452054,0.8592216184560163,8.09007487313945,15-30m
roll,0.5,000049,Car,vehicle,32.78124006196227,20,1.0,0.599317796016889,6.552738305177336,>30m
roll,0.5,000049,Van,vehicle,45.86104665181553,76,1.0,0.41608977977150197,5.599843738258672,>30m
roll,0.5,000049,Pedestrian,vru,5.464155927496945,872,0.8497706422018348,3.927305092944657,11.461733482419984,<15m
roll,0.5,000049,Car,vehicle,10.398389298348086,552,1.0,2.890919496291855,20.580140409025823,<15m
roll,0.5,000049,Car,vehicle,15.44416070882455,440,1.0,1.757671362066075,10.488192866551408,15-30m
roll,0.5,000049,Car,vehicle,20.644311565174558,235,1.0,1.2506457268063542,7.671595342501001,15-30m
roll,0.5,000049,Pedestrian,vru,32.79,40,0.9,0.7868812871117227,1.296730689815141,>30m
roll,0.5,000049,Car,vehicle,33.246186247447994,80,1.0,1.9702792449583084,8.37832547963234,>30m
roll,0.5,000049,Car,vehicle,14.42238537829301,476,0.9474789915966386,4.3920178767668006,20.083841155422345,<15m
roll,0.5,000049,Car,vehicle,19.022000420565657,316,1.0,2.9152797536949784,11.740455143243691,15-30m
roll,0.5,000049,Car,vehicle,23.202450301638404,28,0.32142857142857145,2.354359071320108,7.2705855455893955,15-30m
roll,0.5,000049,Van,vehicle,35.570551021877634,273,1.0,3.092975599398997,12.646499060622183,>30m
roll,0.5,000049,Car,vehicle,22.381387356462064,51,1.0,5.007889916702012,8.865095787566624,15-30m
roll,1.0,000049,Car,vehicle,21.55469786380686,189,0.9947089947089947,0.5983666525438336,4.908201098436874,15-30m
roll,1.0,000049,Car,vehicle,14.348257733955018,921,0.9815418023887079,3.644628527281026,15.066851260595588,<15m
roll,1.0,000049,Car,vehicle,22.289344988132783,139,0.8561151079136691,2.2047054397603887,8.3124169387538,15-30m
roll,1.0,000049,Car,vehicle,25.20128964953976,73,0.7808219178082192,1.7184164301431588,8.09007487313945,15-30m
roll,1.0,000049,Car,vehicle,32.78124006196227,20,1.0,1.1986190003398733,6.552738305177336,>30m
roll,1.0,000049,Van,vehicle,45.86104665181553,76,1.0,0.8321691582533014,5.599843738258672,>30m
roll,1.0,000049,Pedestrian,vru,5.464155927496945,872,0.8428899082568807,7.850055143106301,11.461733482419984,<15m
roll,1.0,000049,Car,vehicle,10.398389298348086,552,1.0,5.781897582110372,20.580140409025823,<15m
roll,1.0,000049,Car,vehicle,15.44416070882455,440,1.0,3.5153516367577327,10.488192866551408,15-30m
roll,1.0,000049,Car,vehicle,20.644311565174558,235,1.0,2.501289570460504,7.671595342501001,15-30m
roll,1.0,000049,Pedestrian,vru,32.79,40,0.875,1.5737562546040644,1.296730689815141,>30m
roll,1.0,000049,Car,vehicle,33.246186247447994,80,1.0,3.9405765991787716,8.37832547963234,>30m
roll,1.0,000049,Car,vehicle,14.42238537829301,476,0.9180672268907563,8.783671168189226,20.083841155422345,<15m
roll,1.0,000049,Car,vehicle,19.022000420565657,316,0.9050632911392406,5.8303802503726265,11.740455143243691,15-30m
roll,1.0,000049,Car,vehicle,23.202450301638404,28,0.2857142857142857,4.708592480600169,7.2705855455893955,15-30m
roll,1.0,000049,Van,vehicle,35.570551021877634,273,1.0,6.186030370917123,12.646499060622183,>30m
roll,1.0,000049,Car,vehicle,22.381387356462064,51,0.7254901960784313,10.015319822603852,8.865095787566624,15-30m
roll,2.0,000049,Car,vehicle,21.55469786380686,189,0.9894179894179894,1.1966884620146434,4.908201098436874,15-30m
roll,2.0,000049,Car,vehicle,14.348257733955018,921,0.9446254071661238,7.288784526882751,15.066851260595588,<15m
roll,2.0,000049,Car,vehicle,22.289344988132783,139,0.8561151079136691,4.40917230474533,8.3124169387538,15-30m
roll,2.0,000049,Car,vehicle,25.20128964953976,73,0.7808219178082192,3.436660058567406,8.09007487313945,15-30m
roll,2.0,000049,Car,vehicle,32.78124006196227,20,1.0,2.397125945692947,6.552738305177336,>30m
roll,2.0,000049,Van,vehicle,45.86104665181553,76,1.0,1.6642650609899514,5.599843738258672,>30m
roll,2.0,000049,Pedestrian,vru,5.464155927496945,872,0.8084862385321101,15.60909037911588,11.461733482419984,<15m
roll,2.0,000049,Car,vehicle,10.398389298348086,552,1.0,11.563807534628964,20.580140409025823,<15m
roll,2.0,000049,Car,vehicle,15.44416070882455,440,1.0,7.030604435550883,10.488192866551408,15-30m
roll,2.0,000049,Car,vehicle,20.644311565174558,235,1.0,5.002476155657137,7.671595342501001,15-30m
roll,2.0,000049,Pedestrian,vru,32.79,40,0.875,3.147427230520762,1.296730689815141,>30m
roll,2.0,000049,Car,vehicle,33.246186247447994,80,0.9875,7.881075300001283,8.37832547963234,>30m
roll,2.0,000049,Car,vehicle,14.42238537829301,476,0.8865546218487395,17.56554889586871,20.083841155422345,<15m
roll,2.0,000049,Car,vehicle,19.022000420565657,316,0.8544303797468354,11.659821204223505,11.740455143243691,15-30m
roll,2.0,000049,Car,vehicle,23.202450301638404,28,0.21428571428571427,9.416503265401776,7.2705855455893955,15-30m
roll,2.0,000049,Van,vehicle,35.570551021877634,273,1.0,12.372141773347536,12.646499060622183,>30m
roll,2.0,000049,Car,vehicle,22.381387356462064,51,0.3333333333333333,20.028418173522333,8.865095787566624,15-30m
roll,3.0,000049,Car,vehicle,21.55469786380686,189,0.9841269841269841,1.7949197346891135,4.908201098436874,15-30m
roll,3.0,000049,Car,vehicle,14.348257733955018,921,0.9044516829533116,10.932190208015172,15.066851260595588,<15m
roll,3.0,000049,Car,vehicle,22.289344988132783,139,0.7769784172661871,6.613232474657834,8.3124169387538,15-30m
roll,3.0,000049,Car,vehicle,25.20128964953976,73,0.7534246575342466,5.154599764109864,8.09007487313945,15-30m
roll,3.0,000049,Car,vehicle,32.78124006196227,20,1.0,3.595429475193148,6.552738305177336,>30m
roll,3.0,000049,Van,vehicle,45.86104665181553,76,0.9210526315789473,2.496224416105356,5.599843738258672,>30m
roll,3.0,000049,Pedestrian,vru,5.464155927496945,872,0.7775229357798165,23.36953163972327,11.461733482419984,<15m
roll,3.0,000049,Car,vehicle,10.398389298348086,552,1.0,17.345285693386902,20.580140409025823,<15m
roll,3.0,000049,Car,vehicle,15.44416070882455,440,0.9931818181818182,10.54548935558639,10.488192866551408,15-30m
roll,3.0,000049,Car,vehicle,20.644311565174558,235,1.0,7.503368820425642,7.671595342501001,15-30m
roll,3.0,000049,Pedestrian,vru,32.79,40,0.775,4.720892918302325,1.296730689815141,>30m
roll,3.0,000049,Car,vehicle,33.246186247447994,80,0.925,11.82119534442753,8.37832547963234,>30m
roll,3.0,000049,Car,vehicle,14.42238537829301,476,0.819327731092437,26.344963562185946,20.083841155422345,<15m
roll,3.0,000049,Car,vehicle,19.022000420565657,316,0.8132911392405063,17.487878588091423,11.740455143243691,15-30m
roll,3.0,000049,Car,vehicle,23.202450301638404,28,0.10714285714285714,14.123374434905088,7.2705855455893955,15-30m
roll,3.0,000049,Van,vehicle,35.570551021877634,273,1.0,18.557862659654575,12.646499060622183,>30m
roll,3.0,000049,Car,vehicle,22.381387356462064,51,0.19607843137254902,30.03853293739912,8.865095787566624,15-30m
t_fwd,0.02,000049,Car,vehicle,21.55469786380686,189,0.9947089947089947,0.032628782930915416,4.908201098436874,15-30m
t_fwd,0.02,000049,Car,vehicle,14.348257733955018,921,0.9869706840390879,0.32452999951607564,15.066851260595588,<15m
t_fwd,0.02,000049,Car,vehicle,22.289344988132783,139,1.0,0.11901886723310985,8.3124169387538,15-30m
t_fwd,0.02,000049,Car,vehicle,25.20128964953976,73,1.0,0.08107619374865392,8.09007487313945,15-30m
t_fwd,0.02,000049,Car,vehicle,32.78124006196227,20,1.0,0.042982974734706636,6.552738305177336,>30m
t_fwd,0.02,000049,Van,vehicle,45.86104665181553,76,1.0,0.021319438719789405,5.599843738258672,>30m
t_fwd,0.02,000049,Pedestrian,vru,5.464155927496945,872,0.8772935779816514,1.9814896247040616,11.461733482419984,<15m
t_fwd,0.02,000049,Car,vehicle,10.398389298348086,552,1.0,0.8108666205186408,20.580140409025823,<15m
t_fwd,0.02,000049,Car,vehicle,15.44416070882455,440,1.0,0.30684761741923583,10.488192866551408,15-30m
t_fwd,0.02,000049,Car,vehicle,20.644311565174558,235,0.902127659574468,0.15798106554602498,7.671595342501001,15-30m
t_fwd,0.02,000049,Pedestrian,vru,32.79,40,0.9,0.05671877026093247,1.296730689815141,>30m
t_fwd,0.02,000049,Car,vehicle,33.246186247447994,80,0.9375,0.14613545319765814,8.37832547963234,>30m
t_fwd,0.02,000049,Car,vehicle,14.42238537829301,476,1.0,0.9053943905272114,20.083841155422345,<15m
t_fwd,0.02,000049,Car,vehicle,19.022000420565657,316,1.0,0.40038492347467947,11.740455143243691,15-30m
t_fwd,0.02,000049,Car,vehicle,23.202450301638404,28,0.32142857142857145,0.24799648254122827,7.2705855455893955,15-30m
t_fwd,0.02,000049,Van,vehicle,35.570551021877634,273,1.0,0.23002862906281454,12.646499060622183,>30m
t_fwd,0.02,000049,Car,vehicle,22.381387356462064,51,1.0,0.6576326172603653,8.865095787566624,15-30m
t_fwd,0.05,000049,Car,vehicle,21.55469786380686,189,0.9947089947089947,0.08144968369630061,4.908201098436874,15-30m
t_fwd,0.05,000049,Car,vehicle,14.348257733955018,921,0.9869706840390879,0.8094910156943947,15.066851260595588,<15m
t_fwd,0.05,000049,Car,vehicle,22.289344988132783,139,1.0,0.2971136803153678,8.3124169387538,15-30m
t_fwd,0.05,000049,Car,vehicle,25.20128964953976,73,1.0,0.20243452835047027,8.09007487313945,15-30m
t_fwd,0.05,000049,Car,vehicle,32.78124006196227,20,1.0,0.10735430698649487,6.552738305177336,>30m
t_fwd,0.05,000049,Van,vehicle,45.86104665181553,76,1.0,0.05326226869847543,5.599843738258672,>30m
t_fwd,0.05,000049,Pedestrian,vru,5.464155927496945,872,0.8772935779816514,4.922019387155249,11.461733482419984,<15m
t_fwd,0.05,000049,Car,vehicle,10.398389298348086,552,1.0,2.0198702645602893,20.580140409025823,<15m
t_fwd,0.05,000049,Car,vehicle,15.44416070882455,440,1.0,0.7654095194419195,10.488192866551408,15-30m
t_fwd,0.05,000049,Car,vehicle,20.644311565174558,235,0.902127659574468,0.3943031125472643,7.671595342501001,15-30m
t_fwd,0.05,000049,Pedestrian,vru,32.79,40,0.9,0.14166490376250973,1.296730689815141,>30m
t_fwd,0.05,000049,Car,vehicle,33.246186247447994,80,0.9375,0.36498621285470145,8.37832547963234,>30m
t_fwd,0.05,000049,Car,vehicle,14.42238537829301,476,1.0,2.2574653532684335,20.083841155422345,<15m
t_fwd,0.05,000049,Car,vehicle,19.022000420565657,316,1.0,0.9991394591460852,11.740455143243691,15-30m
t_fwd,0.05,000049,Car,vehicle,23.202450301638404,28,0.32142857142857145,0.6191186578098925,7.2705855455893955,15-30m
t_fwd,0.05,000049,Van,vehicle,35.570551021877634,273,1.0,0.5745141058118105,12.646499060622183,>30m
t_fwd,0.05,000049,Car,vehicle,22.381387356462064,51,1.0,1.641322269228148,8.865095787566624,15-30m
t_fwd,0.1,000049,Car,vehicle,21.55469786380686,189,0.9947089947089947,0.16249341375425724,4.908201098436874,15-30m
t_fwd,0.1,000049,Car,vehicle,14.348257733955018,921,0.9869706840390879,1.6127910275733084,15.066851260595588,<15m
t_fwd,0.1,000049,Car,vehicle,22.289344988132783,139,1.0,0.59278800145885,8.3124169387538,15-30m
t_fwd,0.1,000049,Car,vehicle,25.20128964953976,73,1.0,0.4040187369898808,8.09007487313945,15-30m
t_fwd,0.1,000049,Car,vehicle,32.78124006196227,20,1.0,0.21436572619246483,6.552738305177336,>30m
t_fwd,0.1,000049,Van,vehicle,45.86104665181553,76,1.0,0.10640366358572208,5.599843738258672,>30m
t_fwd,0.1,000049,Pedestrian,vru,5.464155927496945,872,0.8795871559633027,9.738287315950213,11.461733482419984,<15m
t_fwd,0.1,000049,Car,vehicle,10.398389298348086,552,1.0,4.015651626876526,20.580140409025823,<15m
t_fwd,0.1,000049,Car,vehicle,15.44416070882455,440,1.0,1.5251193566283734,10.488192866551408,15-30m
t_fwd,0.1,000049,Car,vehicle,20.644311565174558,235,0.902127659574468,0.7864505238304581,7.671595342501001,15-30m
t_fwd,0.1,000049,Pedestrian,vru,32.79,40,0.9,0.2828908254948649,1.296730689815141,>30m
t_fwd,0.1,000049,Car,vehicle,33.246186247447994,80,0.9375,0.7288007089148469,8.37832547963234,>30m
t_fwd,0.1,000049,Car,vehicle,14.42238537829301,476,1.0,4.494915425295181,20.083841155422345,<15m
t_fwd,0.1,000049,Car,vehicle,19.022000420565657,316,1.0,1.9922321715894775,11.740455143243691,15-30m
t_fwd,0.1,000049,Car,vehicle,23.202450301638404,28,0.32142857142857145,1.2353397116763385,7.2705855455893955,15-30m
t_fwd,0.1,000049,Van,vehicle,35.570551021877634,273,1.0,1.1471747846228195,12.646499060622183,>30m
t_fwd,0.1,000049,Car,vehicle,22.381387356462064,51,1.0,3.2734880075325083,8.865095787566624,15-30m
t_fwd,0.2,000049,Car,vehicle,21.55469786380686,189,1.0,0.32337509263783676,4.908201098436874,15-30m
t_fwd,0.2,000049,Car,vehicle,14.348257733955018,921,0.9869706840390879,3.199965327448087,15.066851260595588,<15m
t_fwd,0.2,000049,Car,vehicle,22.289344988132783,139,1.0,1.179860202146032,8.3124169387538,15-30m
t_fwd,0.2,000049,Car,vehicle,25.20128964953976,73,1.0,0.8046575359375401,8.09007487313945,15-30m
t_fwd,0.2,000049,Car,vehicle,32.78124006196227,20,1.0,0.4273664514093586,6.552738305177336,>30m
t_fwd,0.2,000049,Van,vehicle,45.86104665181553,76,1.0,0.21232547414593306,5.599843738258672,>30m
t_fwd,0.2,000049,Pedestrian,vru,5.464155927496945,872,0.8772935779816514,19.07038867430554,11.461733482419984,<15m
t_fwd,0.2,000049,Car,vehicle,10.398389298348086,552,1.0,7.936651121926624,20.580140409025823,<15m
t_fwd,0.2,000049,Car,vehicle,15.44416070882455,440,1.0,3.0278184914628397,10.488192866551408,15-30m
t_fwd,0.2,000049,Car,vehicle,20.644311565174558,235,0.9063829787234042,1.5643485709376685,7.671595342501001,15-30m
t_fwd,0.2,000049,Pedestrian,vru,32.79,40,0.875,0.5640338593922587,1.296730689815141,>30m
t_fwd,0.2,000049,Car,vehicle,33.246186247447994,80,0.9375,1.452937047839462,8.37832547963234,>30m
t_fwd,0.2,000049,Car,vehicle,14.42238537829301,476,1.0,8.908298926446383,20.083841155422345,<15m
t_fwd,0.2,000049,Car,vehicle,19.022000420565657,316,1.0,3.9604956054956544,11.740455143243691,15-30m
t_fwd,0.2,000049,Car,vehicle,23.202450301638404,28,0.32142857142857145,2.459170006483317,7.2705855455893955,15-30m
t_fwd,0.2,000049,Van,vehicle,35.570551021877634,273,0.9963369963369964,2.2869716216707365,12.646499060622183,>30m
t_fwd,0.2,000049,Car,vehicle,22.381387356462064,51,1.0,6.510654683138629,8.865095787566624,15-30m
t_left,0.02,000049,Car,vehicle,21.55469786380686,189,0.9947089947089947,0.7221227173137202,4.908201098436874,15-30m
t_left,0.02,000049,Car,vehicle,14.348257733955018,921,0.9869706840390879,1.1214646113437599,15.066851260595588,<15m
t_left,0.02,000049,Car,vehicle,22.289344988132783,139,1.0,0.6942605193913095,8.3124169387538,15-30m
t_left,0.02,000049,Car,vehicle,25.20128964953976,73,1.0,0.6026304389898716,8.09007487313945,15-30m
t_left,0.02,000049,Car,vehicle,32.78124006196227,20,1.0,0.462781639903943,6.552738305177336,>30m
t_left,0.02,000049,Van,vehicle,45.86104665181553,76,1.0,0.324718356438752,5.599843738258672,>30m
t_left,0.02,000049,Pedestrian,vru,5.464155927496945,872,0.8646788990825688,3.1289501477887134,11.461733482419984,<15m
t_left,0.02,000049,Car,vehicle,10.398389298348086,552,1.0,1.7388330754563643,20.580140409025823,<15m
t_left,0.02,000049,Car,vehicle,15.44416070882455,440,1.0,1.0770144162358166,10.488192866551408,15-30m
t_left,0.02,000049,Car,vehicle,20.644311565174558,235,0.902127659574468,0.7815099335933491,7.671595342501001,15-30m
t_left,0.02,000049,Pedestrian,vru,32.79,40,0.875,0.4473697272361169,1.296730689815141,>30m
t_left,0.02,000049,Car,vehicle,33.246186247447994,80,0.9375,0.4634720293749598,8.37832547963234,>30m
t_left,0.02,000049,Car,vehicle,14.42238537829301,476,1.0,1.3188394217391748,20.083841155422345,<15m
t_left,0.02,000049,Car,vehicle,19.022000420565657,316,1.0,0.8687336851269238,11.740455143243691,15-30m
t_left,0.02,000049,Car,vehicle,23.202450301638404,28,0.32142857142857145,0.671563023000533,7.2705855455893955,15-30m
t_left,0.02,000049,Van,vehicle,35.570551021877634,273,1.0,0.4668032653962052,12.646499060622183,>30m
t_left,0.02,000049,Car,vehicle,22.381387356462064,51,1.0,0.8177237731860368,8.865095787566624,15-30m
t_left,0.05,000049,Car,vehicle,21.55469786380686,189,0.9841269841269841,1.8053064562354135,4.908201098436874,15-30m
t_left,0.05,000049,Car,vehicle,14.348257733955018,921,0.9869706840390879,2.8036607154163953,15.066851260595588,<15m
t_left,0.05,000049,Car,vehicle,22.289344988132783,139,1.0,1.7356509869302952,8.3124169387538,15-30m
t_left,0.05,000049,Car,vehicle,25.20128964953976,73,1.0,1.5065758627377657,8.09007487313945,15-30m
t_left,0.05,000049,Car,vehicle,32.78124006196227,20,1.0,1.1569539613303386,6.552738305177336,>30m
t_left,0.05,000049,Van,vehicle,45.86104665181553,76,1.0,0.8117958229431605,5.599843738258672,>30m
t_left,0.05,000049,Pedestrian,vru,5.464155927496945,872,0.8646788990825688,7.822369041954074,11.461733482419984,<15m
t_left,0.05,000049,Car,vehicle,10.398389298348086,552,1.0,4.347080734481359,20.580140409025823,<15m
t_left,0.05,000049,Car,vehicle,15.44416070882455,440,1.0,2.6925352908689755,10.488192866551408,15-30m
t_left,0.05,000049,Car,vehicle,20.644311565174558,235,0.902127659574468,1.9537744392296674,7.671595342501001,15-30m
t_left,0.05,000049,Pedestrian,vru,32.79,40,0.875,1.1184241887307609,1.296730689815141,>30m
t_left,0.05,000049,Car,vehicle,33.246186247447994,80,0.9375,1.1586799346018846,8.37832547963234,>30m
t_left,0.05,000049,Car,vehicle,14.42238537829301,476,1.0,3.297097430024359,20.083841155422345,<15m
t_left,0.05,000049,Car,vehicle,19.022000420565657,316,1.0,2.171833724986729,11.740455143243691,15-30m
t_left,0.05,000049,Car,vehicle,23.202450301638404,28,0.32142857142857145,1.6789072659825164,7.2705855455893955,15-30m
t_left,0.05,000049,Van,vehicle,35.570551021877634,273,0.9963369963369964,1.1670080226553023,12.646499060622183,>30m
t_left,0.05,000049,Car,vehicle,22.381387356462064,51,1.0,2.044309000721402,8.865095787566624,15-30m
t_left,0.1,000049,Car,vehicle,21.55469786380686,189,0.9470899470899471,3.6106117889752953,4.908201098436874,15-30m
t_left,0.1,000049,Car,vehicle,14.348257733955018,921,0.9826275787187839,5.6073187210242335,15.066851260595588,<15m
t_left,0.1,000049,Car,vehicle,22.289344988132783,139,1.0,3.4713009353678568,8.3124169387538,15-30m
t_left,0.1,000049,Car,vehicle,25.20128964953976,73,1.0,3.013150943019438,8.09007487313945,15-30m
t_left,0.1,000049,Car,vehicle,32.78124006196227,20,1.0,2.31390746122889,6.552738305177336,>30m
t_left,0.1,000049,Van,vehicle,45.86104665181553,76,1.0,1.6235914187076155,5.599843738258672,>30m
t_left,0.1,000049,Pedestrian,vru,5.464155927496945,872,0.856651376146789,15.6442733307342,11.461733482419984,<15m
t_left,0.1,000049,Car,vehicle,10.398389298348086,552,0.9963768115942029,8.69415495510598,20.580140409025823,<15m
t_left,0.1,000049,Car,vehicle,15.44416070882455,440,1.0,5.385068082671347,10.488192866551408,15-30m
t_left,0.1,000049,Car,vehicle,20.644311565174558,235,0.902127659574468,3.9075475626139897,7.671595342501001,15-30m
t_left,0.1,000049,Pedestrian,vru,32.79,40,0.85,2.236847946263709,1.296730689815141,>30m
t_left,0.1,000049,Car,vehicle,33.246186247447994,80,0.9375,2.3173594064191554,8.37832547963234,>30m
t_left,0.1,000049,Car,vehicle,14.42238537829301,476,1.0,6.594191112306509,20.083841155422345,<15m
t_left,0.1,000049,Car,vehicle,19.022000420565657,316,1.0,4.343665823871485,11.740455143243691,15-30m
t_left,0.1,000049,Car,vehicle,23.202450301638404,28,0.32142857142857145,3.3578135602363273,7.2705855455893955,15-30m
t_left,0.1,000049,Van,vehicle,35.570551021877634,273,0.9963369963369964,2.334015575859636,12.646499060622183,>30m
t_left,0.1,000049,Car,vehicle,22.381387356462064,51,1.0,4.088616560630953,8.865095787566624,15-30m
t_left,0.2,000049,Car,vehicle,21.55469786380686,189,0.8941798941798942,7.221219083972784,4.908201098436874,15-30m
t_left,0.2,000049,Car,vehicle,14.348257733955018,921,0.9685124864277959,11.214626602830496,15.066851260595588,<15m
t_left,0.2,000049,Car,vehicle,22.289344988132783,139,1.0,6.942597716768076,8.3124169387538,15-30m
t_left,0.2,000049,Car,vehicle,25.20128964953976,73,1.0,6.026298756216946,8.09007487313945,15-30m
t_left,0.2,000049,Car,vehicle,32.78124006196227,20,1.0,4.627813076731767,6.552738305177336,>30m
t_left,0.2,000049,Van,vehicle,45.86104665181553,76,1.0,3.2471819287010355,5.599843738258672,>30m
t_left,0.2,000049,Pedestrian,vru,5.464155927496945,872,0.8038990825688074,31.289349618073867,11.461733482419984,<15m
t_left,0.2,000049,Car,vehicle,10.398389298348086,552,0.9619565217391305,17.388283854844058,20.580140409025823,<15m
t_left,0.2,000049,Car,vehicle,15.44416070882455,440,0.975,10.77012616908992,10.488192866551408,15-30m
t_left,0.2,000049,Car,vehicle,20.644311565174558,235,0.8893617021276595,7.81508986185194,7.671595342501001,15-30m
t_left,0.2,000049,Pedestrian,vru,32.79,40,0.675,4.473694167737305,1.296730689815141,>30m
t_left,0.2,000049,Car,vehicle,33.246186247447994,80,0.9375,4.634716961700936,8.37832547963234,>30m
t_left,0.2,000049,Car,vehicle,14.42238537829301,476,1.0,13.188367233669492,20.083841155422345,<15m
t_left,0.2,000049,Car,vehicle,19.022000420565657,316,1.0,8.687325143343209,11.740455143243691,15-30m
t_left,0.2,000049,Car,vehicle,23.202450301638404,28,0.32142857142857145,6.71562323356133,7.2705855455893955,15-30m
t_left,0.2,000049,Van,vehicle,35.570551021877634,273,0.978021978021978,4.668029273915855,12.646499060622183,>30m
t_left,0.2,000049,Car,vehicle,22.381387356462064,51,0.9803921568627451,8.188520587956837,8.865095787566624,15-30m
t_up,0.02,000049,Car,vehicle,21.55469786380686,189,0.9947089947089947,0.7223930011067621,4.908201098436874,15-30m
t_up,0.02,000049,Car,vehicle,14.348257733955018,921,0.9869706840390879,1.122369669510754,15.066851260595588,<15m
t_up,0.02,000049,Car,vehicle,22.289344988132783,139,1.0,0.694435542696983,8.3124169387538,15-30m
t_up,0.02,000049,Car,vehicle,25.20128964953976,73,1.0,0.6027416584872567,8.09007487313945,15-30m
t_up,0.02,000049,Car,vehicle,32.78124006196227,20,1.0,0.46286457556190963,6.552738305177336,>30m
t_up,0.02,000049,Van,vehicle,45.86104665181553,76,1.0,0.3247498515436713,5.599843738258672,>30m
t_up,0.02,000049,Pedestrian,vru,5.464155927496945,872,0.8738532110091743,3.132667520544515,11.461733482419984,<15m
t_up,0.02,000049,Car,vehicle,10.398389298348086,552,1.0,1.7393764809229246,20.580140409025823,<15m
t_up,0.02,000049,Car,vehicle,15.44416070882455,440,1.0,1.0774627655500364,10.488192866551408,15-30m
t_up,0.02,000049,Car,vehicle,20.644311565174558,235,0.8851063829787233,0.7814113883194035,7.671595342501001,15-30m
t_up,0.02,000049,Pedestrian,vru,32.79,40,0.9,0.44745618759191436,1.296730689815141,>30m
t_up,0.02,000049,Car,vehicle,33.246186247447994,80,0.9375,0.46360126572538896,8.37832547963234,>30m
t_up,0.02,000049,Car,vehicle,14.42238537829301,476,1.0,1.3198273146716244,20.083841155422345,<15m
t_up,0.02,000049,Car,vehicle,19.022000420565657,316,1.0,0.8692756134648553,11.740455143243691,15-30m
t_up,0.02,000049,Car,vehicle,23.202450301638404,28,0.32142857142857145,0.6715524269914793,7.2705855455893955,15-30m
t_up,0.02,000049,Van,vehicle,35.570551021877634,273,1.0,0.4667668770182615,12.646499060622183,>30m
t_up,0.02,000049,Car,vehicle,22.381387356462064,51,1.0,0.8178238200917757,8.865095787566624,15-30m
t_up,0.05,000049,Car,vehicle,21.55469786380686,189,0.9947089947089947,1.8059541663767205,4.908201098436874,15-30m
t_up,0.05,000049,Car,vehicle,14.348257733955018,921,0.9869706840390879,2.8058557777138557,15.066851260595588,<15m
t_up,0.05,000049,Car,vehicle,22.289344988132783,139,1.0,1.736062662905688,8.3124169387538,15-30m
t_up,0.05,000049,Car,vehicle,25.20128964953976,73,0.7808219178082192,1.5068344209963611,8.09007487313945,15-30m
t_up,0.05,000049,Car,vehicle,32.78124006196227,20,1.0,1.1571498037946069,6.552738305177336,>30m
t_up,0.05,000049,Van,vehicle,45.86104665181553,76,1.0,0.8118689010030549,5.599843738258672,>30m
t_up,0.05,000049,Pedestrian,vru,5.464155927496945,872,0.8738532110091743,7.8311362033465155,11.461733482419984,<15m
t_up,0.05,000049,Car,vehicle,10.398389298348086,552,0.9818840579710145,4.348276939365371,20.580140409025823,<15m
t_up,0.05,000049,Car,vehicle,15.44416070882455,440,1.0,2.6935938736022322,10.488192866551408,15-30m
t_up,0.05,000049,Car,vehicle,20.644311565174558,235,0.8808510638297873,1.9534953019523165,7.671595342501001,15-30m
t_up,0.05,000049,Pedestrian,vru,32.79,40,0.85,1.1186295960688328,1.296730689815141,>30m
t_up,0.05,000049,Car,vehicle,33.246186247447994,80,0.9375,1.158991493930666,8.37832547963234,>30m
t_up,0.05,000049,Car,vehicle,14.42238537829301,476,0.9516806722689075,3.299473743820881,20.083841155422345,<15m
t_up,0.05,000049,Car,vehicle,19.022000420565657,316,1.0,2.173148013483752,11.740455143243691,15-30m
t_up,0.05,000049,Car,vehicle,23.202450301638404,28,0.32142857142857145,1.6788565700709628,7.2705855455893955,15-30m
t_up,0.05,000049,Van,vehicle,35.570551021877634,273,1.0,1.1669053566489198,12.646499060622183,>30m
t_up,0.05,000049,Car,vehicle,22.381387356462064,51,1.0,2.0445232223454117,8.865095787566624,15-30m
t_up,0.1,000049,Car,vehicle,21.55469786380686,189,0.9523809523809523,3.611813882071498,4.908201098436874,15-30m
t_up,0.1,000049,Car,vehicle,14.348257733955018,921,0.9446254071661238,5.611483583369895,15.066851260595588,<15m
t_up,0.1,000049,Car,vehicle,22.289344988132783,139,0.8561151079136691,3.4720380165349307,8.3124169387538,15-30m
t_up,0.1,000049,Car,vehicle,25.20128964953976,73,0.7808219178082192,3.0136030935487406,8.09007487313945,15-30m
t_up,0.1,000049,Car,vehicle,32.78124006196227,20,1.0,2.3142608249285317,6.552738305177336,>30m
t_up,0.1,000049,Van,vehicle,45.86104665181553,76,1.0,1.6237187095117322,5.599843738258672,>30m
t_up,0.1,000049,Pedestrian,vru,5.464155927496945,872,0.8669724770642202,15.660497401893387,11.461733482419984,<15m
t_up,0.1,000049,Car,vehicle,10.398389298348086,552,0.9329710144927537,8.696006390743564,20.580140409025823,<15m
t_up,0.1,000049,Car,vehicle,15.44416070882455,440,0.9386363636363636,5.386977626075366,10.488192866551408,15-30m
t_up,0.1,000049,Car,vehicle,20.644311565174558,235,0.8808510638297873,3.906880046089897,7.671595342501001,15-30m
t_up,0.1,000049,Pedestrian,vru,32.79,40,0.85,2.237222950040475,1.296730689815141,>30m
t_up,0.1,000049,Car,vehicle,33.246186247447994,80,0.7625,2.3179440876298103,8.37832547963234,>30m
t_up,0.1,000049,Car,vehicle,14.42238537829301,476,0.9474789915966386,6.598632368859573,20.083841155422345,<15m
t_up,0.1,000049,Car,vehicle,19.022000420565657,316,0.9050632911392406,4.346159299921846,11.740455143243691,15-30m
t_up,0.1,000049,Car,vehicle,23.202450301638404,28,0.32142857142857145,3.357631485293328,7.2705855455893955,15-30m
t_up,0.1,000049,Van,vehicle,35.570551021877634,273,0.9743589743589743,2.333771261376077,12.646499060622183,>30m
t_up,0.1,000049,Car,vehicle,22.381387356462064,51,1.0,4.088925357481492,8.865095787566624,15-30m
t_up,0.2,000049,Car,vehicle,21.55469786380686,189,0.8941798941798942,7.223249991052067,4.908201098436874,15-30m
t_up,0.2,000049,Car,vehicle,14.348257733955018,921,0.8914223669923995,11.222055389633676,15.066851260595588,<15m
t_up,0.2,000049,Car,vehicle,22.289344988132783,139,0.8057553956834532,6.943726822308185,8.3124169387538,15-30m
t_up,0.2,000049,Car,vehicle,25.20128964953976,73,0.7397260273972602,6.026943210533721,8.09007487313945,15-30m
t_up,0.2,000049,Car,vehicle,32.78124006196227,20,1.0,4.628366527013116,6.552738305177336,>30m
t_up,0.2,000049,Van,vehicle,45.86104665181553,76,0.8421052631578947,3.2473610517397895,5.599843738258672,>30m
t_up,0.2,000049,Pedestrian,vru,5.464155927496945,872,0.8279816513761468,31.31389719797606,11.461733482419984,<15m
t_up,0.2,000049,Car,vehicle,10.398389298348086,552,0.8387681159420289,17.38982324308879,20.580140409025823,<15m
t_up,0.2,000049,Car,vehicle,15.44416070882455,440,0.8681818181818182,10.773114865973112,10.488192866551408,15-30m
t_up,0.2,000049,Car,vehicle,20.644311565174558,235,0.8127659574468085,7.813317898460795,7.671595342501001,15-30m
t_up,0.2,000049,Pedestrian,vru,32.79,40,0.85,4.474300938736951,1.296730689815141,>30m
t_up,0.2,000049,Car,vehicle,33.246186247447994,80,0.7625,4.635732582167215,8.37832547963234,>30m
t_up,0.2,000049,Car,vehicle,14.42238537829301,476,0.9096638655462185,13.19600444314721,20.083841155422345,<15m
t_up,0.2,000049,Car,vehicle,19.022000420565657,316,0.8924050632911392,8.69177174327209,11.740455143243691,15-30m
t_up,0.2,000049,Car,vehicle,23.202450301638404,28,0.2857142857142857,6.714936375019905,7.2705855455893955,15-30m
t_up,0.2,000049,Van,vehicle,35.570551021877634,273,0.8424908424908425,4.667384723067772,12.646499060622183,>30m
t_up,0.2,000049,Car,vehicle,22.381387356462064,51,0.7254901960784313,8.177366409151618,8.865095787566624,15-30m
none,0.0,000061,Van,vehicle,18.810489095183037,960,1.0,0.0,14.827039461254392,15-30m
none,0.0,000061,Car,vehicle,14.65341257182094,110,1.0,0.0,3.2779573102001995,<15m
none,0.0,000061,Car,vehicle,21.145224047051382,134,1.0,0.0,7.455605907332769,15-30m
none,0.0,000061,Van,vehicle,43.67280274953738,16,1.0,0.0,3.1437579920258236,>30m
yaw,0.25,000061,Van,vehicle,18.810489095183037,960,0.9979166666666667,4.96286544278264,14.827039461254392,15-30m
yaw,0.25,000061,Car,vehicle,14.65341257182094,110,0.8181818181818182,5.386293684711666,3.2779573102001995,<15m
yaw,0.25,000061,Car,vehicle,21.145224047051382,134,1.0,5.066901119966493,7.455605907332769,15-30m
yaw,0.25,000061,Van,vehicle,43.67280274953738,16,0.9375,3.6877330298075286,3.1437579920258236,>30m
yaw,0.5,000061,Van,vehicle,18.810489095183037,960,0.996875,9.89352602040339,14.827039461254392,15-30m
yaw,0.5,000061,Car,vehicle,14.65341257182094,110,0.6818181818181818,10.770190862371463,3.2779573102001995,<15m
yaw,0.5,000061,Car,vehicle,21.145224047051382,134,1.0,10.168306893664639,7.455605907332769,15-30m
yaw,0.5,000061,Van,vehicle,43.67280274953738,16,0.8125,7.362473631726791,3.1437579920258236,>30m
yaw,1.0,000061,Van,vehicle,18.810489095183037,960,0.9729166666666667,19.6602298083731,14.827039461254392,15-30m
yaw,1.0,000061,Car,vehicle,14.65341257182094,110,0.35454545454545455,21.52596446377716,3.2779573102001995,<15m
yaw,1.0,000061,Car,vehicle,21.145224047051382,134,0.9925373134328358,20.476541315044052,7.455605907332769,15-30m
yaw,1.0,000061,Van,vehicle,43.67280274953738,16,0.625,14.673810450994608,3.1437579920258236,>30m
yaw,2.0,000061,Van,vehicle,18.810489095183037,960,0.8802083333333334,38.82866435427003,14.827039461254392,15-30m
yaw,2.0,000061,Car,vehicle,14.65341257182094,110,0.0,nan,3.2779573102001995,<15m
yaw,2.0,000061,Car,vehicle,21.145224047051382,134,0.8283582089552238,41.287933742158614,7.455605907332769,15-30m
yaw,2.0,000061,Van,vehicle,43.67280274953738,16,0.3125,29.14960391111787,3.1437579920258236,>30m
yaw,3.0,000061,Van,vehicle,18.810489095183037,960,0.7677083333333333,57.534977196587846,14.827039461254392,15-30m
yaw,3.0,000061,Car,vehicle,14.65341257182094,110,0.0,nan,3.2779573102001995,<15m
yaw,3.0,000061,Car,vehicle,21.145224047051382,134,0.4552238805970149,62.05982067366944,7.455605907332769,15-30m
yaw,3.0,000061,Van,vehicle,43.67280274953738,16,0.0,43.44007824400188,3.1437579920258236,>30m
pitch,0.25,000061,Van,vehicle,18.810489095183037,960,0.9989583333333333,3.2189378419671946,14.827039461254392,15-30m
pitch,0.25,000061,Car,vehicle,14.65341257182094,110,1.0,3.3083353178395978,3.2779573102001995,<15m
pitch,0.25,000061,Car,vehicle,21.145224047051382,134,1.0,3.247092224367034,7.455605907332769,15-30m
pitch,0.25,000061,Van,vehicle,43.67280274953738,16,1.0,3.173675837678285,3.1437579920258236,>30m
pitch,0.5,000061,Van,vehicle,18.810489095183037,960,0.9989583333333333,6.438369681901857,14.827039461254392,15-30m
pitch,0.5,000061,Car,vehicle,14.65341257182094,110,0.990909090909091,6.621208414894528,3.2779573102001995,<15m
pitch,0.5,000061,Car,vehicle,21.145224047051382,134,1.0,6.498139512053772,7.455605907332769,15-30m
pitch,0.5,000061,Van,vehicle,43.67280274953738,16,1.0,6.34650290252946,3.1437579920258236,>30m
pitch,1.0,000061,Van,vehicle,18.810489095183037,960,0.96875,12.877744615678996,14.827039461254392,15-30m
pitch,1.0,000061,Car,vehicle,14.65341257182094,110,0.9454545454545454,13.249216948988796,3.2779573102001995,<15m
pitch,1.0,000061,Car,vehicle,21.145224047051382,134,1.0,13.012732070386825,7.455605907332769,15-30m
pitch,1.0,000061,Van,vehicle,43.67280274953738,16,1.0,12.69013024001729,3.1437579920258236,>30m
pitch,2.0,000061,Van,vehicle,18.810489095183037,960,0.8802083333333334,25.764731858248748,14.827039461254392,15-30m
pitch,2.0,000061,Car,vehicle,14.65341257182094,110,0.7545454545454545,26.603150119971076,3.2779573102001995,<15m
pitch,2.0,000061,Car,vehicle,21.145224047051382,134,0.8134328358208955,26.096376322315265,7.455605907332769,15-30m
pitch,2.0,000061,Van,vehicle,43.67280274953738,16,0.0,25.37290951424098,3.1437579920258236,>30m
pitch,3.0,000061,Van,vehicle,18.810489095183037,960,0.7583333333333333,38.69258312617845,14.827039461254392,15-30m
pitch,3.0,000061,Car,vehicle,14.65341257182094,110,0.5818181818181818,39.99044020360001,3.2779573102001995,<15m
pitch,3.0,000061,Car,vehicle,21.145224047051382,134,0.6194029850746269,39.261249953090875,7.455605907332769,15-30m
pitch,3.0,000061,Van,vehicle,43.67280274953738,16,0.0,38.05663347952505,3.1437579920258236,>30m
roll,0.25,000061,Van,vehicle,18.810489095183037,960,1.0,2.3532189466118063,14.827039461254392,15-30m
roll,0.25,000061,Car,vehicle,14.65341257182094,110,0.990909090909091,2.636932425096494,3.2779573102001995,<15m
roll,0.25,000061,Car,vehicle,21.145224047051382,134,1.0,2.4335233825621065,7.455605907332769,15-30m
roll,0.25,000061,Van,vehicle,43.67280274953738,16,1.0,1.2894501156428666,3.1437579920258236,>30m
roll,0.5,000061,Van,vehicle,18.810489095183037,960,1.0,4.706506208166297,14.827039461254392,15-30m
roll,0.5,000061,Car,vehicle,14.65341257182094,110,0.990909090909091,5.2737520164008345,3.2779573102001995,<15m
roll,0.5,000061,Car,vehicle,21.145224047051382,134,1.0,4.866949478599803,7.455605907332769,15-30m
roll,0.5,000061,Van,vehicle,43.67280274953738,16,1.0,2.5789180502215756,3.1437579920258236,>30m
roll,1.0,000061,Van,vehicle,18.810489095183037,960,0.9958333333333333,9.413240739852071,14.827039461254392,15-30m
roll,1.0,000061,Car,vehicle,14.65341257182094,110,0.9454545454545454,10.536154426864098,3.2779573102001995,<15m
roll,1.0,000061,Car,vehicle,21.145224047051382,134,0.9029850746268657,9.733463297469468,7.455605907332769,15-30m
roll,1.0,000061,Van,vehicle,43.67280274953738,16,0.9375,5.157882873895948,3.1437579920258236,>30m
roll,2.0,000061,Van,vehicle,18.810489095183037,960,0.934375,18.827035080537822,14.827039461254392,15-30m
roll,2.0,000061,Car,vehicle,14.65341257182094,110,0.8272727272727273,21.053802256233794,3.2779573102001995,<15m
roll,2.0,000061,Car,vehicle,21.145224047051382,134,0.8283582089552238,19.46481208544267,7.455605907332769,15-30m
roll,2.0,000061,Van,vehicle,43.67280274953738,16,0.9375,10.315756764339053,3.1437579920258236,>30m
roll,3.0,000061,Van,vehicle,18.810489095183037,960,0.859375,28.240663074180596,14.827039461254392,15-30m
roll,3.0,000061,Car,vehicle,14.65341257182094,110,0.7181818181818181,31.55874499049526,3.2779573102001995,<15m
roll,3.0,000061,Car,vehicle,21.145224047051382,134,0.6417910447761194,29.193303323930298,7.455605907332769,15-30m
roll,3.0,000061,Van,vehicle,43.67280274953738,16,0.9375,15.473229358501102,3.1437579920258236,>30m
t_fwd,0.02,000061,Van,vehicle,18.810489095183037,960,1.0,0.8318486083523136,14.827039461254392,15-30m
t_fwd,0.02,000061,Car,vehicle,14.65341257182094,110,1.0,1.1530667135021868,3.2779573102001995,<15m
t_fwd,0.02,000061,Car,vehicle,21.145224047051382,134,1.0,0.689659192082462,7.455605907332769,15-30m
t_fwd,0.02,000061,Van,vehicle,43.67280274953738,16,1.0,0.1543886977585362,3.1437579920258236,>30m
t_fwd,0.05,000061,Van,vehicle,18.810489095183037,960,1.0,2.0748477118024082,14.827039461254392,15-30m
t_fwd,0.05,000061,Car,vehicle,14.65341257182094,110,0.9818181818181818,2.8743440217005163,3.2779573102001995,<15m
t_fwd,0.05,000061,Car,vehicle,21.145224047051382,134,0.9925373134328358,1.720916658358598,7.455605907332769,15-30m
t_fwd,0.05,000061,Van,vehicle,43.67280274953738,16,1.0,0.38567074499117515,3.1437579920258236,>30m
t_fwd,0.1,000061,Van,vehicle,18.810489095183037,960,1.0,4.133879763128579,14.827039461254392,15-30m
t_fwd,0.1,000061,Car,vehicle,14.65341257182094,110,0.9636363636363636,5.72115808141878,3.2779573102001995,<15m
t_fwd,0.1,000061,Car,vehicle,21.145224047051382,134,0.9850746268656716,3.4311159106656133,7.455605907332769,15-30m
t_fwd,0.1,000061,Van,vehicle,43.67280274953738,16,1.0,0.7703402424475327,3.1437579920258236,>30m
t_fwd,0.2,000061,Van,vehicle,18.810489095183037,960,0.9979166666666667,8.205214747778362,14.827039461254392,15-30m
t_fwd,0.2,000061,Car,vehicle,14.65341257182094,110,0.8727272727272727,11.333763423754014,3.2779573102001995,<15m
t_fwd,0.2,000061,Car,vehicle,21.145224047051382,134,0.9850746268656716,6.819760213307157,7.455605907332769,15-30m
t_fwd,0.2,000061,Van,vehicle,43.67280274953738,16,1.0,1.5366910505247775,3.1437579920258236,>30m
t_left,0.02,000061,Van,vehicle,18.810489095183037,960,1.0,1.1071219882195735,14.827039461254392,15-30m
t_left,0.02,000061,Car,vehicle,14.65341257182094,110,0.9545454545454546,1.3971818159683644,3.2779573102001995,<15m
t_left,0.02,000061,Car,vehicle,21.145224047051382,134,1.0,0.9034353008809135,7.455605907332769,15-30m
t_left,0.02,000061,Van,vehicle,43.67280274953738,16,1.0,0.3756538824712379,3.1437579920258236,>30m
t_left,0.05,000061,Van,vehicle,18.810489095183037,960,1.0,2.7678041783721,14.827039461254392,15-30m
t_left,0.05,000061,Car,vehicle,14.65341257182094,110,0.8909090909090909,3.4840045655247174,3.2779573102001995,<15m
t_left,0.05,000061,Car,vehicle,21.145224047051382,134,1.0,2.2585877245995487,7.455605907332769,15-30m
t_left,0.05,000061,Van,vehicle,43.67280274953738,16,1.0,0.9391346149715996,3.1437579920258236,>30m
t_left,0.1,000061,Van,vehicle,18.810489095183037,960,0.9979166666666667,5.535605716157715,14.827039461254392,15-30m
t_left,0.1,000061,Car,vehicle,14.65341257182094,110,0.7909090909090909,6.952486135007001,3.2779573102001995,<15m
t_left,0.1,000061,Car,vehicle,21.145224047051382,134,1.0,4.517173690524963,7.455605907332769,15-30m
t_left,0.1,000061,Van,vehicle,43.67280274953738,16,1.0,1.878268925922042,3.1437579920258236,>30m
t_left,0.2,000061,Van,vehicle,18.810489095183037,960,0.996875,11.071200869983585,14.827039461254392,15-30m
t_left,0.2,000061,Car,vehicle,14.65341257182094,110,0.5909090909090909,13.792001450728984,3.2779573102001995,<15m
t_left,0.2,000061,Car,vehicle,21.145224047051382,134,1.0,9.034340346360885,7.455605907332769,15-30m
t_left,0.2,000061,Van,vehicle,43.67280274953738,16,0.9375,3.756536635759172,3.1437579920258236,>30m
t_up,0.02,000061,Van,vehicle,18.810489095183037,960,1.0,1.1071824931937084,14.827039461254392,15-30m
t_up,0.02,000061,Car,vehicle,14.65341257182094,110,1.0,1.40026837629952,3.2779573102001995,<15m
t_up,0.02,000061,Car,vehicle,21.145224047051382,134,1.0,0.9044250372896345,7.455605907332769,15-30m
t_up,0.02,000061,Van,vehicle,43.67280274953738,16,1.0,0.37548384437802795,3.1437579920258236,>30m
t_up,0.05,000061,Van,vehicle,18.810489095183037,960,1.0,2.7678896577176366,14.827039461254392,15-30m
t_up,0.05,000061,Car,vehicle,14.65341257182094,110,1.0,3.5005645859814902,3.2779573102001995,<15m
t_up,0.05,000061,Car,vehicle,21.145224047051382,134,1.0,2.261018207902935,7.455605907332769,15-30m
t_up,0.05,000061,Van,vehicle,43.67280274953738,16,1.0,0.9387019497962653,3.1437579920258236,>30m
t_up,0.1,000061,Van,vehicle,18.810489095183037,960,1.0,5.535557412112828,14.827039461254392,15-30m
t_up,0.1,000061,Car,vehicle,14.65341257182094,110,1.0,7.000774684792219,3.2779573102001995,<15m
t_up,0.1,000061,Car,vehicle,21.145224047051382,134,1.0,4.52188847247996,7.455605907332769,15-30m
t_up,0.1,000061,Van,vehicle,43.67280274953738,16,1.0,1.8773783629855816,3.1437579920258236,>30m
t_up,0.2,000061,Van,vehicle,18.810489095183037,960,1.0,11.070227317668085,14.827039461254392,15-30m
t_up,0.2,000061,Car,vehicle,14.65341257182094,110,0.9727272727272728,14.000131636264001,3.2779573102001995,<15m
t_up,0.2,000061,Car,vehicle,21.145224047051382,134,0.9402985074626866,9.043185229733956,7.455605907332769,15-30m
t_up,0.2,000061,Van,vehicle,43.67280274953738,16,1.0,3.7546545837113987,3.1437579920258236,>30m
